{
    "arquivo": "E-n23-k3",
    "media_distancia": 609.7304995448044,
    "desvio_padrao_distancia": 15.203816054180463,
    "minimo_distancia": 590.3862975283143,
    "maximo_distancia": 630.5877666807482,
    "media_tempo": 29.895440328121186,
    "desvio_padrao_tempo": 0.851511686689346,
    "execucao_melhor_rota": 15,
    "capacidade_veiculo": 4500,
    "resultados_execucoes": [
        {
            "execucao": 1,
            "distancia": 618.5064724613532,
            "rota": [
                1,
                21,
                23,
                18,
                15,
                31,
                16,
                17,
                4,
                3,
                2,
                7,
                1,
                11,
                14,
                1,
                13,
                12,
                10,
                6,
                5,
                9,
                8,
                25,
                22,
                20,
                19,
                1
            ],
            "tempo_execucao": 29.390794038772583,
            "carga_por_rota": [
                2019,
                4350,
                3820
            ]
        },
        {
            "execucao": 2,
            "distancia": 593.9131940835038,
            "rota": [
                1,
                7,
                2,
                3,
                4,
                17,
                16,
                18,
                15,
                31,
                23,
                21,
                20,
                19,
                1,
                11,
                14,
                1,
                13,
                12,
                10,
                6,
                5,
                9,
                8,
                25,
                22,
                1
            ],
            "tempo_execucao": 30.629899263381958,
            "carga_por_rota": [
                2739,
                4350,
                3100
            ]
        },
        {
            "execucao": 3,
            "distancia": 630.587766680748,
            "rota": [
                1,
                22,
                19,
                20,
                27,
                21,
                23,
                18,
                15,
                4,
                32,
                16,
                17,
                3,
                2,
                7,
                1,
                11,
                14,
                1,
                13,
                12,
                10,
                6,
                5,
                9,
                8,
                1
            ],
            "tempo_execucao": 30.9104905128479,
            "carga_por_rota": [
                2914,
                4350,
                2925
            ]
        },
        {
            "execucao": 4,
            "distancia": 618.5064724613532,
            "rota": [
                1,
                21,
                23,
                18,
                15,
                31,
                16,
                17,
                4,
                3,
                2,
                7,
                1,
                11,
                14,
                1,
                13,
                12,
                10,
                6,
                5,
                9,
                8,
                25,
                22,
                20,
                19,
                1
            ],
            "tempo_execucao": 28.850481510162354,
            "carga_por_rota": [
                2019,
                4350,
                3820
            ]
        },
        {
            "execucao": 5,
            "distancia": 593.9131940835039,
            "rota": [
                1,
                13,
                12,
                10,
                6,
                5,
                9,
                8,
                25,
                22,
                1,
                11,
                14,
                1,
                7,
                2,
                3,
                4,
                17,
                16,
                18,
                15,
                31,
                23,
                21,
                20,
                19,
                1
            ],
            "tempo_execucao": 29.42449641227722,
            "carga_por_rota": [
                3100,
                4350,
                2739
            ]
        },
        {
            "execucao": 6,
            "distancia": 618.5064724613532,
            "rota": [
                1,
                21,
                23,
                18,
                15,
                31,
                16,
                17,
                4,
                3,
                2,
                7,
                1,
                11,
                14,
                1,
                13,
                12,
                10,
                6,
                5,
                9,
                8,
                25,
                22,
                20,
                19,
                1
            ],
            "tempo_execucao": 29.111719608306885,
            "carga_por_rota": [
                2019,
                4350,
                3820
            ]
        },
        {
            "execucao": 7,
            "distancia": 618.5064724613533,
            "rota": [
                1,
                13,
                12,
                10,
                6,
                5,
                9,
                8,
                25,
                22,
                20,
                19,
                1,
                11,
                14,
                1,
                21,
                23,
                18,
                15,
                31,
                16,
                17,
                4,
                3,
                2,
                7,
                1
            ],
            "tempo_execucao": 28.797062873840332,
            "carga_por_rota": [
                3820,
                4350,
                2019
            ]
        },
        {
            "execucao": 8,
            "distancia": 593.9131940835038,
            "rota": [
                1,
                7,
                2,
                3,
                4,
                17,
                16,
                18,
                15,
                31,
                23,
                21,
                20,
                19,
                1,
                11,
                14,
                1,
                13,
                12,
                10,
                6,
                5,
                9,
                8,
                25,
                22,
                1
            ],
            "tempo_execucao": 30.07315993309021,
            "carga_por_rota": [
                2739,
                4350,
                3100
            ]
        },
        {
            "execucao": 9,
            "distancia": 594.4240774571425,
            "rota": [
                1,
                19,
                20,
                23,
                21,
                31,
                15,
                18,
                16,
                17,
                4,
                3,
                2,
                7,
                1,
                11,
                14,
                1,
                13,
                12,
                10,
                6,
                5,
                9,
                8,
                25,
                22,
                1
            ],
            "tempo_execucao": 29.7800030708313,
            "carga_por_rota": [
                2739,
                4350,
                3100
            ]
        },
        {
            "execucao": 10,
            "distancia": 593.9131940835039,