{
    "arquivo": "E-n23-k3",
    "media_distancia": 541.7834327602284,
    "desvio_padrao_distancia": 18.795427808371116,
    "minimo_distancia": 518.7818759351892,
    "maximo_distancia": 596.0509257432559,
    "media_tempo": 118.69577846527099,
    "desvio_padrao_tempo": 1.0150300870641011,
    "execucao_melhor_rota": 2,
    "resultados_execucoes": [
        {
            "execucao": 1,
            "distancia": 553.9442233255535,
            "rota": [
                1,
                13,
                3,
                4,
                32,
                2,
                7,
                29,
                12,
                14,
                11,
                10,
                6,
                5,
                26,
                9,
                8,
                25,
                22,
                24,
                19,
                27,
                20,
                21,
                30,
                23,
                18,
                16,
                17,
                15,
                31,
                28,
                1
            ],
            "tempo_execucao": 118.23765540122986
        },
        {
            "execucao": 2,
            "distancia": 518.7818759351892,
            "rota": [
                1,
                28,
                19,
                27,
                20,
                21,
                30,
                23,
                18,
                31,
                15,
                16,
                17,
                4,
                32,
                3,
                2,
                7,
                29,
                12,
                14,
                11,
                10,
                6,
                5,
                26,
                9,
                8,
                25,
                22,
                24,
                13,
                1
            ],
            "tempo_execucao": 120.12346482276917
        },
        {
            "execucao": 3,
            "distancia": 538.0985038413962,
            "rota": [
                1,
                28,
                19,
                27,
                20,
                21,
                30,
                23,
                18,
                31,
                15,
                16,
                17,
                4,
                32,
                3,
                2,
                7,
                29,
                14,
                11,
                10,
                6,
                5,
                26,
                9,
                25,
                22,
                24,
                8,
                12,
                13,
                1
            ],
            "tempo_execucao": 120.18425917625427
        },
        {
            "execucao": 4,
            "distancia": 571.5478742490586,
            "rota": [
                1,
                28,
                19,
                31,
                3,
                2,
                32,
                4,
                17,
                16,
                15,
                18,
                23,
                30,
                21,
                20,
                27,
                24,
                22,
                25,
                8,
                9,
                26,
                5,
                6,
                10,
                11,
                14,
                7,
                29,
                12,
                13,
                1
            ],
            "tempo_execucao": 117.96045207977295
        },
        {
            "execucao": 5,
            "distancia": 563.3616565712912,
            "rota": [
                1,
                28,
                31,
                15,
                18,
                23,
                30,
                21,
                20,
                27,
                19,
                24,
                22,
                25,
                8,
                9,
                26,
                5,
                6,
                10,
                11,
                14,
                29,
                7,
                2,
                32,
                16,
                17,
                4,
                3,
                12,
                13,
                1
            ],
            "tempo_execucao": 117.85538721084595
        },
        {
            "execucao": 6,
            "distancia": 541.7574930751664,
            "rota": [
                1,
                12,
                14,
                11,
                10,
                6,
                5,
                26,
                9,
                8,
                25,
                22,
                24,
                28,
                19,
                27,
                20,
                21,
                30,
                23,
                18,
                31,
                15,
                16,
                17,
                4,
                32,
                3,
                2,
                7,
                29,
                13,
                1
            ],
            "tempo_execucao": 120.48538184165955
        },
        {
            "execucao": 7,
            "distancia": 596.0509257432559,
            "rota": [
                1,
                28,
                19,
                31,
                15,
                3,
                32,
                4,
                17,
                16,
                18,
                23,
                30,
                21,
                20,
                27,
                24,
                22,
                25,
                9,
                26,
                5,
                6,
                10,
                11,
                14,
                2,
                7,
                29,
                12,
                8,
                13,
                1
            ],
            "tempo_execucao": 118.09893870353699
        },
        {
            "execucao": 8,
            "distancia": 527.3200432882536,
            "rota": [
                1,
                28,
                25,
                22,
                24,
                19,
                27,
                20,
                21,
                30,
                23,
                18,
                31,
                15,
                16,
                17,
                4,
                32,
                3,
                2,
                7,
                29,
                12,
                14,
                11,
                10,
                6,
                5,
                26,
                9,
                8,
                13,
                1
            ],
            "tempo_execucao": 118.53281426429749
        },
        {
            "execucao": 9,
            "distancia": 553.6031058217582,
            "rota": [
                1,
                8,
                14,
                11,
                10,
                6,
                5,
                26,
                9,
                25,
                22,
                24,
                28,
                19,
                27,
                20,
                21,
                30,
                23,
                18,
                31,
                15,
                16,
                17,
                4,
                32,
                3,
                2,
                7,
                29,
                12,
                13,
                1
            ],
            "tempo_execucao": 118.9082202911377
        },
        {
            "execucao": 10,
            "distancia": 527.3200432882536,