{
    "Est_name": "SVR",
    "Run": 32,
    "Seed": 4552,
    "Est_params": {
        "gamma": 9.841482918292405e-05,
        "C": 295.0943238137323,
        "epsilon": 4.218348131465225
    },
    "R2": 0.41509128855734134,
    "R": 0.6638922285990861,
    "MAPE": 0.14121856126255092,
    "RMSE": 6.874017515129423,
    "y_test": [
        40.1,
        32.5,
        40.5,
        55.5,
        45.02,
        43.64,
        37.5,
        32.83,
        56.0,
        52.5,
        42.2,
        33.85,
        29.02,
        29.6,
        52.07,
        55.84,
        41.23,
        57.27,
        42.75,
        37.6,
        25.81,
        43.5,
        53.5,
        59.0,
        46.0,
        48.0,
        33.5,
        39.45,
        51.0,
        54.2,
        56.5,
        35.75,
        36.5,
        27.49,
        44.05,
        39.8,
        42.03,
        48.7,
        42.0,
        43.76,
        41.16,
        29.0,
        40.0,
        50.2,
        32.33,
        35.5,
        44.0,
        40.0,
        16.58,
        48.0,
        33.04,
        40.75,
        32.9,
        30.0,
        33.95,
        53.0,
        31.97,
        38.0,
        42.0,
        33.76,
        52.5,
        39.73,
        57.1,
        36.0,
        42.3,
        28.5,
        38.61,
        34.8,
        45.0
    ],
    "y_pred": [
        40.16895938720472,
        30.233354974063506,
        37.81169428133917,
        46.432160120947934,
        38.782383800618305,
        39.352085362646875,
        39.903639033993336,
        37.16131183080679,
        48.711711804582514,
        43.55935973405762,
        46.52004910924434,
        38.00069229286531,
        34.4595855046364,
        32.714787491409965,
        39.88746782846139,
        40.04485661002635,
        44.238180430350795,
        48.7919549218295,
        36.81870662326554,
        38.47227338963612,
        34.15635020036834,
        38.47097118647596,
        48.32015689657103,
        54.072697669127606,
        38.900014130974434,
        41.89279988599937,
        31.382925686382066,
        35.36082882739229,
        46.243296964360965,
        43.595046964490194,
        56.94069002146166,
        41.065736905133505,
        41.742433470859844,
        36.0384496975238,
        43.75155858162215,
        45.05064242059982,
        37.166538541930436,
        43.35908946448654,
        40.496278541689094,
        41.20691094040455,
        40.48249529698822,
        24.295314038431687,
        40.25549286594717,
        40.61759679907229,
        36.70728661518363,
        47.941676221680076,
        35.399106522365074,
        38.83046972517476,
        43.31142271651446,
        37.242345210735756,
        35.00926861453512,
        37.283549419401304,
        36.61705121967582,
        31.66808050454185,
        37.129225868546584,
        43.723942732073596,
        42.50655664385249,
        40.317381684531895,
        41.182851608356884,
        37.31846153872972,
        43.86755050875352,
        36.41721895909389,
        43.68615586853647,
        37.90713867378883,
        42.51475296907161,
        31.41548548664102,
        36.15842630387046,
        36.86477878572147,
        41.401319906821755
    ]
}