{
    "Est_name": "SVR",
    "Run": 9,
    "Seed": 1424,
    "Est_params": {
        "gamma": 1e-05,
        "C": 2823.746363830604,
        "epsilon": 3.7162302354203813
    },
    "R2": 0.686709631600503,
    "R": 0.8291273969922188,
    "MAPE": 0.1278072559722286,
    "RMSE": 5.801463765223826,
    "y_test": [
        41.16,
        56.0,
        34.5,
        43.5,
        59.0,
        35.5,
        33.41,
        37.0,
        47.0,
        53.5,
        27.5,
        39.12,
        54.0,
        22.04,
        25.68,
        40.52,
        41.89,
        56.0,
        41.8,
        30.0,
        45.23,
        49.5,
        57.0,
        40.5,
        13.33,
        40.75,
        26.5,
        20.22,
        43.65,
        41.5,
        33.5,
        39.8,
        33.0,
        50.5,
        36.0,
        54.04,
        39.73,
        35.0,
        30.5,
        31.53,
        33.76,
        37.5,
        52.0,
        41.5,
        50.2,
        53.5,
        35.0,
        28.0,
        38.61,
        51.0,
        35.75,
        55.5,
        35.75,
        53.9,
        35.25,
        39.3,
        23.0,
        44.5,
        23.9,
        26.5,
        49.5,
        25.81,
        58.59,
        48.0,
        32.25,
        42.75,
        33.0,
        45.0,
        46.25
    ],
    "y_pred": [
        38.28404859532253,
        52.372200603629,
        33.650794261225066,
        24.925286135796533,
        54.90982458013239,
        40.406245683134415,
        36.534630152505144,
        39.77678348971364,
        40.6781139141072,
        52.5909973393093,
        28.649946218491664,
        43.980995889300665,
        47.77356991097791,
        25.97254850580456,
        31.01216131087591,
        36.8294066356853,
        45.415144073337444,
        60.35021775089287,
        32.10724468211572,
        36.98414860934078,
        41.75845224879339,
        46.929944032731086,
        54.04355345107632,
        40.917395420501805,
        22.783351532162555,
        46.876408131579566,
        32.65069942649558,
        29.576617344878763,
        42.44399041577941,
        40.589595312793165,
        35.25173808230198,
        45.95936245292211,
        33.27759644762379,
        48.0439761149532,
        32.610546404955564,
        49.76717359962454,
        37.06806080602115,
        38.06130740258999,
        25.29431571178162,
        30.816225148649544,
        36.66971925941431,
        44.18730902475303,
        48.54018988779975,
        44.888097129691374,
        36.15202956763511,
        54.74726760891896,
        38.167845616624675,
        32.971624413672146,
        36.10691013787124,
        45.45615194435322,
        37.145114817015894,
        50.09505687885948,
        33.850980457124365,
        55.30185401546552,
        29.755222843619208,
        41.11034553184126,
        26.268287036712366,
        44.48798805677053,
        44.59616141128663,
        20.37350916441079,
        51.23965158806507,
        30.12602264607589,
        54.74309267625311,
        37.221933889558315,
        35.11872737566175,
        39.673507399859425,
        33.9742167547891,
        43.29446946175443,
        36.78915193016627
    ]
}