{
    "Est_name": "SVR",
    "Run": 23,
    "Seed": 6873,
    "Est_params": {
        "gamma": 1e-05,
        "C": 2999.528029714122,
        "epsilon": 3.265326280141096
    },
    "R2": -0.9145865450446038,
    "R": 0.3236118543508183,
    "MAPE": 0.1697480464656422,
    "RMSE": 12.501385003425845,
    "y_test": [
        22.5,
        44.5,
        35.5,
        29.5,
        41.5,
        60.25,
        37.25,
        39.45,
        43.07,
        28.0,
        51.0,
        39.12,
        44.75,
        26.75,
        42.0,
        23.0,
        41.23,
        24.67,
        20.22,
        32.9,
        35.5,
        32.91,
        40.75,
        49.0,
        56.5,
        42.0,
        40.39,
        44.0,
        40.5,
        32.5,
        56.0,
        48.0,
        43.47,
        40.0,
        49.5,
        43.55,
        39.78,
        33.0,
        35.5,
        46.7,
        46.0,
        27.7,
        51.0,
        27.5,
        32.26,
        39.5,
        43.29,
        26.5,
        46.0,
        30.0,
        29.0,
        40.75,
        37.6,
        30.0,
        35.0,
        57.0,
        33.95,
        34.5,
        29.02,
        49.9,
        41.5,
        31.75,
        41.0,
        28.0,
        53.5,
        46.5,
        42.56,
        53.5,
        40.5
    ],
    "y_pred": [
        24.29198652689952,
        38.94435119878031,
        33.5390989382253,
        30.3964584305945,
        46.11259359685072,
        53.434287727128414,
        44.49426330510825,
        34.96408278122471,
        37.42787084523929,
        32.62381513324883,
        19.176637652673186,
        46.20096905166422,
        39.11513679218984,
        35.31552872300319,
        44.65609744366106,
        26.214685819983654,
        50.994911857598595,
        50.679802635646446,
        32.18782002238198,
        35.17665659534814,
        37.329596317790056,
        39.52964009415507,
        46.666118552145356,
        -35.06081565487633,
        51.38543821784189,
        42.24211839906665,
        36.78656211646369,
        35.28945475380786,
        39.18256019786171,
        29.39698441351883,
        52.03509059591921,
        38.54927499828589,
        39.66254213220271,
        40.018863488757894,
        45.48193058982233,
        38.70307689816582,
        37.538473904657884,
        34.5922922419176,
        43.36458441859208,
        53.120034509428244,
        44.38897811142094,
        35.478582492987144,
        43.01558498291204,
        35.111228965761924,
        33.28180831407516,
        31.84084330491946,
        34.51503563337031,
        33.10323725309943,
        38.386734344386504,
        33.46477016390848,
        31.04051817523095,
        39.96158452872789,
        39.672671283838106,
        33.65830293181441,
        34.69267185294701,
        61.76747604302225,
        34.27469783000167,
        31.711896396116543,
        44.41152714641292,
        49.09590767122081,
        41.74259294710069,
        37.09732460374069,
        42.11419238576216,
        31.690987159527275,
        60.51190414883654,
        51.527112289652344,
        38.64527343839527,
        54.920073525563915,
        34.17389828157215
    ]
}