{
    "Est_name": "SVR",
    "Run": 2,
    "Seed": 409,
    "Est_params": {
        "gamma": 1e-05,
        "C": 167.53796975437083,
        "epsilon": 3.9774320091308932
    },
    "R2": 0.34653987566973454,
    "R": 0.6370295738792631,
    "MAPE": 0.12413703429541566,
    "RMSE": 7.486212181359123,
    "y_test": [
        35.0,
        39.0,
        48.0,
        31.5,
        31.75,
        54.25,
        49.9,
        39.5,
        47.3,
        48.0,
        13.33,
        43.5,
        57.21,
        38.82,
        45.0,
        32.26,
        31.47,
        35.3,
        34.5,
        29.41,
        31.7,
        39.0,
        55.5,
        55.5,
        46.5,
        60.25,
        53.9,
        40.75,
        34.8,
        35.25,
        33.5,
        35.5,
        42.29,
        41.0,
        43.29,
        56.0,
        56.5,
        46.0,
        46.8,
        56.0,
        43.29,
        56.0,
        36.0,
        38.0,
        32.25,
        27.5,
        42.5,
        33.41,
        46.0,
        46.25,
        41.25,
        33.95,
        30.5,
        48.5,
        42.0,
        43.0,
        38.78,
        48.0,
        26.5,
        50.2,
        35.5,
        33.25,
        34.5,
        34.0,
        35.0,
        43.47,
        21.75,
        35.0,
        48.0
    ],
    "y_pred": [
        38.02347122030338,
        37.268283896931464,
        33.9178521098077,
        29.863575723232103,
        36.23380587151998,
        41.50741845935152,
        47.52952084049428,
        36.22089627948393,
        47.1998387750744,
        39.55253821039964,
        13.01123949392386,
        24.457370957238776,
        47.31029124683457,
        33.72529902082769,
        40.34610246982671,
        36.52422628659672,
        35.33786803682424,
        42.22182328071642,
        31.793453419596567,
        32.54726552037791,
        39.02602676938335,
        38.35633373573748,
        49.21688556752663,
        45.95774931215727,
        51.49596327784995,
        33.89427895528602,
        55.19680978803096,
        43.20479295706805,
        39.99821470636642,
        34.7650213121886,
        35.94377718557708,
        37.217301096046576,
        39.60981178795698,
        39.15573005683255,
        39.449628813478526,
        54.492350979881664,
        32.7712671440627,
        42.08316950343896,
        49.271958098455386,
        53.35081050885701,
        39.02653843798756,
        31.885134964753767,
        38.972728316278854,
        38.89128976970063,
        36.50076302856305,
        32.472828834562364,
        37.81712399386073,
        37.35320782199143,
        41.134691413930746,
        39.12316951181291,
        38.080204010416175,
        36.420803707867464,
        33.85696113558243,
        49.05758915814856,
        39.051111279308266,
        40.68334549532579,
        39.243072429414454,
        41.36313988219663,
        33.243303132240634,
        41.07525647366343,
        43.83496054631437,
        37.21958674537455,
        31.22277330571577,
        39.80069049395832,
        37.65798070620196,
        38.47575580505344,
        25.98965032158958,
        36.983525843507195,
        41.110294687531955
    ]
}