{
    "Est_name": "SVR",
    "Run": 37,
    "Seed": 1519,
    "Est_params": {
        "gamma": 1e-05,
        "C": 11.568419283323154,
        "epsilon": 2.0681784773748486
    },
    "R2": 0.03586265551848733,
    "R": 0.36580345577382817,
    "MAPE": 0.2251035995053026,
    "RMSE": 9.820446806835534,
    "y_test": [
        25.68,
        32.26,
        46.8,
        43.66,
        30.5,
        30.25,
        45.22,
        33.5,
        41.25,
        46.5,
        40.5,
        33.6,
        57.21,
        36.0,
        28.5,
        48.0,
        43.29,
        55.5,
        53.5,
        35.5,
        29.02,
        37.5,
        52.5,
        42.35,
        48.0,
        41.89,
        35.0,
        31.75,
        43.0,
        32.25,
        22.9,
        29.5,
        42.5,
        41.4,
        39.0,
        27.5,
        50.5,
        43.64,
        30.5,
        39.45,
        56.38,
        58.25,
        22.67,
        31.97,
        59.0,
        45.0,
        39.78,
        39.5,
        36.0,
        44.5,
        27.49,
        33.5,
        40.03,
        24.67,
        18.52,
        55.84,
        41.78,
        22.73,
        53.5,
        42.0,
        33.0,
        52.0,
        30.0,
        43.4,
        22.13,
        38.0,
        56.5,
        34.5,
        47.0
    ],
    "y_pred": [
        40.195779390126916,
        48.57779471409156,
        49.405071617258905,
        35.39882866451126,
        29.41781400573499,
        40.18331484725361,
        40.12489167040521,
        37.12806947992113,
        43.811184578300924,
        49.02626137308658,
        38.84970834965242,
        36.840919573157606,
        42.97594909455063,
        36.05375135282556,
        49.20908778358654,
        37.22630539316649,
        37.42986235505096,
        47.260011078284045,
        54.467955317373175,
        38.398320364314046,
        39.479062752895864,
        37.24360001022912,
        47.75180813201272,
        43.12796692168005,
        45.20440972016921,
        42.699087484565226,
        39.116131403628145,
        38.401600347522425,
        43.305373115580295,
        35.98515637888775,
        40.81852843781096,
        38.294271378881334,
        39.85662802473074,
        45.41309052270666,
        41.435404463814294,
        46.176007642752396,
        48.80266473770155,
        38.57694504271768,
        35.01828313353633,
        35.407336025515974,
        35.96491987990661,
        57.00210758931125,
        40.35847007168566,
        47.30819264547881,
        41.88745924207821,
        47.823222929920426,
        38.4592443417356,
        40.84416280220107,
        42.15733321780139,
        41.62374027405432,
        49.95568009290657,
        33.19975355612903,
        47.80719890560375,
        45.37788871059547,
        36.20222792053063,
        43.111745147511,
        38.11937503978761,
        47.41442318323878,
        48.779795210180644,
        44.82322598266453,
        34.91081743139134,
        41.207662340229724,
        37.349077866805594,
        36.60846912985052,
        40.03053457396943,
        43.42980108578266,
        55.93761140641618,
        32.92630109300086,
        44.06191818500492
    ]
}