{
    "Est_name": "SVR",
    "Run": 11,
    "Seed": 6912,
    "Est_params": {
        "gamma": 7.341346026319341e-05,
        "C": 287.973915426431,
        "epsilon": 3.588039683280128
    },
    "R2": 0.6235963686674629,
    "R": 0.8182800409723634,
    "MAPE": 0.1232188234567139,
    "RMSE": 6.090714237436273,
    "y_test": [
        48.0,
        40.0,
        37.5,
        48.7,
        43.76,
        26.5,
        26.5,
        32.9,
        25.81,
        39.12,
        50.86,
        37.5,
        34.8,
        42.86,
        40.75,
        43.07,
        42.56,
        53.25,
        45.0,
        47.0,
        32.83,
        36.0,
        34.5,
        20.5,
        57.96,
        26.25,
        48.0,
        32.0,
        45.02,
        47.3,
        35.0,
        39.53,
        45.5,
        30.0,
        43.4,
        40.0,
        36.5,
        57.1,
        55.5,
        43.0,
        42.5,
        40.5,
        58.59,
        53.5,
        41.78,
        46.11,
        41.0,
        44.05,
        30.0,
        34.5,
        33.0,
        15.11,
        46.8,
        57.27,
        43.5,
        43.66,
        43.64,
        41.8,
        41.5,
        23.0,
        48.5,
        58.5,
        34.5,
        54.2,
        45.5,
        59.0,
        29.5,
        22.5,
        56.0
    ],
    "y_pred": [
        43.08091764127855,
        42.827335746018164,
        40.11143676409979,
        41.75301879789859,
        42.07785211267317,
        26.585337206238062,
        27.949939301825317,
        36.50437441984127,
        31.28630148510021,
        41.30877463797723,
        37.91497329212653,
        36.376050993110745,
        36.595411921966104,
        36.98738372974776,
        41.06901570594025,
        38.46271917471438,
        37.226461454110435,
        46.863105120204764,
        45.114385110042676,
        49.542008553987024,
        36.288792608194925,
        37.32272938066467,
        42.31618114802178,
        31.787799778266745,
        49.988342810409165,
        32.53778108658741,
        39.10472393103557,
        32.55560688561713,
        39.1676358289226,
        39.858905015449764,
        33.18756337038516,
        39.92704746565084,
        45.05219380022276,
        34.087874504354716,
        40.76126161652611,
        40.4234722268162,
        37.03184357045947,
        42.77652758339034,
        51.08341961482775,
        43.417903713101005,
        38.36763913773956,
        37.71784610062624,
        52.417550913401314,
        46.21534370581554,
        38.19795666891514,
        41.91016216605377,
        34.505724387205724,
        45.549973936736684,
        29.28066534282354,
        34.23200927575113,
        34.450995898675146,
        36.56788159987369,
        41.41522063313801,
        54.092865139524115,
        24.503025779214255,
        34.49175921181146,
        38.059736735308036,
        39.64855635974702,
        37.04255440616866,
        26.34190390664066,
        44.0172011045243,
        51.686452281750775,
        31.254546222455264,
        45.699814365898874,
        46.913517998865174,
        56.46640801883879,
        32.087532323376195,
        25.39199416679255,
        52.60970100125146
    ]
}