{
    "Est_name": "SVR",
    "Run": 27,
    "Seed": 4557,
    "Est_params": {
        "gamma": 1e-05,
        "C": 1367.8580017600375,
        "epsilon": 5.632858659185505
    },
    "R2": 0.561030797205931,
    "R": 0.7585333749338131,
    "MAPE": 0.1424260816240308,
    "RMSE": 6.523018091983328,
    "y_test": [
        48.0,
        39.78,
        39.61,
        39.5,
        40.12,
        53.5,
        46.5,
        53.9,
        33.5,
        33.25,
        34.5,
        50.5,
        32.25,
        44.5,
        56.38,
        35.25,
        29.0,
        51.0,
        23.0,
        15.11,
        45.8,
        40.5,
        29.5,
        36.0,
        58.0,
        31.8,
        28.5,
        35.0,
        35.5,
        43.0,
        42.03,
        48.5,
        42.2,
        49.7,
        48.0,
        52.5,
        33.41,
        25.81,
        39.0,
        41.23,
        54.2,
        33.85,
        41.78,
        32.91,
        43.4,
        27.49,
        30.25,
        20.8,
        38.0,
        48.0,
        33.5,
        26.5,
        22.04,
        30.0,
        52.5,
        31.47,
        44.05,
        45.25,
        43.0,
        43.29,
        42.3,
        57.0,
        54.25,
        26.5,
        51.0,
        43.0,
        49.5,
        25.68,
        32.83
    ],
    "y_pred": [
        37.4785461752324,
        39.867662113948754,
        38.188116808243315,
        49.23816070042643,
        33.4377050561706,
        50.083637625177545,
        53.36306180713132,
        52.89261169958362,
        43.55962997114257,
        44.36168278837743,
        41.532966738638194,
        53.14957431844422,
        35.689819805451016,
        40.01600362291012,
        50.765270068082174,
        31.710553926683186,
        25.720096504016148,
        21.782885079465593,
        27.801687944798456,
        24.67930416426869,
        43.59878000991095,
        34.5407447846552,
        35.07375339014086,
        32.86021691261614,
        55.505345938284336,
        33.752813466194,
        36.537883109293276,
        31.59131429312508,
        34.81514716571978,
        32.27819117071502,
        35.756762027677254,
        46.22554413937251,
        40.429329090504226,
        43.12230212524126,
        43.18409746612453,
        58.013704939186695,
        35.565966089558856,
        31.669735184775558,
        37.11779721044624,
        49.54023681073747,
        48.778045658051326,
        38.45030786130395,
        37.375626889383724,
        39.475634703928804,
        38.53705737402611,
        35.37242033492352,
        35.86797744760139,
        26.529177973926686,
        40.275972308145704,
        40.576545538043696,
        29.55430663092963,
        22.964436904524362,
        27.777919215938276,
        33.750530910249594,
        47.73744182047137,
        32.93861838188454,
        39.74239399219001,
        44.146240104981445,
        48.21106648696941,
        37.42532063064126,
        41.890672705131685,
        58.304096764332996,
        46.39451933649184,
        23.855329236215773,
        47.7214633887554,
        52.167307723470564,
        50.302536451326326,
        33.834893071860606,
        36.211735129812
    ]
}