{
    "Est_name": "SVR",
    "Run": 17,
    "Seed": 8279,
    "Est_params": {
        "gamma": 1e-05,
        "C": 930.3416510776447,
        "epsilon": 5.654380910703336
    },
    "R2": 0.5229616011703833,
    "R": 0.7354407728337846,
    "MAPE": 0.1529358306080685,
    "RMSE": 7.230897010531073,
    "y_test": [
        52.5,
        51.0,
        45.8,
        41.5,
        56.5,
        30.0,
        34.5,
        39.5,
        26.5,
        33.5,
        26.5,
        54.0,
        27.12,
        35.75,
        15.11,
        32.57,
        23.0,
        33.85,
        34.25,
        39.0,
        33.5,
        40.52,
        57.27,
        48.0,
        43.76,
        44.05,
        37.5,
        62.5,
        38.82,
        55.5,
        58.5,
        49.7,
        49.0,
        32.0,
        48.0,
        30.0,
        39.5,
        52.07,
        48.0,
        41.89,
        33.46,
        32.25,
        46.0,
        35.0,
        39.17,
        53.0,
        43.47,
        33.5,
        57.8,
        42.0,
        57.5,
        40.0,
        53.25,
        22.04,
        56.0,
        42.35,
        20.5,
        46.0,
        45.5,
        36.5,
        31.59,
        29.02,
        48.5,
        38.61,
        33.4,
        33.0,
        45.23,
        42.56,
        23.33
    ],
    "y_pred": [
        58.91114494294533,
        23.337782339777156,
        44.55272217277539,
        37.917812562320044,
        41.916961646824454,
        35.024704952691785,
        39.72202535765323,
        36.916168131369766,
        19.78666521144146,
        35.85959899558221,
        27.860237867322816,
        45.37210754357178,
        37.30082352637077,
        39.858403783240135,
        28.41493653516354,
        37.40779832583247,
        26.925474723720466,
        38.27859876499479,
        37.81631468406559,
        35.078327025884015,
        28.312728586887594,
        34.416563506085296,
        50.65855709624122,
        41.43096966640689,
        40.50323786114631,
        37.04674292408818,
        36.87413141664825,
        44.511590884454215,
        33.99702409484197,
        51.55019383862097,
        52.49691265856659,
        42.470724046060916,
        46.635092839031415,
        29.95072661147116,
        39.800418611206844,
        32.99507520512042,
        36.05273459520108,
        45.09668478365616,
        48.55706843148345,
        42.53240105950116,
        38.84119268945597,
        36.12450241350618,
        39.99448150532018,
        40.919390381570956,
        37.2767802505628,
        46.75615694731015,
        37.77524014188376,
        34.57848747080991,
        51.52279052631093,
        39.34640224417648,
        43.197390323176016,
        39.17736518422776,
        48.55040931563121,
        31.173307101719494,
        55.1837259774694,
        41.16372437537347,
        35.54159373251161,
        41.81875721535061,
        42.80488328739602,
        38.461697951413036,
        36.37654888925996,
        32.574169986585424,
        53.65890518902324,
        33.60457581133459,
        36.98808017024717,
        36.16355757606936,
        42.5646162423512,
        37.20341814888515,
        38.94727087956236
    ]
}