{
    "Est_name": "SVR",
    "Run": 46,
    "Seed": 8785,
    "Est_params": {
        "gamma": 1e-05,
        "C": 409.29711376717825,
        "epsilon": 4.446059465449415
    },
    "R2": 0.47144576548645134,
    "R": 0.733253613197383,
    "MAPE": 0.13612762942177734,
    "RMSE": 7.131612891291713,
    "y_test": [
        37.5,
        50.75,
        29.5,
        26.75,
        55.5,
        39.5,
        53.5,
        42.56,
        35.0,
        41.89,
        44.6,
        47.0,
        31.47,
        34.5,
        31.5,
        22.9,
        39.53,
        50.5,
        31.59,
        52.07,
        26.5,
        57.0,
        42.56,
        34.5,
        53.0,
        34.5,
        56.25,
        30.5,
        40.5,
        40.12,
        48.0,
        46.8,
        40.5,
        45.25,
        31.67,
        28.0,
        51.0,
        31.53,
        21.75,
        57.1,
        39.3,
        37.5,
        29.5,
        29.0,
        33.5,
        41.25,
        50.0,
        46.5,
        56.5,
        42.0,
        42.5,
        41.0,
        41.23,
        20.8,
        44.0,
        43.0,
        30.5,
        36.0,
        43.0,
        56.0,
        53.5,
        59.0,
        46.0,
        43.66,
        53.5,
        55.84,
        30.0,
        42.2,
        28.0
    ],
    "y_pred": [
        35.87969374993102,
        43.47411877868038,
        34.69256485520322,
        34.54004122153415,
        51.35925626484965,
        35.69764626982282,
        45.508549412103115,
        35.27854249521147,
        32.285230297981194,
        37.55075959984244,
        44.48345340733584,
        41.46861873895741,
        33.34411250815174,
        40.14455495446613,
        31.524204081182734,
        28.78597609053545,
        44.863155379555,
        47.34602328667262,
        37.31360797371378,
        45.46065587197479,
        31.752418837976062,
        41.83869569547984,
        38.19066654405894,
        40.58538741627381,
        44.32795699641265,
        32.403695836487394,
        52.31955125445441,
        33.90998761797971,
        38.50724383024146,
        32.65522499827984,
        46.344196929636716,
        43.462254368298666,
        35.115178934664975,
        39.413907503262536,
        36.186259996656894,
        33.43417451034447,
        46.45165754520071,
        34.87895813168387,
        27.259438403280974,
        40.79457766438981,
        38.066378621267695,
        37.98212978774549,
        21.214799856907227,
        23.589506452952143,
        27.28903876780985,
        44.83328928288255,
        43.86873838495135,
        42.953198663041285,
        36.908780377610746,
        40.00646284248861,
        39.70970387566532,
        36.95159924953295,
        50.461344240501276,
        26.232546160117103,
        45.073221166569745,
        41.44091432216479,
        25.97505725067844,
        35.80836447480621,
        49.13387131759547,
        35.97879159755063,
        45.64722413777862,
        35.775662247251965,
        40.93800615551966,
        36.949979266234976,
        49.56157791854978,
        45.52878920726793,
        37.03864855730353,
        42.238441677404765,
        30.730662481432127
    ]
}