{
    "Est_name": "SVR",
    "Run": 19,
    "Seed": 434,
    "Est_params": {
        "gamma": 1e-05,
        "C": 3000.0,
        "epsilon": 4.412627963140705
    },
    "R2": 0.27600452899093475,
    "R": 0.649552690425053,
    "MAPE": 0.18098917147249854,
    "RMSE": 8.369134861721102,
    "y_test": [
        13.33,
        47.3,
        31.7,
        39.21,
        22.73,
        60.25,
        33.0,
        33.5,
        41.5,
        32.57,
        56.0,
        42.29,
        27.4,
        37.5,
        22.9,
        39.3,
        54.25,
        36.0,
        34.5,
        32.9,
        41.0,
        29.5,
        57.0,
        50.5,
        41.5,
        40.1,
        31.47,
        42.0,
        45.5,
        22.5,
        35.0,
        44.5,
        33.04,
        35.25,
        52.5,
        40.0,
        42.2,
        27.12,
        59.0,
        36.5,
        57.27,
        24.67,
        48.0,
        18.52,
        50.0,
        32.33,
        40.03,
        30.0,
        31.25,
        34.75,
        32.43,
        26.5,
        39.45,
        42.37,
        43.5,
        30.5,
        39.73,
        50.86,
        38.0,
        33.0,
        26.5,
        40.0,
        54.0,
        42.25,
        35.75,
        38.78,
        42.56,
        32.5,
        43.66
    ],
    "y_pred": [
        22.907732618905914,
        44.622362704714476,
        36.15127839069994,
        62.745911113030644,
        60.88312828224005,
        54.64009574104568,
        32.10404099675158,
        37.99759827853543,
        44.59089800014857,
        36.95881965104597,
        55.2937409637501,
        33.98029250274453,
        31.356062941026927,
        41.27221106068795,
        32.653360708628504,
        42.59556906227541,
        48.89564217393279,
        32.721785123300414,
        32.03873228933228,
        36.843718062742035,
        34.53998716896022,
        24.584716787225545,
        59.989773040901596,
        47.481431757439694,
        38.90913411831295,
        44.136645859237035,
        32.249710090521184,
        44.84055150972758,
        46.940984378271644,
        22.795931282882087,
        33.98639685170865,
        37.109332226526156,
        33.566100688267404,
        29.980413189183416,
        55.781671176202586,
        34.84735633069421,
        49.31401317874046,
        32.437707478398366,
        55.89953735939224,
        41.738027182057806,
        50.36213039624462,
        55.20818308080811,
        40.979535603622246,
        25.138248102397714,
        48.073896449855845,
        30.07534100654439,
        53.24387623842005,
        36.51052185722689,
        23.42669866265581,
        27.675933269182355,
        38.9402889625744,
        19.743593048311485,
        33.32392628333664,
        38.26484477680406,
        40.628649273052176,
        33.71289141475049,
        37.19689723761793,
        43.72793611848097,
        43.804223890567435,
        28.108222395415726,
        20.454332018502914,
        44.41953593127097,
        46.3921920391778,
        51.362650176426385,
        41.075583109274476,
        39.77309731226826,
        35.935143600613316,
        37.14512618579965,
        38.76232975762679
    ]
}