{
    "Est_name": "SVR",
    "Run": 50,
    "Seed": 9044,
    "Est_params": {
        "gamma": 5.02449661678737e-05,
        "C": 323.0410832962431,
        "epsilon": 3.676519183458146
    },
    "R2": 0.5095106179233645,
    "R": 0.7139297948262274,
    "MAPE": 0.13357750731268156,
    "RMSE": 6.494879483693601,
    "y_test": [
        24.5,
        40.0,
        59.0,
        33.0,
        54.04,
        41.16,
        42.3,
        34.5,
        43.29,
        42.2,
        62.5,
        44.5,
        27.5,
        33.04,
        40.03,
        40.0,
        40.1,
        48.0,
        33.85,
        49.5,
        45.22,
        33.41,
        34.0,
        46.25,
        39.17,
        48.7,
        41.5,
        31.47,
        41.0,
        45.8,
        30.5,
        50.5,
        35.0,
        36.0,
        58.0,
        32.0,
        42.75,
        31.8,
        34.75,
        57.0,
        35.25,
        44.75,
        47.0,
        22.9,
        31.75,
        41.89,
        30.0,
        49.7,
        46.0,
        45.02,
        39.73,
        38.0,
        22.67,
        39.12,
        27.4,
        42.0,
        20.8,
        43.5,
        51.0,
        47.3,
        53.5,
        38.0,
        41.25,
        51.0,
        45.5,
        18.52,
        33.25,
        39.53,
        26.75
    ],
    "y_pred": [
        27.995737563176746,
        42.47589000705814,
        54.548775098772076,
        35.11029578512584,
        46.391468057532876,
        41.16681780811842,
        47.018798659717866,
        43.37990477192733,
        35.83288429079527,
        42.42743339174217,
        54.83183506512658,
        43.28278931972037,
        44.00545929438553,
        35.00140744715494,
        41.15238390177691,
        40.00758415087415,
        44.24471088589701,
        46.161326129430854,
        37.51350453954104,
        48.220651318492806,
        42.92899859879284,
        36.91478124579797,
        36.05155782482099,
        42.93415207494364,
        33.06752028900022,
        41.849277080969394,
        36.637002452774226,
        38.28446093861509,
        42.001721470401456,
        42.09196202438853,
        35.30331405716194,
        47.763295036969986,
        32.260089348953194,
        33.91429346179348,
        51.39631495672655,
        31.90098622211879,
        36.24477960942203,
        35.540999819439804,
        29.2826831514748,
        52.991238666827265,
        31.78921625352698,
        33.99854795848184,
        43.757351437840725,
        29.313053031908318,
        35.306258537508675,
        45.85367368059054,
        30.01907294823576,
        43.8367185379292,
        40.65869692218203,
        39.944449310587125,
        37.589694787662275,
        38.897302373573694,
        27.71817399112848,
        41.774212586829336,
        42.370490146836445,
        42.38865922140917,
        32.42221090469656,
        48.21461752308724,
        48.190330269674995,
        42.019124249734894,
        52.22930108699784,
        38.242976995433224,
        40.947793489834,
        25.99246829236028,
        43.62674735260319,
        39.87507147003042,
        36.77008597279122,
        40.730624814936206,
        32.85220571608917
    ]
}