{
    "Est_name": "SVR",
    "Run": 25,
    "Seed": 7359,
    "Est_params": {
        "gamma": 0.00013568603321775888,
        "C": 265.7387564308792,
        "epsilon": 3.026596370251396
    },
    "R2": 0.5816417791478314,
    "R": 0.7642771881278078,
    "MAPE": 0.15544601353757148,
    "RMSE": 6.845311468307341,
    "y_test": [
        29.41,
        26.5,
        58.25,
        43.5,
        20.5,
        22.5,
        32.83,
        46.87,
        37.5,
        45.0,
        21.5,
        43.29,
        57.96,
        40.5,
        42.5,
        50.75,
        35.25,
        54.0,
        29.6,
        59.5,
        18.52,
        43.07,
        40.52,
        39.42,
        57.8,
        48.0,
        27.5,
        31.59,
        34.8,
        56.5,
        43.0,
        40.75,
        32.57,
        45.23,
        35.75,
        48.7,
        23.0,
        52.0,
        49.5,
        40.5,
        32.0,
        42.25,
        29.5,
        34.5,
        42.86,
        35.3,
        50.86,
        54.25,
        34.5,
        48.0,
        34.0,
        31.53,
        36.0,
        41.16,
        53.5,
        49.0,
        39.5,
        57.5,
        35.25,
        41.78,
        55.5,
        16.58,
        35.0,
        33.0,
        55.5,
        27.4,
        33.5,
        40.0,
        39.3
    ],
    "y_pred": [
        34.45809959528592,
        28.938497632274043,
        52.02267022316747,
        32.82714614298072,
        35.62465271954235,
        27.824617439175356,
        36.80859932917575,
        35.210841746048274,
        41.01863005757279,
        41.138771247432,
        29.481006627339326,
        39.9265754262984,
        51.96655803795532,
        38.93396937823701,
        42.3769258928059,
        48.58335346934094,
        32.055105175960335,
        48.6279134878809,
        29.331141872110543,
        48.40680839750738,
        26.074581953629007,
        39.81876470912441,
        37.70223194991999,
        45.7438556539809,
        54.02908742459854,
        40.07907778469455,
        41.96456677038721,
        38.098185155245304,
        36.81477769534715,
        58.615862965966016,
        53.06127108140209,
        41.976784536012254,
        37.7642640878059,
        41.921037235827995,
        33.4448815076221,
        44.52509184721156,
        27.149354863239466,
        50.03040282969193,
        45.08100905592017,
        39.47521990419646,
        36.56659879053738,
        28.95383822320248,
        33.34433193904435,
        31.585853104723768,
        40.48431121581339,
        41.40272679015122,
        42.15648246446623,
        44.26444671023797,
        38.94472118057553,
        41.65368707344245,
        38.48410631983861,
        29.805045564736027,
        42.43524298829919,
        41.54934750088976,
        44.25601083723167,
        54.179234213260244,
        39.36771726744672,
        60.7303346950678,
        36.03481366165025,
        40.72406394081474,
        51.48546328316297,
        45.34934973702401,
        40.35993740378927,
        34.070677412600645,
        50.98733343301963,
        36.130162642436375,
        32.042120259766854,
        40.14273322872027,
        35.541465306320355
    ]
}