{
    "Est_name": "SVR",
    "Run": 1,
    "Seed": 1824,
    "Est_params": {
        "gamma": 1e-05,
        "C": 940.0985114684202,
        "epsilon": 1.1110112058265897
    },
    "R2": -1.0420328211894199,
    "R": 0.35157778451785926,
    "MAPE": 0.149742280359653,
    "RMSE": 12.847202699617965,
    "y_test": [
        43.64,
        31.7,
        22.67,
        39.12,
        35.75,
        28.0,
        34.5,
        35.5,
        45.0,
        21.75,
        30.0,
        33.0,
        37.25,
        46.0,
        42.75,
        34.5,
        45.02,
        43.4,
        15.11,
        57.8,
        50.2,
        35.0,
        42.2,
        45.22,
        48.0,
        48.0,
        29.0,
        29.02,
        30.0,
        46.11,
        53.25,
        43.0,
        30.0,
        27.12,
        40.75,
        39.12,
        41.5,
        42.2,
        33.0,
        35.75,
        48.5,
        59.0,
        41.95,
        36.5,
        43.66,
        26.25,
        38.61,
        34.8,
        33.85,
        32.91,
        25.68,
        48.0,
        43.29,
        56.5,
        45.0,
        31.5,
        42.3,
        50.75,
        56.0,
        49.0,
        49.0,
        33.95,
        51.0,
        33.25,
        44.5,
        41.78,
        39.21,
        40.39,
        31.97
    ],
    "y_pred": [
        37.96550241687978,
        33.739638056517826,
        38.14033205395525,
        41.330743015067945,
        34.39044026369315,
        31.371552037082402,
        36.885008412721184,
        33.53325394587549,
        43.91476387803112,
        35.14169213239556,
        33.499805032986835,
        30.61599188159161,
        42.0379269897821,
        50.869238941877654,
        41.41920683539639,
        45.3990374705558,
        37.119319021352815,
        40.07917633428516,
        16.086469150497344,
        55.97727976628715,
        40.72315900743708,
        33.84059431436683,
        44.80503315369128,
        42.38265157785448,
        44.62277605561619,
        46.210431451049665,
        31.235065663690207,
        34.178033918954746,
        41.80647941250151,
        48.71433858363081,
        51.15264453818018,
        39.99163540975566,
        32.27869940212636,
        41.12663016256492,
        38.91258639998336,
        47.85947970603413,
        47.44299635213138,
        49.29143864836074,
        33.36565149693565,
        38.638293383798576,
        56.42053131404597,
        57.24415939340757,
        35.10725664268275,
        36.685121797044665,
        40.08888825701015,
        30.703873363743156,
        34.703111987110354,
        36.66735474716159,
        34.53556440818581,
        36.04704751605825,
        36.0743590844477,
        47.29117682883601,
        36.62062789832046,
        55.251899362764405,
        50.36236689962447,
        30.779625988912322,
        43.511920027866516,
        48.86499293770615,
        48.55835206870432,
        48.04091003693166,
        -44.964930977520574,
        32.7813616168062,
        36.87519716668728,
        33.212258511691985,
        43.84734734892747,
        38.23461868034931,
        61.26149131313386,
        38.6651429876212,
        33.61501033591503
    ]
}