{
    "Est_name": "SVR",
    "Run": 41,
    "Seed": 5635,
    "Est_params": {
        "gamma": 1e-05,
        "C": 2073.766307230319,
        "epsilon": 4.158574336692709
    },
    "R2": -0.36978510761096617,
    "R": 0.476251287619749,
    "MAPE": 0.12353985914754316,
    "RMSE": 10.375911979863243,
    "y_test": [
        59.5,
        47.0,
        31.47,
        49.0,
        44.5,
        34.5,
        41.4,
        33.5,
        32.57,
        42.66,
        56.0,
        50.5,
        44.05,
        33.46,
        28.0,
        36.5,
        31.67,
        26.5,
        40.0,
        47.0,
        55.52,
        36.5,
        52.07,
        39.5,
        39.5,
        39.78,
        29.5,
        34.25,
        36.0,
        26.25,
        48.0,
        46.5,
        42.2,
        49.0,
        26.5,
        39.5,
        28.5,
        27.7,
        49.9,
        35.5,
        32.5,
        53.25,
        58.59,
        40.0,
        22.5,
        40.5,
        53.5,
        32.91,
        30.25,
        41.52,
        40.75,
        46.7,
        30.0,
        39.3,
        35.25,
        36.0,
        42.0,
        57.96,
        37.0,
        57.5,
        40.12,
        41.5,
        32.83,
        49.5,
        41.0,
        31.59,
        38.61,
        36.0,
        42.37
    ],
    "y_pred": [
        54.63557054112194,
        46.65718867105561,
        31.529703679003845,
        -28.568904048195613,
        45.24453677614004,
        39.46439775680454,
        43.221942578343885,
        29.334276996071644,
        40.063105761368874,
        38.90517891182822,
        52.42315363454219,
        44.86668248010763,
        40.71487557776052,
        39.54297881398746,
        28.6529114989769,
        41.94598561952538,
        37.141726132612895,
        33.83799222661915,
        40.025949426869204,
        52.40287452184395,
        53.41629043912947,
        40.08383334330977,
        45.9655844880991,
        47.929487692780484,
        37.46988809946997,
        40.446645773026866,
        23.98069172784804,
        37.050226202984724,
        41.4607965386908,
        33.97595299129066,
        40.233482230833374,
        53.1220357592538,
        47.91139446732285,
        47.6030148997644,
        25.336796004173657,
        39.2891860722452,
        33.33160588144867,
        36.645920748369115,
        44.661073214605686,
        32.95407957535334,
        30.804014899681537,
        48.71888055690451,
        51.474368619582165,
        36.799427466236146,
        26.485618769490806,
        41.54951403293706,
        52.08739948240372,
        41.35353456391515,
        34.38518139252886,
        40.08325155122855,
        46.39526671968761,
        49.56787108476872,
        32.83538930251733,
        41.493544113918134,
        30.628400595605054,
        35.708300234216004,
        42.39806254292811,
        52.467657108215626,
        41.356440629473546,
        52.23501219144456,
        32.51878720361432,
        45.0698748472535,
        37.86854419848419,
        50.578404906867995,
        39.68361753726441,
        38.828770845132716,
        38.126564310282035,
        34.50559027788301,
        43.688454568312004
    ]
}