{
    "Est_name": "SVR",
    "Run": 5,
    "Seed": 3657,
    "Est_params": {
        "gamma": 1e-05,
        "C": 1341.974852214897,
        "epsilon": 3.8683430047823864
    },
    "R2": -0.2645685545483909,
    "R": 0.3896333661449437,
    "MAPE": 0.17613372483215545,
    "RMSE": 11.518083206148685,
    "y_test": [
        46.5,
        34.62,
        32.5,
        59.0,
        49.0,
        58.0,
        57.27,
        33.0,
        58.25,
        35.5,
        44.75,
        36.5,
        42.5,
        39.73,
        38.78,
        45.5,
        42.2,
        33.04,
        46.0,
        32.0,
        31.53,
        42.5,
        48.0,
        43.0,
        39.12,
        37.5,
        30.0,
        31.67,
        29.6,
        15.11,
        37.6,
        44.95,
        56.0,
        49.9,
        41.0,
        30.5,
        33.76,
        43.0,
        41.0,
        38.0,
        16.58,
        33.5,
        45.5,
        37.5,
        26.25,
        30.0,
        44.5,
        22.67,
        32.9,
        34.5,
        39.0,
        54.04,
        42.03,
        52.07,
        53.5,
        52.5,
        27.4,
        50.75,
        23.33,
        40.39,
        40.5,
        38.0,
        56.5,
        37.5,
        35.75,
        23.9,
        62.5,
        43.5,
        25.81
    ],
    "y_pred": [
        46.900291275499676,
        38.00476820726095,
        29.352492223631806,
        54.97238687712528,
        -26.911188100104503,
        52.589320291958025,
        51.561299771842165,
        36.01302613886268,
        56.14774812705616,
        33.92668149719598,
        36.83520808141394,
        35.207653146804404,
        38.362106478774116,
        36.629329372983975,
        37.16919170428179,
        44.74750818183109,
        44.78428283939511,
        34.668022615868985,
        31.695467800728103,
        30.635019048567393,
        32.29390233208666,
        41.58682644391556,
        36.25248289955787,
        35.868073733949025,
        42.79891374756196,
        36.340632223229456,
        33.60160080963791,
        35.30864488925916,
        32.422586253076496,
        31.184915973998237,
        38.69098072168453,
        42.105919472652126,
        42.85226362955732,
        47.48744614028488,
        41.30004149873802,
        35.40190627649972,
        36.776430913027575,
        50.04878294986165,
        41.57391440242217,
        41.401713946737324,
        41.722213410259904,
        30.55749487370683,
        44.27596747650748,
        33.010628481224565,
        32.727066697515006,
        33.817540013439874,
        38.95211876362121,
        29.908384171822014,
        35.85605834327176,
        34.74583102073448,
        35.74318299449843,
        48.36969545256561,
        37.19436410213598,
        46.907485222884034,
        52.15687208960595,
        60.49606670822736,
        35.710466843486856,
        46.36529449435839,
        39.22830709550923,
        35.20287932591092,
        35.491886037486815,
        38.586712916588546,
        44.41510181477768,
        36.77390134089324,
        36.83650982370171,
        42.99008109477936,
        46.360394157753355,
        37.38411436201293,
        29.33373676524625
    ]
}