{
    "Est_name": "SVR",
    "Run": 26,
    "Seed": 9654,
    "Est_params": {
        "gamma": 1e-05,
        "C": 1468.6630888110285,
        "epsilon": 5.856418546699264
    },
    "R2": -0.008665812413958474,
    "R": 0.47030581878346106,
    "MAPE": 0.1777483533936849,
    "RMSE": 9.506910619713018,
    "y_test": [
        48.0,
        39.78,
        56.0,
        48.0,
        41.5,
        34.62,
        32.0,
        20.8,
        33.0,
        39.12,
        47.0,
        42.03,
        49.5,
        40.12,
        44.05,
        41.95,
        33.25,
        43.5,
        41.5,
        30.0,
        32.0,
        48.0,
        58.0,
        23.9,
        51.5,
        57.27,
        32.9,
        46.25,
        53.5,
        38.0,
        46.87,
        59.0,
        39.5,
        50.2,
        46.0,
        23.0,
        43.5,
        51.0,
        33.95,
        42.2,
        58.59,
        56.0,
        16.58,
        42.56,
        43.64,
        35.0,
        40.39,
        34.5,
        37.25,
        51.0,
        26.5,
        49.7,
        33.5,
        46.7,
        35.0,
        40.5,
        37.5,
        44.6,
        36.0,
        22.04,
        33.5,
        32.5,
        30.25,
        31.7,
        48.0,
        39.45,
        33.76,
        35.0,
        33.41
    ],
    "y_pred": [
        17.851696479879863,
        42.16415340654406,
        58.7579048234678,
        43.040706355217864,
        38.2257537608737,
        39.81877133753132,
        30.125649095130413,
        27.543603156905576,
        32.60842944741789,
        39.38560159256103,
        48.109965030608926,
        36.46070378688252,
        46.111786340833234,
        32.47781417224955,
        38.141029728274944,
        36.65327427601819,
        40.961525683373324,
        36.1328361714058,
        42.63209552316899,
        38.360181842954646,
        35.20327384801928,
        37.63833691418442,
        51.53840306659656,
        40.88783952082558,
        45.79141628090183,
        49.887813461100606,
        36.36243572052274,
        23.321282417670304,
        54.64562244917713,
        35.88330718692343,
        39.20473555928336,
        54.14226498675275,
        33.13875254841547,
        41.731342730287466,
        19.55695888731843,
        27.876659437643674,
        49.39297026520278,
        47.00608993449127,
        36.10736462842707,
        44.236548274895014,
        51.647819713124555,
        54.19121370296567,
        39.30653228536702,
        38.033569175804,
        39.35238621709999,
        40.20638142771024,
        35.431467758987566,
        39.73518557029624,
        45.784506221919735,
        24.67774151708879,
        23.843281485836926,
        41.220456207270146,
        29.896395944084972,
        15.71314353355315,
        37.734154243733585,
        37.41678777335521,
        42.28241853104093,
        43.109632631764335,
        33.38555135138397,
        28.08357303113921,
        42.26422084081996,
        30.643307492428782,
        36.30985004084783,
        38.5916402808294,
        47.43089734373204,
        35.7970154718175,
        38.349590326246194,
        35.13750929129132,
        36.327283090934706
    ]
}