{
    "Est_name": "SVR",
    "Run": 49,
    "Seed": 1291,
    "Est_params": {
        "gamma": 7.739516648721135e-05,
        "C": 167.7930580842321,
        "epsilon": 1.3354717289755282
    },
    "R2": 0.4532529762892552,
    "R": 0.7014474208052224,
    "MAPE": 0.18035443098898762,
    "RMSE": 8.080069800373954,
    "y_test": [
        26.5,
        37.0,
        56.38,
        32.5,
        57.0,
        26.5,
        43.66,
        23.9,
        45.5,
        30.0,
        46.25,
        23.0,
        35.0,
        27.5,
        42.66,
        32.91,
        53.9,
        41.5,
        53.5,
        34.62,
        45.8,
        30.25,
        39.61,
        37.5,
        31.59,
        47.0,
        33.85,
        27.7,
        54.0,
        23.33,
        31.8,
        48.7,
        33.25,
        55.5,
        34.5,
        20.8,
        50.75,
        56.0,
        24.5,
        28.0,
        56.25,
        21.5,
        28.0,
        41.8,
        18.52,
        22.73,
        48.0,
        42.35,
        49.5,
        27.12,
        29.5,
        58.59,
        34.5,
        41.04,
        48.0,
        40.75,
        31.75,
        54.2,
        34.5,
        52.5,
        37.6,
        36.0,
        45.0,
        34.5,
        43.0,
        30.5,
        59.0,
        28.5,
        41.25
    ],
    "y_pred": [
        33.372630584570764,
        36.36666059684937,
        55.073310594768564,
        43.985524425705705,
        42.07828382262745,
        24.616427532264332,
        34.56232324363826,
        50.32447300984647,
        48.60498319515426,
        33.408468625815914,
        45.25553649513033,
        24.19416657941837,
        35.10699265075379,
        33.76451380321499,
        39.94532578931491,
        42.14112368562614,
        54.39563706771675,
        38.17079584773197,
        53.02962995918804,
        40.3061285628716,
        40.48451598345783,
        36.97809485267728,
        34.20483745832899,
        40.23621091216225,
        40.11452416066238,
        36.45160999504787,
        39.00996170135535,
        47.78668187130232,
        51.46709463545102,
        39.23093292800684,
        34.703149872254365,
        41.60467652436808,
        34.85356582993276,
        52.701250049750186,
        34.00707864181941,
        39.88686805180047,
        46.5800831837318,
        54.152741669489615,
        25.742864184676172,
        30.85666784629767,
        54.117713234893294,
        25.016794729603777,
        29.95848532852898,
        39.9722047939057,
        43.053720111129984,
        46.26179998572343,
        45.945821806744114,
        43.91131685265266,
        45.11748662279951,
        37.17245164708278,
        24.57403321933334,
        55.95444770329454,
        42.753295238739824,
        43.05830722598853,
        46.201443968575,
        42.10880862756844,
        35.600015154685074,
        47.81902161244001,
        34.940525041436736,
        43.485245985253535,
        37.41016457060128,
        36.100626926419565,
        43.63952775427152,
        38.93182683296992,
        50.53545114733959,
        27.079951845723436,
        58.99744096706087,
        33.577747958164,
        42.377514133895446
    ]
}