{
    "Est_name": "SVR",
    "Run": 44,
    "Seed": 711,
    "Est_params": {
        "gamma": 5.0635674601555876e-05,
        "C": 1308.799474936369,
        "epsilon": 1.3212891089793313
    },
    "R2": 0.2457902681923808,
    "R": 0.6205154350098544,
    "MAPE": 0.1262087238510453,
    "RMSE": 8.201216512426779,
    "y_test": [
        35.5,
        22.5,
        22.73,
        29.02,
        18.52,
        20.5,
        41.0,
        32.25,
        41.0,
        53.0,
        46.0,
        33.0,
        30.0,
        47.0,
        37.0,
        45.22,
        45.0,
        34.5,
        42.25,
        34.62,
        44.5,
        37.5,
        40.0,
        55.5,
        34.5,
        45.23,
        56.25,
        38.0,
        56.38,
        58.25,
        46.11,
        42.03,
        55.84,
        26.5,
        42.56,
        27.7,
        29.6,
        25.81,
        34.5,
        41.78,
        37.75,
        26.5,
        46.0,
        43.55,
        30.0,
        37.5,
        29.5,
        30.0,
        48.0,
        41.04,
        42.56,
        39.12,
        46.87,
        39.45,
        39.17,
        35.0,
        42.56,
        41.89,
        59.5,
        39.53,
        54.0,
        36.5,
        31.47,
        43.47,
        44.5,
        57.0,
        42.66,
        35.0,
        49.5
    ],
    "y_pred": [
        28.38974798206101,
        23.0262097188554,
        50.44072917174637,
        44.085328892505004,
        20.204255465004394,
        26.451135799367847,
        44.59582715921225,
        33.07093381991328,
        39.91840190521128,
        48.89937528523049,
        41.90508245608278,
        36.38160578735845,
        31.512658515959572,
        45.398908956409045,
        39.77807513512851,
        42.67413119217162,
        40.98561766359511,
        43.00725310477377,
        41.498744041751664,
        34.89573565766143,
        45.337079531443976,
        34.88733845982618,
        38.12499860644733,
        54.310912606888614,
        34.41469645527519,
        43.31740597228634,
        56.145226685041315,
        40.48385928008592,
        54.333402862239545,
        57.50937999569082,
        48.40841756877513,
        41.329465588915795,
        42.61587077859515,
        22.66708126207769,
        41.340345533605216,
        38.815252323378836,
        28.492549928399615,
        27.176724094336976,
        38.863072233159826,
        41.46456805604769,
        76.01115835446174,
        35.72263935183509,
        15.465840576002599,
        42.82338416525037,
        35.26613453703767,
        40.41005333061588,
        33.45090083228523,
        33.69598334036944,
        48.182943504769156,
        41.065227778168165,
        42.03408814934673,
        40.0387172358817,
        43.900670768451356,
        30.41164197884063,
        35.35573551266532,
        35.17774684527069,
        37.492646473719354,
        39.619441131625194,
        57.82635163525126,
        41.97565302448201,
        49.84612317854316,
        42.36591576296872,
        34.08419932034745,
        42.121182815621765,
        43.469643582208796,
        40.78148396968099,
        42.771435434923276,
        36.01643828955855,
        48.63308441986924
    ]
}