{
    "Est_name": "SVR",
    "Run": 22,
    "Seed": 8928,
    "Est_params": {
        "gamma": 1e-05,
        "C": 12.247252404827249,
        "epsilon": 4.305515439658368
    },
    "R2": 0.13956841152469757,
    "R": 0.3933767995717039,
    "MAPE": 0.13940551266921317,
    "RMSE": 6.9666764499431215,
    "y_test": [
        33.4,
        43.64,
        44.6,
        35.75,
        45.5,
        37.0,
        39.5,
        29.02,
        48.0,
        24.5,
        47.0,
        32.91,
        35.25,
        45.8,
        41.0,
        42.25,
        32.25,
        43.07,
        32.0,
        39.0,
        33.76,
        40.0,
        51.0,
        50.8,
        33.5,
        46.0,
        36.0,
        45.25,
        30.25,
        40.1,
        55.52,
        34.5,
        43.0,
        40.03,
        52.5,
        30.5,
        29.41,
        41.95,
        45.5,
        29.6,
        34.8,
        31.25,
        45.0,
        50.2,
        38.82,
        52.5,
        37.5,
        34.5,
        31.75,
        34.75,
        46.0,
        40.5,
        42.86,
        57.27,
        42.29,
        31.67,
        55.5,
        39.8,
        39.5,
        33.04,
        35.5,
        26.5,
        53.5,
        43.5,
        33.5,
        35.0,
        47.0,
        42.03,
        36.0
    ],
    "y_pred": [
        37.72888739467044,
        38.86973310021617,
        43.386518424655236,
        42.00405739004938,
        39.8605220131555,
        39.35906046239805,
        37.30738773581081,
        38.16341725507193,
        36.97723477749731,
        33.102842606809226,
        38.32693302713298,
        38.823749132007215,
        37.592707707733226,
        44.38639963343124,
        41.870937099001,
        45.13609102870659,
        43.925596436651055,
        37.40721653441477,
        34.261735567143646,
        41.206890351217474,
        38.01776370537286,
        42.299328615876505,
        44.65879091243703,
        47.26727199514071,
        35.72694003511147,
        42.76311123438386,
        39.354565913748544,
        42.30925273416681,
        43.5174453260052,
        37.98751462998883,
        43.96111864942818,
        38.68269764062892,
        40.98931094402947,
        47.101058280331095,
        46.89347895277266,
        31.09782028160528,
        33.711275583588375,
        37.13684298004359,
        41.161495309410725,
        44.41894655675616,
        36.88803445684081,
        36.270984431125825,
        41.50913894296706,
        43.898978789127725,
        35.486450687875376,
        46.839809401368626,
        39.00391070969994,
        41.96045046246294,
        43.698383134898485,
        34.42186268004057,
        44.521541692767954,
        35.66955951836436,
        37.32135387162168,
        35.08207171957894,
        38.30260316077518,
        35.87202501303655,
        34.4081797660273,
        43.461524529950594,
        39.800128196527965,
        35.469183258356054,
        42.05089854326835,
        43.674611729531804,
        47.104585826754025,
        37.73041054263503,
        36.473055562730785,
        37.74674778338792,
        44.57590565950711,
        37.215750025983866,
        37.47926120770921
    ]
}