{
    "Est_name": "SVR",
    "Run": 10,
    "Seed": 9674,
    "Est_params": {
        "gamma": 4.9808222837940606e-05,
        "C": 392.02165800161805,
        "epsilon": 2.7429286786240255
    },
    "R2": 0.6233633520732638,
    "R": 0.7901808228704047,
    "MAPE": 0.13791693961520904,
    "RMSE": 6.610615226557051,
    "y_test": [
        50.2,
        34.0,
        38.0,
        56.0,
        43.5,
        57.96,
        20.8,
        42.3,
        34.62,
        28.5,
        39.0,
        42.2,
        30.0,
        45.25,
        41.23,
        33.41,
        32.83,
        45.02,
        22.73,
        15.11,
        57.8,
        31.53,
        56.0,
        32.25,
        26.5,
        44.0,
        38.78,
        33.0,
        48.0,
        45.5,
        41.0,
        58.59,
        38.82,
        40.03,
        29.5,
        26.5,
        41.52,
        42.03,
        52.5,
        39.12,
        50.8,
        53.5,
        49.9,
        47.0,
        48.0,
        58.0,
        36.5,
        53.5,
        57.0,
        52.0,
        45.0,
        33.5,
        37.5,
        18.52,
        56.25,
        40.0,
        59.0,
        48.0,
        34.5,
        31.75,
        56.5,
        37.5,
        53.25,
        45.22,
        28.5,
        31.25,
        23.0,
        46.0,
        46.25
    ],
    "y_pred": [
        40.65512420264324,
        32.572100498885526,
        39.61756853270569,
        50.654289844644396,
        25.016143188287387,
        53.385210639003276,
        33.86685469895256,
        45.66235515826099,
        36.47998859897369,
        39.909863042829855,
        40.347174119452774,
        39.64342808240773,
        28.244801271694637,
        46.38984137675999,
        46.455661982163086,
        36.432883857380034,
        36.41716328913233,
        40.190943862415146,
        47.154410152894734,
        29.982143881022456,
        54.51390668206217,
        29.776656784528733,
        58.393488625847226,
        34.92555020328368,
        25.695915367607316,
        50.605015283612516,
        38.57221273187604,
        35.618480591157336,
        43.39019561663668,
        47.90577975753564,
        34.23349967889568,
        55.22866978763923,
        37.440412262948215,
        43.795158685029485,
        34.75837157367669,
        26.484849633431235,
        40.44825689840911,
        38.63259632460179,
        49.37632168857236,
        41.424668273777876,
        48.917376458937255,
        52.9118997437494,
        49.14487671484687,
        38.36214224257237,
        43.48813703459067,
        50.302941134594946,
        39.67787724850015,
        48.40182121931088,
        40.975574601881284,
        50.56956690472314,
        43.81547496095955,
        40.824273868832044,
        41.54030826513686,
        37.70041085250488,
        54.395310874847,
        40.14153112795187,
        53.97512479356574,
        51.50312740005883,
        31.675104855354554,
        35.22210587812635,
        55.63135300336139,
        40.869045785689316,
        52.777431793317454,
        42.39424817789223,
        29.09324958727006,
        33.93764710454982,
        25.731066182718322,
        37.25983916606459,
        43.01641623630661
    ]
}