{
    "Est_name": "SVR",
    "Run": 36,
    "Seed": 1674,
    "Est_params": {
        "gamma": 1.0000000000000545e-05,
        "C": 1424.351806979982,
        "epsilon": 7.708658465332891
    },
    "R2": 0.4675817557249866,
    "R": 0.685195087575392,
    "MAPE": 0.15667068042900095,
    "RMSE": 6.7140161367646884,
    "y_test": [
        48.0,
        58.5,
        51.5,
        50.2,
        26.75,
        31.75,
        50.75,
        40.12,
        33.41,
        42.25,
        26.5,
        42.0,
        48.0,
        29.02,
        41.89,
        48.0,
        43.29,
        39.45,
        42.56,
        32.33,
        48.7,
        37.6,
        41.25,
        45.0,
        33.0,
        39.12,
        22.13,
        31.67,
        36.0,
        57.5,
        59.0,
        35.75,
        46.5,
        49.0,
        40.5,
        45.5,
        44.0,
        43.4,
        43.55,
        37.75,
        43.5,
        42.5,
        22.9,
        30.25,
        30.0,
        52.5,
        53.25,
        47.0,
        47.0,
        39.5,
        15.11,
        39.21,
        32.0,
        43.29,
        33.25,
        44.75,
        43.64,
        41.0,
        44.95,
        41.75,
        56.38,
        41.5,
        49.9,
        39.53,
        20.8,
        55.84,
        27.5,
        40.0,
        41.95
    ],
    "y_pred": [
        42.05272223491179,
        50.67017177768736,
        44.138744455091505,
        47.558909150724986,
        39.53772148847007,
        40.90056757610984,
        44.72456056549418,
        37.19813889721552,
        34.69056920255575,
        39.14759017842248,
        39.073182698397105,
        44.41647576598276,
        49.09681516216156,
        35.15879444914617,
        34.71730774578567,
        38.1605350978919,
        38.1997120108345,
        36.51377623995584,
        34.74353703931525,
        31.911429224710723,
        43.50223050437521,
        39.006869135389344,
        46.60123663252589,
        37.315486689391015,
        36.38710983055004,
        44.69586428081671,
        30.932631417569546,
        30.972958250894973,
        40.189493444183135,
        50.785177343256294,
        54.151092937344906,
        35.71774056690361,
        48.17770388019848,
        49.41807432108896,
        35.48827142312221,
        43.4119998087371,
        48.80836702848182,
        36.71303785432065,
        37.48865742981297,
        40.14192059072948,
        53.17054103663735,
        39.798605952655684,
        36.13847657467198,
        41.286380158023654,
        33.453242839446936,
        54.72797512748638,
        46.193270064779306,
        43.626596781542155,
        47.21519314994035,
        32.66698707668761,
        30.289205813159548,
        57.75112491359442,
        35.280363092056525,
        39.9195296854458,
        36.93386416399601,
        40.95178239327224,
        40.143951500183526,
        38.562649505678046,
        37.434964147845896,
        54.64934895238775,
        49.47772059085807,
        43.50223050437521,
        42.15542573013308,
        39.1338449726021,
        28.86746604979208,
        51.167609078129495,
        35.50530827039224,
        45.47273734012514,
        34.505919714599216
    ]
}