{
    "Est_name": "SVR",
    "Run": 7,
    "Seed": 1679,
    "Est_params": {
        "gamma": 1e-05,
        "C": 2273.4108149130625,
        "epsilon": 1.7517038792533346
    },
    "R2": -0.9072418282279775,
    "R": 0.33641015843203553,
    "MAPE": 0.19624293147967928,
    "RMSE": 14.169158642782604,
    "y_test": [
        32.33,
        52.07,
        44.0,
        32.25,
        26.5,
        56.0,
        26.5,
        34.75,
        32.43,
        39.3,
        51.0,
        22.73,
        49.5,
        36.0,
        37.5,
        29.5,
        40.39,
        32.0,
        24.67,
        56.5,
        23.33,
        56.0,
        44.6,
        40.75,
        51.0,
        45.8,
        39.0,
        59.0,
        29.02,
        36.0,
        39.5,
        42.56,
        48.0,
        38.78,
        51.5,
        39.12,
        35.5,
        57.5,
        40.0,
        30.5,
        53.0,
        16.58,
        58.5,
        45.23,
        41.89,
        39.0,
        42.56,
        43.0,
        20.5,
        38.0,
        57.8,
        35.0,
        41.04,
        27.5,
        48.0,
        31.5,
        45.25,
        55.84,
        26.5,
        49.0,
        39.12,
        33.4,
        30.0,
        35.25,
        33.0,
        29.02,
        54.04,
        34.62,
        41.75
    ],
    "y_pred": [
        30.925981887859955,
        51.00582084194608,
        50.65815362790945,
        34.0491335157718,
        21.005487694081204,
        44.349874750872885,
        23.138161667444983,
        25.531138632551595,
        41.34473486141939,
        37.510165707799324,
        48.506620833116834,
        55.192627435508705,
        48.015412744627774,
        34.92817702598307,
        45.23040417169252,
        30.620692860760947,
        36.17364285144054,
        32.927831436669685,
        53.13063157016895,
        46.744364063698775,
        29.995210690572257,
        58.2881674329508,
        43.42220657507164,
        39.16487500851343,
        16.327237281845626,
        44.6542883198376,
        46.83096743870549,
        59.88999761341951,
        43.11108332885491,
        39.639483914825945,
        38.2948788762365,
        38.37323346989586,
        44.001268102066625,
        36.565256506916676,
        51.014033022380204,
        42.806212541982404,
        32.181652199000006,
        48.814798914503335,
        39.13976281038071,
        32.708601071124285,
        49.874983823637606,
        43.09125883426897,
        56.95184155354449,
        41.55583168629544,
        43.25729748699205,
        37.55088605687336,
        38.63522962064501,
        47.81943058071305,
        26.995698578549458,
        41.46352130946685,
        57.08180657088809,
        39.81629502692387,
        40.73113975650761,
        20.830271328960638,
        44.72088239992032,
        31.18985796736768,
        45.48481638773336,
        50.76655342553691,
        23.33540759517455,
        -43.162172986952136,
        46.41504339542478,
        36.2241814135155,
        36.561879604613445,
        28.550718480276565,
        31.30054581296934,
        31.84715212891347,
        49.26732205505729,
        38.456127589292855,
        51.781443215807876
    ]
}