{
    "Est_name": "SVR",
    "Run": 30,
    "Seed": 6924,
    "Est_params": {
        "gamma": 1e-05,
        "C": 63.6379635227464,
        "epsilon": 2.0408488223348007
    },
    "R2": 0.389853944306073,
    "R": 0.6267194823960828,
    "MAPE": 0.1873605547222943,
    "RMSE": 8.715219105977862,
    "y_test": [
        46.0,
        18.52,
        46.8,
        42.0,
        27.4,
        46.0,
        41.4,
        40.5,
        57.27,
        39.3,
        42.03,
        38.0,
        51.0,
        34.5,
        22.9,
        22.73,
        53.5,
        52.0,
        42.3,
        31.53,
        13.33,
        33.0,
        45.5,
        35.0,
        39.5,
        49.7,
        28.0,
        22.04,
        55.5,
        39.42,
        57.8,
        45.0,
        31.67,
        40.0,
        37.0,
        43.5,
        42.0,
        34.5,
        57.0,
        39.45,
        42.25,
        47.3,
        23.33,
        32.0,
        49.5,
        44.05,
        25.68,
        62.5,
        41.04,
        33.5,
        39.73,
        56.0,
        33.41,
        59.0,
        27.12,
        35.25,
        26.5,
        43.07,
        25.81,
        60.25,
        32.5,
        56.5,
        49.0,
        48.0,
        22.13,
        37.5,
        41.75,
        38.82,
        57.5
    ],
    "y_pred": [
        48.00881715996469,
        32.37484269935357,
        49.25747050260084,
        42.57866983682346,
        40.84588168151984,
        41.581181780141,
        41.56082589517193,
        37.47929510127011,
        43.26931252609299,
        37.03377804563811,
        37.33068368858353,
        37.722262391458315,
        45.33555352411766,
        37.29669039749391,
        35.81849254845775,
        48.43292101126276,
        49.78577710129479,
        45.527733096433586,
        36.14895466797654,
        44.12179299879098,
        22.98527002342132,
        33.89528597992185,
        42.90177452419664,
        39.77992969936101,
        36.367956848546925,
        44.79745006957939,
        33.87681935905471,
        34.028327757530775,
        49.34374368622276,
        42.86444368828684,
        37.92489379338138,
        43.238807000634566,
        35.99496104280993,
        40.02135055945668,
        39.89974072667942,
        37.43081801147908,
        41.8730384072136,
        31.185076866612008,
        51.87562169820697,
        35.98419083503569,
        45.621544082827185,
        48.44102226463076,
        35.429193507159674,
        31.308071431114676,
        53.0965712472255,
        36.0642596460595,
        35.79462638539961,
        38.003020778815014,
        37.438562262601664,
        36.587409284421156,
        36.18512507403125,
        55.42129109092723,
        38.74711314938749,
        38.373727309439225,
        41.26702940122609,
        35.18982732681536,
        31.94687145474662,
        36.57205280929531,
        39.104581255892334,
        38.18151050806093,
        36.31451237310362,
        56.352740367090426,
        49.75906041971389,
        43.728473776767125,
        34.338455743393,
        37.98877440194871,
        47.15212334205515,
        35.64099668877416,
        55.58926982728314
    ]
}