{
    "Est_name": "SVR",
    "Run": 48,
    "Seed": 6201,
    "Est_params": {
        "gamma": 6.843670764344256e-05,
        "C": 449.69441331564843,
        "epsilon": 3.1255733233448253
    },
    "R2": 0.5883106536181798,
    "R": 0.7851430787325651,
    "MAPE": 0.10647762205769212,
    "RMSE": 5.664374181690662,
    "y_test": [
        49.7,
        42.0,
        30.0,
        37.0,
        49.5,
        39.5,
        33.0,
        39.0,
        48.0,
        34.5,
        55.5,
        32.57,
        39.5,
        54.25,
        48.0,
        34.8,
        32.5,
        55.84,
        30.5,
        40.75,
        57.27,
        46.8,
        52.5,
        34.5,
        49.0,
        21.75,
        39.8,
        31.7,
        33.95,
        60.25,
        35.0,
        54.0,
        39.3,
        44.95,
        45.0,
        44.6,
        43.5,
        40.39,
        57.96,
        46.7,
        39.5,
        45.23,
        37.6,
        42.56,
        41.0,
        45.25,
        57.1,
        33.5,
        43.29,
        56.5,
        33.5,
        33.0,
        26.5,
        36.5,
        40.12,
        31.5,
        45.0,
        29.0,
        43.5,
        29.02,
        58.5,
        41.75,
        44.75,
        44.5,
        42.2,
        45.22,
        40.75,
        57.5,
        52.0
    ],
    "y_pred": [
        40.262971598221185,
        40.94774300442618,
        30.989542943052612,
        35.43595130544628,
        48.40274230627001,
        34.36940867273989,
        36.87465328170535,
        38.77222811321206,
        43.31057761369038,
        41.667753698390804,
        51.43605161066841,
        36.94130673099741,
        40.941742734871276,
        48.46332937931865,
        38.67244380475292,
        39.360673988378515,
        41.74753956165013,
        41.55517517170839,
        32.34382702770586,
        42.07576877842778,
        52.93834965138426,
        45.12472151993807,
        48.394351947773785,
        37.401865066169236,
        52.07522959924833,
        29.05134082052502,
        45.18667283632291,
        38.87472206036671,
        35.68994715292027,
        56.890209752428035,
        37.62955720823638,
        48.40430650789084,
        37.22760754105903,
        42.89852727541713,
        39.57521162440019,
        41.82960450890955,
        41.68516840949878,
        36.77809741310481,
        53.47952447611911,
        41.65031842840891,
        35.60659578177757,
        42.89852727541713,
        40.33595985905048,
        41.45928081864743,
        49.80161760344692,
        49.187625557350536,
        44.62657806346471,
        30.975258929015954,
        33.11919953089105,
        58.74975543553432,
        34.805147450823554,
        34.70138287761064,
        23.539376668185586,
        43.37606676512373,
        41.02854417759885,
        32.84634418895118,
        44.16776606765961,
        23.049803126530623,
        24.693911338079737,
        32.37234542844534,
        51.65586108089015,
        41.803536289220354,
        34.1931698716728,
        40.25900699780085,
        47.95514422982546,
        43.60622751992022,
        37.95141593704281,
        47.52917614006818,
        49.95962946079727
    ]
}