{
    "Est_name": "SVR",
    "Run": 29,
    "Seed": 2615,
    "Est_params": {
        "gamma": 1e-05,
        "C": 58.33714329537306,
        "epsilon": 2.9359390948014146
    },
    "R2": 0.2810788804005844,
    "R": 0.550498534997221,
    "MAPE": 0.1603060553061714,
    "RMSE": 7.961422689263277,
    "y_test": [
        57.0,
        35.5,
        34.0,
        48.0,
        40.39,
        20.5,
        22.73,
        25.81,
        27.4,
        32.91,
        43.55,
        40.1,
        47.0,
        51.0,
        48.0,
        36.0,
        48.0,
        22.13,
        44.05,
        46.0,
        30.0,
        41.52,
        28.0,
        33.76,
        44.75,
        32.0,
        49.7,
        39.12,
        49.0,
        54.25,
        39.5,
        20.8,
        46.87,
        41.78,
        35.75,
        36.0,
        42.5,
        29.5,
        53.0,
        57.96,
        37.75,
        46.5,
        38.78,
        31.7,
        35.0,
        39.0,
        27.12,
        39.21,
        44.95,
        53.25,
        35.25,
        33.5,
        50.0,
        42.0,
        43.64,
        21.5,
        39.42,
        46.0,
        40.52,
        53.5,
        41.0,
        42.86,
        43.0,
        54.0,
        56.5,
        34.62,
        57.21,
        43.29,
        43.5
    ],
    "y_pred": [
        38.03299048123972,
        36.78822122560195,
        38.28869685028479,
        43.03959748690887,
        38.1003348895564,
        34.3560703027181,
        47.234028499928314,
        34.181506475751995,
        40.25834625952608,
        38.81963483919574,
        37.26176100689836,
        37.33422698429044,
        38.63192484524382,
        30.118909600482283,
        44.67852302939447,
        39.62164830921035,
        43.051930613780044,
        32.581222919788104,
        36.088736242630134,
        36.43877154694315,
        33.80565393492131,
        41.534053977752926,
        32.78497566382572,
        37.018861985770094,
        36.96432865605282,
        32.052912484909086,
        42.61534530591233,
        45.32101340206877,
        44.63870238758375,
        41.72251204558586,
        38.23282887957393,
        27.89285597172627,
        35.86980316315012,
        38.22032344028822,
        35.64941073832733,
        38.80477224368862,
        37.731043811767805,
        38.33981423555444,
        48.13726246493431,
        48.23706313420699,
        38.554555635667086,
        50.00772204361803,
        38.966722430736226,
        36.32736862918875,
        36.912126744724695,
        38.360227186551896,
        35.34897877121305,
        43.29691669424155,
        42.29441465998546,
        40.44094733543728,
        32.48019823215979,
        30.56351299898749,
        50.45377295028729,
        41.62504790242866,
        39.05413606331153,
        26.8497430013673,
        41.82141463026202,
        43.75759357058181,
        35.75297735492295,
        53.632826404842405,
        40.454240321891156,
        37.016521979431516,
        42.67260349448,
        47.165431994074495,
        33.86288725986255,
        38.15347532709599,
        44.63870238758375,
        37.63821917505397,
        35.79091020069167
    ]
}