{
    "Est_name": "SVR",
    "Run": 47,
    "Seed": 2045,
    "Est_params": {
        "gamma": 1e-05,
        "C": 2999.697171672197,
        "epsilon": 2.872576984776428
    },
    "R2": 0.5724727909543471,
    "R": 0.7813179668875113,
    "MAPE": 0.12228812385448615,
    "RMSE": 6.256479895095253,
    "y_test": [
        47.3,
        35.25,
        32.83,
        20.22,
        53.5,
        27.5,
        45.0,
        53.25,
        29.6,
        22.67,
        37.0,
        33.25,
        35.0,
        40.0,
        42.0,
        25.68,
        22.13,
        45.5,
        37.75,
        32.5,
        55.52,
        55.5,
        52.5,
        30.0,
        49.7,
        53.0,
        51.0,
        39.21,
        46.0,
        40.75,
        43.0,
        21.5,
        26.5,
        35.0,
        39.5,
        35.5,
        39.45,
        53.5,
        42.29,
        44.5,
        44.75,
        49.0,
        33.0,
        27.12,
        30.0,
        42.03,
        47.0,
        41.0,
        48.0,
        22.9,
        39.3,
        32.26,
        40.0,
        42.35,
        39.0,
        57.96,
        48.0,
        33.0,
        56.38,
        50.5,
        43.65,
        52.5,
        28.0,
        30.0,
        41.95,
        44.95,
        42.56,
        44.5,
        34.75
    ],
    "y_pred": [
        46.309134637597104,
        37.531900455803616,
        30.960480711478937,
        34.44734000634539,
        53.175411589876894,
        21.368400033873122,
        41.40156313585367,
        51.51863548733241,
        31.246854621032803,
        29.683371266156467,
        39.280939940886626,
        39.66958533122464,
        35.905190648080804,
        47.110009620205496,
        48.3082311148323,
        27.98451300782586,
        26.58702964297228,
        44.60139094407968,
        53.532616155268556,
        34.67388685932453,
        52.2530438229902,
        52.898945180545,
        49.266830762621176,
        33.90506958321103,
        46.513917270604225,
        51.35250216898737,
        27.733419471331977,
        62.520300640028054,
        45.458777471033386,
        43.072196634992586,
        45.88476426428302,
        22.89135563864202,
        30.313338833496594,
        41.232519037370594,
        38.542359999919164,
        39.79821421849622,
        35.324978400443875,
        54.90868124291133,
        40.85376245429176,
        45.70354583332667,
        38.246876221284936,
        49.702689343744446,
        31.53908744157157,
        36.83505332145637,
        39.328873696981965,
        37.302086119984025,
        48.495965300941315,
        38.68896544176675,
        54.20960764305723,
        33.48754696992525,
        44.430030284830174,
        32.22745479410842,
        44.918099951782196,
        39.079411785028526,
        39.93107051775116,
        56.33006509232675,
        41.3741699610468,
        35.10847370919433,
        53.2625260020033,
        49.08575701304259,
        40.79217979942685,
        60.93085596304944,
        30.560239804973044,
        33.96595512495054,
        36.79033012881196,
        45.520887355101465,
        36.32830134802295,
        44.50951576868231,
        30.888363142891585
    ]
}