{
    "Est_name": "SVR",
    "Run": 28,
    "Seed": 106,
    "Est_params": {
        "gamma": 1e-05,
        "C": 2161.651577127154,
        "epsilon": 2.1497217547680902
    },
    "R2": 0.532075765060164,
    "R": 0.7386940905688325,
    "MAPE": 0.12987725624011529,
    "RMSE": 6.8078155620036425,
    "y_test": [
        43.0,
        34.0,
        42.56,
        40.1,
        30.0,
        49.5,
        43.07,
        53.5,
        53.25,
        46.11,
        37.5,
        45.0,
        41.04,
        56.5,
        32.5,
        48.0,
        31.97,
        54.0,
        57.0,
        32.25,
        35.0,
        59.5,
        47.3,
        16.58,
        41.16,
        49.0,
        58.5,
        31.75,
        39.0,
        15.11,
        34.5,
        57.8,
        39.8,
        35.5,
        41.95,
        33.5,
        45.8,
        43.5,
        37.5,
        47.0,
        53.5,
        33.76,
        35.0,
        47.0,
        52.5,
        23.9,
        44.6,
        41.0,
        30.0,
        24.67,
        57.27,
        33.0,
        28.0,
        41.89,
        30.5,
        59.0,
        28.5,
        54.25,
        33.5,
        53.0,
        43.64,
        44.5,
        38.82,
        41.0,
        40.03,
        43.0,
        48.5,
        43.65,
        40.52
    ],
    "y_pred": [
        32.74583193064092,
        39.06320345657105,
        39.039831927361064,
        42.80418258942932,
        31.694896105001064,
        52.31239670796258,
        40.87830558087077,
        39.38932783771408,
        48.66587001206489,
        40.38653751519167,
        38.02440475670897,
        41.88505727212521,
        39.59948136779324,
        58.140283609090645,
        36.48813779920872,
        41.56717667721073,
        32.96390687608208,
        39.44387621618198,
        59.69111391927364,
        35.82782299112303,
        31.37950701846823,
        58.91362475077185,
        49.882606605059564,
        32.37543711637892,
        36.42918038064032,
        47.20290451569534,
        56.86798960175424,
        38.15975540002201,
        36.315514767392756,
        22.306746760218477,
        33.529367915235746,
        57.03804051459885,
        47.9116600830459,
        35.207568438536086,
        40.941799445500735,
        30.699330760421116,
        47.387339565443185,
        32.2725178123542,
        36.84167229190856,
        48.22522742771484,
        41.746249759340586,
        37.67712467437613,
        36.35746028881351,
        38.11899910561937,
        61.72521025889087,
        43.17224767570508,
        46.69759129672012,
        39.33093994447957,
        29.854707336933785,
        52.47045100725204,
        49.35590174400472,
        33.459129119636565,
        30.294811757078946,
        41.83382854628887,
        33.84080191086076,
        59.69993706049369,
        29.2140286948719,
        41.622922944989384,
        28.983830363421326,
        45.92138103305409,
        43.21905607165577,
        40.03916337757223,
        36.480602896642026,
        39.658001683214216,
        41.712356774485656,
        49.33861263173698,
        51.063201525867306,
        40.308294789666306,
        40.87457923670647
    ]
}