{
    "Est_name": "SVR",
    "Run": 43,
    "Seed": 4333,
    "Est_params": {
        "gamma": 1e-05,
        "C": 573.6788023012193,
        "epsilon": 3.7559577424918533
    },
    "R2": 0.5088140366644108,
    "R": 0.7138737306615478,
    "MAPE": 0.15612742710542873,
    "RMSE": 7.1509067917742835,
    "y_test": [
        42.2,
        24.67,
        57.27,
        16.58,
        33.04,
        20.22,
        31.59,
        40.87,
        39.5,
        55.84,
        35.0,
        31.97,
        47.0,
        42.86,
        44.95,
        20.5,
        35.0,
        50.86,
        41.5,
        33.0,
        43.66,
        25.81,
        47.3,
        42.0,
        38.0,
        18.52,
        41.4,
        37.75,
        54.04,
        43.29,
        56.5,
        45.25,
        39.73,
        58.59,
        33.85,
        62.5,
        43.5,
        33.5,
        26.5,
        59.0,
        34.8,
        50.75,
        45.02,
        43.47,
        46.7,
        43.65,
        53.5,
        52.5,
        32.26,
        45.0,
        29.0,
        35.25,
        38.61,
        45.0,
        51.5,
        54.2,
        36.0,
        39.21,
        38.0,
        30.0,
        42.5,
        42.56,
        43.07,
        56.0,
        41.75,
        34.75,
        46.87,
        55.5,
        33.0
    ],
    "y_pred": [
        45.03595560125811,
        49.08205525903347,
        50.446432859968354,
        40.51980556172033,
        34.40330292371601,
        29.896626757872497,
        36.182154138045874,
        38.205821960191564,
        36.32138160818401,
        50.998642653250826,
        41.21419112358487,
        37.78345850903154,
        49.33899858826717,
        37.791629277058576,
        43.3913611849804,
        31.2720872388131,
        31.860626254497532,
        47.51182583657675,
        38.6802631136206,
        34.35355175520874,
        38.285560718191434,
        34.8200794275331,
        46.02411830391382,
        40.782543271877756,
        42.05692519748007,
        27.1742947092566,
        42.21847192406135,
        44.66759737166304,
        45.35811805444375,
        38.68691267026722,
        51.84778579676643,
        44.52144290227213,
        37.64302601247268,
        52.828448666811845,
        38.18060084154147,
        46.571491802016084,
        33.79216202868945,
        39.819304494942116,
        26.58008006171488,
        55.45470791174213,
        37.60362276592068,
        46.172948996584836,
        39.776482447468524,
        38.58876429745558,
        40.1691063866063,
        41.84158486527383,
        55.475256855851136,
        59.496409539693744,
        35.0452249820697,
        44.04171607841752,
        29.301222339669465,
        35.49920152084613,
        37.027066778150136,
        49.89947490652557,
        47.164341585294466,
        46.63442785841614,
        30.91077801898861,
        55.481826725109016,
        39.29746758612072,
        32.814406553957404,
        42.049125042822,
        29.546355960673313,
        38.065093343184024,
        49.998212142464666,
        52.06165909794268,
        29.334862803802963,
        37.38519289754917,
        52.10913291567918,
        35.7756593270609
    ]
}