{
    "Est_name": "SVR",
    "Run": 20,
    "Seed": 9195,
    "Est_params": {
        "gamma": 4.237867533463506e-05,
        "C": 484.7029035172368,
        "epsilon": 3.6652958185233144
    },
    "R2": 0.57258209876039,
    "R": 0.7615127988483877,
    "MAPE": 0.1340975245539753,
    "RMSE": 6.3410328482150815,
    "y_test": [
        41.95,
        30.5,
        59.5,
        36.0,
        32.91,
        46.11,
        29.5,
        41.23,
        28.0,
        26.5,
        43.5,
        31.67,
        55.5,
        59.0,
        23.33,
        35.0,
        31.97,
        39.12,
        32.0,
        41.0,
        42.29,
        44.5,
        44.75,
        22.5,
        42.56,
        42.5,
        31.47,
        52.5,
        21.75,
        39.17,
        31.53,
        56.5,
        27.5,
        34.5,
        41.8,
        52.5,
        22.9,
        41.4,
        35.75,
        32.5,
        34.5,
        28.5,
        45.02,
        51.0,
        60.25,
        32.83,
        40.5,
        42.25,
        26.5,
        24.5,
        39.73,
        41.89,
        30.5,
        29.02,
        22.67,
        31.25,
        42.35,
        32.43,
        37.6,
        33.5,
        21.5,
        35.0,
        36.0,
        49.5,
        33.0,
        51.5,
        32.33,
        29.5,
        26.25
    ],
    "y_pred": [
        38.56504273887536,
        35.32528529164511,
        55.724721736046135,
        44.19076298751756,
        37.86488438862872,
        45.7455898257891,
        32.482048801674665,
        47.710490856158614,
        30.405283009454976,
        26.01149014831916,
        38.617127641249496,
        35.0325658287405,
        53.98548374688417,
        56.6910490711233,
        40.0380012755414,
        33.47612452795052,
        41.4463333892189,
        42.78826932986847,
        32.73368943612269,
        36.89588062456808,
        40.62265668240538,
        46.524038475422856,
        33.982044611945014,
        26.219141881585713,
        39.48475612895822,
        42.09065100826447,
        33.78287062291312,
        49.81905873723578,
        26.13560254193498,
        33.18381833342507,
        31.67914830262147,
        55.97804781021041,
        43.752018536737864,
        39.79762338850336,
        39.167737651563485,
        35.64241767778698,
        27.223790394118932,
        44.225432642128126,
        42.78574524352157,
        28.425657647310487,
        33.325789655400925,
        32.55195307891445,
        39.295092356504995,
        24.50889552208289,
        57.312156074255526,
        36.57966479653729,
        40.66202211123159,
        33.60933623978519,
        33.569543109573,
        27.7773703855959,
        37.51394975483652,
        37.817056508054485,
        34.26610747574007,
        32.42818298293275,
        26.8248784714567,
        34.900839010864395,
        45.73587820338491,
        39.601731678712426,
        37.60381656828755,
        28.656715546281667,
        26.736913638445902,
        38.71741324354908,
        38.91800699313378,
        48.973300544275396,
        35.702988645006435,
        47.084842199469676,
        33.952119190832235,
        23.09185122280033,
        33.05731802669505
    ]
}