{
    "Est_name": "SVR",
    "Run": 8,
    "Seed": 8935,
    "Est_params": {
        "gamma": 1e-05,
        "C": 2547.319338127982,
        "epsilon": 6.328693846871146
    },
    "R2": 0.22741917682470114,
    "R": 0.5618724790706467,
    "MAPE": 0.18356219765279777,
    "RMSE": 8.253191625243128,
    "y_test": [
        43.07,
        33.76,
        49.0,
        48.7,
        43.65,
        45.22,
        39.45,
        26.5,
        43.4,
        20.5,
        48.0,
        33.0,
        33.5,
        43.0,
        33.41,
        22.9,
        39.5,
        43.64,
        29.41,
        31.47,
        53.5,
        42.5,
        35.0,
        22.73,
        33.4,
        48.0,
        31.97,
        56.0,
        33.95,
        62.5,
        27.5,
        39.21,
        32.9,
        33.25,
        39.53,
        48.5,
        54.25,
        27.4,
        50.5,
        23.9,
        27.49,
        27.5,
        43.5,
        35.5,
        40.1,
        41.0,
        42.03,
        56.38,
        45.02,
        39.78,
        40.75,
        47.0,
        31.67,
        29.5,
        41.23,
        25.68,
        35.0,
        38.61,
        36.0,
        43.76,
        39.0,
        39.42,
        35.25,
        22.67,
        40.03,
        58.0,
        32.5,
        47.0,
        22.5
    ],
    "y_pred": [
        36.6260878036113,
        38.11396754964134,
        48.136533568168055,
        40.334862408483175,
        42.88715696187789,
        41.357327260026,
        35.48602122085377,
        28.51512436293568,
        37.71626270947509,
        29.89411318024544,
        48.5278735445837,
        31.816603243693535,
        33.936557720805524,
        37.914153195035524,
        36.6623575075102,
        47.334274026937365,
        47.580966148085864,
        39.3394605910641,
        29.056069869032356,
        35.86077699552365,
        51.417355482401234,
        36.94187225068602,
        38.65324447270028,
        48.072262090178484,
        37.68501446454223,
        40.42683944746342,
        40.75214816280608,
        56.50773855632782,
        35.36200154548676,
        52.11865186009676,
        32.153896874027524,
        61.35821884971769,
        36.282929417124734,
        44.234708994767416,
        40.73365822641763,
        53.03667324390689,
        44.95888549753785,
        37.9195652823582,
        51.063956755754376,
        48.01257901843259,
        38.099837655436446,
        37.82593316388956,
        48.670450398568974,
        47.441285011732944,
        42.66633569412923,
        37.387461711015604,
        36.36840531729614,
        49.71354295698983,
        40.376190504774634,
        42.296131707288836,
        45.318691218945006,
        44.13653209573227,
        32.18646710571922,
        24.18976480537812,
        48.818819726557805,
        34.559341902085535,
        35.387412940945595,
        32.80077331965576,
        39.65262942457538,
        40.787819189342045,
        36.57190668616387,
        41.89227603528924,
        30.260687280368884,
        38.77147582509782,
        40.841502622832095,
        44.00156962170816,
        31.36680859822806,
        46.195597517767254,
        26.782261995733435
    ]
}