{
    "Est_name": "SVR",
    "Run": 13,
    "Seed": 488,
    "Est_params": {
        "gamma": 1e-05,
        "C": 39.28040015278536,
        "epsilon": 1.6266811040392988
    },
    "R2": 0.3013504312829254,
    "R": 0.5561688260232359,
    "MAPE": 0.16872768947703573,
    "RMSE": 8.12337672113892,
    "y_test": [
        53.5,
        41.8,
        31.67,
        39.45,
        32.33,
        35.0,
        30.0,
        41.5,
        52.5,
        33.5,
        53.9,
        46.0,
        32.5,
        43.5,
        31.75,
        40.52,
        35.25,
        33.5,
        23.9,
        46.0,
        40.5,
        33.5,
        35.5,
        41.52,
        31.5,
        39.12,
        42.0,
        25.81,
        33.0,
        42.56,
        41.0,
        44.0,
        38.61,
        33.4,
        57.0,
        53.5,
        54.25,
        39.5,
        22.04,
        43.76,
        44.5,
        42.5,
        38.78,
        36.5,
        27.12,
        42.0,
        31.53,
        28.5,
        26.5,
        50.2,
        51.5,
        37.75,
        58.0,
        21.75,
        52.0,
        56.0,
        60.25,
        42.03,
        48.0,
        27.7,
        31.25,
        37.5,
        47.0,
        13.33,
        43.66,
        35.5,
        56.5,
        37.6,
        42.56
    ],
    "y_pred": [
        43.57897814515639,
        31.90470957119942,
        33.2695443942646,
        34.438983236053495,
        35.849561273253784,
        40.84676257496241,
        34.3118630778389,
        36.63099546795162,
        51.74489158048624,
        35.532476388162806,
        49.65195916645149,
        43.01231212302039,
        36.25565015019368,
        42.142234878049706,
        33.61323160829798,
        33.994415001610236,
        34.92707138765681,
        33.0416751914559,
        39.314476504269074,
        41.2814668572248,
        39.42121546735869,
        32.3801491646215,
        38.3849547597639,
        35.619815101789186,
        32.041231025550296,
        43.34805466739608,
        42.220131818510666,
        40.42067399016187,
        34.51863339021809,
        38.341086785406134,
        30.531399429148244,
        44.503033674422156,
        33.5298713889649,
        36.37745578082267,
        37.14333048636122,
        38.3639327107275,
        43.65244256664664,
        34.69162581539071,
        33.352012518768795,
        41.86828785899318,
        36.473572075012946,
        41.91114004388164,
        38.145762753374655,
        37.2088563238743,
        41.61845164316059,
        40.86960606604066,
        40.23006274401586,
        37.52849519988456,
        35.79557696343926,
        46.328492550794024,
        49.16246839657607,
        38.71644531507324,
        61.03919597039868,
        32.72881051307716,
        46.069801687458984,
        42.06287687190263,
        36.934446730259126,
        35.11426560697005,
        48.21658972341453,
        45.980006406733125,
        36.39454446373503,
        38.22617347612783,
        44.42383441546167,
        25.049058343085342,
        37.91481800255453,
        42.532817274392244,
        36.36878982940536,
        37.033551759471436,
        34.296640012119965
    ]
}