{
    "Est_name": "SVR",
    "Run": 24,
    "Seed": 3611,
    "Est_params": {
        "gamma": 8.330345311071691e-05,
        "C": 252.89358776428247,
        "epsilon": 4.1512899695806444
    },
    "R2": 0.5341603701413791,
    "R": 0.7419289553390428,
    "MAPE": 0.16006367010648126,
    "RMSE": 6.738985825552692,
    "y_test": [
        26.5,
        41.0,
        44.5,
        42.0,
        39.5,
        33.5,
        35.0,
        48.0,
        37.5,
        57.27,
        41.5,
        57.0,
        37.6,
        32.91,
        45.5,
        21.75,
        30.5,
        26.5,
        29.6,
        48.0,
        53.9,
        29.5,
        26.75,
        44.6,
        39.3,
        13.33,
        40.0,
        35.0,
        22.13,
        35.0,
        46.8,
        35.0,
        47.0,
        48.0,
        33.04,
        49.9,
        53.25,
        26.5,
        41.16,
        38.0,
        56.25,
        33.4,
        40.75,
        16.58,
        53.5,
        38.61,
        27.49,
        45.23,
        56.0,
        39.73,
        43.64,
        31.25,
        22.04,
        28.5,
        41.78,
        33.76,
        49.5,
        29.5,
        31.75,
        32.57,
        31.7,
        47.3,
        40.12,
        45.0,
        33.5,
        46.7,
        52.07,
        35.5,
        34.5
    ],
    "y_pred": [
        26.48455333649774,
        49.923883607777015,
        41.40684426374555,
        38.17122558063722,
        38.88424103961717,
        30.62799385223975,
        33.5122019580739,
        39.312377049189266,
        40.856312545556854,
        50.8926181746284,
        44.529162328199355,
        41.3168821822791,
        39.5122402827198,
        40.49721020180517,
        47.51737928399091,
        30.501623789099124,
        35.73761054382841,
        30.01817684174852,
        33.61346309450431,
        48.20128253994531,
        53.32632629265545,
        24.481552999248894,
        32.85844088345731,
        39.01231941666209,
        35.33364060520853,
        40.28922514147611,
        42.59157676183207,
        38.246888044018505,
        26.48017619883755,
        33.63033614388202,
        46.458283408827604,
        34.12821259935968,
        41.281140044401184,
        39.29019097562953,
        35.534758092951925,
        47.32416981372402,
        52.03409466001633,
        35.22633795483437,
        41.397695829527564,
        40.1486558084647,
        51.53017429302695,
        37.80990285679305,
        38.61863778117462,
        42.31922593545785,
        50.64942226726228,
        36.43528339875606,
        37.87789964103166,
        41.41730796857707,
        51.297357393260356,
        37.66160362469648,
        42.00491424806714,
        32.27123847516859,
        26.22194628673286,
        31.82650442981401,
        41.050196196497865,
        37.97743104007202,
        46.804510327068165,
        31.994518986113032,
        35.70343186011,
        38.63242645012761,
        38.9255217730466,
        45.6202190072137,
        43.9677844305074,
        41.356822084531984,
        36.78704420368873,
        41.621398370211686,
        41.26315663557105,
        47.14695468369962,
        34.107896560672295
    ]
}