{
    "Est_name": "SVR",
    "Run": 21,
    "Seed": 3257,
    "Est_params": {
        "gamma": 1e-05,
        "C": 2883.5100258909306,
        "epsilon": 3.523720255644422
    },
    "R2": -0.6437548880929191,
    "R": 0.3500183966971553,
    "MAPE": 0.15075209519722907,
    "RMSE": 11.351313726986476,
    "y_test": [
        40.87,
        57.8,
        35.5,
        43.5,
        40.0,
        35.0,
        44.5,
        49.0,
        43.29,
        46.0,
        57.0,
        23.9,
        42.66,
        44.75,
        42.3,
        52.0,
        21.75,
        41.5,
        42.29,
        42.2,
        46.7,
        42.0,
        49.0,
        35.25,
        33.04,
        38.61,
        28.0,
        45.0,
        33.0,
        40.52,
        39.45,
        36.0,
        39.5,
        31.67,
        33.0,
        45.23,
        41.4,
        39.5,
        32.26,
        45.5,
        29.6,
        35.75,
        48.0,
        39.5,
        34.0,
        20.5,
        31.8,
        43.0,
        31.47,
        50.2,
        28.0,
        45.8,
        36.0,
        40.0,
        26.5,
        55.84,
        40.5,
        43.0,
        22.04,
        33.46,
        34.5,
        60.25,
        24.5,
        34.8,
        23.33,
        47.3,
        43.76,
        42.56,
        23.0
    ],
    "y_pred": [
        28.381625785753805,
        52.838240131008185,
        31.760151034835733,
        26.572592214323972,
        38.32202298332992,
        34.75929617733263,
        40.73055158226336,
        48.508559698230926,
        40.933067196744226,
        25.846708610714995,
        48.34445532410194,
        41.08996897027013,
        40.18259189845999,
        39.582696734276794,
        39.67300318873564,
        49.826584979567556,
        27.75527684057635,
        44.0849427668288,
        38.62373939479944,
        46.914451683996894,
        43.9276841123568,
        38.586860783192655,
        -30.160807478374807,
        30.84846023368666,
        34.43264672178392,
        39.219475095136275,
        32.18720240986845,
        46.35683895201948,
        34.77849437595077,
        39.5698960331223,
        31.229370167892704,
        33.518664715974005,
        36.358591123365684,
        37.2696543097545,
        32.518099404405284,
        40.18636602105058,
        43.41257913710584,
        45.29840993004273,
        32.72015179668787,
        48.7227648343572,
        30.53958818683735,
        41.04079252239604,
        40.35449789917248,
        36.93648059806582,
        39.65614775208928,
        23.6158129222661,
        33.106093213437134,
        37.15038322186786,
        32.75207678063958,
        37.43025236961905,
        29.37982788821943,
        43.40744578980774,
        42.97665068407792,
        43.68709915065444,
        33.12498808883673,
        48.453351938099104,
        38.13247102186219,
        49.68202903088722,
        26.557249810333182,
        40.249293832832564,
        40.39082731667361,
        52.015467170877464,
        28.641838259133877,
        33.88307931458126,
        35.72531875864734,
        45.09683142849049,
        40.380645684817075,
        36.08704613725847,
        26.732232255517054
    ]
}