{
    "Est_name": "SVR",
    "Run": 35,
    "Seed": 5514,
    "Est_params": {
        "gamma": 3.346701506630761e-05,
        "C": 192.94492386208145,
        "epsilon": 2.43546658677244
    },
    "R2": 0.4279250143183403,
    "R": 0.685873293647268,
    "MAPE": 0.12125102570502697,
    "RMSE": 6.811656236085729,
    "y_test": [
        46.0,
        42.2,
        53.9,
        40.5,
        32.43,
        43.29,
        20.8,
        48.7,
        51.0,
        48.0,
        54.2,
        32.5,
        30.0,
        32.25,
        37.0,
        38.0,
        43.0,
        29.0,
        31.8,
        32.5,
        57.0,
        31.25,
        36.0,
        22.9,
        34.62,
        35.0,
        49.5,
        27.4,
        62.5,
        37.5,
        48.0,
        44.75,
        57.0,
        36.5,
        42.29,
        32.33,
        33.0,
        32.9,
        47.0,
        36.5,
        45.25,
        25.81,
        43.0,
        37.6,
        33.85,
        56.5,
        41.0,
        29.5,
        42.0,
        34.8,
        37.25,
        31.7,
        47.0,
        39.0,
        35.25,
        39.73,
        43.0,
        57.27,
        30.5,
        28.5,
        44.0,
        42.25,
        55.5,
        40.39,
        39.5,
        43.65,
        35.5,
        26.5,
        45.5
    ],
    "y_pred": [
        38.40258677748741,
        48.70187699702537,
        54.49889748360649,
        37.97551136995227,
        41.132513091156575,
        40.39508204149679,
        22.782122777415648,
        43.95216424220923,
        22.740787596372794,
        47.5266309243358,
        50.49655105348525,
        38.29600237346164,
        34.47044088174064,
        36.41083377619468,
        36.81500841007353,
        42.10698246334208,
        42.71981811713564,
        22.219939703096273,
        30.242690401094304,
        27.77644602083764,
        54.79649618088806,
        29.901475695565534,
        42.28047554092379,
        25.89808960596666,
        38.76474113333485,
        31.83054503827607,
        43.09052942895251,
        38.64764245809188,
        42.9747128106214,
        35.878892019543926,
        51.61768594870678,
        37.71980671637292,
        39.83260188687073,
        47.08331342432276,
        39.79525273652624,
        35.434539840220076,
        33.10351375218049,
        37.34727719748287,
        48.53442874921607,
        36.93784282132906,
        45.47643064339752,
        34.94911126215045,
        50.96482813526761,
        39.11391610335539,
        38.8183758123014,
        40.17276663710211,
        44.00318412182697,
        22.7225265117521,
        40.56128852925807,
        36.73173467707322,
        41.90037491213362,
        35.73325761559705,
        39.055465337435315,
        38.57285556757307,
        34.94091613989353,
        37.92127956037568,
        47.544006457911564,
        49.92169922944669,
        23.713478901901166,
        28.89633171853116,
        48.65010002905352,
        44.33051262991217,
        51.44037954568736,
        37.391176249827865,
        37.13411053548948,
        42.628345624655616,
        44.00338499012588,
        22.745945584995223,
        46.3163434004167
    ]
}