{
    "Est_name": "SVR",
    "Run": 6,
    "Seed": 2286,
    "Est_params": {
        "gamma": 1e-05,
        "C": 303.3246879532241,
        "epsilon": 4.1168539270347235
    },
    "R2": 0.23462908372686309,
    "R": 0.5397415595493162,
    "MAPE": 0.16522307512541468,
    "RMSE": 8.357735903023242,
    "y_test": [
        51.0,
        39.12,
        31.8,
        45.5,
        40.5,
        44.5,
        35.0,
        33.25,
        30.0,
        57.5,
        39.45,
        34.5,
        59.0,
        57.0,
        33.4,
        23.33,
        22.73,
        22.67,
        41.52,
        51.0,
        40.75,
        56.0,
        45.22,
        34.0,
        42.3,
        32.5,
        42.75,
        26.25,
        43.0,
        43.29,
        34.5,
        57.27,
        36.5,
        33.5,
        34.75,
        46.5,
        42.56,
        39.5,
        26.75,
        37.0,
        28.0,
        37.5,
        49.9,
        54.0,
        45.0,
        56.5,
        42.2,
        42.0,
        39.0,
        52.0,
        41.78,
        43.4,
        41.0,
        55.52,
        52.07,
        29.5,
        31.97,
        26.5,
        24.67,
        29.0,
        45.5,
        45.0,
        42.5,
        54.2,
        40.0,
        39.8,
        43.47,
        22.04,
        44.0
    ],
    "y_pred": [
        35.22633956659548,
        45.64912230469663,
        33.2636575826276,
        44.31745365883192,
        37.48780382138394,
        33.98269540113509,
        31.58029298355504,
        37.79044303352285,
        33.652468756963735,
        36.87558582225658,
        34.167018622772005,
        39.127886530493775,
        35.374497212103535,
        34.605827316501966,
        37.30420113492247,
        33.2891273899136,
        51.35173080722514,
        27.18851734417464,
        40.50311761166408,
        45.90510206646243,
        44.30913227061221,
        57.374821855240974,
        41.014345172161356,
        36.06931655511303,
        36.643140002415215,
        28.182241666952947,
        37.825659969408406,
        34.22786690444557,
        54.597808643476895,
        38.9967383853742,
        29.919459442130123,
        48.79630723398959,
        45.688193015250555,
        36.04693503470249,
        28.535419260218546,
        50.23800518699338,
        38.23233149698101,
        33.70568117057465,
        34.23297724743657,
        39.709039305518175,
        31.856801941350632,
        38.76910025751492,
        48.704258318355485,
        44.32597763798548,
        45.7024884791559,
        52.319329153621716,
        49.12524883771172,
        43.05408341666863,
        40.03723682063311,
        47.273949427493775,
        37.7020174575798,
        33.98269540113509,
        35.65944604125802,
        48.04418367320637,
        45.05795496287369,
        25.36322760856801,
        36.243993596088,
        32.78455998252769,
        46.64017760769888,
        25.679106411508002,
        43.57722385902126,
        48.8102495057412,
        40.225387042820294,
        49.12524535290064,
        38.99965374551581,
        44.04165279812901,
        38.3929704044829,
        25.79290025222538,
        37.16700812148868
    ]
}