{
    "Est_name": "SVR",
    "Run": 39,
    "Seed": 1584,
    "Est_params": {
        "gamma": 1e-05,
        "C": 207.69937888513823,
        "epsilon": 3.181431019820779
    },
    "R2": 0.3179509723088836,
    "R": 0.5816568647631916,
    "MAPE": 0.17356062839072203,
    "RMSE": 8.528821856106605,
    "y_test": [
        23.0,
        45.0,
        39.42,
        43.5,
        41.75,
        42.0,
        41.78,
        49.0,
        50.5,
        52.5,
        16.58,
        40.5,
        43.64,
        41.23,
        56.0,
        37.0,
        40.87,
        39.5,
        31.53,
        54.2,
        37.5,
        54.25,
        57.27,
        44.0,
        47.0,
        33.5,
        25.68,
        54.04,
        33.0,
        43.5,
        42.56,
        53.0,
        40.03,
        43.66,
        41.8,
        22.73,
        62.5,
        26.5,
        29.02,
        32.5,
        33.5,
        42.0,
        53.5,
        59.5,
        26.5,
        43.29,
        38.82,
        46.0,
        50.0,
        58.25,
        22.04,
        46.0,
        49.5,
        54.0,
        29.02,
        42.66,
        32.26,
        31.75,
        43.47,
        46.25,
        56.0,
        30.5,
        59.0,
        33.5,
        49.9,
        43.65,
        42.75,
        31.97,
        26.75
    ],
    "y_pred": [
        28.40850222970918,
        42.82601536532757,
        42.81850814209217,
        37.2070922680678,
        51.30409836779669,
        40.590975778640356,
        38.146135499056584,
        51.11355175757198,
        48.65441781235238,
        52.41421644636017,
        42.75892018788803,
        36.33126650384183,
        38.443219403650936,
        49.78998206301124,
        46.97458013782891,
        38.562445678384115,
        42.758920187888044,
        34.93227997904928,
        36.405327791312416,
        46.867611261236966,
        35.42796710174031,
        42.91244096471179,
        48.025775217126245,
        34.725793331578224,
        49.80905487622951,
        31.29478338091428,
        34.95124763611745,
        45.25095018853846,
        33.79848682188544,
        50.177778806393064,
        36.02524733728193,
        48.87871881869968,
        50.33288913681374,
        39.18942601438881,
        36.02228674018932,
        51.35867869725955,
        35.30885872175054,
        33.470164573168084,
        42.75892018788803,
        29.641317261313894,
        36.60872269265221,
        44.583449273733194,
        45.08601242561907,
        55.99516341678331,
        28.211978627087372,
        37.71147117177975,
        34.29505520299538,
        38.01941527481088,
        53.36115619416661,
        55.98314705528875,
        26.68280094606174,
        42.62569301340709,
        41.15136309516759,
        43.230661483692266,
        35.13392490024288,
        36.97717802152466,
        36.66675117038878,
        36.10986701923129,
        37.65090231461771,
        44.20773775315662,
        32.58886156511067,
        33.31581124969073,
        55.95291037533281,
        29.935661355019498,
        48.7739017781695,
        42.61333256301709,
        40.565376620441576,
        38.616600429532824,
        34.06399652981685
    ]
}