{
    "Est_name": "SVR",
    "Run": 3,
    "Seed": 4506,
    "Est_params": {
        "gamma": 1e-05,
        "C": 60.33424502338501,
        "epsilon": 3.31142019676355
    },
    "R2": 0.13620465449406993,
    "R": 0.44549461235668797,
    "MAPE": 0.1776207415234487,
    "RMSE": 8.903859793808886,
    "y_test": [
        25.81,
        33.85,
        35.0,
        42.25,
        56.5,
        41.0,
        34.0,
        46.7,
        34.75,
        33.5,
        57.1,
        57.8,
        31.25,
        22.13,
        42.0,
        40.03,
        39.8,
        52.5,
        57.0,
        45.5,
        39.42,
        48.0,
        49.0,
        34.25,
        41.0,
        33.0,
        32.25,
        22.73,
        21.5,
        33.25,
        37.5,
        41.04,
        32.0,
        46.0,
        52.07,
        41.5,
        49.5,
        40.5,
        59.5,
        27.5,
        56.0,
        43.76,
        43.5,
        35.75,
        35.0,
        37.75,
        41.5,
        26.5,
        26.25,
        32.83,
        45.8,
        44.95,
        31.8,
        38.0,
        42.5,
        40.0,
        53.5,
        22.5,
        47.0,
        48.0,
        48.0,
        28.5,
        32.25,
        29.02,
        33.5,
        44.75,
        46.5,
        24.67,
        29.5
    ],
    "y_pred": [
        29.7435390917125,
        39.573090238428094,
        38.480719591894285,
        48.659397820416174,
        53.96287753710516,
        34.32579903655365,
        40.47519461517159,
        43.90361047653729,
        33.55320339966283,
        33.31125085735522,
        38.14644421140626,
        41.682051196020296,
        34.51093624489738,
        29.838010114866847,
        40.87693270730305,
        52.25047239949335,
        44.655433086551255,
        53.02717250454089,
        36.28602305722426,
        43.405325681998335,
        43.74744469508204,
        32.045152707743995,
        46.802356824432465,
        37.003489715419896,
        41.329567558676196,
        36.73451140513913,
        38.22069268769463,
        50.80293846607605,
        27.054737496831365,
        34.00594364077764,
        36.207508243860936,
        37.6175113558088,
        31.47277974739,
        46.09004277700091,
        49.00432578201951,
        37.11418615751817,
        40.252819869326416,
        39.10915844635813,
        55.834491512235566,
        35.786374830445155,
        30.90237922500438,
        42.974293634077455,
        31.38414649394167,
        40.958719057927354,
        37.01749715455972,
        40.816857477557924,
        48.71591713626054,
        38.677173139196,
        45.29335685756301,
        37.62897984314802,
        47.15058954856052,
        42.87609943009575,
        37.82409013821023,
        38.5965436960937,
        40.63663663652812,
        40.005384782716064,
        50.978135764033645,
        28.465213058524842,
        36.40246712933498,
        39.83066107561471,
        45.21917900035187,
        45.556292101866326,
        36.85979449528699,
        40.27941173685267,
        36.605034659619626,
        38.23179037898228,
        48.98438653077937,
        45.1228624385884,
        26.602518868224017
    ]
}