{
    "Est_name": "SVR",
    "Run": 16,
    "Seed": 3811,
    "Est_params": {
        "gamma": 1.000000000000234e-05,
        "C": 1988.637966175145,
        "epsilon": 5.960429511505391
    },
    "R2": 0.39104168945241047,
    "R": 0.6697369293582939,
    "MAPE": 0.12338995441427578,
    "RMSE": 6.133607009367972,
    "y_test": [
        30.0,
        53.5,
        49.5,
        36.0,
        46.0,
        49.9,
        32.83,
        33.46,
        38.0,
        42.3,
        40.39,
        32.25,
        32.91,
        31.75,
        33.25,
        49.7,
        46.0,
        51.0,
        48.0,
        35.0,
        33.5,
        47.0,
        42.25,
        43.64,
        40.5,
        30.0,
        35.5,
        50.2,
        29.0,
        55.5,
        53.5,
        52.5,
        15.11,
        47.3,
        29.5,
        37.0,
        48.0,
        39.12,
        41.95,
        43.66,
        53.25,
        43.76,
        53.5,
        56.38,
        38.78,
        51.0,
        41.04,
        39.0,
        40.0,
        46.0,
        42.0,
        37.25,
        39.0,
        39.78,
        48.0,
        34.5,
        41.5,
        35.0,
        45.0,
        36.5,
        41.8,
        39.21,
        35.0,
        41.0,
        39.5,
        36.0,
        33.04,
        33.95,
        29.6
    ],
    "y_pred": [
        39.07255536984209,
        51.33286570165356,
        45.485058729236215,
        40.46185637648293,
        41.22579307589251,
        52.84064297969584,
        36.6945992596161,
        39.48031478896403,
        41.223748824644616,
        41.18079820801745,
        36.037931065934316,
        35.73949130396443,
        40.4737458796971,
        37.51175330258415,
        39.57591730572423,
        42.75179853910683,
        44.317859291248595,
        25.022523190170403,
        38.019690116778946,
        38.30299363304064,
        30.11865063657703,
        46.89888187283785,
        42.19317791811338,
        40.769648844289584,
        40.584262183772324,
        31.126133982992172,
        36.525444606342006,
        43.7603641564309,
        26.629768866053354,
        50.156961267382,
        54.936294446507375,
        58.98276385914389,
        24.732675134476153,
        44.380363662983996,
        33.07827509235673,
        41.69976686445773,
        44.12011024730912,
        42.08894565640955,
        36.622463598296676,
        39.14076497981142,
        47.994168567046444,
        40.687863640202494,
        54.50098513414443,
        50.13927740335305,
        43.230082020841294,
        44.88404775334172,
        36.45845553216869,
        45.502801549401255,
        40.59059252137874,
        42.864958597581655,
        36.832227557913455,
        45.56775871327682,
        35.34833258123936,
        43.22373281601962,
        49.6892152972533,
        33.43976487301765,
        38.49475558116464,
        29.59453684132356,
        53.27165229775548,
        42.288167925006526,
        33.11497098085475,
        57.24285369138326,
        40.9417538382406,
        34.02038601199828,
        33.288150814305226,
        37.49024020749424,
        36.68012600623403,
        35.87424048887581,
        33.451817894833866
    ]
}