{
    "Est_name": "SVR",
    "Run": 42,
    "Seed": 9891,
    "Est_params": {
        "gamma": 7.694305917649484e-05,
        "C": 1952.2935475079455,
        "epsilon": 1e-05
    },
    "R2": 0.4598483448378149,
    "R": 0.7334452768641162,
    "MAPE": 0.10238114404134693,
    "RMSE": 6.8299922589112265,
    "y_test": [
        45.5,
        48.7,
        38.61,
        38.0,
        42.0,
        39.5,
        54.04,
        46.7,
        32.5,
        56.25,
        23.0,
        47.0,
        30.0,
        58.5,
        39.0,
        33.0,
        25.81,
        40.75,
        39.78,
        42.03,
        23.33,
        43.47,
        41.23,
        51.5,
        37.5,
        40.1,
        22.67,
        50.0,
        33.04,
        41.89,
        35.0,
        53.5,
        44.6,
        32.25,
        20.8,
        40.75,
        30.0,
        46.8,
        41.16,
        42.3,
        57.5,
        32.25,
        59.0,
        37.25,
        30.0,
        45.22,
        42.0,
        35.0,
        56.0,
        45.02,
        54.25,
        57.5,
        23.9,
        32.43,
        33.6,
        39.17,
        33.95,
        37.5,
        41.5,
        32.83,
        50.8,
        50.86,
        43.4,
        42.75,
        49.9,
        42.0,
        35.3,
        48.0,
        35.5
    ],
    "y_pred": [
        43.91610148356449,
        42.1324390339728,
        38.42837052930151,
        38.2505541536306,
        44.256932132903486,
        30.515920668784737,
        47.75870906276517,
        41.62189966634162,
        43.77653880557365,
        53.46164403166547,
        22.431112852443903,
        48.84143752375045,
        28.670414721152454,
        53.94569581683482,
        41.88951512988172,
        30.697442211226786,
        26.31910329968722,
        41.968290769565016,
        38.43503815483108,
        40.18261202280139,
        36.87022273083462,
        42.988864308687454,
        44.401154083023435,
        50.2523571062081,
        38.52551963916793,
        39.10426544684735,
        23.68106980674802,
        43.09669232471778,
        30.533897869896414,
        40.97395031895196,
        34.358167023914405,
        47.259055333837395,
        45.232630432478174,
        32.56621207973704,
        18.555482771101307,
        37.61774821070898,
        32.35153296167114,
        51.063162524589586,
        44.05821338429191,
        42.077671476861454,
        48.490344243407236,
        33.30053979622447,
        59.20628945726736,
        41.408338404399174,
        30.22699140683111,
        44.16815809041341,
        42.73872166184182,
        31.025217693522194,
        55.92354722626264,
        43.51150637662025,
        53.47945734689863,
        61.421600869621216,
        53.30782207031842,
        44.0377321208713,
        33.78163433014604,
        6.854278953718655,
        34.15630288782197,
        33.66536414165593,
        40.82845691101393,
        33.692013188356675,
        50.232873884022986,
        40.93366508342346,
        43.97545496367229,
        42.73222792438657,
        50.06074421320511,
        41.781993138321766,
        45.26500461645131,
        37.73851813109793,
        34.380786983796554
    ]
}