{
    "Est_name": "SVR",
    "Run": 4,
    "Seed": 4012,
    "Est_params": {
        "gamma": 0.0005159266413651883,
        "C": 2957.3956767070304,
        "epsilon": 0.6301621391389066
    },
    "R2": 0.21071465043081372,
    "R": 0.5078148859164671,
    "MAPE": 0.16752482623960216,
    "RMSE": 7.986475476309951,
    "y_test": [
        35.3,
        49.9,
        31.25,
        27.5,
        37.75,
        27.12,
        33.85,
        25.81,
        53.25,
        43.55,
        32.25,
        41.0,
        33.0,
        33.04,
        32.0,
        42.25,
        38.78,
        27.5,
        40.5,
        44.5,
        59.5,
        35.0,
        36.0,
        46.0,
        13.33,
        39.45,
        60.25,
        52.5,
        47.0,
        34.5,
        50.75,
        31.47,
        32.5,
        42.56,
        32.25,
        31.53,
        56.38,
        41.16,
        41.89,
        39.12,
        36.5,
        43.65,
        41.25,
        23.0,
        43.76,
        58.0,
        42.3,
        27.49,
        42.0,
        34.5,
        42.37,
        45.0,
        43.5,
        42.2,
        46.87,
        44.6,
        33.0,
        44.5,
        42.2,
        51.0,
        31.8,
        22.9,
        43.5,
        32.5,
        40.0,
        42.86,
        51.5,
        45.02,
        41.78
    ],
    "y_pred": [
        41.17937394188883,
        49.71890598259975,
        35.87560982269532,
        41.20176259476158,
        60.479922283250716,
        42.99798444822996,
        36.33043263910007,
        40.38872187286156,
        45.565844866670076,
        43.10094025681736,
        39.063091888848724,
        40.25705518700243,
        32.11299431767708,
        31.910997094760937,
        40.252479662765545,
        28.337930238233334,
        38.114731008002835,
        38.13490606142141,
        39.20461413107547,
        42.770354750561815,
        44.89381359375519,
        39.69061511253483,
        34.94436288977694,
        40.216154829846595,
        41.20076796587689,
        41.03400917657094,
        58.401608133488196,
        40.67128619258496,
        41.199560564155654,
        40.8042117391372,
        53.620571472630175,
        40.04894042462297,
        31.171769898819786,
        41.12739634317356,
        33.51893293733688,
        33.22597700305043,
        56.465413112386344,
        43.79373990262388,
        41.84527631151258,
        42.47480365231609,
        37.98345787648004,
        43.727594723510876,
        41.21773423544439,
        25.334961632073032,
        40.027706558446134,
        41.28293052658553,
        41.59746962019991,
        36.126020452895524,
        40.99577806289249,
        43.40977467444331,
        41.81265834557442,
        41.22451789013966,
        43.04121545704064,
        41.270510284095394,
        38.21784554192581,
        42.125100974824505,
        36.21520585662435,
        42.07017067096904,
        35.714057411980185,
        40.89447199334011,
        42.37891134970051,
        26.920108026218674,
        26.28478966555592,
        43.95353788157936,
        43.34954445277817,
        40.31687896664674,
        50.05496853651241,
        40.7226241070372,
        41.548656487945046
    ]
}