{
    "Est_name": "SVR",
    "Run": 40,
    "Seed": 5881,
    "Est_params": {
        "gamma": 1e-05,
        "C": 54.454541854472374,
        "epsilon": 3.558558932004229
    },
    "R2": 0.18053305689212362,
    "R": 0.5499570362927213,
    "MAPE": 0.13851227694426224,
    "RMSE": 8.15979923555966,
    "y_test": [
        35.25,
        57.8,
        48.0,
        58.0,
        39.0,
        39.78,
        42.56,
        36.0,
        53.0,
        43.0,
        31.7,
        56.5,
        45.0,
        43.07,
        31.47,
        40.75,
        40.5,
        50.0,
        25.68,
        53.5,
        32.83,
        51.0,
        31.67,
        59.0,
        42.56,
        38.0,
        41.89,
        50.2,
        33.6,
        30.0,
        41.5,
        36.0,
        27.4,
        35.25,
        49.5,
        53.5,
        32.5,
        46.0,
        53.25,
        43.55,
        44.6,
        25.81,
        56.0,
        34.25,
        29.0,
        33.5,
        48.0,
        40.52,
        33.46,
        44.95,
        42.0,
        22.04,
        38.82,
        32.25,
        46.0,
        42.2,
        34.75,
        22.9,
        42.0,
        62.5,
        43.5,
        42.66,
        43.5,
        39.73,
        41.16,
        37.5,
        35.0,
        33.5,
        35.5
    ],
    "y_pred": [
        31.83324354083897,
        37.536196358607114,
        40.104915381489114,
        58.824272961504406,
        37.80973806426177,
        38.576318713005946,
        32.14408030112284,
        37.96753851821878,
        48.290287869275375,
        47.73440351716571,
        37.82695853218786,
        31.631981497241846,
        36.975729603065645,
        37.7238828130755,
        39.01008648018946,
        39.121049856010785,
        36.1515419290244,
        49.970455434573495,
        31.830335721173242,
        37.52790099419873,
        37.18611452506284,
        27.84455916649714,
        34.70922042915321,
        56.15936279972605,
        39.14310854283656,
        37.396953810718955,
        43.15524670791665,
        43.71414543204373,
        37.97319235132214,
        34.33425337954303,
        36.78117694074604,
        32.11305377772203,
        42.37942093737946,
        36.33887087429013,
        40.45796626715155,
        53.55119515555669,
        29.96314714428815,
        37.79139030371417,
        38.07710997270032,
        38.58695713843769,
        40.523349465655514,
        33.29939533449673,
        51.907126725919795,
        35.292770089724115,
        27.984811454488916,
        35.614283821998185,
        48.36674255038813,
        36.00246977408415,
        32.65826254309445,
        42.236734802992004,
        41.76893225227347,
        30.035262726668336,
        34.41018944938485,
        35.82396163205325,
        36.77534160017538,
        40.575640900745654,
        32.79026840322401,
        30.69867344883479,
        40.99350528961402,
        34.02167912986632,
        35.01735274308645,
        37.94490077004959,
        32.8695596414182,
        36.11463191842442,
        38.523318732372225,
        36.709809889298846,
        33.46551215395318,
        28.483314383057046,
        42.48201633007952
    ]
}