{
    "Est_name": "SVR",
    "Run": 14,
    "Seed": 1535,
    "Est_params": {
        "gamma": 1e-05,
        "C": 112.6701749435545,
        "epsilon": 1.5267922342855509
    },
    "R2": 0.47120725867866997,
    "R": 0.6873422613491468,
    "MAPE": 0.15986238878200643,
    "RMSE": 7.597485343702505,
    "y_test": [
        32.25,
        58.59,
        52.5,
        47.0,
        54.0,
        28.0,
        21.75,
        40.12,
        42.0,
        40.0,
        47.3,
        42.29,
        44.0,
        40.0,
        42.0,
        56.0,
        25.81,
        16.58,
        30.5,
        43.64,
        33.4,
        23.33,
        32.5,
        44.05,
        55.84,
        37.6,
        41.0,
        33.04,
        42.56,
        41.0,
        33.76,
        39.17,
        24.67,
        46.0,
        49.0,
        58.5,
        39.12,
        54.2,
        31.59,
        42.37,
        58.25,
        32.0,
        33.0,
        35.5,
        56.5,
        50.2,
        40.5,
        41.16,
        48.0,
        20.8,
        59.0,
        37.75,
        30.0,
        34.75,
        41.8,
        42.35,
        29.41,
        49.5,
        46.0,
        39.42,
        34.62,
        45.5,
        23.0,
        53.5,
        26.5,
        41.89,
        31.7,
        59.5,
        27.5
    ],
    "y_pred": [
        34.58736637797481,
        48.636960987535545,
        59.99477191312002,
        47.82673127473586,
        41.353160425334856,
        34.76916328327478,
        28.46380119825205,
        33.50191931578488,
        43.85500394750188,
        40.84130260786941,
        47.861028106008135,
        40.12426722321128,
        46.318112160636986,
        41.05983531878057,
        41.2871931182589,
        33.972650914412434,
        36.55792078327676,
        42.17809361876381,
        33.390549060999234,
        41.214671961901956,
        38.23304958156952,
        36.41223944244834,
        37.88265868022607,
        37.895169999460336,
        46.51215578153329,
        37.787838510276714,
        40.86523755493346,
        35.19561008428727,
        34.16702055109951,
        40.26966189076778,
        39.55852066118835,
        39.27409646339126,
        44.8668679263262,
        45.69282137715789,
        36.79325642064003,
        51.42608370382021,
        46.66411760599459,
        57.889093206836904,
        39.67790639203518,
        40.93381413439599,
        53.227442504364326,
        33.57637894246366,
        34.71939376732951,
        41.29521761778416,
        34.58796705658128,
        45.92014605991416,
        37.47016098364736,
        39.86806555357511,
        45.23645217897595,
        27.392973111789125,
        56.50854911424034,
        41.21537366187296,
        33.47702487680108,
        31.68785161086131,
        34.56583347160191,
        39.44531512696268,
        27.435391122083225,
        47.690177612515626,
        45.097087000301386,
        42.17257639388479,
        40.12407190993977,
        42.551723750010574,
        30.545550986957593,
        56.980360400076094,
        31.864297997254813,
        35.36666165711159,
        34.62022754860681,
        54.7102407229437,
        36.78224207740683
    ]
}