{
    "Est_name": "SVR",
    "Run": 33,
    "Seed": 2547,
    "Est_params": {
        "gamma": 1e-05,
        "C": 142.0075371279376,
        "epsilon": 1.5377642108728053
    },
    "R2": 0.05589286139333827,
    "R": 0.4233161474422927,
    "MAPE": 0.1902211305269838,
    "RMSE": 9.657488864303138,
    "y_test": [
        34.8,
        48.0,
        40.75,
        48.0,
        35.5,
        44.0,
        22.13,
        46.7,
        26.5,
        35.25,
        43.07,
        62.5,
        42.0,
        43.5,
        43.5,
        40.0,
        39.5,
        16.58,
        26.5,
        40.03,
        43.5,
        39.61,
        30.25,
        40.1,
        59.5,
        35.75,
        42.56,
        46.0,
        32.26,
        33.5,
        31.75,
        42.0,
        39.8,
        42.0,
        57.96,
        40.5,
        57.27,
        52.07,
        40.0,
        22.9,
        27.7,
        27.49,
        32.83,
        31.47,
        49.0,
        30.0,
        38.0,
        59.0,
        32.57,
        21.75,
        41.95,
        31.25,
        53.9,
        35.0,
        27.4,
        39.78,
        44.75,
        43.55,
        46.25,
        48.0,
        46.5,
        49.0,
        22.5,
        41.78,
        27.5,
        31.25,
        55.84,
        37.5,
        51.0
    ],
    "y_pred": [
        36.1195546715509,
        32.114868389837675,
        41.25971489926591,
        43.1105649512374,
        41.61213976573024,
        33.97667661748605,
        34.05077334937403,
        40.24561372851228,
        23.34232399545197,
        34.30835115764412,
        37.59182454124783,
        39.07759692140548,
        41.701215652976515,
        30.810007713207064,
        32.18424665200647,
        41.412054244330214,
        40.10408113513535,
        41.18901792274431,
        30.396185610537877,
        49.027348545149714,
        49.00659269782523,
        37.3470253806777,
        37.79098703547023,
        40.33306684527045,
        59.10457351583075,
        33.399276999086645,
        31.506475753938606,
        45.20111002838777,
        42.37517925882824,
        32.80454588941192,
        37.18820750909169,
        41.97783860360393,
        43.879644964141264,
        43.2859733617259,
        55.67576407127589,
        38.495072644988554,
        48.423379129907424,
        47.52388721226102,
        39.86413797805352,
        35.252750452781534,
        46.34337530106124,
        44.30415222994416,
        36.97456696252638,
        38.9775788973033,
        46.64138676213626,
        37.65194545830641,
        38.1734499793422,
        39.66939162507645,
        39.28565577391827,
        32.107342465729126,
        36.16248566884202,
        32.10336127750403,
        54.91387361908686,
        38.182882475975696,
        43.57595703097157,
        39.50528020283724,
        35.4073154844492,
        38.39218705447582,
        43.58494295060982,
        52.99225686201177,
        48.59807252152777,
        10.001057443199919,
        26.15249340654213,
        40.32529078464788,
        33.760610764652604,
        34.094089047167905,
        55.07757465143502,
        42.615285147602314,
        34.916721397771674
    ]
}