{
    "Est_name": "SVR",
    "Run": 45,
    "Seed": 7527,
    "Est_params": {
        "gamma": 1.0000000000002908e-05,
        "C": 2243.5252280400823,
        "epsilon": 5.152724661807112
    },
    "R2": 0.39321834400400046,
    "R": 0.6804451931415753,
    "MAPE": 0.1396102172033404,
    "RMSE": 6.849689542905163,
    "y_test": [
        30.5,
        29.6,
        48.0,
        39.8,
        40.87,
        34.5,
        34.5,
        57.21,
        32.9,
        48.7,
        42.0,
        40.75,
        41.23,
        51.5,
        48.0,
        26.5,
        41.4,
        35.75,
        39.12,
        35.0,
        29.02,
        42.03,
        46.0,
        34.5,
        41.25,
        57.96,
        49.5,
        49.7,
        35.0,
        50.5,
        29.5,
        32.25,
        42.75,
        46.0,
        40.5,
        56.5,
        60.25,
        44.5,
        43.65,
        57.27,
        33.5,
        48.0,
        42.29,
        30.5,
        43.29,
        33.5,
        43.55,
        49.0,
        56.38,
        28.5,
        22.73,
        42.25,
        40.0,
        34.62,
        44.05,
        22.04,
        39.21,
        35.3,
        30.0,
        34.5,
        47.3,
        43.0,
        56.0,
        39.3,
        52.5,
        32.43,
        43.5,
        42.56,
        33.5
    ],
    "y_pred": [
        34.90675012460957,
        32.56508992434888,
        44.54022807087882,
        50.38855246866156,
        31.84469919869432,
        44.19794461880955,
        40.57588946884406,
        46.549337418619025,
        37.13597741497986,
        44.19493823304647,
        41.285759654035594,
        37.552298423437215,
        49.7448225555673,
        46.7762798483521,
        45.98933182935938,
        21.79289004287714,
        47.97533990667721,
        31.476055174438166,
        44.982109478768,
        38.299692619949184,
        32.65270816198057,
        37.867250501837226,
        42.77902009897384,
        33.49070547641287,
        44.2484360917477,
        54.54055462574836,
        45.49281953460764,
        44.79250626533577,
        34.20474709592384,
        46.058783193174925,
        23.114157955452505,
        36.37553300707512,
        41.67644480313351,
        43.23583917147273,
        40.9176009019912,
        49.59229528758585,
        52.66617799942356,
        37.69980008867279,
        43.56151041680059,
        49.8464261885564,
        35.694676528428914,
        52.73652005574932,
        35.82940970915174,
        26.162961785107996,
        35.89033505518211,
        29.832315364625067,
        39.55198061041051,
        46.549337418619025,
        51.07192274832843,
        32.234579718487666,
        53.41434919331483,
        45.621461081866194,
        41.24433682210215,
        39.968901831060215,
        38.90781756303074,
        26.492555424770565,
        58.812485338684844,
        46.732558506993804,
        34.666790350687535,
        33.48979630415949,
        44.08458715769977,
        44.00035127661,
        63.04153373604624,
        42.53532104597577,
        61.38180892609234,
        36.657379345720706,
        34.27402834877126,
        39.53152184415835,
        39.512244672808556
    ]
}