{
    "Est_name": "SVR",
    "Run": 34,
    "Seed": 3527,
    "Est_params": {
        "gamma": 1e-05,
        "C": 191.61826094583125,
        "epsilon": 3.696932866860666
    },
    "R2": 0.3533779952700852,
    "R": 0.6097598711588854,
    "MAPE": 0.14051755944545558,
    "RMSE": 7.918733607011311,
    "y_test": [
        38.0,
        26.5,
        31.75,
        48.0,
        41.95,
        50.2,
        25.81,
        43.07,
        37.5,
        31.67,
        46.11,
        47.0,
        57.5,
        41.5,
        40.75,
        35.75,
        33.0,
        44.05,
        13.33,
        33.85,
        34.0,
        42.2,
        34.75,
        30.0,
        55.5,
        29.5,
        39.45,
        39.5,
        42.5,
        20.8,
        55.5,
        41.0,
        35.3,
        29.6,
        33.5,
        26.25,
        41.78,
        58.5,
        37.75,
        33.5,
        43.66,
        60.25,
        52.5,
        24.5,
        59.0,
        42.5,
        34.5,
        33.04,
        50.8,
        45.25,
        57.0,
        30.0,
        31.7,
        33.5,
        44.5,
        53.5,
        52.5,
        45.0,
        39.0,
        40.52,
        35.0,
        34.5,
        56.5,
        30.0,
        38.0,
        34.25,
        35.0,
        43.5,
        48.0
    ],
    "y_pred": [
        41.0652600797634,
        32.64420651582595,
        36.092234200734744,
        40.54742552277563,
        36.96289364363454,
        41.46806854754674,
        36.61860164673908,
        37.48708787578783,
        36.45551825678653,
        34.42803305095975,
        50.06301587064122,
        39.94174343101802,
        34.30088074467277,
        48.3057666105916,
        43.18640543820124,
        37.4274759065015,
        34.33649586421422,
        37.40681478048591,
        15.65920747949626,
        38.75040777771277,
        37.61981212237298,
        42.99595630743035,
        30.740221589276732,
        38.906586401394655,
        51.24126500150199,
        27.041481947328432,
        34.45363234241848,
        38.284958172503565,
        42.28559614167728,
        27.197807847672088,
        47.913723742679075,
        33.89288922457727,
        38.26899748854473,
        38.90028695983391,
        35.07714906787347,
        38.18750758843412,
        38.23999456583848,
        54.35017451483691,
        43.04099277097779,
        30.19219330606976,
        39.64929632432753,
        33.01112700438395,
        50.591665088664755,
        30.902095915624137,
        32.34176764470056,
        40.896073474682645,
        41.94064000482665,
        34.90816709430201,
        47.85579070097235,
        40.60905872580185,
        31.81749303854532,
        32.85330308704793,
        37.11084874079813,
        36.950309811051824,
        43.3741736104391,
        55.22468205554385,
        59.060320583537035,
        42.656595765174245,
        38.94955144235305,
        36.47523394657917,
        36.96502095848157,
        40.7646308154817,
        54.29879242488943,
        39.952409930405416,
        37.711930261597196,
        36.88552770199703,
        37.20087490605717,
        49.822232385129595,
        41.747551117309634
    ]
}