{
    "Est_name": "SVR",
    "Run": 38,
    "Seed": 6224,
    "Est_params": {
        "gamma": 1e-05,
        "C": 329.2751705926767,
        "epsilon": 6.3194544236053325
    },
    "R2": 0.31716778303054416,
    "R": 0.6017518945465711,
    "MAPE": 0.14453007968443454,
    "RMSE": 7.498932071256341,
    "y_test": [
        39.61,
        44.5,
        51.0,
        57.5,
        40.87,
        34.5,
        31.47,
        42.25,
        35.75,
        40.12,
        42.75,
        33.0,
        33.41,
        60.25,
        33.85,
        42.3,
        44.05,
        32.0,
        32.0,
        32.25,
        41.95,
        28.0,
        29.0,
        33.5,
        39.12,
        43.65,
        46.0,
        27.7,
        43.5,
        48.0,
        23.9,
        42.35,
        59.0,
        32.57,
        43.66,
        35.0,
        47.0,
        33.5,
        52.07,
        43.4,
        30.5,
        36.0,
        49.9,
        30.5,
        53.5,
        40.0,
        40.1,
        57.21,
        45.5,
        22.9,
        13.33,
        36.0,
        45.22,
        32.25,
        41.0,
        57.0,
        35.25,
        40.0,
        42.56,
        33.25,
        33.6,
        48.0,
        52.5,
        49.5,
        35.5,
        43.64,
        40.03,
        50.8,
        35.75
    ],
    "y_pred": [
        35.35050809177171,
        42.09757461927942,
        28.541397953996615,
        37.907993750181085,
        35.33618850884465,
        41.387849501056095,
        34.42554668998418,
        44.490082811933156,
        37.159451840308385,
        33.901937676911196,
        39.33620146717167,
        35.89891778840152,
        35.64551732966286,
        37.65787379890933,
        38.642072048436994,
        35.551580506076604,
        34.90405712168129,
        32.04298721291199,
        32.95688256427926,
        34.29893450090322,
        35.974711364234764,
        34.39682154303395,
        24.615009652669904,
        36.42510424941081,
        44.72708637937227,
        43.13209750289788,
        45.914463790778306,
        41.2759161679914,
        35.24320033418221,
        44.10664442133315,
        37.96818006266242,
        39.61717953895002,
        37.26813021280663,
        37.6466824613404,
        37.131053593473354,
        33.03272702075862,
        52.297808770780215,
        38.44650275921169,
        44.71159721925754,
        35.494923879093434,
        25.89295544096091,
        32.868932296877354,
        45.13592591725753,
        35.20355862746875,
        51.97098186922374,
        41.4981821335388,
        36.7349515913887,
        45.77438850453655,
        42.231348349836146,
        29.771418957322375,
        18.805509430214062,
        39.982968709138426,
        41.33875037910936,
        36.415439075532284,
        34.440125862880315,
        44.59188057936902,
        32.644732350102295,
        35.889187333277356,
        37.16501069630456,
        38.27206577689304,
        37.22362393675098,
        52.67093811781427,
        49.32075100966612,
        43.1768385455371,
        35.76187814901801,
        39.05624152690668,
        45.88678938085534,
        45.163966584071915,
        39.49946447637956
    ]
}