{
    "Est_name": "SVR",
    "Run": 18,
    "Seed": 9863,
    "Est_params": {
        "gamma": 0.0004636946083114654,
        "C": 262.0846129149254,
        "epsilon": 1.6799961194402984
    },
    "R2": 0.17915062355849343,
    "R": 0.5139319294836054,
    "MAPE": 0.13906451242973059,
    "RMSE": 8.018222277809288,
    "y_test": [
        48.0,
        57.0,
        43.0,
        56.0,
        34.5,
        44.95,
        45.5,
        44.05,
        44.5,
        40.0,
        48.7,
        39.0,
        35.5,
        26.5,
        43.5,
        57.1,
        42.2,
        39.45,
        57.5,
        46.0,
        55.84,
        30.25,
        26.5,
        44.0,
        56.38,
        49.5,
        32.9,
        48.0,
        57.0,
        42.0,
        26.5,
        39.3,
        56.5,
        29.02,
        35.5,
        50.86,
        22.9,
        29.6,
        45.02,
        33.5,
        43.76,
        45.22,
        43.55,
        34.8,
        39.78,
        43.5,
        42.56,
        33.04,
        50.75,
        32.83,
        58.5,
        35.0,
        56.25,
        40.1,
        44.5,
        33.5,
        43.0,
        48.0,
        40.87,
        36.5,
        41.0,
        54.04,
        47.3,
        50.0,
        35.75,
        34.75,
        33.25,
        31.8,
        40.5
    ],
    "y_pred": [
        40.27818763604978,
        49.87693184676384,
        44.72650907982466,
        45.897908978895785,
        33.7400663926113,
        43.55003729313858,
        46.38627488653422,
        41.35917301180041,
        41.41558775954875,
        37.46500805940873,
        42.523183237980014,
        38.750958948696656,
        42.98660520995448,
        37.79567720427226,
        25.582498418042746,
        38.96111101609446,
        49.08728342657793,
        39.94599947216994,
        40.291947479309194,
        37.22196498930916,
        40.15713436820586,
        38.156353581746814,
        28.258002974431328,
        43.15351808871285,
        55.21856825207805,
        40.15748937570624,
        35.193479851168405,
        38.47696272501585,
        44.10384529514476,
        45.573197750953895,
        37.77738082586071,
        36.881459476705906,
        40.294513271903796,
        40.49986157172869,
        33.61705010180836,
        39.93578302054842,
        26.769954815138085,
        29.708341341774492,
        35.89882268308353,
        33.22715683398832,
        43.53149331027515,
        42.40765748742117,
        38.85888798010383,
        37.77778589985938,
        40.14869431246232,
        33.94907074530095,
        37.36626309652516,
        32.37532295503182,
        52.569948846444724,
        38.890059358618586,
        44.07469234579476,
        34.93813175235654,
        45.49354520111078,
        40.036921333855176,
        41.71932768320544,
        40.13322667568072,
        62.828237483604866,
        40.55931515798539,
        40.04554709198494,
        37.335109966027225,
        44.50468462551699,
        40.28040882140347,
        42.41038630883333,
        40.27085401213834,
        45.06428854766571,
        34.456285310130056,
        37.12521108690367,
        37.440105505212074,
        40.27287246988425
    ]
}