{
    "Est_name": "SVR",
    "Run": 15,
    "Seed": 3582,
    "Est_params": {
        "gamma": 6.0242657782907004e-05,
        "C": 116.42186552321263,
        "epsilon": 0.988910307240802
    },
    "R2": 0.5753243631562756,
    "R": 0.760961881592971,
    "MAPE": 0.12185253003436139,
    "RMSE": 5.9816939262463515,
    "y_test": [
        56.0,
        46.11,
        58.5,
        33.0,
        54.04,
        47.0,
        41.0,
        40.0,
        42.5,
        38.0,
        31.59,
        41.23,
        40.52,
        33.41,
        38.78,
        53.5,
        31.8,
        34.5,
        27.12,
        33.5,
        56.25,
        57.1,
        35.0,
        44.0,
        43.65,
        40.5,
        32.25,
        41.8,
        39.3,
        28.0,
        50.75,
        18.52,
        43.64,
        50.5,
        43.4,
        41.89,
        39.8,
        40.39,
        56.38,
        52.0,
        41.16,
        27.5,
        41.89,
        53.5,
        40.1,
        35.0,
        59.0,
        34.5,
        39.12,
        45.8,
        33.0,
        43.5,
        46.0,
        57.96,
        44.6,
        26.75,
        35.25,
        41.95,
        25.81,
        34.5,
        42.0,
        43.66,
        26.5,
        33.0,
        29.02,
        27.7,
        52.5,
        36.0,
        39.5
    ],
    "y_pred": [
        54.51260262326741,
        45.10903908823323,
        54.660965360891936,
        35.60287201031632,
        47.83937862876566,
        44.89200547903234,
        44.65367348962905,
        37.84808416325623,
        40.15105904749534,
        39.624042995405276,
        39.63651184578076,
        45.17565943644972,
        39.47848833089956,
        40.23019303134484,
        36.99798259361204,
        53.26699420555187,
        30.48659938784752,
        41.00078290996328,
        42.159362256510576,
        35.2317189929134,
        55.36150084941995,
        46.45562294940997,
        40.80589633240954,
        31.086403358282396,
        42.48881416538804,
        39.78512093665481,
        37.76297419854917,
        38.7312771405548,
        38.134870913006914,
        32.40841612207912,
        46.64458441897713,
        33.97196991036195,
        37.81077714887892,
        50.29412099446302,
        43.46989001694917,
        41.888152374660464,
        45.117756710919664,
        39.986616992009594,
        55.33182084054116,
        46.57763322769841,
        43.044684442364826,
        44.486735114093655,
        42.8136081679381,
        49.80964265749915,
        39.47790978055821,
        37.437205662424184,
        59.135832424207734,
        33.0474673984607,
        42.01123915148341,
        36.54457301613392,
        32.2828143007888,
        46.36978488000093,
        37.154638258986054,
        59.04407866786188,
        36.234074237436104,
        29.844145522355735,
        32.484462038200434,
        36.35414084432946,
        37.70971261388087,
        38.01063894384741,
        43.441716116557416,
        36.13529147431692,
        29.48801071047475,
        38.6162484333829,
        27.59328601695833,
        46.753216449035016,
        49.9573669958281,
        33.98006908950403,
        40.36459251574779
    ]
}