{
    "Est_name": "SVR",
    "Run": 31,
    "Seed": 5574,
    "Est_params": {
        "gamma": 5.145079857054513e-05,
        "C": 222.76318603014624,
        "epsilon": 0.8670552544804965
    },
    "R2": 0.6542443036633654,
    "R": 0.8104584760667732,
    "MAPE": 0.11661903446253681,
    "RMSE": 5.484763374848014,
    "y_test": [
        48.0,
        39.5,
        26.5,
        41.04,
        38.82,
        36.5,
        37.5,
        30.0,
        18.52,
        50.5,
        34.25,
        42.2,
        16.58,
        49.0,
        42.0,
        13.33,
        39.5,
        42.5,
        41.23,
        39.0,
        22.67,
        44.6,
        52.5,
        32.25,
        27.4,
        48.7,
        42.56,
        50.2,
        41.95,
        47.0,
        45.5,
        40.75,
        33.5,
        45.0,
        42.75,
        56.5,
        43.47,
        42.25,
        55.5,
        43.5,
        44.95,
        39.0,
        42.03,
        35.5,
        32.5,
        33.4,
        45.25,
        43.5,
        40.5,
        49.5,
        48.0,
        53.25,
        41.0,
        53.5,
        39.8,
        32.0,
        43.64,
        33.5,
        30.25,
        53.5,
        30.0,
        58.59,
        40.75,
        33.41,
        49.0,
        32.0,
        51.0,
        48.0,
        26.5
    ],
    "y_pred": [
        53.429113043201895,
        36.63499005156307,
        24.633952571874293,
        40.29113039222092,
        36.88767375998073,
        41.97352982242909,
        41.76054238518759,
        33.83175297369186,
        24.963638204329953,
        50.57151510174333,
        34.89290089016053,
        40.81629829579812,
        30.811964207054306,
        50.69839441659663,
        41.75634214701639,
        39.90719455189897,
        41.941875835417946,
        41.60060392526531,
        47.35122911563021,
        40.37847821068445,
        24.384697886686993,
        44.38887936660802,
        49.079493367185556,
        36.76125990645732,
        33.485776786273654,
        44.353279543029515,
        42.22636347062428,
        44.58476364325525,
        38.7845988791429,
        44.43245692534285,
        46.30617618972806,
        44.34445294321652,
        31.55912695458229,
        45.03476961068588,
        40.103857248814975,
        50.4236479418134,
        35.96946273290346,
        35.51618693416436,
        52.992468598354606,
        30.259442131316202,
        44.147243824753055,
        40.842924439032885,
        39.68425074937495,
        42.52663710659551,
        31.96309966378564,
        36.56581412791779,
        44.88825245616949,
        47.0886992130327,
        40.690570421893106,
        50.155643572857336,
        36.88995165299164,
        54.73310881833111,
        41.27464096672471,
        51.4203426002692,
        42.47634576537832,
        34.088267481493695,
        36.57257738594111,
        37.11944004313402,
        30.887116937165295,
        54.28663031601789,
        30.0448205242242,
        59.959764170612715,
        43.16098432192783,
        39.17448637462431,
        51.9268921386415,
        32.91190350984572,
        39.125914746684444,
        49.413262015833396,
        27.031724770643912
    ]
}