{
    "arquivo": "E-n23-k3",
    "media_distancia": 514.4962837453264,
    "desvio_padrao_distancia": 20.65493688365743,
    "minimo_distancia": 488.0636989821199,
    "maximo_distancia": 568.6579835910063,
    "media_tempo": 30.406700789928436,
    "desvio_padrao_tempo": 0.5295917000892634,
    "execucao_melhor_rota": 11,
    "capacidade_veiculo": 4500,
    "resultados_execucoes": [
        {
            "execucao": 1,
            "distancia": 539.3315417527751,
            "rota": [
                1,
                23,
                18,
                15,
                31,
                16,
                17,
                4,
                3,
                2,
                7,
                1,
                11,
                8,
                1,
                9,
                5,
                6,
                10,
                14,
                12,
                13,
                28,
                21,
                20,
                19,
                25,
                22,
                1
            ],
            "tempo_execucao": 30.276936054229736,
            "carga_por_rota": [
                1519,
                4450,
                4220
            ]
        },
        {
            "execucao": 2,
            "distancia": 539.4673445635829,
            "rota": [
                1,
                23,
                18,
                15,
                31,
                16,
                17,
                4,
                3,
                2,
                7,
                1,
                11,
                13,
                1,
                12,
                14,
                10,
                6,
                5,
                9,
                8,
                28,
                21,
                20,
                19,
                27,
                22,
                1
            ],
            "tempo_execucao": 29.773355960845947,
            "carga_por_rota": [
                1519,
                4400,
                4270
            ]
        },
        {
            "execucao": 3,
            "distancia": 502.68972394245793,
            "rota": [
                1,
                14,
                11,
                1,
                22,
                19,
                20,
                23,
                21,
                18,
                15,
                16,
                17,
                4,
                3,
                2,
                7,
                6,
                5,
                9,
                8,
                12,
                1,
                10,
                13,
                1
            ],
            "tempo_execucao": 30.531879901885986,
            "carga_por_rota": [
                4350,
                4439,
                1400
            ]
        },
        {
            "execucao": 4,
            "distancia": 495.79980174202854,
            "rota": [
                1,
                13,
                19,
                20,
                21,
                23,
                30,
                15,
                18,
                16,
                17,
                4,
                3,
                2,
                7,
                14,
                10,
                1,
                22,
                8,
                9,
                5,
                6,
                12,
                1,
                11,
                1
            ],
            "tempo_execucao": 30.27649426460266,
            "carga_por_rota": [
                4389,
                1700,
                4100
            ]
        },
        {
            "execucao": 5,
            "distancia": 503.3996031866948,
            "rota": [
                1,
                10,
                14,
                12,
                1,
                11,
                13,
                1,
                19,
                20,
                21,
                23,
                18,
                15,
                16,
                17,
                4,
                3,
                2,
                7,
                8,
                9,
                5,
                6,
                22,
                1
            ],
            "tempo_execucao": 29.93061351776123,
            "carga_por_rota": [
                1575,
                4400,
                4214
            ]
        },
        {
            "execucao": 6,
            "distancia": 514.6430888420429,
            "rota": [
                1,
                13,
                10,
                14,
                7,
                2,
                4,
                3,
                17,
                15,
                31,
                16,
                18,
                23,
                21,
                20,
                19,
                1,
                22,
                8,
                9,
                5,
                6,
                12,
                1,
                11,
                1
            ],
            "tempo_execucao": 30.419543266296387,
            "carga_por_rota": [
                4389,
                1700,
                4100
            ]
        },
        {
            "execucao": 7,
            "distancia": 568.6579835910063,
            "rota": [
                1,
                12,
                14,
                10,
                8,
                9,
                6,
                5,
                26,
                22,
                19,
                21,
                23,
                18,
                15,
                1,
                20,
                17,
                16,
                4,
                3,
                2,
                7,
                13,
                1,
                11,
                1
            ],
            "tempo_execucao": 30.962912797927856,
            "carga_por_rota": [
                4495,
                1594,
                4100
            ]
        },
        {
            "execucao": 8,
            "distancia": 523.4105604992374,
            "rota": [
                1,
                12,
                14,
                10,
                6,
                5,
                9,
                8,
                28,
                19,
                20,
                21,
                23,
                30,
                18,
                1,
                22,
                25,
                13,
                7,
                2,
                3,
                4,
                17,
                16,
                15,
                1,
                11,
                1
            ],
            "tempo_execucao": 29.821030616760254,
            "carga_por_rota": [
                4420,
                1669,
                4100
            ]
        },
        {
            "execucao": 9,
            "distancia": 499.47592394422986,
            "rota": [
                1,
                14,
                11,
                1,
                22,
                19,
                20,
                23,
                21,
                18,
                15,
                16,
                17,
                3,
                4,
                2,
                7,
                12,
                5,
                6,
                9,
                8,
                1,
                10,
                13,
                1
            ],
            "tempo_execucao": 30.225316762924194,
            "carga_por_rota": [
                4350,
                4439,
                1400
            ]
        },
        {
            "execucao": 10,
            "distancia": 516.2941277255209,