{
    "arquivo": "E-n23-k3",
    "media_distancia": 601.6272715093094,
    "desvio_padrao_distancia": 19.19542620879495,
    "minimo_distancia": 590.3862975283145,
    "maximo_distancia": 657.0869678102924,
    "media_tempo": 31.75970116853714,
    "desvio_padrao_tempo": 0.8209951282618544,
    "execucao_melhor_rota": 10,
    "capacidade_veiculo": 4500,
    "resultados_execucoes": [
        {
            "execucao": 1,
            "distancia": 591.5698976695851,
            "rota": [
                1,
                7,
                2,
                3,
                4,
                17,
                16,
                18,
                15,
                31,
                23,
                21,
                20,
                19,
                1,
                11,
                14,
                1,
                8,
                22,
                5,
                6,
                9,
                26,
                10,
                12,
                13,
                1
            ],
            "tempo_execucao": 32.21750855445862,
            "carga_por_rota": [
                2739,
                4350,
                3100
            ]
        },
        {
            "execucao": 2,
            "distancia": 595.4283123484629,
            "rota": [
                1,
                19,
                20,
                23,
                21,
                30,
                18,
                15,
                17,
                16,
                4,
                3,
                2,
                7,
                29,
                12,
                13,
                1,
                11,
                14,
                1,
                22,
                5,
                6,
                9,
                26,
                10,
                8,
                1
            ],
            "tempo_execucao": 31.8929443359375,
            "carga_por_rota": [
                3264,
                4350,
                2575
            ]
        },
        {
            "execucao": 3,
            "distancia": 591.5698976695851,
            "rota": [
                1,
                7,
                2,
                3,
                4,
                17,
                16,
                18,
                15,
                31,
                23,
                21,
                20,
                19,
                1,
                11,
                14,
                1,
                8,
                22,
                5,
                6,
                9,
                26,
                10,
                12,
                13,
                1
            ],
            "tempo_execucao": 32.56625723838806,
            "carga_por_rota": [
                2739,
                4350,
                3100
            ]
        },
        {
            "execucao": 4,
            "distancia": 593.9131940835039,
            "rota": [
                1,
                13,
                12,
                10,
                6,
                5,
                9,
                8,
                25,
                22,
                1,
                11,
                14,
                1,
                7,
                2,
                3,
                4,
                17,
                16,
                18,
                15,
                31,
                23,
                21,
                20,
                19,
                1
            ],
            "tempo_execucao": 31.41010856628418,
            "carga_por_rota": [
                3100,
                4350,
                2739
            ]
        },
        {
            "execucao": 5,
            "distancia": 593.9131940835038,
            "rota": [
                1,
                7,
                2,
                3,
                4,
                17,
                16,
                18,
                15,
                31,
                23,
                21,
                20,
                19,
                1,
                11,
                14,
                1,
                13,
                12,
                10,
                6,
                5,
                9,
                8,
                25,
                22,
                1
            ],
            "tempo_execucao": 31.768826007843018,
            "carga_por_rota": [
                2739,
                4350,
                3100
            ]
        },
        {
            "execucao": 6,
            "distancia": 657.0869678102924,
            "rota": [
                1,
                13,
                12,
                14,
                10,
                6,
                5,
                9,
                8,
                25,
                22,
                1,
                11,
                7,
                2,
                1,
                19,
                20,
                21,
                23,
                31,
                17,
                16,
                18,
                15,
                4,
                3,
                1
            ],
            "tempo_execucao": 30.445892333984375,
            "carga_por_rota": [
                3350,
                4400,
                2439
            ]
        },
        {
            "execucao": 7,
            "distancia": 591.5698976695851,
            "rota": [
                1,
                7,
                2,
                3,
                4,
                17,
                16,
                18,
                15,
                31,
                23,
                21,
                20,
                19,
                1,
                11,
                14,
                1,
                8,
                22,
                5,
                6,
                9,
                26,
                10,
                12,
                13,
                1
            ],
            "tempo_execucao": 32.908363580703735,
            "carga_por_rota": [
                2739,
                4350,
                3100
            ]
        },
        {
            "execucao": 8,
            "distancia": 594.4240774571425,
            "rota": [
                1,
                19,
                20,
                23,
                21,
                31,
                15,
                18,
                16,
                17,
                4,
                3,
                2,
                7,
                1,
                11,
                14,
                1,
                13,
                12,
                10,
                6,
                5,
                9,
                8,
                25,
                22,
                1
            ],
            "tempo_execucao": 30.962379455566406,
            "carga_por_rota": [
                2739,
                4350,
                3100
            ]
        },
        {
            "execucao": 9,
            "distancia": 594.4240774571425,
            "rota": [
                1,
                19,
                20,
                23,
                21,
                31,
                15,
                18,
                16,
                17,
                4,
                3,
                2,
                7,
                1,
                11,
                14,
                1,
                13,
                12,
                10,
                6,
                5,
                9,
                8,
                25,
                22,
                1
            ],
            "tempo_execucao": 30.984861373901367,
            "carga_por_rota": [
                2739,
                4350,
                3100
            ]
        },
        {
            "execucao": 10,