{
    "arquivo": "E-n23-k3",
    "media_distancia": 613.3526877099026,
    "desvio_padrao_distancia": 57.089392530626796,
    "minimo_distancia": 531.5677811254387,
    "maximo_distancia": 776.8063190763093,
    "media_tempo": 24.120052134990694,
    "desvio_padrao_tempo": 2.079345884937632,
    "execucao_melhor_rota": 4,
    "capacidade_veiculo": 4500,
    "resultados_execucoes": [
        {
            "execucao": 1,
            "distancia": 575.9472187437798,
            "rota": [
                1,
                12,
                13,
                1,
                11,
                19,
                1,
                20,
                21,
                16,
                17,
                4,
                2,
                7,
                14,
                10,
                6,
                5,
                9,
                8,
                1,
                22,
                3,
                32,
                15,
                18,
                23,
                1
            ],
            "tempo_execucao": 20.32736301422119,
            "carga_por_rota": [
                525,
                4220,
                4360,
                1084
            ]
        },
        {
            "execucao": 2,
            "distancia": 569.320240376757,
            "rota": [
                1,
                11,
                13,
                1,
                22,
                8,
                6,
                5,
                9,
                10,
                12,
                14,
                7,
                2,
                4,
                17,
                16,
                18,
                15,
                3,
                1,
                20,
                21,
                23,
                30,
                19,
                1
            ],
            "tempo_execucao": 21.946901082992554,
            "carga_por_rota": [
                4400,
                4494,
                1295
            ]
        },
        {
            "execucao": 3,
            "distancia": 558.5744943296899,
            "rota": [
                1,
                19,
                20,
                21,
                3,
                32,
                15,
                18,
                16,
                17,
                4,
                2,
                7,
                12,
                29,
                14,
                6,
                5,
                9,
                8,
                1,
                23,
                30,
                13,
                11,
                1,
                22,
                10,
                1
            ],
            "tempo_execucao": 23.204652309417725,
            "carga_por_rota": [
                4439,
                4475,
                1275
            ]
        },
        {
            "execucao": 4,
            "distancia": 531.5677811254387,
            "rota": [
                1,
                3,
                17,
                16,
                18,
                15,
                4,
                32,
                2,
                7,
                12,
                14,
                10,
                6,
                5,
                9,
                26,
                22,
                8,
                1,
                23,
                30,
                13,
                21,
                30,
                20,
                19,
                1,
                11,
                1
            ],
            "tempo_execucao": 23.180575132369995,
            "carga_por_rota": [
                4494,
                1595,
                4100
            ]
        },
        {
            "execucao": 5,
            "distancia": 689.676880177845,
            "rota": [
                1,
                11,
                7,
                1,
                10,
                13,
                19,
                21,
                30,
                20,
                22,
                26,
                5,
                6,
                9,
                8,
                14,
                1,
                12,
                17,
                16,
                15,
                18,
                23,
                2,
                4,
                3,
                1
            ],
            "tempo_execucao": 23.448949575424194,
            "carga_por_rota": [
                4275,
                4345,
                1569
            ]
        },
        {
            "execucao": 6,
            "distancia": 670.189965738629,
            "rota": [
                1,
                22,
                19,
                13,
                12,
                1,
                11,
                4,
                3,
                23,
                1,
                20,
                21,
                15,
                16,
                17,
                2,
                7,
                14,
                10,
                6,
                5,
                9,
                1,
                18,
                31,
                8,
                1
            ],
            "tempo_execucao": 23.45801281929016,
            "carga_por_rota": [
                820,
                4319,
                4450,
                600
            ]
        },
        {
            "execucao": 7,
            "distancia": 647.248817111746,
            "rota": [
                1,
                11,
                7,
                1,
                18,
                2,
                3,
                4,
                17,
                16,
                15,
                19,
                13,
                12,
                8,
                22,
                5,
                6,
                9,
                10,
                1,
                14,
                23,
                30,
                20,
                21,
                1
            ],
            "tempo_execucao": 23.89129948616028,
            "carga_por_rota": [
                4275,
                4489,
                1425
            ]
        },
        {
            "execucao": 8,
            "distancia": 612.7910337141302,
            "rota": [
                1,
                19,
                20,
                23,
                21,
                30,
                18,
                16,
                15,
                3,
                17,
                4,
                32,
                2,
                10,
                5,
                9,
                1,
                6,
                8,
                1,
                11,
                22,
                1,
                13,
                12,
                14,
                7,
                1
            ],
            "tempo_execucao": 23.7362117767334,
            "carga_por_rota": [
                4314,
                650,
                4275,
                950
            ]
        },
        {
            "execucao": 9,
            "distancia": 622.0378357621437,
            "rota": [
                1,
                9,
                6,
                5,
                22,
                1,
                11,
                3,
                4,
                17,
                16,
                1,
                18,
                21,
                23,
                20,
                27,
                19,
                2,
                7,
                13,
                12,
                14,
                10,
                8,
                1,
                15,
                1
            ],
            "tempo_execucao": 24.257567882537842,