{
    "arquivo": "E-n23-k3",
    "media_distancia": 527.9698855401218,
    "desvio_padrao_distancia": 22.53688983752996,
    "minimo_distancia": 490.22498115474997,
    "maximo_distancia": 568.6703514152948,
    "media_tempo": 30.282600140571596,
    "desvio_padrao_tempo": 0.8576285905232816,
    "execucao_melhor_rota": 17,
    "capacidade_veiculo": 4500,
    "resultados_execucoes": [
        {
            "execucao": 1,
            "distancia": 544.6724381412718,
            "rota": [
                1,
                8,
                9,
                5,
                6,
                12,
                1,
                11,
                13,
                1,
                20,
                19,
                15,
                31,
                21,
                23,
                18,
                16,
                17,
                4,
                3,
                2,
                7,
                14,
                10,
                22,
                1
            ],
            "tempo_execucao": 31.528860569000244,
            "carga_por_rota": [
                1525,
                4400,
                4264
            ]
        },
        {
            "execucao": 2,
            "distancia": 492.81725403289255,
            "rota": [
                1,
                8,
                9,
                5,
                6,
                12,
                1,
                11,
                13,
                1,
                19,
                20,
                21,
                23,
                18,
                15,
                16,
                17,
                4,
                3,
                2,
                7,
                10,
                14,
                22,
                1
            ],
            "tempo_execucao": 30.806963443756104,
            "carga_por_rota": [
                1525,
                4400,
                4264
            ]
        },
        {
            "execucao": 3,
            "distancia": 508.7835869397579,
            "rota": [
                1,
                12,
                5,
                6,
                9,
                8,
                29,
                7,
                2,
                3,
                4,
                17,
                16,
                18,
                15,
                31,
                23,
                21,
                20,
                19,
                1,
                10,
                14,
                1,
                11,
                22,
                1,
                13,
                1
            ],
            "tempo_execucao": 31.906554460525513,
            "carga_por_rota": [
                4264,
                1350,
                4275,
                300
            ]
        },
        {
            "execucao": 4,
            "distancia": 516.2941277255209,
            "rota": [
                1,
                19,
                20,
                21,
                23,
                30,
                13,
                12,
                14,
                10,
                6,
                5,
                9,
                8,
                1,
                22,
                7,
                2,
                3,
                4,
                17,
                16,
                18,
                15,
                1,
                11,
                1
            ],
            "tempo_execucao": 29.253732442855835,
            "carga_por_rota": [
                4470,
                1619,
                4100
            ]
        },
        {
            "execucao": 5,
            "distancia": 548.2388786685508,
            "rota": [
                1,
                13,
                7,
                2,
                3,
                4,
                17,
                16,
                15,
                1,
                11,
                19,
                1,
                21,
                23,
                20,
                27,
                22,
                5,
                6,
                9,
                26,
                8,
                10,
                14,
                12,
                18,
                1
            ],
            "tempo_execucao": 29.799197673797607,
            "carga_por_rota": [
                1494,
                4220,
                4475
            ]
        },
        {
            "execucao": 6,
            "distancia": 508.30783274812245,
            "rota": [
                1,
                8,
                9,
                6,
                5,
                22,
                1,
                11,
                13,
                1,
                14,
                12,
                7,
                2,
                3,
                4,
                17,
                16,
                15,
                18,
                23,
                21,
                20,
                19,
                10,
                1
            ],
            "tempo_execucao": 28.8719162940979,
            "carga_por_rota": [
                1475,
                4400,
                4314
            ]
        },
        {
            "execucao": 7,
            "distancia": 517.7518392579487,
            "rota": [
                1,
                9,
                5,
                6,
                14,
                12,
                1,
                11,
                1,
                10,
                8,
                13,
                7,
                2,
                3,
                4,
                17,
                16,
                15,
                18,
                23,
                21,
                20,
                19,
                1,
                22,
                1
            ],
            "tempo_execucao": 30.123485803604126,
            "carga_por_rota": [
                1425,
                4100,
                4489,
                175
            ]
        },
        {
            "execucao": 8,
            "distancia": 562.9002256905615,
            "rota": [
                1,
                21,
                18,
                15,
                16,
                32,
                2,
                7,
                14,
                10,
                6,
                5,
                9,
                26,
                8,
                1,
                22,
                19,
                20,
                27,
                23,
                17,
                4,
                3,
                32,
                12,
                13,
                1,
                11,
                1
            ],
            "tempo_execucao": 31.209733247756958,
            "carga_por_rota": [
                4350,
                1739,
                4100
            ]
        },
        {
            "execucao": 9,
            "distancia": 516.2941277255209,
            "rota": [
                1,
                15,
                18,
                16,
                17,
                4,
                3,
                2,
                7,
                1,
                11,
                19,
                1,
                20,
                21,
                23,
                30,
                13,
                12,
                14,
                10,
                6,
                5,
                9,
                8,
                1,
                22,
                1
            ],
            "tempo_execucao": 29.489269256591797,
            "carga_por_rota": [
                1444,
                4220,
                4350,
                175
            ]
        },
        {
            "execucao": 10,
            "distancia": 555.0360989310174,