{
    "arquivo": "E-n23-k3",
    "media_distancia": 706.7792562528489,
    "desvio_padrao_distancia": 56.193736054812405,
    "minimo_distancia": 594.728588039123,
    "maximo_distancia": 814.9434290867093,
    "media_tempo": 28.397700333595274,
    "desvio_padrao_tempo": 2.1400243283869966,
    "execucao_melhor_rota": 13,
    "capacidade_veiculo": 4500,
    "resultados_execucoes": [
        {
            "execucao": 1,
            "distancia": 641.2178780770043,
            "rota": [
                1,
                8,
                9,
                5,
                6,
                10,
                12,
                1,
                11,
                14,
                1,
                7,
                2,
                3,
                4,
                17,
                16,
                18,
                15,
                31,
                23,
                21,
                20,
                19,
                27,
                22,
                13,
                1
            ],
            "tempo_execucao": 25.370229244232178,
            "carga_por_rota": [
                2625,
                4350,
                3214
            ]
        },
        {
            "execucao": 2,
            "distancia": 714.272898642605,
            "rota": [
                1,
                2,
                3,
                7,
                12,
                10,
                9,
                26,
                5,
                6,
                8,
                22,
                24,
                20,
                21,
                23,
                30,
                19,
                1,
                14,
                11,
                1,
                15,
                18,
                16,
                17,
                4,
                32,
                13,
                1
            ],
            "tempo_execucao": 33.00222587585449,
            "carga_por_rota": [
                4479,
                4350,
                1360
            ]
        },
        {
            "execucao": 3,
            "distancia": 786.9021206118618,
            "rota": [
                1,
                11,
                13,
                1,
                8,
                10,
                6,
                5,
                29,
                2,
                4,
                15,
                18,
                23,
                30,
                21,
                20,
                19,
                1,
                3,
                17,
                16,
                28,
                22,
                9,
                14,
                12,
                29,
                7,
                1
            ],
            "tempo_execucao": 32.56904578208923,
            "carga_por_rota": [
                4400,
                4480,
                1309
            ]
        },
        {
            "execucao": 4,
            "distancia": 739.3838951278292,
            "rota": [
                1,
                12,
                22,
                25,
                14,
                6,
                5,
                9,
                29,
                3,
                4,
                17,
                16,
                15,
                18,
                21,
                30,
                23,
                20,
                19,
                1,
                11,
                7,
                2,
                1,
                8,
                10,
                13,
                1
            ],
            "tempo_execucao": 28.765438318252563,
            "carga_por_rota": [
                4039,
                4400,
                1750
            ]
        },
        {
            "execucao": 5,
            "distancia": 650.4253851570213,
            "rota": [
                1,
                13,
                7,
                2,
                3,
                4,
                17,
                16,
                18,
                15,
                31,
                23,
                21,
                20,
                27,
                22,
                5,
                6,
                9,
                26,
                8,
                1,
                11,
                14,
                1,
                12,
                10,
                19,
                1
            ],
            "tempo_execucao": 28.60455846786499,
            "carga_por_rota": [
                4394,
                4350,
                1445
            ]
        },
        {
            "execucao": 6,
            "distancia": 655.3560477584642,
            "rota": [
                1,
                19,
                20,
                15,
                21,
                30,
                23,
                18,
                16,
                4,
                17,
                3,
                32,
                2,
                7,
                1,
                11,
                14,
                1,
                13,
                12,
                10,
                6,
                5,
                9,
                8,
                25,
                22,
                1
            ],
            "tempo_execucao": 28.15497326850891,
            "carga_por_rota": [
                2739,
                4350,
                3100
            ]
        },
        {
            "execucao": 7,
            "distancia": 734.5939694026999,
            "rota": [
                1,
                22,
                5,
                6,
                26,
                8,
                10,
                14,
                2,
                7,
                4,
                3,
                32,
                16,
                17,
                18,
                15,
                13,
                1,
                20,
                21,
                23,
                30,
                19,
                1,
                11,
                9,
                12,
                1
            ],
            "tempo_execucao": 27.646341562271118,
            "carga_por_rota": [
                4419,
                1295,
                4475
            ]
        },
        {
            "execucao": 8,
            "distancia": 744.9332577501797,
            "rota": [
                1,
                12,
                14,
                3,
                17,
                4,
                2,
                32,
                16,
                15,
                18,
                7,
                29,
                10,
                6,
                5,
                9,
                8,
                1,
                11,
                13,
                1,
                19,
                21,
                23,
                20,
                27,
                22,
                1
            ],
            "tempo_execucao": 28.219189882278442,
            "carga_por_rota": [
                4319,
                4400,
                1470
            ]
        },
        {
            "execucao": 9,
            "distancia": 652.0222799769413,
            "rota": [
                1,
                21,
                23,
                20,
                27,
                22,
                5,
                6,
                9,
                26,
                8,
                10,
                14,
                12,
                1,
                13,
                11,
                1,
                7,
                2,
                3,
                4,
                17,
                16,
                18,
                15,
                31,
                19,
                1
            ],
            "tempo_execucao": 27.686970710754395,