{
    "arquivo": "E-n23-k3",
    "media_distancia": 566.462471115279,
    "desvio_padrao_distancia": 33.305673943574924,
    "minimo_distancia": 518.7818759351893,
    "maximo_distancia": 626.9829368522367,
    "media_tempo": 216.55016617774965,
    "desvio_padrao_tempo": 0.9571989727384814,
    "resultados_execucoes": [
        {
            "execucao": 1,
            "distancia": 564.9046353021517,
            "rota": [
                1,
                28,
                19,
                27,
                20,
                24,
                22,
                25,
                8,
                9,
                26,
                5,
                6,
                10,
                11,
                14,
                12,
                29,
                3,
                17,
                16,
                18,
                23,
                30,
                21,
                31,
                15,
                4,
                32,
                2,
                7,
                13,
                1
            ],
            "tempo_execucao": 218.41676139831543
        },
        {
            "execucao": 2,
            "distancia": 545.8112852067686,
            "rota": [
                1,
                28,
                19,
                27,
                20,
                21,
                30,
                23,
                18,
                31,
                15,
                16,
                17,
                4,
                32,
                3,
                2,
                7,
                29,
                9,
                26,
                6,
                5,
                22,
                24,
                25,
                8,
                10,
                11,
                14,
                12,
                13,
                1
            ],
            "tempo_execucao": 217.6861355304718
        },
        {
            "execucao": 3,
            "distancia": 518.7818759351893,
            "rota": [
                1,
                13,
                24,
                22,
                25,
                8,
                9,
                26,
                5,
                6,
                10,
                11,
                14,
                12,
                29,
                7,
                2,
                3,
                32,
                4,
                17,
                16,
                15,
                31,
                18,
                23,
                30,
                21,
                20,
                27,
                19,
                28,
                1
            ],
            "tempo_execucao": 216.4465787410736
        },
        {
            "execucao": 4,
            "distancia": 559.6257079916915,
            "rota": [
                1,
                13,
                12,
                10,
                11,
                14,
                29,
                7,
                2,
                3,
                32,
                4,
                17,
                16,
                15,
                31,
                18,
                23,
                30,
                21,
                20,
                27,
                19,
                8,
                9,
                26,
                6,
                5,
                25,
                22,
                24,
                28,
                1
            ],
            "tempo_execucao": 216.8480908870697
        },
        {
            "execucao": 5,
            "distancia": 519.3045834937502,
            "rota": [
                1,
                24,
                22,
                25,
                8,
                9,
                26,
                5,
                6,
                10,
                11,
                14,
                12,
                29,
                7,
                2,
                3,
                32,
                4,
                17,
                16,
                15,
                31,
                18,
                23,
                30,
                21,
                20,
                27,
                19,
                28,
                13,
                1
            ],
            "tempo_execucao": 218.20343589782715
        },
        {
            "execucao": 6,
            "distancia": 546.9585937231093,
            "rota": [
                1,
                28,
                19,
                21,
                30,
                23,
                20,
                27,
                24,
                22,
                25,
                8,
                9,
                26,
                5,
                6,
                10,
                11,
                14,
                12,
                29,
                7,
                2,
                3,
                32,
                4,
                17,
                16,
                18,
                15,
                31,
                13,
                1
            ],
            "tempo_execucao": 216.283269405365
        },
        {
            "execucao": 7,
            "distancia": 610.4676996826219,
            "rota": [
                1,
                12,
                29,
                14,
                11,
                10,
                13,
                19,
                27,
                20,
                21,
                30,
                23,
                18,
                31,
                15,
                16,
                17,
                4,
                32,
                3,
                2,
                7,
                28,
                24,
                22,
                25,
                5,
                6,
                26,
                9,
                8,
                1
            ],
            "tempo_execucao": 216.60024166107178
        },
        {
            "execucao": 8,
            "distancia": 548.4078067662891,
            "rota": [
                1,
                8,
                9,
                26,
                5,
                6,
                10,
                11,
                14,
                29,
                7,
                2,
                3,
                32,
                4,
                17,
                16,
                15,
                31,
                18,
                23,
                30,
                21,
                20,
                27,
                19,
                24,
                22,
                25,
                12,
                13,
                28,
                1
            ],
            "tempo_execucao": 216.33455348014832
        },
        {
            "execucao": 9,
            "distancia": 626.9829368522367,
            "rota": [
                1,
                28,
                31,
                15,
                18,
                16,
                17,
                4,
                32,
                3,
                2,
                7,
                29,
                14,
                8,
                25,
                22,
                24,
                20,
                23,
                30,
                21,
                27,
                19,
                13,
                12,
                11,
                10,
                6,
                5,
                26,
                9,
                1
            ],
            "tempo_execucao": 215.88542890548706
        },
        {
            "execucao": 10,
            "distancia": 578.5250782871365,