{
    "arquivo": "E-n23-k3",
    "media_distancia": 629.7138464082943,
    "desvio_padrao_distancia": 29.608335735753034,
    "minimo_distancia": 591.5698976695851,
    "maximo_distancia": 711.3191275464839,
    "media_tempo": 28.246728575229646,
    "desvio_padrao_tempo": 1.0557832150236404,
    "execucao_melhor_rota": 12,
    "capacidade_veiculo": 4500,
    "resultados_execucoes": [
        {
            "execucao": 1,
            "distancia": 647.8966106531166,
            "rota": [
                1,
                7,
                3,
                2,
                4,
                16,
                17,
                15,
                31,
                18,
                21,
                23,
                20,
                27,
                19,
                22,
                5,
                6,
                9,
                26,
                8,
                1,
                11,
                12,
                1,
                13,
                10,
                14,
                1
            ],
            "tempo_execucao": 27.09516215324402,
            "carga_por_rota": [
                4214,
                4325,
                1650
            ]
        },
        {
            "execucao": 2,
            "distancia": 617.9727782209386,
            "rota": [
                1,
                13,
                12,
                7,
                3,
                2,
                16,
                17,
                4,
                32,
                15,
                18,
                23,
                21,
                20,
                27,
                19,
                1,
                11,
                14,
                1,
                22,
                5,
                6,
                9,
                26,
                10,
                8,
                1
            ],
            "tempo_execucao": 27.829989910125732,
            "carga_por_rota": [
                3264,
                4350,
                2575
            ]
        },
        {
            "execucao": 3,
            "distancia": 607.5727239123837,
            "rota": [
                1,
                22,
                5,
                6,
                9,
                26,
                8,
                1,
                11,
                12,
                1,
                13,
                10,
                14,
                7,
                2,
                3,
                17,
                16,
                4,
                32,
                15,
                18,
                23,
                21,
                20,
                27,
                19,
                1
            ],
            "tempo_execucao": 28.48417615890503,
            "carga_por_rota": [
                1475,
                4325,
                4389
            ]
        },
        {
            "execucao": 4,
            "distancia": 644.7019092967154,
            "rota": [
                1,
                12,
                7,
                2,
                3,
                17,
                4,
                16,
                15,
                31,
                18,
                21,
                23,
                20,
                27,
                19,
                1,
                11,
                13,
                1,
                10,
                14,
                8,
                9,
                6,
                5,
                26,
                22,
                1
            ],
            "tempo_execucao": 27.79793071746826,
            "carga_por_rota": [
                2964,
                4400,
                2825
            ]
        },
        {
            "execucao": 5,
            "distancia": 599.4652710820044,
            "rota": [
                1,
                19,
                20,
                23,
                21,
                30,
                18,
                15,
                16,
                17,
                4,
                3,
                2,
                7,
                29,
                13,
                1,
                11,
                8,
                1,
                22,
                5,
                6,
                9,
                26,
                10,
                14,
                12,
                1
            ],
            "tempo_execucao": 27.943039894104004,
            "carga_por_rota": [
                3039,
                4450,
                2700
            ]
        },
        {
            "execucao": 6,
            "distancia": 618.9235491299112,
            "rota": [
                1,
                3,
                4,
                17,
                16,
                15,
                18,
                21,
                30,
                23,
                20,
                19,
                1,
                11,
                2,
                7,
                1,
                8,
                22,
                5,
                6,
                9,
                26,
                10,
                14,
                12,
                13,
                1
            ],
            "tempo_execucao": 28.7759268283844,
            "carga_por_rota": [
                2439,
                4400,
                3350
            ]
        },
        {
            "execucao": 7,
            "distancia": 671.3705938657307,
            "rota": [
                1,
                13,
                7,
                2,
                4,
                17,
                16,
                18,
                15,
                31,
                3,
                1,
                11,
                14,
                1,
                12,
                10,
                9,
                5,
                6,
                8,
                25,
                22,
                19,
                20,
                30,
                23,
                21,
                1
            ],
            "tempo_execucao": 29.676887273788452,
            "carga_por_rota": [
                1744,
                4350,
                4095
            ]
        },
        {
            "execucao": 8,
            "distancia": 641.1313080895565,
            "rota": [
                1,
                8,
                9,
                6,
                5,
                22,
                25,
                13,
                1,
                11,
                12,
                1,
                10,
                14,
                3,
                2,
                7,
                4,
                32,
                17,
                16,
                15,
                18,
                23,
                21,
                30,
                20,
                19,
                1
            ],
            "tempo_execucao": 29.087040662765503,
            "carga_por_rota": [
                1775,
                4325,
                4089
            ]
        },
        {
            "execucao": 9,
            "distancia": 642.6724931473988,
            "rota": [
                1,
                13,
                7,
                2,
                3,
                4,
                15,
                17,
                16,
                32,
                18,
                23,
                21,
                20,
                27,
                19,
                1,
                11,
                14,
                1,
                12,
                10,
                9,
                5,
                6,
                8,
                25,
                22,
                1
            ],
            "tempo_execucao": 28.21962022781372,