{
    "arquivo": "E-n23-k3",
    "media_distancia": 546.3922810104217,
    "desvio_padrao_distancia": 19.606444892682777,
    "minimo_distancia": 518.7818759351892,
    "maximo_distancia": 596.0247773303817,
    "media_tempo": 107.43218277692795,
    "desvio_padrao_tempo": 6.227103343880422,
    "execucao_melhor_rota": 5,
    "resultados_execucoes": [
        {
            "execucao": 1,
            "distancia": 525.194061982287,
            "rota": [
                1,
                12,
                14,
                11,
                10,
                6,
                5,
                26,
                9,
                8,
                25,
                22,
                24,
                19,
                27,
                20,
                21,
                30,
                23,
                18,
                31,
                15,
                16,
                17,
                4,
                32,
                3,
                2,
                7,
                29,
                13,
                28,
                1
            ],
            "tempo_execucao": 110.88380265235901
        },
        {
            "execucao": 2,
            "distancia": 538.9298815246038,
            "rota": [
                1,
                28,
                19,
                27,
                20,
                21,
                30,
                23,
                18,
                31,
                15,
                16,
                17,
                4,
                32,
                3,
                2,
                7,
                29,
                14,
                11,
                10,
                6,
                5,
                26,
                9,
                8,
                25,
                22,
                24,
                12,
                13,
                1
            ],
            "tempo_execucao": 108.4621524810791
        },
        {
            "execucao": 3,
            "distancia": 558.6903353463006,
            "rota": [
                1,
                13,
                12,
                29,
                14,
                11,
                10,
                6,
                5,
                26,
                9,
                8,
                25,
                22,
                24,
                27,
                20,
                21,
                30,
                23,
                18,
                16,
                17,
                4,
                32,
                2,
                7,
                3,
                15,
                31,
                19,
                28,
                1
            ],
            "tempo_execucao": 108.72044324874878
        },
        {
            "execucao": 4,
            "distancia": 568.7980655558042,
            "rota": [
                1,
                28,
                19,
                31,
                15,
                3,
                32,
                4,
                17,
                16,
                18,
                23,
                30,
                21,
                20,
                27,
                24,
                22,
                25,
                8,
                9,
                26,
                5,
                6,
                10,
                11,
                14,
                12,
                29,
                7,
                2,
                13,
                1
            ],
            "tempo_execucao": 108.58070135116577
        },
        {
            "execucao": 5,
            "distancia": 518.7818759351892,
            "rota": [
                1,
                28,
                19,
                27,
                20,
                21,
                30,
                23,
                18,
                31,
                15,
                16,
                17,
                4,
                32,
                3,
                2,
                7,
                29,
                12,
                14,
                11,
                10,
                6,
                5,
                26,
                9,
                8,
                25,
                22,
                24,
                13,
                1
            ],
            "tempo_execucao": 109.27325510978699
        },
        {
            "execucao": 6,
            "distancia": 534.7283154713642,
            "rota": [
                1,
                24,
                22,
                25,
                8,
                9,
                26,
                5,
                6,
                10,
                11,
                14,
                12,
                13,
                29,
                7,
                2,
                3,
                32,
                4,
                17,
                16,
                15,
                31,
                18,
                23,
                30,
                21,
                20,
                27,
                19,
                28,
                1
            ],
            "tempo_execucao": 108.01985716819763
        },
        {
            "execucao": 7,
            "distancia": 550.3852109104308,
            "rota": [
                1,
                13,
                12,
                10,
                11,
                14,
                29,
                7,
                2,
                3,
                32,
                4,
                17,
                16,
                15,
                31,
                18,
                23,
                30,
                21,
                20,
                27,
                24,
                22,
                25,
                5,
                6,
                26,
                9,
                8,
                19,
                28,
                1
            ],
            "tempo_execucao": 105.5105791091919
        },
        {
            "execucao": 8,
            "distancia": 568.7227299955316,
            "rota": [
                1,
                13,
                12,
                3,
                17,
                16,
                4,
                32,
                2,
                7,
                29,
                14,
                11,
                10,
                6,
                5,
                26,
                9,
                8,
                25,
                22,
                24,
                27,
                20,
                21,
                30,
                23,
                18,
                15,
                31,
                19,
                28,
                1
            ],
            "tempo_execucao": 105.4878888130188
        },
        {
            "execucao": 9,
            "distancia": 531.2795851533058,
            "rota": [
                1,
                28,
                19,
                27,
                20,
                21,
                30,
                23,
                18,
                31,
                15,
                16,
                17,
                4,
                32,
                3,
                2,
                7,
                29,
                14,
                11,
                10,
                9,
                26,
                6,
                5,
                22,
                24,
                25,
                8,
                12,
                13,
                1
            ],
            "tempo_execucao": 104.98040175437927
        },
        {
            "execucao": 10,
            "distancia": 596.0247773303817,