{
    "arquivo": "E-n23-k3",
    "media_distancia": 549.2865278674492,
    "desvio_padrao_distancia": 23.552211685631626,
    "minimo_distancia": 523.719575579129,
    "maximo_distancia": 602.6445926723815,
    "media_tempo": 114.01078263521194,
    "desvio_padrao_tempo": 0.9028627891448145,
    "execucao_melhor_rota": 1,
    "resultados_execucoes": [
        {
            "execucao": 1,
            "distancia": 523.719575579129,
            "rota": [
                1,
                28,
                19,
                27,
                20,
                21,
                30,
                23,
                18,
                31,
                15,
                16,
                17,
                4,
                32,
                3,
                2,
                7,
                29,
                12,
                14,
                11,
                10,
                9,
                26,
                6,
                5,
                22,
                24,
                25,
                8,
                13,
                1
            ],
            "tempo_execucao": 112.74503254890442
        },
        {
            "execucao": 2,
            "distancia": 557.6090098147223,
            "rota": [
                1,
                13,
                12,
                29,
                14,
                11,
                10,
                6,
                5,
                26,
                9,
                8,
                25,
                22,
                24,
                27,
                20,
                21,
                30,
                23,
                18,
                31,
                15,
                16,
                17,
                4,
                32,
                2,
                7,
                3,
                19,
                28,
                1
            ],
            "tempo_execucao": 113.45040798187256
        },
        {
            "execucao": 3,
            "distancia": 554.8676728427472,
            "rota": [
                1,
                8,
                9,
                26,
                6,
                5,
                25,
                22,
                24,
                28,
                19,
                27,
                20,
                21,
                30,
                23,
                18,
                31,
                15,
                16,
                17,
                4,
                32,
                3,
                2,
                7,
                29,
                14,
                11,
                10,
                12,
                13,
                1
            ],
            "tempo_execucao": 113.05260825157166
        },
        {
            "execucao": 4,
            "distancia": 558.0123291905531,
            "rota": [
                1,
                28,
                31,
                15,
                18,
                23,
                30,
                21,
                20,
                27,
                19,
                24,
                22,
                25,
                8,
                9,
                26,
                5,
                6,
                10,
                11,
                14,
                12,
                29,
                7,
                2,
                3,
                32,
                4,
                16,
                17,
                13,
                1
            ],
            "tempo_execucao": 113.22647762298584
        },
        {
            "execucao": 5,
            "distancia": 537.039674728879,
            "rota": [
                1,
                8,
                14,
                11,
                10,
                6,
                5,
                26,
                9,
                25,
                22,
                24,
                19,
                27,
                20,
                21,
                30,
                23,
                18,
                31,
                15,
                16,
                17,
                4,
                32,
                3,
                2,
                7,
                29,
                12,
                13,
                28,
                1
            ],
            "tempo_execucao": 112.72306394577026
        },
        {
            "execucao": 6,
            "distancia": 525.2422694676052,
            "rota": [
                1,
                28,
                7,
                2,
                3,
                32,
                4,
                17,
                16,
                15,
                31,
                18,
                23,
                30,
                21,
                20,
                27,
                19,
                24,
                22,
                25,
                8,
                9,
                26,
                5,
                6,
                10,
                11,
                14,
                29,
                12,
                13,
                1
            ],
            "tempo_execucao": 113.9790997505188
        },
        {
            "execucao": 7,
            "distancia": 525.1098838961907,
            "rota": [
                1,
                13,
                12,
                14,
                11,
                10,
                6,
                5,
                26,
                9,
                8,
                25,
                22,
                24,
                19,
                27,
                20,
                21,
                30,
                23,
                18,
                31,
                15,
                16,
                17,
                4,
                32,
                3,
                2,
                7,
                29,
                28,
                1
            ],
            "tempo_execucao": 113.99887323379517
        },
        {
            "execucao": 8,
            "distancia": 534.7283154713642,
            "rota": [
                1,
                28,
                19,
                27,
                20,
                21,
                30,
                23,
                18,
                31,
                15,
                16,
                17,
                4,
                32,
                3,
                2,
                7,
                29,
                13,
                12,
                14,
                11,
                10,
                6,
                5,
                26,
                9,
                8,
                25,
                22,
                24,
                1
            ],
            "tempo_execucao": 114.19438195228577
        },
        {
            "execucao": 9,
            "distancia": 560.3853667489614,
            "rota": [
                1,
                28,
                19,
                31,
                15,
                17,
                16,
                18,
                23,
                30,
                21,
                20,
                27,
                24,
                22,
                25,
                8,
                9,
                26,
                5,
                6,
                10,
                11,
                14,
                12,
                29,
                7,
                2,
                32,
                4,
                3,
                13,
                1
            ],
            "tempo_execucao": 115.34827280044556
        },
        {
            "execucao": 10,
            "distancia": 525.2422694676052,