{
    "arquivo": "E-n23-k3",
    "media_distancia": 545.8187925946504,
    "desvio_padrao_distancia": 21.81688729707368,
    "minimo_distancia": 523.719575579129,
    "maximo_distancia": 607.0451567455586,
    "media_tempo": 99.88847184181213,
    "desvio_padrao_tempo": 0.5468932381566787,
    "execucao_melhor_rota": 5,
    "resultados_execucoes": [
        {
            "execucao": 1,
            "distancia": 532.6014583306339,
            "rota": [
                1,
                28,
                19,
                27,
                20,
                21,
                30,
                23,
                18,
                31,
                15,
                16,
                17,
                4,
                32,
                3,
                2,
                7,
                29,
                12,
                14,
                11,
                10,
                8,
                9,
                26,
                6,
                5,
                22,
                24,
                25,
                13,
                1
            ],
            "tempo_execucao": 99.96058964729309
        },
        {
            "execucao": 2,
            "distancia": 607.0451567455586,
            "rota": [
                1,
                28,
                19,
                27,
                20,
                21,
                30,
                23,
                18,
                15,
                16,
                17,
                4,
                32,
                2,
                7,
                29,
                14,
                11,
                10,
                9,
                26,
                6,
                5,
                22,
                24,
                25,
                8,
                12,
                3,
                31,
                13,
                1
            ],
            "tempo_execucao": 100.65938782691956
        },
        {
            "execucao": 3,
            "distancia": 525.194061982287,
            "rota": [
                1,
                12,
                14,
                11,
                10,
                6,
                5,
                26,
                9,
                8,
                25,
                22,
                24,
                19,
                27,
                20,
                21,
                30,
                23,
                18,
                31,
                15,
                16,
                17,
                4,
                32,
                3,
                2,
                7,
                29,
                13,
                28,
                1
            ],
            "tempo_execucao": 100.6688461303711
        },
        {
            "execucao": 4,
            "distancia": 537.039674728879,
            "rota": [
                1,
                8,
                14,
                11,
                10,
                6,
                5,
                26,
                9,
                25,
                22,
                24,
                19,
                27,
                20,
                21,
                30,
                23,
                18,
                31,
                15,
                16,
                17,
                4,
                32,
                3,
                2,
                7,
                29,
                12,
                13,
                28,
                1
            ],
            "tempo_execucao": 100.60124111175537
        },
        {
            "execucao": 5,
            "distancia": 523.719575579129,
            "rota": [
                1,
                28,
                19,
                27,
                20,
                21,
                30,
                23,
                18,
                31,
                15,
                16,
                17,
                4,
                32,
                3,
                2,
                7,
                29,
                12,
                14,
                11,
                10,
                9,
                26,
                6,
                5,
                22,
                24,
                25,
                8,
                13,
                1
            ],
            "tempo_execucao": 100.8528037071228
        },
        {
            "execucao": 6,
            "distancia": 573.3893778224262,
            "rota": [
                1,
                28,
                31,
                29,
                7,
                2,
                3,
                32,
                4,
                17,
                16,
                15,
                18,
                23,
                30,
                21,
                20,
                27,
                19,
                24,
                22,
                25,
                8,
                9,
                26,
                5,
                6,
                10,
                11,
                14,
                12,
                13,
                1
            ],
            "tempo_execucao": 100.27586317062378
        },
        {
            "execucao": 7,
            "distancia": 573.2090070857673,
            "rota": [
                1,
                28,
                31,
                15,
                4,
                32,
                17,
                16,
                18,
                23,
                30,
                21,
                20,
                27,
                19,
                24,
                22,
                25,
                8,
                9,
                26,
                5,
                6,
                10,
                11,
                14,
                29,
                7,
                2,
                3,
                12,
                13,
                1
            ],
            "tempo_execucao": 99.72626328468323
        },
        {
            "execucao": 8,
            "distancia": 523.719575579129,
            "rota": [
                1,
                28,
                19,
                27,
                20,
                21,
                30,
                23,
                18,
                31,
                15,
                16,
                17,
                4,
                32,
                3,
                2,
                7,
                29,
                12,
                14,
                11,
                10,
                9,
                26,
                6,
                5,
                22,
                24,
                25,
                8,
                13,
                1
            ],
            "tempo_execucao": 100.07567596435547
        },
        {
            "execucao": 9,
            "distancia": 527.3200432882536,
            "rota": [
                1,
                28,
                25,
                22,
                24,
                19,
                27,
                20,
                21,
                30,
                23,
                18,
                31,
                15,
                16,
                17,
                4,
                32,
                3,
                2,
                7,
                29,
                12,
                14,
                11,
                10,
                6,
                5,
                26,
                9,
                8,
                13,
                1
            ],
            "tempo_execucao": 100.52495121955872
        },
        {
            "execucao": 10,
            "distancia": 541.7574930751664,