{
    "arquivo": "E-n23-k3",
    "media_distancia": 542.8944589643412,
    "desvio_padrao_distancia": 20.90371502452686,
    "minimo_distancia": 518.7818759351892,
    "maximo_distancia": 592.0270134213317,
    "media_tempo": 113.35620645284652,
    "desvio_padrao_tempo": 0.7554735176810463,
    "execucao_melhor_rota": 4,
    "resultados_execucoes": [
        {
            "execucao": 1,
            "distancia": 561.3788091879594,
            "rota": [
                1,
                28,
                19,
                24,
                27,
                20,
                21,
                30,
                23,
                18,
                31,
                15,
                16,
                17,
                4,
                32,
                3,
                2,
                7,
                29,
                14,
                11,
                10,
                9,
                26,
                6,
                5,
                22,
                25,
                8,
                12,
                13,
                1
            ],
            "tempo_execucao": 112.9716284275055
        },
        {
            "execucao": 2,
            "distancia": 523.719575579129,
            "rota": [
                1,
                28,
                19,
                27,
                20,
                21,
                30,
                23,
                18,
                31,
                15,
                16,
                17,
                4,
                32,
                3,
                2,
                7,
                29,
                12,
                14,
                11,
                10,
                9,
                26,
                6,
                5,
                22,
                24,
                25,
                8,
                13,
                1
            ],
            "tempo_execucao": 113.26198053359985
        },
        {
            "execucao": 3,
            "distancia": 554.674360595598,
            "rota": [
                1,
                28,
                31,
                15,
                18,
                23,
                30,
                21,
                20,
                27,
                19,
                24,
                22,
                25,
                8,
                9,
                26,
                5,
                6,
                10,
                11,
                14,
                12,
                29,
                7,
                2,
                32,
                4,
                16,
                17,
                3,
                13,
                1
            ],
            "tempo_execucao": 113.56227135658264
        },
        {
            "execucao": 4,
            "distancia": 518.7818759351892,
            "rota": [
                1,
                28,
                19,
                27,
                20,
                21,
                30,
                23,
                18,
                31,
                15,
                16,
                17,
                4,
                32,
                3,
                2,
                7,
                29,
                12,
                14,
                11,
                10,
                6,
                5,
                26,
                9,
                8,
                25,
                22,
                24,
                13,
                1
            ],
            "tempo_execucao": 114.36530089378357
        },
        {
            "execucao": 5,
            "distancia": 518.7818759351892,
            "rota": [
                1,
                28,
                19,
                27,
                20,
                21,
                30,
                23,
                18,
                31,
                15,
                16,
                17,
                4,
                32,
                3,
                2,
                7,
                29,
                12,
                14,
                11,
                10,
                6,
                5,
                26,
                9,
                8,
                25,
                22,
                24,
                13,
                1
            ],
            "tempo_execucao": 114.16777157783508
        },
        {
            "execucao": 6,
            "distancia": 542.5169260195582,
            "rota": [
                1,
                12,
                14,
                11,
                10,
                6,
                5,
                26,
                9,
                8,
                25,
                22,
                24,
                27,
                20,
                21,
                30,
                23,
                18,
                31,
                15,
                16,
                17,
                4,
                32,
                3,
                2,
                7,
                29,
                13,
                28,
                19,
                1
            ],
            "tempo_execucao": 113.39496564865112
        },
        {
            "execucao": 7,
            "distancia": 552.9050868266636,
            "rota": [
                1,
                24,
                22,
                25,
                5,
                6,
                26,
                9,
                8,
                13,
                12,
                10,
                11,
                14,
                29,
                7,
                2,
                3,
                32,
                4,
                17,
                16,
                15,
                31,
                18,
                23,
                30,
                21,
                20,
                27,
                19,
                28,
                1
            ],
            "tempo_execucao": 114.50382709503174
        },
        {
            "execucao": 8,
            "distancia": 578.2517971376583,
            "rota": [
                1,
                31,
                21,
                30,
                23,
                18,
                15,
                16,
                17,
                4,
                32,
                3,
                2,
                7,
                29,
                12,
                13,
                8,
                14,
                11,
                10,
                6,
                5,
                26,
                9,
                25,
                22,
                24,
                20,
                27,
                19,
                28,
                1
            ],
            "tempo_execucao": 113.00273609161377
        },
        {
            "execucao": 9,
            "distancia": 537.039674728879,
            "rota": [
                1,
                8,
                14,
                11,
                10,
                6,
                5,
                26,
                9,
                25,
                22,
                24,
                19,
                27,
                20,
                21,
                30,
                23,
                18,
                31,
                15,
                16,
                17,
                4,
                32,
                3,
                2,
                7,
                29,
                12,
                13,
                28,
                1
            ],
            "tempo_execucao": 113.36132264137268
        },
        {
            "execucao": 10,
            "distancia": 532.6014583306339,