{
    "arquivo": "E-n23-k3",
    "media_distancia": 550.1612638803315,
    "desvio_padrao_distancia": 23.61267742030771,
    "minimo_distancia": 518.7818759351892,
    "maximo_distancia": 602.3982212602441,
    "media_tempo": 118.98796033859253,
    "desvio_padrao_tempo": 0.9840448967715953,
    "execucao_melhor_rota": 17,
    "resultados_execucoes": [
        {
            "execucao": 1,
            "distancia": 602.3982212602441,
            "rota": [
                1,
                13,
                31,
                15,
                3,
                29,
                12,
                8,
                25,
                24,
                22,
                5,
                6,
                26,
                9,
                10,
                11,
                14,
                7,
                2,
                32,
                4,
                17,
                16,
                18,
                23,
                30,
                21,
                20,
                27,
                19,
                28,
                1
            ],
            "tempo_execucao": 118.63494658470154
        },
        {
            "execucao": 2,
            "distancia": 538.3042417498681,
            "rota": [
                1,
                8,
                9,
                26,
                6,
                5,
                25,
                22,
                24,
                19,
                27,
                20,
                21,
                30,
                23,
                18,
                31,
                15,
                16,
                17,
                4,
                32,
                3,
                2,
                7,
                29,
                14,
                11,
                10,
                12,
                13,
                28,
                1
            ],
            "tempo_execucao": 117.62244653701782
        },
        {
            "execucao": 3,
            "distancia": 570.5593844052989,
            "rota": [
                1,
                13,
                12,
                14,
                11,
                10,
                6,
                5,
                26,
                9,
                8,
                25,
                22,
                24,
                19,
                27,
                20,
                21,
                30,
                23,
                18,
                16,
                17,
                4,
                32,
                2,
                7,
                29,
                3,
                15,
                31,
                28,
                1
            ],
            "tempo_execucao": 119.03327369689941
        },
        {
            "execucao": 4,
            "distancia": 527.3200432882536,
            "rota": [
                1,
                28,
                25,
                22,
                24,
                19,
                27,
                20,
                21,
                30,
                23,
                18,
                31,
                15,
                16,
                17,
                4,
                32,
                3,
                2,
                7,
                29,
                12,
                14,
                11,
                10,
                6,
                5,
                26,
                9,
                8,
                13,
                1
            ],
            "tempo_execucao": 117.58146739006042
        },
        {
            "execucao": 5,
            "distancia": 558.9634799838194,
            "rota": [
                1,
                24,
                22,
                25,
                9,
                26,
                5,
                6,
                10,
                8,
                13,
                12,
                11,
                14,
                29,
                7,
                2,
                3,
                32,
                4,
                17,
                16,
                15,
                31,
                18,
                23,
                30,
                21,
                20,
                27,
                19,
                28,
                1
            ],
            "tempo_execucao": 120.67060375213623
        },
        {
            "execucao": 6,
            "distancia": 527.3200432882536,
            "rota": [
                1,
                28,
                25,
                22,
                24,
                19,
                27,
                20,
                21,
                30,
                23,
                18,
                31,
                15,
                16,
                17,
                4,
                32,
                3,
                2,
                7,
                29,
                12,
                14,
                11,
                10,
                6,
                5,
                26,
                9,
                8,
                13,
                1
            ],
            "tempo_execucao": 118.21050429344177
        },
        {
            "execucao": 7,
            "distancia": 525.2422694676052,
            "rota": [
                1,
                28,
                7,
                2,
                3,
                32,
                4,
                17,
                16,
                15,
                31,
                18,
                23,
                30,
                21,
                20,
                27,
                19,
                24,
                22,
                25,
                8,
                9,
                26,
                5,
                6,
                10,
                11,
                14,
                29,
                12,
                13,
                1
            ],
            "tempo_execucao": 119.33327674865723
        },
        {
            "execucao": 8,
            "distancia": 568.7980655558042,
            "rota": [
                1,
                28,
                19,
                31,
                15,
                3,
                32,
                4,
                17,
                16,
                18,
                23,
                30,
                21,
                20,
                27,
                24,
                22,
                25,
                8,
                9,
                26,
                5,
                6,
                10,
                11,
                14,
                12,
                29,
                7,
                2,
                13,
                1
            ],
            "tempo_execucao": 118.83299541473389
        },
        {
            "execucao": 9,
            "distancia": 561.3788091879594,
            "rota": [
                1,
                28,
                19,
                24,
                27,
                20,
                21,
                30,
                23,
                18,
                31,
                15,
                16,
                17,
                4,
                32,
                3,
                2,
                7,
                29,
                14,
                11,
                10,
                9,
                26,
                6,
                5,
                22,
                25,
                8,
                12,
                13,
                1
            ],
            "tempo_execucao": 118.29297089576721
        },
        {
            "execucao": 10,
            "distancia": 525.2422694676052,