{
    "arquivo": "E-n23-k3",
    "media_distancia": 545.7060943901109,
    "desvio_padrao_distancia": 19.5024325973264,
    "minimo_distancia": 518.7818759351892,
    "maximo_distancia": 585.5858699979237,
    "media_tempo": 104.70264964103698,
    "desvio_padrao_tempo": 0.47918942287263355,
    "execucao_melhor_rota": 11,
    "resultados_execucoes": [
        {
            "execucao": 1,
            "distancia": 565.5445717687196,
            "rota": [
                1,
                28,
                19,
                31,
                15,
                3,
                2,
                32,
                4,
                17,
                16,
                18,
                23,
                30,
                21,
                20,
                27,
                24,
                22,
                25,
                8,
                9,
                26,
                5,
                6,
                10,
                11,
                14,
                7,
                29,
                12,
                13,
                1
            ],
            "tempo_execucao": 104.59794092178345
        },
        {
            "execucao": 2,
            "distancia": 556.0174264417486,
            "rota": [
                1,
                13,
                3,
                31,
                21,
                30,
                23,
                18,
                15,
                16,
                17,
                4,
                32,
                2,
                7,
                29,
                12,
                14,
                11,
                10,
                6,
                5,
                26,
                9,
                8,
                25,
                22,
                24,
                20,
                27,
                19,
                28,
                1
            ],
            "tempo_execucao": 104.87198543548584
        },
        {
            "execucao": 3,
            "distancia": 534.8800528624304,
            "rota": [
                1,
                28,
                25,
                22,
                24,
                19,
                27,
                20,
                21,
                30,
                23,
                18,
                31,
                15,
                16,
                17,
                4,
                32,
                3,
                2,
                7,
                29,
                14,
                11,
                10,
                6,
                5,
                26,
                9,
                8,
                12,
                13,
                1
            ],
            "tempo_execucao": 104.11607217788696
        },
        {
            "execucao": 4,
            "distancia": 525.194061982287,
            "rota": [
                1,
                12,
                14,
                11,
                10,
                6,
                5,
                26,
                9,
                8,
                25,
                22,
                24,
                19,
                27,
                20,
                21,
                30,
                23,
                18,
                31,
                15,
                16,
                17,
                4,
                32,
                3,
                2,
                7,
                29,
                13,
                28,
                1
            ],
            "tempo_execucao": 104.71487760543823
        },
        {
            "execucao": 5,
            "distancia": 585.5858699979237,
            "rota": [
                1,
                28,
                31,
                15,
                3,
                2,
                32,
                4,
                17,
                16,
                18,
                23,
                30,
                21,
                20,
                27,
                19,
                24,
                22,
                25,
                9,
                26,
                5,
                6,
                10,
                11,
                14,
                7,
                29,
                12,
                8,
                13,
                1
            ],
            "tempo_execucao": 105.66032767295837
        },
        {
            "execucao": 6,
            "distancia": 531.2795851533058,
            "rota": [
                1,
                28,
                19,
                27,
                20,
                21,
                30,
                23,
                18,
                31,
                15,
                16,
                17,
                4,
                32,
                3,
                2,
                7,
                29,
                14,
                11,
                10,
                9,
                26,
                6,
                5,
                22,
                24,
                25,
                8,
                12,
                13,
                1
            ],
            "tempo_execucao": 105.07395625114441
        },
        {
            "execucao": 7,
            "distancia": 523.719575579129,
            "rota": [
                1,
                28,
                19,
                27,
                20,
                21,
                30,
                23,
                18,
                31,
                15,
                16,
                17,
                4,
                32,
                3,
                2,
                7,
                29,
                12,
                14,
                11,
                10,
                9,
                26,
                6,
                5,
                22,
                24,
                25,
                8,
                13,
                1
            ],
            "tempo_execucao": 104.0312066078186
        },
        {
            "execucao": 8,
            "distancia": 542.4327479334618,
            "rota": [
                1,
                19,
                28,
                29,
                7,
                2,
                3,
                32,
                4,
                17,
                16,
                15,
                31,
                18,
                23,
                30,
                21,
                20,
                27,
                24,
                22,
                25,
                8,
                9,
                26,
                5,
                6,
                10,
                11,
                14,
                12,
                13,
                1
            ],
            "tempo_execucao": 105.38947987556458
        },
        {
            "execucao": 9,
            "distancia": 527.3200432882536,
            "rota": [
                1,
                28,
                25,
                22,
                24,
                19,
                27,
                20,
                21,
                30,
                23,
                18,
                31,
                15,
                16,
                17,
                4,
                32,
                3,
                2,
                7,
                29,
                12,
                14,
                11,
                10,
                6,
                5,
                26,
                9,
                8,
                13,
                1
            ],
            "tempo_execucao": 104.73892402648926
        },
        {
            "execucao": 10,
            "distancia": 532.6014583306339,