{
    "arquivo": "E-n23-k3",
    "media_distancia": 609.2272320283864,
    "desvio_padrao_distancia": 16.7307020144152,
    "minimo_distancia": 590.8971809019531,
    "maximo_distancia": 655.7603201085586,
    "media_tempo": 26.25910543203354,
    "desvio_padrao_tempo": 0.4520269004514096,
    "execucao_melhor_rota": 14,
    "capacidade_veiculo": 4500,
    "resultados_execucoes": [
        {
            "execucao": 1,
            "distancia": 618.5064724613533,
            "rota": [
                1,
                13,
                12,
                10,
                6,
                5,
                9,
                8,
                25,
                22,
                20,
                19,
                1,
                11,
                14,
                1,
                21,
                23,
                18,
                15,
                31,
                16,
                17,
                4,
                3,
                2,
                7,
                1
            ],
            "tempo_execucao": 25.93060874938965,
            "carga_por_rota": [
                3820,
                4350,
                2019
            ]
        },
        {
            "execucao": 2,
            "distancia": 630.7196331854591,
            "rota": [
                1,
                8,
                22,
                5,
                6,
                9,
                26,
                10,
                14,
                12,
                1,
                11,
                13,
                1,
                7,
                2,
                3,
                4,
                16,
                17,
                15,
                31,
                21,
                18,
                23,
                30,
                20,
                19,
                1
            ],
            "tempo_execucao": 27.420997142791748,
            "carga_por_rota": [
                3050,
                4400,
                2739
            ]
        },
        {
            "execucao": 3,
            "distancia": 618.5064724613533,
            "rota": [
                1,
                13,
                12,
                10,
                6,
                5,
                9,
                8,
                25,
                22,
                20,
                19,
                1,
                11,
                14,
                1,
                21,
                23,
                18,
                15,
                31,
                16,
                17,
                4,
                3,
                2,
                7,
                1
            ],
            "tempo_execucao": 25.706172466278076,
            "carga_por_rota": [
                3820,
                4350,
                2019
            ]
        },
        {
            "execucao": 4,
            "distancia": 655.7603201085586,
            "rota": [
                1,
                19,
                20,
                21,
                23,
                31,
                4,
                3,
                17,
                15,
                18,
                16,
                32,
                2,
                7,
                1,
                11,
                14,
                1,
                13,
                12,
                10,
                6,
                5,
                9,
                8,
                25,
                22,
                1
            ],
            "tempo_execucao": 26.799262285232544,
            "carga_por_rota": [
                2739,
                4350,
                3100
            ]
        },
        {
            "execucao": 5,
            "distancia": 618.5064724613532,
            "rota": [
                1,
                21,
                23,
                18,
                15,
                31,
                16,
                17,
                4,
                3,
                2,
                7,
                1,
                11,
                14,
                1,
                13,
                12,
                10,
                6,
                5,
                9,
                8,
                25,
                22,
                20,
                19,
                1
            ],
            "tempo_execucao": 25.960241556167603,
            "carga_por_rota": [
                2019,
                4350,
                3820
            ]
        },
        {
            "execucao": 6,
            "distancia": 593.9131940835038,
            "rota": [
                1,
                7,
                2,
                3,
                4,
                17,
                16,
                18,
                15,
                31,
                23,
                21,
                20,
                19,
                1,
                11,
                14,
                1,
                13,
                12,
                10,
                6,
                5,
                9,
                8,
                25,
                22,
                1
            ],
            "tempo_execucao": 26.604273319244385,
            "carga_por_rota": [
                2739,
                4350,
                3100
            ]
        },
        {
            "execucao": 7,
            "distancia": 593.9131940835038,
            "rota": [
                1,
                7,
                2,
                3,
                4,
                17,
                16,
                18,
                15,
                31,
                23,
                21,
                20,
                19,
                1,
                11,
                14,
                1,
                13,
                12,
                10,
                6,
                5,
                9,
                8,
                25,
                22,
                1
            ],
            "tempo_execucao": 26.623912572860718,
            "carga_por_rota": [
                2739,
                4350,
                3100
            ]
        },
        {
            "execucao": 8,
            "distancia": 593.9131940835039,
            "rota": [
                1,
                13,
                12,
                10,
                6,
                5,
                9,
                8,
                25,
                22,
                1,
                11,
                14,
                1,
                7,
                2,
                3,
                4,
                17,
                16,
                18,
                15,
                31,
                23,
                21,
                20,
                19,
                1
            ],
            "tempo_execucao": 26.391716480255127,
            "carga_por_rota": [
                3100,
                4350,
                2739
            ]
        },
        {
            "execucao": 9,
            "distancia": 593.9131940835038,
            "rota": [
                1,
                7,
                2,
                3,
                4,
                17,
                16,
                18,
                15,
                31,
                23,
                21,
                20,
                19,
                1,
                11,
                14,
                1,
                13,
                12,
                10,
                6,
                5,
                9,
                8,
                25,
                22,
                1
            ],
            "tempo_execucao": 26.568302392959595,
            "carga_por_rota": [
                2739,
                4350,
                3100
            ]
        },
        {
            "execucao": 10,