{
    "Est_name": "EN",
    "Run": 3,
    "Seed": 4506,
    "Est_params": {
        "alpha": 0.003784450677985233,
        "l1_ratio": 0.0010808071009051341
    },
    "R2": 0.24683754605232988,
    "R": 0.5049445379539835,
    "MAPE": 0.1915989242640055,
    "RMSE": 8.314137713774674,
    "y_test": [
        25.81,
        33.85,
        35.0,
        42.25,
        56.5,
        41.0,
        34.0,
        46.7,
        34.75,
        33.5,
        57.1,
        57.8,
        31.25,
        22.13,
        42.0,
        40.03,
        39.8,
        52.5,
        57.0,
        45.5,
        39.42,
        48.0,
        49.0,
        34.25,
        41.0,
        33.0,
        32.25,
        22.73,
        21.5,
        33.25,
        37.5,
        41.04,
        32.0,
        46.0,
        52.07,
        41.5,
        49.5,
        40.5,
        59.5,
        27.5,
        56.0,
        43.76,
        43.5,
        35.75,
        35.0,
        37.75,
        41.5,
        26.5,
        26.25,
        32.83,
        45.8,
        44.95,
        31.8,
        38.0,
        42.5,
        40.0,
        53.5,
        22.5,
        47.0,
        48.0,
        48.0,
        28.5,
        32.25,
        29.02,
        33.5,
        44.75,
        46.5,
        24.67,
        29.5
    ],
    "y_pred": [
        35.55838372190357,
        35.7843513777502,
        37.77022216079408,
        38.82146542488066,
        52.37155888996231,
        35.763674113563305,
        34.229743988886234,
        49.12584932848989,
        35.28906979568781,
        41.46279954230105,
        48.485608043129915,
        40.35992680862017,
        34.57982679080321,
        41.51625814386871,
        42.93036270546146,
        38.609600263520335,
        48.633993676285684,
        45.10169197185044,
        45.57685277818856,
        39.939218537777656,
        40.29643901168786,
        38.36173170032749,
        41.77566909318635,
        39.010669273268704,
        35.8429352162501,
        33.8060136661656,
        38.37911506054526,
        41.71080142155093,
        37.57966344634646,
        42.24550180339203,
        40.90521101185351,
        36.81696334771479,
        33.453572454057976,
        41.35193877046572,
        53.11720200711136,
        37.0267825390102,
        39.624840125774384,
        39.650185129121624,
        62.96757563256062,
        39.89846692583531,
        43.68219014001822,
        39.033330586240965,
        37.413001686883874,
        34.653474311606864,
        35.70875884705094,
        34.63887259746764,
        46.1077768253919,
        37.11600663509837,
        46.85712124506605,
        35.46717557703003,
        46.73933103811535,
        36.47448942897354,
        34.40632765780177,
        34.89420520280648,
        37.737597854420436,
        36.15731362825338,
        46.17340787131003,
        37.89544055270818,
        38.99328591305093,
        39.88100645501602,
        43.67033173135669,
        46.89949427733811,
        34.0468779455815,
        35.28176498204243,
        34.20406715158313,
        36.78258476744378,
        39.42553359245734,
        41.92266658291125,
        37.041920053236936
    ]
}