{
    "Est_name": "EN",
    "Run": 44,
    "Seed": 711,
    "Est_params": {
        "alpha": 0.006814769409607012,
        "l1_ratio": 0.9961210025418814
    },
    "R2": 0.20790415998883105,
    "R": 0.5093027548758257,
    "MAPE": 0.1989289418993067,
    "RMSE": 8.40467796667635,
    "y_test": [
        35.5,
        22.5,
        22.73,
        29.02,
        18.52,
        20.5,
        41.0,
        32.25,
        41.0,
        53.0,
        46.0,
        33.0,
        30.0,
        47.0,
        37.0,
        45.22,
        45.0,
        34.5,
        42.25,
        34.62,
        44.5,
        37.5,
        40.0,
        55.5,
        34.5,
        45.23,
        56.25,
        38.0,
        56.38,
        58.25,
        46.11,
        42.03,
        55.84,
        26.5,
        42.56,
        27.7,
        29.6,
        25.81,
        34.5,
        41.78,
        37.75,
        26.5,
        46.0,
        43.55,
        30.0,
        37.5,
        29.5,
        30.0,
        48.0,
        41.04,
        42.56,
        39.12,
        46.87,
        39.45,
        39.17,
        35.0,
        42.56,
        41.89,
        59.5,
        39.53,
        54.0,
        36.5,
        31.47,
        43.47,
        44.5,
        57.0,
        42.66,
        35.0,
        49.5
    ],
    "y_pred": [
        40.6811919100875,
        38.22534708164516,
        42.04602356894577,
        35.34877460842025,
        40.24400888817143,
        41.948513221084696,
        38.06303992066334,
        37.776974529386656,
        36.52613037136122,
        43.06301835876914,
        44.9774006184017,
        34.9595237613656,
        37.44988985652974,
        42.210766192312505,
        43.44768626151409,
        42.595434095057456,
        40.46734040501894,
        45.48077856867401,
        38.511744970265106,
        36.610192999457766,
        38.90357127207027,
        37.59865682729246,
        38.464749371090775,
        46.78683757304234,
        40.25506582685918,
        35.867289315429176,
        52.41871745900699,
        35.82718251050413,
        39.784627705853744,
        65.41799659957482,
        46.346871112472336,
        35.088918678038404,
        49.06351413478603,
        32.82889334522402,
        35.62075543508655,
        46.50961434608247,
        47.3185618853492,
        35.93240950452176,
        36.51228999401953,
        36.79342301095168,
        33.955902440499706,
        35.43477610258156,
        45.86230823842242,
        35.94117084449504,
        38.66165605614358,
        40.00182562350636,
        39.087782139371896,
        35.86090218580988,
        41.33343294881726,
        36.384165160159306,
        35.63459581242824,
        38.48916600389166,
        36.05380170698571,
        41.743181928600826,
        34.63243908850868,
        35.01503714897254,
        42.169308011829145,
        35.20846972919992,
        65.84412268280313,
        36.08381245137875,
        44.767522691682416,
        40.16925370400405,
        34.06119224593638,
        36.36729692772336,
        36.29341539865749,
        50.90305550735993,
        35.51504476126672,
        37.876015939758055,
        64.13961834988987
    ]
}