{
    "Est_name": "EN",
    "Run": 33,
    "Seed": 2547,
    "Est_params": {
        "alpha": 0.00046001747284016856,
        "l1_ratio": 0.003474361459700226
    },
    "R2": 0.13813949893476396,
    "R": 0.4195909498034757,
    "MAPE": 0.2140024914857791,
    "RMSE": 9.22724525536348,
    "y_test": [
        34.8,
        48.0,
        40.75,
        48.0,
        35.5,
        44.0,
        22.13,
        46.7,
        26.5,
        35.25,
        43.07,
        62.5,
        42.0,
        43.5,
        43.5,
        40.0,
        39.5,
        16.58,
        26.5,
        40.03,
        43.5,
        39.61,
        30.25,
        40.1,
        59.5,
        35.75,
        42.56,
        46.0,
        32.26,
        33.5,
        31.75,
        42.0,
        39.8,
        42.0,
        57.96,
        40.5,
        57.27,
        52.07,
        40.0,
        22.9,
        27.7,
        27.49,
        32.83,
        31.47,
        49.0,
        30.0,
        38.0,
        59.0,
        32.57,
        21.75,
        41.95,
        31.25,
        53.9,
        35.0,
        27.4,
        39.78,
        44.75,
        43.55,
        46.25,
        48.0,
        46.5,
        49.0,
        22.5,
        41.78,
        27.5,
        31.25,
        55.84,
        37.5,
        51.0
    ],
    "y_pred": [
        37.71983937726425,
        38.33059637832275,
        36.595849558566215,
        47.148908561454846,
        38.17025806777508,
        37.24694262692718,
        41.294551177534544,
        49.01689066946992,
        30.332322224869728,
        34.590887239541054,
        35.29372403075287,
        44.890942409567046,
        43.02299825441268,
        37.37544200724754,
        35.95824017913545,
        35.67734871716422,
        36.300009419835916,
        49.41278073930985,
        32.72290513152598,
        38.70548499373088,
        46.74572321530849,
        39.15819544780061,
        40.00582999370347,
        37.834001994803074,
        63.3885514268818,
        36.08039674274737,
        35.90115887036604,
        45.97937924356622,
        47.78143783882169,
        40.4740161497597,
        39.38316929103178,
        39.442308313941396,
        48.83513142943613,
        42.547448791863744,
        45.44047635008877,
        36.49150136998311,
        46.80280452407789,
        53.402478652209,
        35.45389287239186,
        42.13031125222534,
        45.913455730806604,
        47.17019339790387,
        35.23940498921098,
        34.15798381103403,
        42.43328617432493,
        38.25798407498977,
        34.43202731182084,
        45.51360311223874,
        36.339642877420275,
        40.480859600647804,
        34.671063328081175,
        33.34556583419767,
        44.81781564741708,
        37.57432620592631,
        34.215065119803434,
        40.816504002376156,
        36.552005735457335,
        35.651906919906075,
        46.52624785878315,
        40.50407050376951,
        39.25874909842612,
        51.53887437532492,
        37.86874154805589,
        36.897228325249465,
        36.21608901034901,
        34.14186027755265,
        51.04442267413402,
        41.6778970487276,
        37.11603140311539
    ]
}