{
    "Est_name": "EN",
    "Run": 47,
    "Seed": 2045,
    "Est_params": {
        "alpha": 0.012457590396948801,
        "l1_ratio": 0.003164135629242652
    },
    "R2": 0.10382592344658581,
    "R": 0.32748198129358275,
    "MAPE": 0.21701975084048467,
    "RMSE": 9.058251237134408,
    "y_test": [
        47.3,
        35.25,
        32.83,
        20.22,
        53.5,
        27.5,
        45.0,
        53.25,
        29.6,
        22.67,
        37.0,
        33.25,
        35.0,
        40.0,
        42.0,
        25.68,
        22.13,
        45.5,
        37.75,
        32.5,
        55.52,
        55.5,
        52.5,
        30.0,
        49.7,
        53.0,
        51.0,
        39.21,
        46.0,
        40.75,
        43.0,
        21.5,
        26.5,
        35.0,
        39.5,
        35.5,
        39.45,
        53.5,
        42.29,
        44.5,
        44.75,
        49.0,
        33.0,
        27.12,
        30.0,
        42.03,
        47.0,
        41.0,
        48.0,
        22.9,
        39.3,
        32.26,
        40.0,
        42.35,
        39.0,
        57.96,
        48.0,
        33.0,
        56.38,
        50.5,
        43.65,
        52.5,
        28.0,
        30.0,
        41.95,
        44.95,
        42.56,
        44.5,
        34.75
    ],
    "y_pred": [
        43.87750549712842,
        38.50034021808747,
        36.225529896119795,
        36.66060047862175,
        41.74908048336948,
        39.33592952750284,
        40.81684457618705,
        46.33918215036268,
        46.06116142247898,
        41.96726060729745,
        43.979301620860326,
        42.36903172336621,
        39.91908933436913,
        34.867455294749874,
        43.30073199566595,
        34.00084646184352,
        41.626201984492255,
        38.853274519840205,
        33.79346265106557,
        37.99850964245582,
        46.70950549304155,
        46.9057199566379,
        39.27449674856846,
        36.93549537821044,
        40.32930198692927,
        41.56911289450362,
        40.251031612739645,
        44.9942112956785,
        45.64515359495645,
        41.65543333969598,
        46.77822920750688,
        38.25591111106073,
        32.507744119072626,
        37.31648495552924,
        37.3567176069387,
        38.25620650204468,
        41.713150395759456,
        40.61600487081905,
        34.38756269140974,
        35.86359015849881,
        37.20565746214959,
        42.812464563580356,
        40.5220623361616,
        36.183409342978806,
        36.74994714925403,
        35.2913432555122,
        38.62968856810362,
        38.10660871354104,
        39.48292925826861,
        42.42200543770437,
        40.19995363691312,
        46.67652597196276,
        38.90101468250952,
        37.54007090726583,
        37.112583890895905,
        43.876816461665456,
        41.79337944035824,
        35.34043315044871,
        38.4152840237863,
        39.7598689925126,
        43.300970838716815,
        45.454317529867126,
        39.67225562674878,
        38.36021389744741,
        35.516822438982224,
        35.29705235222359,
        35.902628834298376,
        38.28673671356499,
        34.45149125394107
    ]
}