{
    "Est_name": "EN",
    "Run": 35,
    "Seed": 5514,
    "Est_params": {
        "alpha": 1.9993852428609056,
        "l1_ratio": 0.01335496676134549
    },
    "R2": 0.3368340648821032,
    "R": 0.6232296670993828,
    "MAPE": 0.1524120261624096,
    "RMSE": 7.333939921141456,
    "y_test": [
        46.0,
        42.2,
        53.9,
        40.5,
        32.43,
        43.29,
        20.8,
        48.7,
        51.0,
        48.0,
        54.2,
        32.5,
        30.0,
        32.25,
        37.0,
        38.0,
        43.0,
        29.0,
        31.8,
        32.5,
        57.0,
        31.25,
        36.0,
        22.9,
        34.62,
        35.0,
        49.5,
        27.4,
        62.5,
        37.5,
        48.0,
        44.75,
        57.0,
        36.5,
        42.29,
        32.33,
        33.0,
        32.9,
        47.0,
        36.5,
        45.25,
        25.81,
        43.0,
        37.6,
        33.85,
        56.5,
        41.0,
        29.5,
        42.0,
        34.8,
        37.25,
        31.7,
        47.0,
        39.0,
        35.25,
        39.73,
        43.0,
        57.27,
        30.5,
        28.5,
        44.0,
        42.25,
        55.5,
        40.39,
        39.5,
        43.65,
        35.5,
        26.5,
        45.5
    ],
    "y_pred": [
        36.5170959979923,
        46.9714020881726,
        43.87822009141376,
        36.91887892493124,
        39.62303186741691,
        36.23191973085908,
        39.954065132495806,
        44.94948090601472,
        40.702186752563065,
        41.268520299284035,
        48.924872215724335,
        37.61896939272336,
        36.50979749410074,
        34.7025027383375,
        42.69472953863934,
        38.49365334631647,
        38.99277347870955,
        38.262400997399055,
        34.671953094163385,
        32.640106193345304,
        45.20863623029432,
        34.17937834173556,
        37.4865325578766,
        42.01345504384453,
        36.67116572822123,
        37.10701825313254,
        39.807436691165705,
        35.078335623672814,
        43.46782484465973,
        37.55368894916563,
        40.423909942136476,
        37.078660787633396,
        44.200376142491635,
        40.31992413573623,
        36.09947624349928,
        38.290593973480966,
        35.12274117972341,
        35.19087027022543,
        41.180707995183226,
        37.02953925310761,
        40.265418498389636,
        36.0214299622128,
        41.010314816335736,
        37.06355417160685,
        36.1827981963333,
        42.9794573127718,
        38.46326762165247,
        37.43152634693616,
        38.85482154007243,
        36.86036290685214,
        41.042627508736366,
        36.657171642097424,
        42.50010502425552,
        36.512496395421806,
        35.15611340551142,
        34.86232150908627,
        44.63207880430598,
        45.33739778415439,
        32.15173866145737,
        45.908154051656894,
        41.416697345845165,
        38.77882961344969,
        44.84903025226646,
        38.57169962760295,
        37.61043772157389,
        42.22155486908341,
        37.389718944408635,
        31.66337112956944,
        39.288683434613766
    ]
}