{
    "Est_name": "EN",
    "Run": 20,
    "Seed": 9195,
    "Est_params": {
        "alpha": 0.21800820186805728,
        "l1_ratio": 0.003178004225065591
    },
    "R2": 0.011567769183877585,
    "R": 0.4110634103437424,
    "MAPE": 0.24389572755588768,
    "RMSE": 9.642887464655006,
    "y_test": [
        41.95,
        30.5,
        59.5,
        36.0,
        32.91,
        46.11,
        29.5,
        41.23,
        28.0,
        26.5,
        43.5,
        31.67,
        55.5,
        59.0,
        23.33,
        35.0,
        31.97,
        39.12,
        32.0,
        41.0,
        42.29,
        44.5,
        44.75,
        22.5,
        42.56,
        42.5,
        31.47,
        52.5,
        21.75,
        39.17,
        31.53,
        56.5,
        27.5,
        34.5,
        41.8,
        52.5,
        22.9,
        41.4,
        35.75,
        32.5,
        34.5,
        28.5,
        45.02,
        51.0,
        60.25,
        32.83,
        40.5,
        42.25,
        26.5,
        24.5,
        39.73,
        41.89,
        30.5,
        29.02,
        22.67,
        31.25,
        42.35,
        32.43,
        37.6,
        33.5,
        21.5,
        35.0,
        36.0,
        49.5,
        33.0,
        51.5,
        32.33,
        29.5,
        26.25
    ],
    "y_pred": [
        35.63555497851883,
        40.30937879930639,
        65.06498363402206,
        37.8069762691169,
        37.221935538609564,
        46.91034232897096,
        40.092205025278744,
        43.842878810092756,
        38.91005200679269,
        37.83059199982624,
        36.06574698781512,
        34.58571116802946,
        47.70479372221728,
        51.81472930987172,
        38.36880320772431,
        35.10295014073041,
        48.967942009978714,
        38.98912928760296,
        32.63541183405057,
        36.34880837512314,
        36.470551168003,
        39.91669437472731,
        37.39324683692409,
        38.733174774658316,
        42.66749840016778,
        39.52264336856529,
        34.485396958982776,
        47.1756791110347,
        41.8248727400371,
        34.957201737467045,
        48.17983999765468,
        44.896564158223924,
        41.36421057597346,
        36.53075893259546,
        44.164296715677324,
        40.776514527117186,
        43.35844561807605,
        48.21568032332598,
        34.11464793486422,
        31.847309821726533,
        40.711727402365014,
        48.06098975771385,
        36.95712378737137,
        41.96501692652552,
        45.487640667466955,
        35.76786418651552,
        39.32024729823091,
        38.96392202135886,
        35.28878802919112,
        39.12722578082033,
        35.24150397235682,
        35.774970768885325,
        40.506404302387395,
        33.8911457592786,
        42.82843544511003,
        36.348418495448975,
        38.20102727527892,
        40.420161230079124,
        37.23733313794378,
        39.04910860464706,
        38.53614927157731,
        38.47294560888691,
        39.45759962644689,
        63.488779609373985,
        35.68244915567897,
        39.6043147010401,
        39.30410301295471,
        38.655057598485044,
        48.00156463774343
    ]
}