{
    "Est_name": "EN",
    "Run": 34,
    "Seed": 3527,
    "Est_params": {
        "alpha": 1.9929641795836663,
        "l1_ratio": 0.689882385268091
    },
    "R2": 0.24547655243460154,
    "R": 0.49624317983798455,
    "MAPE": 0.19579725036340473,
    "RMSE": 8.553953076281127,
    "y_test": [
        38.0,
        26.5,
        31.75,
        48.0,
        41.95,
        50.2,
        25.81,
        43.07,
        37.5,
        31.67,
        46.11,
        47.0,
        57.5,
        41.5,
        40.75,
        35.75,
        33.0,
        44.05,
        13.33,
        33.85,
        34.0,
        42.2,
        34.75,
        30.0,
        55.5,
        29.5,
        39.45,
        39.5,
        42.5,
        20.8,
        55.5,
        41.0,
        35.3,
        29.6,
        33.5,
        26.25,
        41.78,
        58.5,
        37.75,
        33.5,
        43.66,
        60.25,
        52.5,
        24.5,
        59.0,
        42.5,
        34.5,
        33.04,
        50.8,
        45.25,
        57.0,
        30.0,
        31.7,
        33.5,
        44.5,
        53.5,
        52.5,
        45.0,
        39.0,
        40.52,
        35.0,
        34.5,
        56.5,
        30.0,
        38.0,
        34.25,
        35.0,
        43.5,
        48.0
    ],
    "y_pred": [
        38.63742382831698,
        38.13104290968831,
        39.63888484347618,
        39.07349466626862,
        35.17496806728791,
        41.25427081461218,
        35.901278431906135,
        35.75512659929702,
        37.21846422043258,
        33.63565791890772,
        44.91860485156155,
        42.168926385651034,
        42.739914370675315,
        45.83129108883305,
        42.87620464448153,
        34.69174172713621,
        36.2990909281759,
        37.76787012570353,
        42.73287323484236,
        35.79164478330945,
        34.24470959011476,
        40.60468782575386,
        35.36228993266839,
        36.48143696391525,
        46.02850618269976,
        37.19609383973079,
        40.479370247185706,
        38.19194173927052,
        38.65798339789424,
        40.13207192591379,
        45.23251059359533,
        35.294414826930705,
        36.05814715641434,
        46.69069813210334,
        34.21581645091683,
        46.60129170469905,
        37.28881983845907,
        61.30811456391943,
        36.19798333355806,
        38.59767995705629,
        35.572261489817045,
        43.32007290268443,
        40.36693812527453,
        37.84096364368375,
        43.61015216868899,
        39.187611539654014,
        44.02454057751865,
        39.00128070770199,
        40.95921058822577,
        40.97861752593072,
        43.90023143469355,
        34.87890355855633,
        36.65028978314991,
        38.457739410095556,
        39.238141929903364,
        45.80499011418904,
        45.58147404567831,
        39.91317440354783,
        35.784183685416764,
        34.38802717841347,
        37.34930659926397,
        35.56066761690604,
        51.182876187162236,
        37.47710676429874,
        36.45146614324317,
        39.058726311467055,
        39.62357433294167,
        45.589153057093725,
        40.807238677590725
    ]
}