{
    "Est_name": "EN",
    "Run": 8,
    "Seed": 8935,
    "Est_params": {
        "alpha": 1.9599832696522876,
        "l1_ratio": 0.9947280644652379
    },
    "R2": 0.1372018516666098,
    "R": 0.40877096731832935,
    "MAPE": 0.20085961926739018,
    "RMSE": 8.721768779310057,
    "y_test": [
        43.07,
        33.76,
        49.0,
        48.7,
        43.65,
        45.22,
        39.45,
        26.5,
        43.4,
        20.5,
        48.0,
        33.0,
        33.5,
        43.0,
        33.41,
        22.9,
        39.5,
        43.64,
        29.41,
        31.47,
        53.5,
        42.5,
        35.0,
        22.73,
        33.4,
        48.0,
        31.97,
        56.0,
        33.95,
        62.5,
        27.5,
        39.21,
        32.9,
        33.25,
        39.53,
        48.5,
        54.25,
        27.4,
        50.5,
        23.9,
        27.49,
        27.5,
        43.5,
        35.5,
        40.1,
        41.0,
        42.03,
        56.38,
        45.02,
        39.78,
        40.75,
        47.0,
        31.67,
        29.5,
        41.23,
        25.68,
        35.0,
        38.61,
        36.0,
        43.76,
        39.0,
        39.42,
        35.25,
        22.67,
        40.03,
        58.0,
        32.5,
        47.0,
        22.5
    ],
    "y_pred": [
        36.49588398612585,
        36.748196313817566,
        45.565804470359595,
        45.299277112087516,
        42.59667740329021,
        42.13202400590761,
        40.84125570637447,
        36.67891014920391,
        37.899320610792785,
        42.86348672369725,
        40.57737506301913,
        36.20585264738939,
        34.992774616901826,
        39.59781309745087,
        35.27669726190045,
        43.21710737830326,
        41.31085735194642,
        37.95441158131196,
        34.75903211970736,
        34.83629558177505,
        46.35969250941238,
        38.91525966330541,
        40.04112615845675,
        42.43658952196382,
        36.102812164050995,
        45.92170455552194,
        48.52992684815341,
        49.30086893573313,
        35.6381587666684,
        44.55860986709792,
        40.81078391458057,
        44.59867617300585,
        35.457428014284424,
        43.32318639331397,
        37.884663982552084,
        48.01010063619999,
        41.09881576544277,
        35.09646820055486,
        41.53018024647042,
        42.95693475952345,
        47.29119307237623,
        37.312450902243064,
        46.69568806625098,
        36.65803459700755,
        37.11880275445334,
        39.23131156036135,
        35.553605734629656,
        40.36581249695881,
        37.30902743154539,
        40.10159766762536,
        41.050684733166605,
        42.320454069524786,
        34.347390467135256,
        38.03881923926669,
        43.05112613138841,
        34.055777725435604,
        37.80146827072071,
        34.559731536826135,
        39.0609071925061,
        39.515234205359974,
        36.81585569090224,
        40.806002504893115,
        34.91508434785625,
        42.75245398092066,
        38.99488896780034,
        50.07129199770664,
        32.14837933438519,
        41.28422982782567,
        37.52415696242879
    ]
}