{
    "Est_name": "EN",
    "Run": 31,
    "Seed": 5574,
    "Est_params": {
        "alpha": 0.014408867535030036,
        "l1_ratio": 0.0017194752481595986
    },
    "R2": 0.11984895144658025,
    "R": 0.38185940052967965,
    "MAPE": 0.21028595898037125,
    "RMSE": 8.750882031963625,
    "y_test": [
        48.0,
        39.5,
        26.5,
        41.04,
        38.82,
        36.5,
        37.5,
        30.0,
        18.52,
        50.5,
        34.25,
        42.2,
        16.58,
        49.0,
        42.0,
        13.33,
        39.5,
        42.5,
        41.23,
        39.0,
        22.67,
        44.6,
        52.5,
        32.25,
        27.4,
        48.7,
        42.56,
        50.2,
        41.95,
        47.0,
        45.5,
        40.75,
        33.5,
        45.0,
        42.75,
        56.5,
        43.47,
        42.25,
        55.5,
        43.5,
        44.95,
        39.0,
        42.03,
        35.5,
        32.5,
        33.4,
        45.25,
        43.5,
        40.5,
        49.5,
        48.0,
        53.25,
        41.0,
        53.5,
        39.8,
        32.0,
        43.64,
        33.5,
        30.25,
        53.5,
        30.0,
        58.59,
        40.75,
        33.41,
        49.0,
        32.0,
        51.0,
        48.0,
        26.5
    ],
    "y_pred": [
        39.11513119691162,
        37.27827193226488,
        35.602533279405144,
        36.8025686794204,
        36.416821310358365,
        39.32116639461391,
        40.89900111734604,
        36.379256588646,
        38.95979275351409,
        40.382938564119385,
        37.51371993481968,
        40.28948378648813,
        48.24787348620757,
        42.60230716353363,
        42.73906234629184,
        41.622014322217574,
        36.50445453103516,
        36.74072946587932,
        40.689908028783876,
        36.436076939656054,
        41.4235373739743,
        46.31206549601987,
        45.88742779245735,
        34.11507200621196,
        34.31741589963165,
        45.03794105907684,
        42.03307587958996,
        42.130953064752404,
        34.891382024005864,
        38.44748857125847,
        38.760642634209034,
        41.61436333487265,
        38.0164881076294,
        35.39822743755718,
        39.88985102170632,
        52.570644785681175,
        36.52587035119606,
        38.222065652681444,
        46.02418297521556,
        40.71234627851356,
        35.466605028936286,
        42.80743993767094,
        34.61468369578152,
        37.84190918353357,
        31.273478134693487,
        35.389196443154994,
        40.03476707115206,
        47.06149708870066,
        36.57283212241426,
        60.7604011497579,
        37.810426352786955,
        45.85575024313674,
        34.82954281046477,
        45.955805383836456,
        47.5861899329629,
        33.315314761906635,
        37.006355538192295,
        41.0460608599147,
        38.78784437176271,
        41.66338007079767,
        35.043177121329386,
        44.7706584457458,
        36.39106033502506,
        34.595557193208194,
        43.65713400903068,
        32.54760257163652,
        37.12800525922119,
        44.51349381894818,
        39.01570518766461
    ]
}