{
    "Est_name": "EN",
    "Run": 15,
    "Seed": 3582,
    "Est_params": {
        "alpha": 1.9990769884918287,
        "l1_ratio": 0.0024731435659653155
    },
    "R2": 0.3597909907392578,
    "R": 0.6086686334341977,
    "MAPE": 0.1560815876609814,
    "RMSE": 7.344401395394109,
    "y_test": [
        56.0,
        46.11,
        58.5,
        33.0,
        54.04,
        47.0,
        41.0,
        40.0,
        42.5,
        38.0,
        31.59,
        41.23,
        40.52,
        33.41,
        38.78,
        53.5,
        31.8,
        34.5,
        27.12,
        33.5,
        56.25,
        57.1,
        35.0,
        44.0,
        43.65,
        40.5,
        32.25,
        41.8,
        39.3,
        28.0,
        50.75,
        18.52,
        43.64,
        50.5,
        43.4,
        41.89,
        39.8,
        40.39,
        56.38,
        52.0,
        41.16,
        27.5,
        41.89,
        53.5,
        40.1,
        35.0,
        59.0,
        34.5,
        39.12,
        45.8,
        33.0,
        43.5,
        46.0,
        57.96,
        44.6,
        26.75,
        35.25,
        41.95,
        25.81,
        34.5,
        42.0,
        43.66,
        26.5,
        33.0,
        29.02,
        27.7,
        52.5,
        36.0,
        39.5
    ],
    "y_pred": [
        45.1063373079691,
        45.551957399757235,
        61.36273149351689,
        35.590557225479955,
        47.93124417912963,
        39.143202077483465,
        37.96375258160106,
        38.9471162536181,
        38.189450528711845,
        35.92370160751362,
        35.945319958312005,
        41.72282171827905,
        34.68195501474137,
        35.16203983526092,
        40.9028846223127,
        45.54842297738531,
        34.41410029389596,
        44.663831745220754,
        36.746214540594295,
        40.45008566154175,
        50.53138438341703,
        47.74285680816074,
        37.61473037650565,
        37.425653736588686,
        42.815840531180335,
        39.39117908088633,
        34.6851640608751,
        43.0172582349368,
        40.047468412476135,
        37.60459639789209,
        40.011717913394826,
        39.58369328739168,
        36.89586246094989,
        39.39642452001171,
        38.22099359018817,
        35.15883078912718,
        47.15242222913382,
        37.7497043629226,
        39.270846696977685,
        41.33652861367233,
        41.6236510952158,
        39.76071332331252,
        36.00286778178733,
        41.9596279185979,
        37.55489934928582,
        36.66097882773403,
        50.30935296978291,
        32.65964759232669,
        38.39801049955673,
        45.84964847526679,
        39.927824145326,
        46.21805164065959,
        36.239573129360096,
        44.93085075759413,
        46.283906393222466,
        37.450724037218706,
        38.7446946586091,
        35.19281401986336,
        35.792462991822674,
        35.90318328347321,
        38.917504130372684,
        35.20426191080133,
        33.41926763570156,
        33.38985290776388,
        34.19206888026184,
        45.206534254991,
        45.32639156375119,
        39.570696140507984,
        36.34724611074145
    ]
}