{
    "Est_name": "EN",
    "Run": 14,
    "Seed": 1535,
    "Est_params": {
        "alpha": 1.987741230546329,
        "l1_ratio": 0.007076198844856442
    },
    "R2": 0.3281258928746331,
    "R": 0.5983093383624608,
    "MAPE": 0.19939187948015527,
    "RMSE": 8.563890007307252,
    "y_test": [
        32.25,
        58.59,
        52.5,
        47.0,
        54.0,
        28.0,
        21.75,
        40.12,
        42.0,
        40.0,
        47.3,
        42.29,
        44.0,
        40.0,
        42.0,
        56.0,
        25.81,
        16.58,
        30.5,
        43.64,
        33.4,
        23.33,
        32.5,
        44.05,
        55.84,
        37.6,
        41.0,
        33.04,
        42.56,
        41.0,
        33.76,
        39.17,
        24.67,
        46.0,
        49.0,
        58.5,
        39.12,
        54.2,
        31.59,
        42.37,
        58.25,
        32.0,
        33.0,
        35.5,
        56.5,
        50.2,
        40.5,
        41.16,
        48.0,
        20.8,
        59.0,
        37.75,
        30.0,
        34.75,
        41.8,
        42.35,
        29.41,
        49.5,
        46.0,
        39.42,
        34.62,
        45.5,
        23.0,
        53.5,
        26.5,
        41.89,
        31.7,
        59.5,
        27.5
    ],
    "y_pred": [
        35.46902015989228,
        44.40240983434077,
        46.032846485783,
        40.88812488184689,
        46.13259475290162,
        39.463167959997776,
        40.365597927633324,
        38.53377108349252,
        42.89384995134594,
        38.6312434900968,
        44.483380248528164,
        35.677466562693255,
        42.860600528973066,
        36.02003085477031,
        38.8430859531967,
        43.81243784596718,
        35.87959813690208,
        48.82916500701386,
        40.14829654415189,
        37.510769800979176,
        36.154148744046395,
        37.53959685291068,
        38.022477688086184,
        38.073057252500504,
        47.142924170957215,
        37.973308985381884,
        36.58556862652554,
        39.80573225207483,
        37.03520781941063,
        37.59241959728736,
        36.496713036123445,
        35.14070272825373,
        41.98612970756717,
        42.5215378248181,
        44.16818653989451,
        67.0772383976754,
        44.36216761606696,
        47.27706917987865,
        36.21394415024583,
        37.85333409305623,
        67.41980268975246,
        33.67972326922219,
        33.822791027061996,
        37.94611490594269,
        43.9837199920057,
        42.6545355143096,
        36.32786151409696,
        42.173501493225615,
        48.20143768395553,
        40.02303363555627,
        51.786473240885684,
        35.3602174165985,
        35.07719515818762,
        34.05553698367211,
        42.586065252027936,
        37.2498553052103,
        34.64977368646209,
        66.3921098135213,
        46.01435444717551,
        39.185650245273756,
        37.12204621407812,
        39.26721447751578,
        38.9493215218822,
        46.56083433757014,
        32.99459468506808,
        36.14051263267096,
        37.90681014063614,
        67.76236698182952,
        35.76232374234173
    ]
}