{
    "Est_name": "EN",
    "Run": 24,
    "Seed": 3611,
    "Est_params": {
        "alpha": 1.961425438731803,
        "l1_ratio": 0.9790477143604287
    },
    "R2": 0.07856201960399245,
    "R": 0.38585401081661935,
    "MAPE": 0.2407111648609325,
    "RMSE": 9.477840188738819,
    "y_test": [
        26.5,
        41.0,
        44.5,
        42.0,
        39.5,
        33.5,
        35.0,
        48.0,
        37.5,
        57.27,
        41.5,
        57.0,
        37.6,
        32.91,
        45.5,
        21.75,
        30.5,
        26.5,
        29.6,
        48.0,
        53.9,
        29.5,
        26.75,
        44.6,
        39.3,
        13.33,
        40.0,
        35.0,
        22.13,
        35.0,
        46.8,
        35.0,
        47.0,
        48.0,
        33.04,
        49.9,
        53.25,
        26.5,
        41.16,
        38.0,
        56.25,
        33.4,
        40.75,
        16.58,
        53.5,
        38.61,
        27.49,
        45.23,
        56.0,
        39.73,
        43.64,
        31.25,
        22.04,
        28.5,
        41.78,
        33.76,
        49.5,
        29.5,
        31.75,
        32.57,
        31.7,
        47.3,
        40.12,
        45.0,
        33.5,
        46.7,
        52.07,
        35.5,
        34.5
    ],
    "y_pred": [
        30.448395114778045,
        39.92960638305366,
        39.304123178642016,
        39.39652629616904,
        42.31930854655607,
        38.10192055886437,
        37.22915823965444,
        44.640251781525656,
        40.10765466605497,
        46.55377160959203,
        45.63088300015697,
        50.22920649123323,
        37.35716520809508,
        37.956732231949616,
        41.03048740598198,
        41.3627991004326,
        40.351056041664144,
        38.19310075748919,
        47.61536241803335,
        40.32434121317575,
        43.742483551533894,
        37.238738445194386,
        37.47070778214563,
        47.357247227496934,
        39.72976220554613,
        45.22616472431013,
        36.71773657573491,
        40.019921569942625,
        42.396236459526094,
        37.34006004204371,
        43.904518772817006,
        36.14555250004269,
        39.29221729208958,
        38.429035178419596,
        39.487873927994166,
        43.39755785744519,
        44.827407382252076,
        35.06012433032655,
        41.221424518583525,
        36.23743382846584,
        51.00675694644644,
        35.80472989105088,
        42.208229910097046,
        45.9047557929172,
        46.77992570100727,
        33.76274231717895,
        47.65979387261696,
        37.239696792149964,
        49.169314082647446,
        34.625924430848926,
        37.96033747058672,
        33.55600615903275,
        42.22598121410258,
        47.59314669074155,
        38.39788147069793,
        36.66791200472086,
        40.15539940575956,
        40.26564261019618,
        40.06025412315557,
        37.53109411839085,
        37.13500793517702,
        44.76770088648699,
        40.028779132960246,
        43.186568719719766,
        34.51590966382213,
        48.44382827373305,
        54.901518134451806,
        36.80697995515909,
        40.530587673576306
    ]
}