{
    "Est_name": "EN",
    "Run": 1,
    "Seed": 1824,
    "Est_params": {
        "alpha": 1.9991472530824228,
        "l1_ratio": 0.0033585733361077377
    },
    "R2": 0.1562844637832007,
    "R": 0.4200864671503503,
    "MAPE": 0.1927704324828949,
    "RMSE": 8.258006881391744,
    "y_test": [
        43.64,
        31.7,
        22.67,
        39.12,
        35.75,
        28.0,
        34.5,
        35.5,
        45.0,
        21.75,
        30.0,
        33.0,
        37.25,
        46.0,
        42.75,
        34.5,
        45.02,
        43.4,
        15.11,
        57.8,
        50.2,
        35.0,
        42.2,
        45.22,
        48.0,
        48.0,
        29.0,
        29.02,
        30.0,
        46.11,
        53.25,
        43.0,
        30.0,
        27.12,
        40.75,
        39.12,
        41.5,
        42.2,
        33.0,
        35.75,
        48.5,
        59.0,
        41.95,
        36.5,
        43.66,
        26.25,
        38.61,
        34.8,
        33.85,
        32.91,
        25.68,
        48.0,
        43.29,
        56.5,
        45.0,
        31.5,
        42.3,
        50.75,
        56.0,
        49.0,
        49.0,
        33.95,
        51.0,
        33.25,
        44.5,
        41.78,
        39.21,
        40.39,
        31.97
    ],
    "y_pred": [
        37.375010959688105,
        36.312037954398306,
        42.51684047259907,
        39.82267185973989,
        34.27028860689382,
        38.846181634456904,
        36.465146884463685,
        41.07992224984125,
        36.22366773876842,
        41.28871880230148,
        39.06375648403559,
        36.19768248663939,
        41.221640104426676,
        45.50694337521179,
        39.69444969727844,
        45.13493703662047,
        36.65436518155321,
        37.77034492482566,
        40.57673365650183,
        40.796827737351464,
        41.52915873807671,
        37.01187878067283,
        40.42220134958238,
        42.10568222013913,
        46.1592512800467,
        44.22792237250886,
        38.19733913730169,
        33.929119900776314,
        37.10200973804403,
        46.107141683572046,
        45.63805477425383,
        38.58820404031169,
        39.20650452352435,
        36.38136395990914,
        41.85638703168312,
        42.98824898911773,
        45.725914199095826,
        48.27083640881192,
        34.14286057525793,
        36.22209572272579,
        48.12553267126787,
        50.287470005672546,
        35.161473480562044,
        37.1112802227646,
        35.20861641183826,
        47.381798388130726,
        33.72018192429226,
        36.555089116136195,
        35.987552268066686,
        37.42884382433647,
        33.68606873903842,
        40.6246934818344,
        35.93371940341832,
        52.44940734007722,
        43.71269882637487,
        33.917085961348604,
        37.284242601349874,
        40.55810195752586,
        47.7999921086585,
        42.06598503810418,
        50.810656224725236,
        35.10498549908808,
        37.99456939253141,
        43.24185958424593,
        38.95488941041236,
        37.654373353333696,
        44.75753864489585,
        38.628656234910984,
        48.96892064144325
    ]
}