{
    "Est_name": "EN",
    "Run": 39,
    "Seed": 1584,
    "Est_params": {
        "alpha": 0.003319976723529881,
        "l1_ratio": 0.001705895237417603
    },
    "R2": -0.008859120441538915,
    "R": 0.29727193790096107,
    "MAPE": 0.23806037905014243,
    "RMSE": 10.372812042599696,
    "y_test": [
        23.0,
        45.0,
        39.42,
        43.5,
        41.75,
        42.0,
        41.78,
        49.0,
        50.5,
        52.5,
        16.58,
        40.5,
        43.64,
        41.23,
        56.0,
        37.0,
        40.87,
        39.5,
        31.53,
        54.2,
        37.5,
        54.25,
        57.27,
        44.0,
        47.0,
        33.5,
        25.68,
        54.04,
        33.0,
        43.5,
        42.56,
        53.0,
        40.03,
        43.66,
        41.8,
        22.73,
        62.5,
        26.5,
        29.02,
        32.5,
        33.5,
        42.0,
        53.5,
        59.5,
        26.5,
        43.29,
        38.82,
        46.0,
        50.0,
        58.25,
        22.04,
        46.0,
        49.5,
        54.0,
        29.02,
        42.66,
        32.26,
        31.75,
        43.47,
        46.25,
        56.0,
        30.5,
        59.0,
        33.5,
        49.9,
        43.65,
        42.75,
        31.97,
        26.75
    ],
    "y_pred": [
        38.55363690605033,
        36.08175881949976,
        39.17453808090332,
        36.61943561814614,
        46.89146159168257,
        43.141566865397785,
        36.534997418560806,
        43.56774627578217,
        40.31427335140545,
        45.01887203497942,
        59.45821191853939,
        35.564422825927295,
        36.50329251460972,
        41.600569921925064,
        46.98638016157824,
        43.65860878215762,
        51.419831589461936,
        35.87040306925505,
        45.93028292418779,
        48.86263795396186,
        42.83150769854122,
        39.82268942202279,
        46.469338244818395,
        37.033254623256546,
        40.510153645953885,
        42.74807761742851,
        34.65876877424499,
        47.82855412044218,
        40.104762656329854,
        46.68039991825049,
        36.830497291578226,
        41.54423747947357,
        38.56257759424781,
        33.85377137437061,
        43.35600336772146,
        41.70950911135134,
        44.18797905718298,
        33.34860329335804,
        50.62442740019884,
        31.314926911944294,
        39.625062457299556,
        42.43062115171159,
        40.30065554209939,
        63.03975131680525,
        32.520702436259775,
        35.46920868109004,
        36.4511488707297,
        36.19731227128196,
        40.66693611575114,
        62.522709400045414,
        40.03284951351627,
        45.43795408237497,
        39.30564750526295,
        43.612405146512934,
        34.4477071008129,
        34.98387166828129,
        46.44732484094763,
        38.49560154138372,
        36.01795550180097,
        46.60715722855747,
        43.412416182043216,
        40.36328361470977,
        50.38928407982673,
        37.323617027874946,
        40.43560760460763,
        43.10986196144669,
        40.014011907669165,
        46.964366757707474,
        36.944475791104196
    ]
}