{
    "Est_name": "EN",
    "Run": 48,
    "Seed": 6201,
    "Est_params": {
        "alpha": 1.981128100314876,
        "l1_ratio": 0.4926325304690005
    },
    "R2": 0.2918780481945342,
    "R": 0.5697176499912842,
    "MAPE": 0.14822061915020174,
    "RMSE": 7.428842470669159,
    "y_test": [
        49.7,
        42.0,
        30.0,
        37.0,
        49.5,
        39.5,
        33.0,
        39.0,
        48.0,
        34.5,
        55.5,
        32.57,
        39.5,
        54.25,
        48.0,
        34.8,
        32.5,
        55.84,
        30.5,
        40.75,
        57.27,
        46.8,
        52.5,
        34.5,
        49.0,
        21.75,
        39.8,
        31.7,
        33.95,
        60.25,
        35.0,
        54.0,
        39.3,
        44.95,
        45.0,
        44.6,
        43.5,
        40.39,
        57.96,
        46.7,
        39.5,
        45.23,
        37.6,
        42.56,
        41.0,
        45.25,
        57.1,
        33.5,
        43.29,
        56.5,
        33.5,
        33.0,
        26.5,
        36.5,
        40.12,
        31.5,
        45.0,
        29.0,
        43.5,
        29.02,
        58.5,
        41.75,
        44.75,
        44.5,
        42.2,
        45.22,
        40.75,
        57.5,
        52.0
    ],
    "y_pred": [
        40.48383670119821,
        42.42383162631389,
        36.417619922189516,
        43.165188439771,
        39.001123074283996,
        38.253733498887414,
        36.935532527888235,
        41.14720214527582,
        38.93683259831822,
        36.564315432561585,
        44.431500695548536,
        37.065111300807715,
        37.04941937925718,
        42.18984465837143,
        38.19547578486111,
        36.768667676812,
        37.67795502789795,
        49.7686735614717,
        40.481630668261616,
        41.86921991189728,
        44.610603875383724,
        42.437138085783936,
        44.02537509882686,
        42.67018808860134,
        40.41954622523243,
        39.842440836875035,
        46.88527896652657,
        36.52611570346421,
        35.02394597201187,
        43.50956186308146,
        40.06766007542799,
        43.67255828528564,
        39.951597312321994,
        36.82236254719693,
        42.54266147191265,
        45.40256533961236,
        36.40150604360653,
        39.04643298756825,
        43.096462240357745,
        50.114433211911376,
        38.27588013940988,
        36.82236254719693,
        37.0112196501598,
        40.94111799939968,
        38.72240870932245,
        40.10829011089206,
        46.83467431575504,
        37.950223808312735,
        39.31873043932204,
        42.3975266428958,
        41.47691938095068,
        39.74027385480451,
        33.2287484606027,
        41.448011832649925,
        39.3405072729764,
        35.23318426606605,
        36.57981057384913,
        37.208866994855626,
        33.242898075780836,
        34.93623500761432,
        63.571184664683855,
        44.12549992868813,
        37.14130824396808,
        37.98142754355099,
        39.960902266600044,
        41.68247481285679,
        41.93311577934551,
        66.53661191851228,
        39.67818941177532
    ]
}