{
    "Est_name": "EN",
    "Run": 37,
    "Seed": 1519,
    "Est_params": {
        "alpha": 1.9850186535200807,
        "l1_ratio": 0.78312417512947
    },
    "R2": 0.051781769782687115,
    "R": 0.3315137879226262,
    "MAPE": 0.2302525638964206,
    "RMSE": 9.73903542316118,
    "y_test": [
        25.68,
        32.26,
        46.8,
        43.66,
        30.5,
        30.25,
        45.22,
        33.5,
        41.25,
        46.5,
        40.5,
        33.6,
        57.21,
        36.0,
        28.5,
        48.0,
        43.29,
        55.5,
        53.5,
        35.5,
        29.02,
        37.5,
        52.5,
        42.35,
        48.0,
        41.89,
        35.0,
        31.75,
        43.0,
        32.25,
        22.9,
        29.5,
        42.5,
        41.4,
        39.0,
        27.5,
        50.5,
        43.64,
        30.5,
        39.45,
        56.38,
        58.25,
        22.67,
        31.97,
        59.0,
        45.0,
        39.78,
        39.5,
        36.0,
        44.5,
        27.49,
        33.5,
        40.03,
        24.67,
        18.52,
        55.84,
        41.78,
        22.73,
        53.5,
        42.0,
        33.0,
        52.0,
        30.0,
        43.4,
        22.13,
        38.0,
        56.5,
        34.5,
        47.0
    ],
    "y_pred": [
        33.334717196003595,
        48.874982504462025,
        44.60547320082214,
        35.83543756846978,
        30.826994058330694,
        40.366436069749795,
        41.75446405342442,
        42.822505897105856,
        43.868804387954974,
        39.74812787609809,
        37.92182072495672,
        35.3217634235233,
        41.50302259614256,
        40.012072172126096,
        48.05421348746424,
        39.39519730240773,
        36.22832333316823,
        47.3064277058267,
        47.445335268694485,
        35.925800933702604,
        33.63011866038571,
        36.14941193866402,
        40.845828063711714,
        38.69431611976003,
        40.410728588536585,
        37.35356970506333,
        35.38691559203917,
        39.663827638504856,
        41.20762113176043,
        34.117298301118765,
        43.539225174744445,
        40.610861123574615,
        39.02770074766687,
        48.11851535704684,
        36.314045787418515,
        41.25285949399297,
        41.97480407324298,
        37.63354019565811,
        39.578261016227145,
        40.34924719093454,
        41.01099925635346,
        62.90249416554565,
        43.03736848358484,
        49.577590935706965,
        44.97816555322261,
        43.22968468122484,
        39.53949138411697,
        36.60944725180063,
        37.99170768851509,
        39.73030917891181,
        48.23145436609351,
        39.434918850049556,
        39.107226573314996,
        42.94842224598021,
        40.352407995016485,
        51.671609692660795,
        37.834291935743444,
        42.65302078159809,
        43.963778463567735,
        40.40063793332417,
        35.535442389018485,
        40.80041416489762,
        36.19653679824567,
        37.45686597038066,
        42.660975965215144,
        38.99542107083429,
        52.46390218029048,
        32.23221092082058,
        41.99947766147615
    ]
}