{
    "Est_name": "EN",
    "Run": 30,
    "Seed": 6924,
    "Est_params": {
        "alpha": 1.9809526653339606,
        "l1_ratio": 0.9987516926011271
    },
    "R2": 0.20986797033938576,
    "R": 0.46694322337171423,
    "MAPE": 0.23847390203574467,
    "RMSE": 9.91770621956893,
    "y_test": [
        46.0,
        18.52,
        46.8,
        42.0,
        27.4,
        46.0,
        41.4,
        40.5,
        57.27,
        39.3,
        42.03,
        38.0,
        51.0,
        34.5,
        22.9,
        22.73,
        53.5,
        52.0,
        42.3,
        31.53,
        13.33,
        33.0,
        45.5,
        35.0,
        39.5,
        49.7,
        28.0,
        22.04,
        55.5,
        39.42,
        57.8,
        45.0,
        31.67,
        40.0,
        37.0,
        43.5,
        42.0,
        34.5,
        57.0,
        39.45,
        42.25,
        47.3,
        23.33,
        32.0,
        49.5,
        44.05,
        25.68,
        62.5,
        41.04,
        33.5,
        39.73,
        56.0,
        33.41,
        59.0,
        27.12,
        35.25,
        26.5,
        43.07,
        25.81,
        60.25,
        32.5,
        56.5,
        49.0,
        48.0,
        22.13,
        37.5,
        41.75,
        38.82,
        57.5
    ],
    "y_pred": [
        45.99735127091995,
        39.18287341670729,
        43.203710548631705,
        40.8326956187995,
        35.50023329770584,
        44.28166121698514,
        47.1509092721146,
        36.96206406177223,
        45.278906954407375,
        39.08423235908451,
        35.1906216513641,
        36.73169584062829,
        41.12390223819882,
        36.83986070330032,
        42.80702118214962,
        42.059671494203734,
        45.295237916793226,
        39.545022748805664,
        37.39725724532065,
        46.369232466416335,
        45.00739347862404,
        39.353085833370656,
        40.70576051426294,
        37.091958302933406,
        38.000620369117435,
        41.87397310156767,
        38.00911099633917,
        41.551192650797034,
        45.54435447944185,
        41.417929869024455,
        41.089786902594874,
        38.44023160998098,
        33.55244544455448,
        38.23020819480247,
        43.19416586976965,
        36.60625774646375,
        42.40472612507307,
        33.46068582629675,
        49.665078978358714,
        40.03640689098333,
        39.58993381698267,
        43.993150293328284,
        38.6918755210514,
        34.25012557099333,
        62.60467671677328,
        37.646373807969276,
        34.50376704711133,
        42.68184204006652,
        37.91030090991114,
        38.42569919396426,
        34.752541931124824,
        49.58089886485732,
        34.72065803185921,
        43.4712817847631,
        36.68129140084498,
        35.43498773095342,
        33.06666849686368,
        36.331421420517984,
        35.51307881354025,
        43.07656191241481,
        38.01184862138148,
        52.73865784364364,
        45.25588630478539,
        37.966143259412505,
        41.78483516825798,
        39.42216544455877,
        44.78067382911012,
        39.88945481941461,
        67.34131518495275
    ]
}