{
    "Est_name": "EN",
    "Run": 17,
    "Seed": 8279,
    "Est_params": {
        "alpha": 0.014028343466523947,
        "l1_ratio": 0.002408903823016182
    },
    "R2": 0.30806064614074635,
    "R": 0.58831711356698,
    "MAPE": 0.19695764962164627,
    "RMSE": 8.708623647512312,
    "y_test": [
        52.5,
        51.0,
        45.8,
        41.5,
        56.5,
        30.0,
        34.5,
        39.5,
        26.5,
        33.5,
        26.5,
        54.0,
        27.12,
        35.75,
        15.11,
        32.57,
        23.0,
        33.85,
        34.25,
        39.0,
        33.5,
        40.52,
        57.27,
        48.0,
        43.76,
        44.05,
        37.5,
        62.5,
        38.82,
        55.5,
        58.5,
        49.7,
        49.0,
        32.0,
        48.0,
        30.0,
        39.5,
        52.07,
        48.0,
        41.89,
        33.46,
        32.25,
        46.0,
        35.0,
        39.17,
        53.0,
        43.47,
        33.5,
        57.8,
        42.0,
        57.5,
        40.0,
        53.25,
        22.04,
        56.0,
        42.35,
        20.5,
        46.0,
        45.5,
        36.5,
        31.59,
        29.02,
        48.5,
        38.61,
        33.4,
        33.0,
        45.23,
        42.56,
        23.33
    ],
    "y_pred": [
        44.249671369463215,
        40.36170422171714,
        44.993492281924716,
        36.85746848797973,
        42.56686002522807,
        35.84089028544611,
        36.64967907097071,
        37.57846295835933,
        31.19126314942581,
        39.34756110912345,
        35.91089188341852,
        43.511290212868275,
        35.99412134622451,
        36.45078729553221,
        40.177381809577575,
        37.04979403559967,
        37.89419183332135,
        36.13905855595197,
        38.039428754790286,
        36.2607931616642,
        37.914451674819325,
        34.28845083911056,
        45.64430044523961,
        38.67060209111067,
        38.83217050805352,
        38.0855601643433,
        37.791289608720135,
        43.27637231568532,
        38.287975248816586,
        44.64745492034022,
        61.60681798040213,
        40.67343296129738,
        43.56145251594948,
        34.3301524384902,
        47.14058788536717,
        38.518226530273125,
        37.566980778436985,
        50.20646889974677,
        38.87198861821444,
        36.77823302910143,
        36.2518955200937,
        37.32991646433303,
        36.72638503631062,
        36.80479321250048,
        35.8324064822107,
        40.67324105103926,
        37.12650000093957,
        34.4129680629611,
        39.40126440647953,
        39.29636900093141,
        42.921616170456694,
        36.86895066790208,
        44.2252758643251,
        40.74487534957158,
        44.5262117265211,
        37.81559230551991,
        41.454387640028834,
        44.346700414768705,
        38.94734246830651,
        39.183532036789686,
        36.541504934332856,
        34.84103533254169,
        47.48056586781742,
        33.907234013160455,
        35.63076945468516,
        40.02272870469311,
        37.17601657997844,
        35.50625223083462,
        37.339332647748556
    ]
}