{
    "Est_name": "EN",
    "Run": 40,
    "Seed": 5881,
    "Est_params": {
        "alpha": 1.980515489031146,
        "l1_ratio": 0.002617849479097885
    },
    "R2": 0.2788689872693172,
    "R": 0.6298802315859663,
    "MAPE": 0.15297354382172584,
    "RMSE": 7.654570731864564,
    "y_test": [
        35.25,
        57.8,
        48.0,
        58.0,
        39.0,
        39.78,
        42.56,
        36.0,
        53.0,
        43.0,
        31.7,
        56.5,
        45.0,
        43.07,
        31.47,
        40.75,
        40.5,
        50.0,
        25.68,
        53.5,
        32.83,
        51.0,
        31.67,
        59.0,
        42.56,
        38.0,
        41.89,
        50.2,
        33.6,
        30.0,
        41.5,
        36.0,
        27.4,
        35.25,
        49.5,
        53.5,
        32.5,
        46.0,
        53.25,
        43.55,
        44.6,
        25.81,
        56.0,
        34.25,
        29.0,
        33.5,
        48.0,
        40.52,
        33.46,
        44.95,
        42.0,
        22.04,
        38.82,
        32.25,
        46.0,
        42.2,
        34.75,
        22.9,
        42.0,
        62.5,
        43.5,
        42.66,
        43.5,
        39.73,
        41.16,
        37.5,
        35.0,
        33.5,
        35.5
    ],
    "y_pred": [
        38.13855315409726,
        39.586249973641415,
        41.023711210486184,
        49.31368663610121,
        41.818698513059665,
        40.164821807447936,
        35.29322859299948,
        39.266966103928155,
        41.511884663460684,
        40.920842809539884,
        36.65636966194475,
        43.21054137540312,
        40.1258555069664,
        35.390730127596164,
        34.38566273099575,
        36.381342546720596,
        35.744331129936754,
        38.81057841995655,
        33.71227095335591,
        41.756265376750164,
        35.23081256537175,
        40.15736197523622,
        33.53046350567977,
        49.7626144878611,
        41.404255869430195,
        34.880657615780635,
        35.91320326268734,
        41.472639062246074,
        35.01193700434636,
        39.186995050797584,
        36.31111414983408,
        38.35115116958786,
        34.61012665687569,
        34.44532732437839,
        39.141651103579,
        46.32272813380944,
        31.863295933537778,
        40.57478335872629,
        45.110908420278705,
        35.733739057134635,
        46.1666554347282,
        35.07416963575112,
        44.622379074117454,
        37.96029541323295,
        37.405421754880514,
        34.0972465255771,
        39.48913329716085,
        34.033389997442654,
        35.47211126650118,
        36.36213111444723,
        39.165510436149404,
        40.67276933126898,
        37.14778969536995,
        33.9878087450644,
        35.96662037063932,
        40.3464652764608,
        34.669791250258335,
        41.656061595945935,
        42.53782190922485,
        43.77732439530045,
        37.09339458501508,
        35.166956037237306,
        35.51769251887943,
        34.257164087801506,
        41.285021030250576,
        37.7008717127323,
        38.91793418948519,
        37.21758512979321,
        37.465161376457424
    ]
}