{
    "Est_name": "EN",
    "Run": 38,
    "Seed": 6224,
    "Est_params": {
        "alpha": 1.9873253192430345,
        "l1_ratio": 0.9889541728907171
    },
    "R2": 0.09153267101985063,
    "R": 0.3367444545850121,
    "MAPE": 0.19061203632305895,
    "RMSE": 8.64962092290633,
    "y_test": [
        39.61,
        44.5,
        51.0,
        57.5,
        40.87,
        34.5,
        31.47,
        42.25,
        35.75,
        40.12,
        42.75,
        33.0,
        33.41,
        60.25,
        33.85,
        42.3,
        44.05,
        32.0,
        32.0,
        32.25,
        41.95,
        28.0,
        29.0,
        33.5,
        39.12,
        43.65,
        46.0,
        27.7,
        43.5,
        48.0,
        23.9,
        42.35,
        59.0,
        32.57,
        43.66,
        35.0,
        47.0,
        33.5,
        52.07,
        43.4,
        30.5,
        36.0,
        49.9,
        30.5,
        53.5,
        40.0,
        40.1,
        57.21,
        45.5,
        22.9,
        13.33,
        36.0,
        45.22,
        32.25,
        41.0,
        57.0,
        35.25,
        40.0,
        42.56,
        33.25,
        33.6,
        48.0,
        52.5,
        49.5,
        35.5,
        43.64,
        40.03,
        50.8,
        35.75
    ],
    "y_pred": [
        38.94986740401656,
        38.9013524613525,
        41.32658701391954,
        42.62474669635525,
        33.14325594068921,
        44.21210939095084,
        34.55227262412349,
        38.84350740517517,
        33.90016216645655,
        39.40661627834739,
        38.65039906805785,
        39.45254253059256,
        34.13511737541209,
        43.45776981360311,
        35.8011636099078,
        37.20635541966959,
        37.487909856255705,
        33.630247922380924,
        33.28697511612505,
        33.62056609433861,
        35.213450022216854,
        38.203007854720774,
        37.38798567420707,
        38.06997368196341,
        42.75003496030406,
        42.23548367923059,
        39.84110747981428,
        44.693137653802566,
        37.235306226856785,
        41.09584588752682,
        42.42409000720482,
        38.09595927961433,
        43.87428137222704,
        36.95265856333005,
        35.74272152675093,
        35.29629415687664,
        39.50444301345092,
        42.37013788117084,
        52.087236347763906,
        37.76946429284182,
        30.787905764381474,
        39.038045412179414,
        42.300261400042444,
        39.86905408921649,
        45.22860310093091,
        37.25426707763776,
        36.92480098308348,
        40.40421635298651,
        40.56739869584822,
        42.70564444379093,
        45.3295681440248,
        37.262936162366465,
        41.72093239815711,
        37.13487415624998,
        34.71798222662445,
        48.52130987258652,
        36.43288415290039,
        37.98799363173875,
        35.28089164684758,
        43.21914749494208,
        34.96814049265995,
        39.09059614674458,
        40.200369267575084,
        39.930455023499455,
        36.15132971631428,
        37.77996099859116,
        38.561952968589054,
        42.042985759505704,
        36.07107785398343
    ]
}