{
    "Est_name": "EN",
    "Run": 42,
    "Seed": 9891,
    "Est_params": {
        "alpha": 1.9910171087981308,
        "l1_ratio": 0.003033495954895848
    },
    "R2": 0.3429612762791716,
    "R": 0.5862013794218166,
    "MAPE": 0.16669867690608808,
    "RMSE": 7.532824319782337,
    "y_test": [
        45.5,
        48.7,
        38.61,
        38.0,
        42.0,
        39.5,
        54.04,
        46.7,
        32.5,
        56.25,
        23.0,
        47.0,
        30.0,
        58.5,
        39.0,
        33.0,
        25.81,
        40.75,
        39.78,
        42.03,
        23.33,
        43.47,
        41.23,
        51.5,
        37.5,
        40.1,
        22.67,
        50.0,
        33.04,
        41.89,
        35.0,
        53.5,
        44.6,
        32.25,
        20.8,
        40.75,
        30.0,
        46.8,
        41.16,
        42.3,
        57.5,
        32.25,
        59.0,
        37.25,
        30.0,
        45.22,
        42.0,
        35.0,
        56.0,
        45.02,
        54.25,
        57.5,
        23.9,
        32.43,
        33.6,
        39.17,
        33.95,
        37.5,
        41.5,
        32.83,
        50.8,
        50.86,
        43.4,
        42.75,
        49.9,
        42.0,
        35.3,
        48.0,
        35.5
    ],
    "y_pred": [
        39.398917354590154,
        45.11339654633815,
        34.75348916871783,
        35.67672025589293,
        38.990312045975706,
        37.64143253906992,
        47.44581910795348,
        48.23119845639266,
        37.724676906454,
        51.03495076373824,
        38.53596913987207,
        39.693534471618335,
        35.3168132531877,
        63.56725139049226,
        42.55402033436043,
        39.721883990855076,
        35.92856027665384,
        36.716344838377765,
        40.39591090052633,
        35.55575425067681,
        37.80989463048401,
        36.741669101659824,
        42.323573431397385,
        39.002019307184305,
        38.82734739005293,
        37.34113150067064,
        41.754883906355985,
        39.514435597735044,
        39.52423151569124,
        35.70306280919091,
        39.38138717808436,
        46.156998382341314,
        45.90400644699349,
        35.05212076235092,
        40.34026847053262,
        40.28191055186087,
        38.901451037462266,
        44.32278664568281,
        41.68687173790183,
        37.5835586943053,
        65.14847119180294,
        37.51291788138082,
        44.468360037944414,
        41.55903217384785,
        37.40909224466503,
        42.50079200116447,
        42.311593140725776,
        37.327285520697494,
        50.00191366944824,
        36.888977660173914,
        42.918877668745175,
        43.875402612452916,
        42.055070221563085,
        39.72075555480367,
        35.99003922152035,
        35.07251536326627,
        35.3001171541645,
        37.246127588742254,
        36.797345221198896,
        35.69542210449217,
        39.137672684394744,
        45.516776577989305,
        38.06841308157462,
        39.095995700877864,
        39.40897943881562,
        42.89609695149214,
        36.455517688086914,
        40.64082390247346,
        37.910080849894854
    ]
}