{
    "Est_name": "EN",
    "Run": 23,
    "Seed": 6873,
    "Est_params": {
        "alpha": 0.002923444068170538,
        "l1_ratio": 0.002087916358806672
    },
    "R2": 0.19568864457850232,
    "R": 0.4503005497254437,
    "MAPE": 0.18928388149289976,
    "RMSE": 8.102755403289585,
    "y_test": [
        22.5,
        44.5,
        35.5,
        29.5,
        41.5,
        60.25,
        37.25,
        39.45,
        43.07,
        28.0,
        51.0,
        39.12,
        44.75,
        26.75,
        42.0,
        23.0,
        41.23,
        24.67,
        20.22,
        32.9,
        35.5,
        32.91,
        40.75,
        49.0,
        56.5,
        42.0,
        40.39,
        44.0,
        40.5,
        32.5,
        56.0,
        48.0,
        43.47,
        40.0,
        49.5,
        43.55,
        39.78,
        33.0,
        35.5,
        46.7,
        46.0,
        27.7,
        51.0,
        27.5,
        32.26,
        39.5,
        43.29,
        26.5,
        46.0,
        30.0,
        29.0,
        40.75,
        37.6,
        30.0,
        35.0,
        57.0,
        33.95,
        34.5,
        29.02,
        49.9,
        41.5,
        31.75,
        41.0,
        28.0,
        53.5,
        46.5,
        42.56,
        53.5,
        40.5
    ],
    "y_pred": [
        38.91814427447402,
        38.48929136007496,
        39.826710136071824,
        38.17743457510381,
        46.77649864480744,
        44.05678437109519,
        41.37771022265576,
        41.90975068450799,
        35.47923296162092,
        38.464740851604745,
        40.99637246161896,
        43.30615598778224,
        36.750686781678226,
        38.96136525468593,
        42.31227127387532,
        39.02394027144567,
        43.250024735997556,
        41.56092040293906,
        38.25314885766145,
        35.31144753844557,
        39.29784436631432,
        36.4328341779693,
        42.613602827749084,
        50.81480203605385,
        43.73939638018024,
        38.95783142215056,
        37.8075153756903,
        37.44128738873926,
        39.721028354200925,
        32.65368751797302,
        46.472473568754076,
        42.51948046606732,
        36.05578294883459,
        39.293461564563025,
        40.357213678037766,
        35.84419095489129,
        40.34188011090058,
        33.958245231292594,
        38.87027757667642,
        47.69624246518864,
        40.291259957923494,
        46.43723401547843,
        42.09629647818072,
        35.78505423729922,
        47.07200999730833,
        36.119116769105666,
        39.7893294527468,
        38.74977326074263,
        45.28999717956553,
        35.36187024941262,
        38.98034216029862,
        40.56739632997412,
        37.63415778079916,
        37.13824213098971,
        39.023802550877015,
        45.31260942844328,
        35.03642887469505,
        32.86527951191632,
        35.755393508720246,
        38.78302429893538,
        36.54668355874357,
        39.596141236515834,
        37.984610106762915,
        39.34132826236062,
        45.73579341632988,
        41.35561061807739,
        35.90761762469851,
        46.35613720449461,
        36.33290016392462
    ]
}