{
    "Est_name": "EN",
    "Run": 13,
    "Seed": 488,
    "Est_params": {
        "alpha": 1.9542177546858945,
        "l1_ratio": 0.8781422142365327
    },
    "R2": 0.13607707229303956,
    "R": 0.36912337919547283,
    "MAPE": 0.2113819386134498,
    "RMSE": 9.03325762666528,
    "y_test": [
        53.5,
        41.8,
        31.67,
        39.45,
        32.33,
        35.0,
        30.0,
        41.5,
        52.5,
        33.5,
        53.9,
        46.0,
        32.5,
        43.5,
        31.75,
        40.52,
        35.25,
        33.5,
        23.9,
        46.0,
        40.5,
        33.5,
        35.5,
        41.52,
        31.5,
        39.12,
        42.0,
        25.81,
        33.0,
        42.56,
        41.0,
        44.0,
        38.61,
        33.4,
        57.0,
        53.5,
        54.25,
        39.5,
        22.04,
        43.76,
        44.5,
        42.5,
        38.78,
        36.5,
        27.12,
        42.0,
        31.53,
        28.5,
        26.5,
        50.2,
        51.5,
        37.75,
        58.0,
        21.75,
        52.0,
        56.0,
        60.25,
        42.03,
        48.0,
        27.7,
        31.25,
        37.5,
        47.0,
        13.33,
        43.66,
        35.5,
        56.5,
        37.6,
        42.56
    ],
    "y_pred": [
        41.17676223434562,
        42.652574072167056,
        33.46988531382655,
        40.17132365627932,
        38.77895457173214,
        36.827650366897686,
        38.650916205945855,
        36.57072704783081,
        43.562882531072674,
        42.33784471433073,
        43.46585221668001,
        40.21883904984972,
        37.76145305314953,
        37.71365483125339,
        39.14877146727682,
        34.28816095872108,
        36.604440034452246,
        38.40842251577126,
        42.571859497833785,
        44.55191194460682,
        37.91255497797719,
        38.53712428445311,
        36.368265470908966,
        46.523917270795195,
        34.2471173740227,
        42.72427751647121,
        41.163537304022846,
        35.28336085982947,
        35.88490364859751,
        40.94346840981343,
        35.026437540762586,
        40.927362740479566,
        33.909911826299705,
        35.518506997456605,
        44.23386926162361,
        42.72105174141383,
        43.1976156340247,
        37.26765235025161,
        41.723719881769114,
        39.38060422708958,
        37.8442699647194,
        39.98214701585761,
        40.2978190241175,
        38.14872954152047,
        36.29202521295314,
        42.48775791688165,
        46.615516058059285,
        41.09538883233447,
        32.45396437255465,
        41.501422792941504,
        41.97969963574213,
        36.75495107118272,
        49.678144676672694,
        40.95157512823501,
        39.91904342340217,
        47.090671640178655,
        43.4617245080895,
        35.060305712255186,
        39.6324727272774,
        45.07122655099107,
        33.22610912608876,
        39.353120769944375,
        42.34287601174484,
        45.07367057455945,
        35.93724684423058,
        35.89591634382241,
        42.30350737778834,
        36.899571710546276,
        36.16422914171212
    ]
}