{
    "Est_name": "EN",
    "Run": 22,
    "Seed": 8928,
    "Est_params": {
        "alpha": 1.9762582080941034,
        "l1_ratio": 0.025270641716365505
    },
    "R2": 0.2741186790511828,
    "R": 0.5421376311455829,
    "MAPE": 0.13393969815834747,
    "RMSE": 6.398825674899921,
    "y_test": [
        33.4,
        43.64,
        44.6,
        35.75,
        45.5,
        37.0,
        39.5,
        29.02,
        48.0,
        24.5,
        47.0,
        32.91,
        35.25,
        45.8,
        41.0,
        42.25,
        32.25,
        43.07,
        32.0,
        39.0,
        33.76,
        40.0,
        51.0,
        50.8,
        33.5,
        46.0,
        36.0,
        45.25,
        30.25,
        40.1,
        55.52,
        34.5,
        43.0,
        40.03,
        52.5,
        30.5,
        29.41,
        41.95,
        45.5,
        29.6,
        34.8,
        31.25,
        45.0,
        50.2,
        38.82,
        52.5,
        37.5,
        34.5,
        31.75,
        34.75,
        46.0,
        40.5,
        42.86,
        57.27,
        42.29,
        31.67,
        55.5,
        39.8,
        39.5,
        33.04,
        35.5,
        26.5,
        53.5,
        43.5,
        33.5,
        35.0,
        47.0,
        42.03,
        36.0
    ],
    "y_pred": [
        35.08648957801713,
        36.47097988448956,
        46.922268637294486,
        34.95622620241866,
        38.74685919319041,
        42.911167337254064,
        39.12013327169329,
        34.238274666886355,
        38.160473089914845,
        38.56769950019813,
        38.66705630353198,
        36.5663377740393,
        35.408262858787296,
        46.41568542367736,
        38.28740715025164,
        38.48816914602601,
        38.742372198675746,
        35.14770357549359,
        33.712849008394564,
        36.28076896828796,
        35.593072791634256,
        39.517623370813446,
        41.77284508281728,
        39.78421099321957,
        40.44639476738983,
        41.05473895416556,
        37.27424072301738,
        39.76002562042466,
        40.26212183952713,
        37.54966211849612,
        47.89638151278026,
        35.83373623223785,
        38.06608549132073,
        38.262150817841686,
        39.22818607439759,
        32.193099367543184,
        33.56460295102388,
        34.64112036187646,
        39.25344240680754,
        46.21788124091857,
        37.09762546212748,
        34.39509643155304,
        40.60270229779691,
        41.95881226690283,
        36.604102232726646,
        45.236973070841515,
        39.843497036664886,
        36.054750640103634,
        39.755538625910006,
        35.63428118697162,
        40.81422521283151,
        36.45224073922379,
        35.654286789110714,
        45.49608153184028,
        35.08435259187526,
        33.60664138199496,
        44.989498318223156,
        47.93543506452875,
        36.506787296472275,
        39.580865927432384,
        38.504456943579186,
        37.72920577144149,
        45.46299139902583,
        45.270063203655965,
        38.939423723927604,
        35.004549702216835,
        42.854973862720804,
        34.484548474850264,
        39.391460380296245
    ]
}