{
    "Est_name": "EN",
    "Run": 6,
    "Seed": 2286,
    "Est_params": {
        "alpha": 1.9991263698923314,
        "l1_ratio": 0.9996242492030178
    },
    "R2": 0.15780035333439613,
    "R": 0.4053401265601106,
    "MAPE": 0.1991570331604354,
    "RMSE": 8.767185457424707,
    "y_test": [
        51.0,
        39.12,
        31.8,
        45.5,
        40.5,
        44.5,
        35.0,
        33.25,
        30.0,
        57.5,
        39.45,
        34.5,
        59.0,
        57.0,
        33.4,
        23.33,
        22.73,
        22.67,
        41.52,
        51.0,
        40.75,
        56.0,
        45.22,
        34.0,
        42.3,
        32.5,
        42.75,
        26.25,
        43.0,
        43.29,
        34.5,
        57.27,
        36.5,
        33.5,
        34.75,
        46.5,
        42.56,
        39.5,
        26.75,
        37.0,
        28.0,
        37.5,
        49.9,
        54.0,
        45.0,
        56.5,
        42.2,
        42.0,
        39.0,
        52.0,
        41.78,
        43.4,
        41.0,
        55.52,
        52.07,
        29.5,
        31.97,
        26.5,
        24.67,
        29.0,
        45.5,
        45.0,
        42.5,
        54.2,
        40.0,
        39.8,
        43.47,
        22.04,
        44.0
    ],
    "y_pred": [
        38.49683046611605,
        42.178989174136845,
        34.03481497139887,
        40.1756454267843,
        36.50391039022503,
        37.17671044638981,
        40.20645867209909,
        42.776960337348854,
        36.05221766626082,
        43.01900483811234,
        40.00348847528692,
        36.327530242937584,
        43.880908825555196,
        44.16821015470281,
        35.482578425833076,
        38.7138676235233,
        42.19687989801207,
        42.41212780384372,
        46.70175015286628,
        41.608067162590196,
        43.44984014429199,
        44.66700972187327,
        41.1526937918774,
        33.94066348618324,
        36.6911133817489,
        31.951160721944603,
        38.17601298284876,
        47.288280902366495,
        45.055683112361635,
        36.21023636822043,
        32.525763380239844,
        45.61185548998423,
        39.41422389309357,
        34.39482807640811,
        35.15465614778552,
        40.116773861430666,
        35.635633709925195,
        36.71922178892603,
        37.924444569616256,
        42.30189910846788,
        37.763543670749485,
        38.443029763811744,
        41.42406065416503,
        45.39632790499195,
        39.17879761965943,
        51.52229460805624,
        48.70059833148673,
        41.51906156893587,
        41.761860101256325,
        40.45886184599972,
        37.42089665197643,
        37.17671044638981,
        35.92930773192979,
        47.75680782536221,
        53.297419597848645,
        37.908048038918125,
        48.58316533834925,
        34.90301234967034,
        42.43967843033253,
        38.75474172928217,
        40.75024808507954,
        42.943201746987555,
        39.16292093230885,
        50.99900896466769,
        37.45880997961948,
        47.7987056210541,
        36.846293993681186,
        41.822007959044534,
        37.90019935507444
    ]
}