{
    "Est_name": "EN",
    "Run": 46,
    "Seed": 8785,
    "Est_params": {
        "alpha": 1.991067809262067,
        "l1_ratio": 0.9915803456789919
    },
    "R2": 0.27418997401041023,
    "R": 0.5687312405534786,
    "MAPE": 0.18464443781150913,
    "RMSE": 8.357078172651205,
    "y_test": [
        37.5,
        50.75,
        29.5,
        26.75,
        55.5,
        39.5,
        53.5,
        42.56,
        35.0,
        41.89,
        44.6,
        47.0,
        31.47,
        34.5,
        31.5,
        22.9,
        39.53,
        50.5,
        31.59,
        52.07,
        26.5,
        57.0,
        42.56,
        34.5,
        53.0,
        34.5,
        56.25,
        30.5,
        40.5,
        40.12,
        48.0,
        46.8,
        40.5,
        45.25,
        31.67,
        28.0,
        51.0,
        31.53,
        21.75,
        57.1,
        39.3,
        37.5,
        29.5,
        29.0,
        33.5,
        41.25,
        50.0,
        46.5,
        56.5,
        42.0,
        42.5,
        41.0,
        41.23,
        20.8,
        44.0,
        43.0,
        30.5,
        36.0,
        43.0,
        56.0,
        53.5,
        59.0,
        46.0,
        43.66,
        53.5,
        55.84,
        30.0,
        42.2,
        28.0
    ],
    "y_pred": [
        37.052454568879966,
        40.58197394156651,
        39.5275978638019,
        37.606478094993626,
        45.098350327395295,
        40.344878774356964,
        41.642406420897515,
        36.0334189852377,
        39.12971186370973,
        35.7287843280395,
        45.69015670044949,
        39.75483127009109,
        35.03369019189468,
        36.46191171184849,
        34.00113443197607,
        41.922334439759226,
        38.451808295940864,
        39.83382389314268,
        36.06412215537794,
        49.27740613677144,
        38.470198892253165,
        48.079197151892515,
        36.14235566377722,
        35.55074053589261,
        41.86412787228907,
        33.17399176050065,
        49.71733601441866,
        39.7109128994663,
        38.456573593902384,
        39.07993971904014,
        39.82866699218216,
        44.03587135749864,
        36.25280004840381,
        40.36373588332994,
        34.40983681242709,
        38.67698456012202,
        41.06938099939529,
        45.505477399442796,
        40.384978819581114,
        46.62926251714602,
        39.10416476714383,
        38.706739911830816,
        37.47542652075889,
        38.33786562277128,
        37.888997856496594,
        45.28684476756736,
        39.64589459155157,
        39.160978406471244,
        42.10628826400671,
        38.40210525463262,
        39.044931129912555,
        38.21411048756212,
        43.12083244705174,
        39.9714074838434,
        40.889829501161316,
        40.00071354520608,
        32.34684908902523,
        38.99316278297732,
        40.42178982615385,
        41.89950259613786,
        40.81526374942209,
        42.933430935482136,
        36.73547849774891,
        36.066183376625354,
        45.08355519983035,
        48.10555726962479,
        37.60520587432327,
        40.40570131205169,
        38.286883856588766
    ]
}