{
    "Est_name": "EN",
    "Run": 27,
    "Seed": 4557,
    "Est_params": {
        "alpha": 1.9909375776127334,
        "l1_ratio": 3.9799635458944447e-05
    },
    "R2": 0.23404533563939778,
    "R": 0.4883487959334655,
    "MAPE": 0.20546442183794691,
    "RMSE": 8.616543594570953,
    "y_test": [
        48.0,
        39.78,
        39.61,
        39.5,
        40.12,
        53.5,
        46.5,
        53.9,
        33.5,
        33.25,
        34.5,
        50.5,
        32.25,
        44.5,
        56.38,
        35.25,
        29.0,
        51.0,
        23.0,
        15.11,
        45.8,
        40.5,
        29.5,
        36.0,
        58.0,
        31.8,
        28.5,
        35.0,
        35.5,
        43.0,
        42.03,
        48.5,
        42.2,
        49.7,
        48.0,
        52.5,
        33.41,
        25.81,
        39.0,
        41.23,
        54.2,
        33.85,
        41.78,
        32.91,
        43.4,
        27.49,
        30.25,
        20.8,
        38.0,
        48.0,
        33.5,
        26.5,
        22.04,
        30.0,
        52.5,
        31.47,
        44.05,
        45.25,
        43.0,
        43.29,
        42.3,
        57.0,
        54.25,
        26.5,
        51.0,
        43.0,
        49.5,
        25.68,
        32.83
    ],
    "y_pred": [
        38.609540861361154,
        40.60129164606942,
        39.82140981526364,
        41.37985330519103,
        39.23514575616263,
        41.87012548921023,
        38.03986417664858,
        42.986085276009184,
        42.123538306802054,
        42.94888793902647,
        36.64325916240847,
        40.8413299192334,
        36.96858477821205,
        37.608288857986906,
        39.15827311841291,
        37.54959199262937,
        38.480249741037866,
        41.01331107009844,
        38.24345923916395,
        40.81453363254587,
        44.93361183427293,
        37.37621849109315,
        39.75558855837702,
        39.62401254115652,
        50.48972739435369,
        34.77488202948481,
        40.393965443803964,
        35.099013856055514,
        37.30527221640114,
        38.64795180883219,
        35.6487272301947,
        48.424859405102374,
        40.10013535816543,
        41.16304840306893,
        41.774622910242925,
        44.699494192778,
        35.51166388449023,
        35.43689464159098,
        36.88757893863669,
        41.58452152230858,
        48.09256016896022,
        36.78841765534412,
        38.20223477190247,
        38.065171426198006,
        38.00258556282515,
        46.19357933808291,
        38.88371543449287,
        40.45198312054533,
        38.35244909450746,
        44.00385547992989,
        38.2932769942404,
        30.741613490355107,
        41.728736891399215,
        39.11721167295008,
        40.036031965185536,
        35.01920180571303,
        37.75826578659693,
        40.80100149186022,
        46.55736302163766,
        40.05182524313244,
        37.513946010368706,
        45.976247963631884,
        42.66008624691477,
        32.54550631434775,
        42.727101709076,
        41.844405047420835,
        60.930156863048026,
        34.28624247702836,
        36.42637074413541
    ]
}