{
    "Est_name": "EN",
    "Run": 36,
    "Seed": 1674,
    "Est_params": {
        "alpha": 1.9975766608959287,
        "l1_ratio": 0.0036348738415864406
    },
    "R2": 0.21594612225900056,
    "R": 0.491549111776717,
    "MAPE": 0.1933299888337588,
    "RMSE": 8.147584433918274,
    "y_test": [
        48.0,
        58.5,
        51.5,
        50.2,
        26.75,
        31.75,
        50.75,
        40.12,
        33.41,
        42.25,
        26.5,
        42.0,
        48.0,
        29.02,
        41.89,
        48.0,
        43.29,
        39.45,
        42.56,
        32.33,
        48.7,
        37.6,
        41.25,
        45.0,
        33.0,
        39.12,
        22.13,
        31.67,
        36.0,
        57.5,
        59.0,
        35.75,
        46.5,
        49.0,
        40.5,
        45.5,
        44.0,
        43.4,
        43.55,
        37.75,
        43.5,
        42.5,
        22.9,
        30.25,
        30.0,
        52.5,
        53.25,
        47.0,
        47.0,
        39.5,
        15.11,
        39.21,
        32.0,
        43.29,
        33.25,
        44.75,
        43.64,
        41.0,
        44.95,
        41.75,
        56.38,
        41.5,
        49.9,
        39.53,
        20.8,
        55.84,
        27.5,
        40.0,
        41.95
    ],
    "y_pred": [
        46.860566899908626,
        62.83960432793458,
        40.10292832457537,
        41.85177068241035,
        36.5759824794074,
        38.46301057874695,
        40.1805013865866,
        38.86511085271852,
        34.59559191232645,
        38.3476265210248,
        35.946973112960876,
        38.82481752319104,
        39.76009208944072,
        33.683798406745844,
        34.59413546861812,
        41.43852011947964,
        35.852154201511155,
        41.079199812780764,
        35.446194904570234,
        37.98256161448179,
        45.211580576645446,
        36.69315972205211,
        44.973538800569074,
        36.04908619413505,
        32.539822121616325,
        43.3636028521617,
        41.586907720490316,
        33.56920760583854,
        36.95097501393724,
        65.35564179372065,
        51.26781922972886,
        33.57479078500377,
        38.502073356547676,
        41.82020268988205,
        36.239591398437895,
        39.1541170800987,
        42.07894485572891,
        37.72812838543955,
        35.967971414713716,
        34.5616895153672,
        46.83732213900218,
        37.896098347205665,
        42.48499398866723,
        39.09201994519347,
        38.611570980928306,
        45.698683932210045,
        45.83804557195601,
        38.922482653693564,
        40.66296107080029,
        36.3511164331907,
        39.831641726277624,
        44.8317026094091,
        32.57602818833165,
        39.604257615754264,
        42.362713632505574,
        36.86032514564543,
        37.11017293440419,
        38.208993746830274,
        36.30782835998191,
        46.57857997315533,
        39.13763050919479,
        45.211580576645446,
        40.48782243950834,
        36.566570525828766,
        40.1236121262997,
        50.219796063912085,
        39.77360117224373,
        38.19580815674452,
        34.954067933334244
    ]
}