{
    "Est_name": "EN",
    "Run": 50,
    "Seed": 9044,
    "Est_params": {
        "alpha": 1.9855787849871063,
        "l1_ratio": 0.08108467229922661
    },
    "R2": 0.24691027664004683,
    "R": 0.49800134761511183,
    "MAPE": 0.18130295944892966,
    "RMSE": 8.04784590762827,
    "y_test": [
        24.5,
        40.0,
        59.0,
        33.0,
        54.04,
        41.16,
        42.3,
        34.5,
        43.29,
        42.2,
        62.5,
        44.5,
        27.5,
        33.04,
        40.03,
        40.0,
        40.1,
        48.0,
        33.85,
        49.5,
        45.22,
        33.41,
        34.0,
        46.25,
        39.17,
        48.7,
        41.5,
        31.47,
        41.0,
        45.8,
        30.5,
        50.5,
        35.0,
        36.0,
        58.0,
        32.0,
        42.75,
        31.8,
        34.75,
        57.0,
        35.25,
        44.75,
        47.0,
        22.9,
        31.75,
        41.89,
        30.0,
        49.7,
        46.0,
        45.02,
        39.73,
        38.0,
        22.67,
        39.12,
        27.4,
        42.0,
        20.8,
        43.5,
        51.0,
        47.3,
        53.5,
        38.0,
        41.25,
        51.0,
        45.5,
        18.52,
        33.25,
        39.53,
        26.75
    ],
    "y_pred": [
        38.70559250355741,
        36.065764045651285,
        50.46682389430692,
        34.67534692909545,
        48.40970567669257,
        41.59890025532433,
        37.48613859675811,
        36.1381820186274,
        39.730324399416595,
        47.54338866493361,
        44.547653021572444,
        36.99133604210691,
        40.09141689169244,
        39.57190951531638,
        38.19465649070553,
        38.563658809493006,
        37.23017334978675,
        41.09449603420285,
        36.22802527824295,
        61.87376831883126,
        42.361285451854094,
        35.361708266483994,
        33.609967177310935,
        46.5215513895431,
        35.01348580532715,
        45.38427144934299,
        37.1620430065128,
        34.58573651430821,
        36.12501903034795,
        45.817429955222465,
        40.005068021195854,
        39.480856820972875,
        39.53549400962262,
        39.10233550374314,
        50.388051906243696,
        34.20066965931686,
        39.508747809315196,
        34.32977126733686,
        34.88979341216769,
        45.81741442332129,
        34.63382816519634,
        37.022050201247794,
        39.42601519649621,
        42.323605312551344,
        38.76008785039691,
        36.046247042284726,
        35.7123709052603,
        40.72549071413465,
        36.39185070143857,
        36.64781594840993,
        34.892049540699574,
        35.10850543497493,
        41.81534851486484,
        38.55639040103417,
        34.841701761279566,
        42.79444395773358,
        40.36453618576639,
        46.34323812135542,
        42.39397155184129,
        44.951112943463514,
        41.37058200662378,
        36.15210896708328,
        45.65523437778414,
        40.804262702197875,
        39.70897711876163,
        39.93137767988691,
        41.6735932434438,
        36.81414278319878,
        37.46061233275847
    ]
}