{
    "Est_name": "EN",
    "Run": 18,
    "Seed": 9863,
    "Est_params": {
        "alpha": 1.9924924758360594,
        "l1_ratio": 0.0032574407253779664
    },
    "R2": 0.22693724347217714,
    "R": 0.5722836368415578,
    "MAPE": 0.1572275924119303,
    "RMSE": 7.781328151072591,
    "y_test": [
        48.0,
        57.0,
        43.0,
        56.0,
        34.5,
        44.95,
        45.5,
        44.05,
        44.5,
        40.0,
        48.7,
        39.0,
        35.5,
        26.5,
        43.5,
        57.1,
        42.2,
        39.45,
        57.5,
        46.0,
        55.84,
        30.25,
        26.5,
        44.0,
        56.38,
        49.5,
        32.9,
        48.0,
        57.0,
        42.0,
        26.5,
        39.3,
        56.5,
        29.02,
        35.5,
        50.86,
        22.9,
        29.6,
        45.02,
        33.5,
        43.76,
        45.22,
        43.55,
        34.8,
        39.78,
        43.5,
        42.56,
        33.04,
        50.75,
        32.83,
        58.5,
        35.0,
        56.25,
        40.1,
        44.5,
        33.5,
        43.0,
        48.0,
        40.87,
        36.5,
        41.0,
        54.04,
        47.3,
        50.0,
        35.75,
        34.75,
        33.25,
        31.8,
        40.5
    ],
    "y_pred": [
        42.040301952954906,
        44.87412155980235,
        40.66728405482014,
        43.419256607721906,
        39.800374614586275,
        35.96436278638605,
        38.977699487595515,
        37.211175115491336,
        36.449317770412854,
        38.186975699535004,
        44.616061535428905,
        42.193915870132244,
        37.217065731481384,
        33.3644597731813,
        28.458130812402857,
        46.806461534893465,
        39.93390922468921,
        40.97360877205812,
        68.24149561843447,
        35.98593174539233,
        48.570756035979755,
        39.300848926370136,
        31.351134279563233,
        41.430599962476194,
        38.70157916030432,
        65.3317657142736,
        34.926136115987546,
        38.25575837383214,
        45.9587062593631,
        39.17620023736248,
        35.55492946460642,
        39.81690454504589,
        53.01801033913608,
        33.929299955234455,
        40.28532959861309,
        43.89673163073259,
        42.0705119457376,
        45.86562404925779,
        36.367589699220346,
        37.82571461809896,
        38.691245253335666,
        41.94351874011174,
        35.758650288048415,
        35.684543300179236,
        39.92874305151891,
        35.22261583773628,
        34.84095788390825,
        39.16971043124512,
        39.71062332591257,
        35.287106672869236,
        66.30167568232721,
        39.28057957017939,
        52.42975832491048,
        36.447859207835286,
        37.59283306931936,
        37.63879532855076,
        37.837223710681926,
        42.5038069607286,
        28.659699312458326,
        39.33194956101908,
        37.9583214150186,
        48.06091755785949,
        44.13110655140209,
        38.18399151060048,
        35.741669587557055,
        35.20098267908976,
        41.74019455069352,
        34.31095790906248,
        37.36106030117589
    ]
}