{
    "Est_name": "EN",
    "Run": 25,
    "Seed": 7359,
    "Est_params": {
        "alpha": 1.9935527083322113,
        "l1_ratio": 0.004157225497869467
    },
    "R2": 0.11780078916452597,
    "R": 0.4057388605336801,
    "MAPE": 0.23764488485552476,
    "RMSE": 9.94036639553435,
    "y_test": [
        29.41,
        26.5,
        58.25,
        43.5,
        20.5,
        22.5,
        32.83,
        46.87,
        37.5,
        45.0,
        21.5,
        43.29,
        57.96,
        40.5,
        42.5,
        50.75,
        35.25,
        54.0,
        29.6,
        59.5,
        18.52,
        43.07,
        40.52,
        39.42,
        57.8,
        48.0,
        27.5,
        31.59,
        34.8,
        56.5,
        43.0,
        40.75,
        32.57,
        45.23,
        35.75,
        48.7,
        23.0,
        52.0,
        49.5,
        40.5,
        32.0,
        42.25,
        29.5,
        34.5,
        42.86,
        35.3,
        50.86,
        54.25,
        34.5,
        48.0,
        34.0,
        31.53,
        36.0,
        41.16,
        53.5,
        49.0,
        39.5,
        57.5,
        35.25,
        41.78,
        55.5,
        16.58,
        35.0,
        33.0,
        55.5,
        27.4,
        33.5,
        40.0,
        39.3
    ],
    "y_pred": [
        33.60177424848966,
        39.6390274302246,
        65.83939699693587,
        36.39217658661674,
        40.865941587548186,
        38.921188283861866,
        35.372422135683465,
        36.43133781226064,
        41.63257215416948,
        36.144171699697424,
        38.68190856840762,
        36.03110083263994,
        44.720448232670456,
        36.050366907234746,
        37.800922843286,
        39.90392208922918,
        38.847853181714044,
        43.261821736155824,
        45.698489374500696,
        66.31795642784436,
        38.95170386391424,
        35.50701492743801,
        34.50104177875987,
        39.11952964730611,
        39.468430018981365,
        38.468243796503714,
        39.05916177367411,
        35.850981566591955,
        38.415112607082975,
        44.126635386360164,
        38.04158547174279,
        41.41435274169171,
        36.423921758655055,
        36.18333292534132,
        36.43998006852186,
        45.57936578430798,
        39.16046799931611,
        42.1133387082489,
        64.40371870421042,
        39.76581081788713,
        33.63352372163398,
        38.123249559845235,
        38.348498975095765,
        32.11446166516089,
        35.9855743583465,
        38.57372460220675,
        45.73909246261683,
        42.304702874338844,
        46.86148095019111,
        44.02757643188284,
        33.955438249966875,
        45.70632161962948,
        36.53797097045445,
        42.49229641112414,
        39.97830971060709,
        42.59189813915738,
        41.71920976716497,
        44.36591510181441,
        34.11208315254247,
        36.893838933302305,
        46.696211324433804,
        49.61334469342125,
        37.205291923672156,
        40.596146292041574,
        45.87379353322901,
        34.62785536253263,
        37.02031390539071,
        35.51601197212362,
        40.28353147443951
    ]
}