{
    "Est_name": "EN",
    "Run": 41,
    "Seed": 5635,
    "Est_params": {
        "alpha": 1.9972348424766424,
        "l1_ratio": 0.2896040390340051
    },
    "R2": 0.3041710553207142,
    "R": 0.5714202951937825,
    "MAPE": 0.15842660575447096,
    "RMSE": 7.395223501565973,
    "y_test": [
        59.5,
        47.0,
        31.47,
        49.0,
        44.5,
        34.5,
        41.4,
        33.5,
        32.57,
        42.66,
        56.0,
        50.5,
        44.05,
        33.46,
        28.0,
        36.5,
        31.67,
        26.5,
        40.0,
        47.0,
        55.52,
        36.5,
        52.07,
        39.5,
        39.5,
        39.78,
        29.5,
        34.25,
        36.0,
        26.25,
        48.0,
        46.5,
        42.2,
        49.0,
        26.5,
        39.5,
        28.5,
        27.7,
        49.9,
        35.5,
        32.5,
        53.25,
        58.59,
        40.0,
        22.5,
        40.5,
        53.5,
        32.91,
        30.25,
        41.52,
        40.75,
        46.7,
        30.0,
        39.3,
        35.25,
        36.0,
        42.0,
        57.96,
        37.0,
        57.5,
        40.12,
        41.5,
        32.83,
        49.5,
        41.0,
        31.59,
        38.61,
        36.0,
        42.37
    ],
    "y_pred": [
        66.06045024846001,
        42.90860082727457,
        34.641492523700315,
        50.744651218673205,
        39.193013886185,
        44.809633167374834,
        46.65832756528235,
        39.319785966165526,
        36.73474305004966,
        35.97353456518178,
        50.751161932791845,
        39.75812258617294,
        37.703376477276706,
        36.231656422080306,
        38.230419451245496,
        39.8691810610741,
        34.45900479750563,
        35.09507098221681,
        38.17186808156664,
        41.68598785471756,
        46.95518729936837,
        37.266960605032416,
        50.87175610555242,
        40.526364717203165,
        37.71995145160476,
        40.40909605186305,
        37.941056020778305,
        38.28627743810218,
        37.39188255908399,
        46.527404697566475,
        43.288773328144785,
        39.61278007851736,
        47.477130146537505,
        42.015788593514195,
        37.01329270347159,
        37.52490626292055,
        39.92773243075295,
        45.810184939038564,
        39.90272890443208,
        37.76133402923229,
        31.991130487288565,
        45.713466427298606,
        45.25787431986092,
        36.544840099805874,
        38.12817057206039,
        36.67624977316683,
        41.31009305802482,
        37.31316832308624,
        39.13493392785591,
        47.448932664613984,
        40.30730349849348,
        48.781233748479345,
        39.07907594099922,
        39.253379982572575,
        34.5548248707695,
        39.5328511770243,
        42.89799081971394,
        44.83354607498405,
        43.3223190645908,
        44.01583294081572,
        39.1921225687437,
        45.38534283065175,
        35.73198953213622,
        64.36313726895256,
        36.25192152828996,
        36.156317777013086,
        34.691059120650614,
        39.2140407554089,
        37.82494457284895
    ]
}