{
    "Est_name": "EN",
    "Run": 2,
    "Seed": 409,
    "Est_params": {
        "alpha": 1.9990126129844559,
        "l1_ratio": 0.9991505551060813
    },
    "R2": 0.19611618797680275,
    "R": 0.4717112200455249,
    "MAPE": 0.1693828157238309,
    "RMSE": 8.303271300227474,
    "y_test": [
        35.0,
        39.0,
        48.0,
        31.5,
        31.75,
        54.25,
        49.9,
        39.5,
        47.3,
        48.0,
        13.33,
        43.5,
        57.21,
        38.82,
        45.0,
        32.26,
        31.47,
        35.3,
        34.5,
        29.41,
        31.7,
        39.0,
        55.5,
        55.5,
        46.5,
        60.25,
        53.9,
        40.75,
        34.8,
        35.25,
        33.5,
        35.5,
        42.29,
        41.0,
        43.29,
        56.0,
        56.5,
        46.0,
        46.8,
        56.0,
        43.29,
        56.0,
        36.0,
        38.0,
        32.25,
        27.5,
        42.5,
        33.41,
        46.0,
        46.25,
        41.25,
        33.95,
        30.5,
        48.5,
        42.0,
        43.0,
        38.78,
        48.0,
        26.5,
        50.2,
        35.5,
        33.25,
        34.5,
        34.0,
        35.0,
        43.47,
        21.75,
        35.0,
        48.0
    ],
    "y_pred": [
        37.36440026777417,
        36.32764543876374,
        37.843311843972536,
        35.27601732520179,
        39.4653833930751,
        40.63052315170108,
        43.231606329824565,
        38.08439848453472,
        43.14868112687427,
        45.802907142637004,
        46.04312116255984,
        33.88776140149386,
        39.84020362735987,
        40.046618330279514,
        40.15508168363223,
        46.90947992262517,
        35.07130695119125,
        34.23367342170885,
        40.02128790993268,
        34.472195714822426,
        35.915899261981,
        40.66788623722134,
        44.92701426561422,
        44.15420051895893,
        37.461518409272905,
        43.01241392812824,
        42.24247696583058,
        42.65356995505391,
        36.19179346526815,
        35.28306941662566,
        34.07358171282659,
        35.88903864143178,
        37.25940702255097,
        39.57335726937507,
        39.84610799051851,
        47.91493785262263,
        41.61880827426397,
        44.48555580690744,
        42.21961069096476,
        43.97939586977673,
        36.20166361277167,
        41.154273056309215,
        37.71521639755604,
        38.688138881307125,
        33.63097251879262,
        37.11147600078363,
        37.79945979613097,
        34.117433760668156,
        40.70687009020654,
        44.87383670672749,
        43.015695834908456,
        35.002652148736104,
        39.66748521909483,
        46.0567969808036,
        40.54627975312616,
        39.96739272792335,
        39.95456788787417,
        41.25865849678085,
        34.32426469305509,
        41.81044690335517,
        35.33725023485747,
        43.73756965357074,
        33.41787645338276,
        34.17949260347703,
        37.75906844539761,
        37.573343242715154,
        40.6201073482334,
        39.34649133552974,
        42.4886640235201
    ]
}