{
    "Est_name": "EN",
    "Run": 4,
    "Seed": 4012,
    "Est_params": {
        "alpha": 0.005264760024823497,
        "l1_ratio": 0.010592319203260082
    },
    "R2": 0.09154477352368084,
    "R": 0.36881026021339186,
    "MAPE": 0.19682960584539735,
    "RMSE": 8.568206120178163,
    "y_test": [
        35.3,
        49.9,
        31.25,
        27.5,
        37.75,
        27.12,
        33.85,
        25.81,
        53.25,
        43.55,
        32.25,
        41.0,
        33.0,
        33.04,
        32.0,
        42.25,
        38.78,
        27.5,
        40.5,
        44.5,
        59.5,
        35.0,
        36.0,
        46.0,
        13.33,
        39.45,
        60.25,
        52.5,
        47.0,
        34.5,
        50.75,
        31.47,
        32.5,
        42.56,
        32.25,
        31.53,
        56.38,
        41.16,
        41.89,
        39.12,
        36.5,
        43.65,
        41.25,
        23.0,
        43.76,
        58.0,
        42.3,
        27.49,
        42.0,
        34.5,
        42.37,
        45.0,
        43.5,
        42.2,
        46.87,
        44.6,
        33.0,
        44.5,
        42.2,
        51.0,
        31.8,
        22.9,
        43.5,
        32.5,
        40.0,
        42.86,
        51.5,
        45.02,
        41.78
    ],
    "y_pred": [
        36.49392915448098,
        39.84292240723151,
        33.356930446941746,
        39.9079559914247,
        33.572426963473916,
        36.3927239908885,
        35.7243936258665,
        35.48754594758306,
        46.33621473922684,
        35.659218540525856,
        37.95800100661126,
        34.912974110153776,
        40.104469003915106,
        39.829485214881274,
        33.90689802500941,
        38.25344028538461,
        40.96095776901308,
        36.99693457467588,
        36.80217746184599,
        37.931522053908076,
        62.54029419910747,
        35.00683318114474,
        39.25622444651238,
        44.97086346509561,
        41.053511955054056,
        41.35680268218985,
        45.96055680293078,
        39.27249698886325,
        42.59032050687249,
        35.995528968815506,
        39.95080502441233,
        34.14453659478601,
        31.584265648891016,
        35.011872406043246,
        34.17186944807845,
        47.32700131670797,
        39.22863951288427,
        41.777854305846105,
        34.78463365267237,
        43.36191588163062,
        39.96794243503807,
        42.9093268599779,
        45.159282428340546,
        38.45456626971212,
        38.59259430315916,
        50.54726062224041,
        37.253214018359,
        47.394832120262876,
        43.00670541639285,
        35.93520718615962,
        37.2117427183139,
        39.610139037851496,
        47.096995877587624,
        48.744082718795596,
        35.4334995266295,
        47.13366317324711,
        33.45782848878068,
        36.0129092662891,
        40.63225737497598,
        37.52326744073332,
        33.80538257701147,
        42.56229408272766,
        31.313371732699693,
        37.36005680300346,
        34.922794624007864,
        35.869744352353976,
        39.50348064099197,
        36.11180756217857,
        36.75915369666118
    ]
}