{
    "Est_name": "EN",
    "Run": 21,
    "Seed": 3257,
    "Est_params": {
        "alpha": 0.006575963382831955,
        "l1_ratio": 0.0015933022921086678
    },
    "R2": -0.004692731680028928,
    "R": 0.2871678598680524,
    "MAPE": 0.2060739972447349,
    "RMSE": 8.874506838537624,
    "y_test": [
        40.87,
        57.8,
        35.5,
        43.5,
        40.0,
        35.0,
        44.5,
        49.0,
        43.29,
        46.0,
        57.0,
        23.9,
        42.66,
        44.75,
        42.3,
        52.0,
        21.75,
        41.5,
        42.29,
        42.2,
        46.7,
        42.0,
        49.0,
        35.25,
        33.04,
        38.61,
        28.0,
        45.0,
        33.0,
        40.52,
        39.45,
        36.0,
        39.5,
        31.67,
        33.0,
        45.23,
        41.4,
        39.5,
        32.26,
        45.5,
        29.6,
        35.75,
        48.0,
        39.5,
        34.0,
        20.5,
        31.8,
        43.0,
        31.47,
        50.2,
        28.0,
        45.8,
        36.0,
        40.0,
        26.5,
        55.84,
        40.5,
        43.0,
        22.04,
        33.46,
        34.5,
        60.25,
        24.5,
        34.8,
        23.33,
        47.3,
        43.76,
        42.56,
        23.0
    ],
    "y_pred": [
        27.565311294325397,
        39.75531173850703,
        40.88103461330324,
        27.59281817624256,
        35.56985081637645,
        34.695108096062654,
        36.45120778859667,
        42.31043396552695,
        35.9396800864713,
        45.9718182850444,
        46.9888706826733,
        42.51858884098511,
        35.49900160036119,
        36.911047448383705,
        37.6806105341267,
        41.725067401348944,
        41.42020299829454,
        46.16792626476453,
        34.98448425219844,
        48.08749871072024,
        48.893303203360155,
        39.25835945860939,
        51.050776149970716,
        34.580226060484364,
        40.477294818859015,
        33.997759607422594,
        39.89192825468101,
        44.51801683128692,
        40.76997810094802,
        34.32826847200518,
        41.91030703284524,
        38.97235423438922,
        38.13022796776009,
        34.00755273165824,
        35.750959188840376,
        35.865841224418666,
        47.92402595729855,
        42.871802848471205,
        47.948368753519,
        39.264709315275766,
        47.27611429601616,
        35.776130463164115,
        41.316799415852,
        36.155217380554454,
        32.842468193987656,
        42.590936126650554,
        34.13409781811949,
        37.89742437038919,
        34.56853728474367,
        42.16259988634967,
        37.730583256696484,
        46.753292828942534,
        37.20626935803316,
        35.357945437926034,
        35.49277130300586,
        51.12456742863837,
        36.95949483940409,
        41.87599449890277,
        42.005569562472544,
        35.34169099653994,
        36.21056992978829,
        46.40350411849529,
        39.306561690503,
        36.37729213425416,
        37.11670094461399,
        45.58255970058652,
        38.67299289443139,
        42.49567359702325,
        39.013878408414
    ]
}