{
    "Est_name": "EN",
    "Run": 12,
    "Seed": 520,
    "Est_params": {
        "alpha": 1.9935127573987614,
        "l1_ratio": 0.0015411169160166026
    },
    "R2": 0.17212875508140335,
    "R": 0.4163416369203855,
    "MAPE": 0.24023759686304821,
    "RMSE": 9.6755330488056,
    "y_test": [
        40.0,
        35.5,
        43.07,
        59.0,
        45.5,
        21.75,
        35.0,
        51.5,
        31.75,
        50.5,
        41.52,
        39.0,
        39.0,
        16.58,
        43.0,
        13.33,
        48.0,
        34.5,
        51.0,
        22.13,
        24.5,
        30.5,
        57.27,
        46.7,
        46.25,
        43.4,
        32.9,
        59.0,
        52.07,
        47.0,
        41.23,
        42.25,
        39.5,
        57.0,
        29.41,
        45.0,
        55.52,
        23.0,
        20.8,
        50.8,
        23.9,
        40.0,
        41.89,
        32.25,
        50.2,
        43.55,
        42.3,
        27.4,
        31.8,
        37.5,
        42.29,
        46.8,
        33.76,
        42.5,
        34.0,
        56.5,
        54.04,
        38.82,
        32.43,
        39.12,
        31.25,
        42.2,
        36.5,
        35.25,
        33.95,
        52.0,
        26.5,
        56.0,
        47.3
    ],
    "y_pred": [
        38.84607303122613,
        40.04015656856659,
        35.978755117009946,
        45.09826428013342,
        40.00891632475518,
        40.644608707851205,
        36.52575491259096,
        39.950675122890345,
        38.182716346580264,
        40.1774567412062,
        47.53713457755756,
        42.77693942914342,
        36.08801465709582,
        48.95982494554763,
        46.15762520379066,
        41.72814879330656,
        41.22309865136977,
        47.02088826640531,
        37.74145258148629,
        41.33066962865197,
        38.88629426847913,
        40.65251895999742,
        47.42559122211022,
        47.61049269139923,
        45.5919501868069,
        38.184506959052946,
        35.23220640199463,
        49.740813547060185,
        50.491608512525616,
        39.40213591957434,
        42.0370132734843,
        38.39156476868743,
        39.14835717952176,
        45.35058209320746,
        34.31468711787839,
        36.68513260012295,
        47.16123237060768,
        38.63397645540509,
        40.13997308170312,
        40.06406593204827,
        42.073817423294344,
        36.333229622470725,
        36.63454473065983,
        37.1734450942841,
        41.32427439029599,
        36.31892754448373,
        38.083331220126716,
        34.42819809272785,
        34.327022353801624,
        40.66226405796601,
        35.828593996322645,
        44.4042713484362,
        36.24147765429079,
        38.495009446310924,
        33.861211421740016,
        44.088993027837255,
        47.46379475563711,
        37.34250087476689,
        39.71195843205005,
        38.544297417183294,
        33.05429164729631,
        40.594185506279416,
        40.864615535818466,
        34.06356289959247,
        35.283278791511,
        42.120540194605994,
        32.54965602114822,
        45.2051811807431,
        44.908906974584276
    ]
}