{
    "Est_name": "EN",
    "Run": 26,
    "Seed": 9654,
    "Est_params": {
        "alpha": 1.9810626727063425,
        "l1_ratio": 0.022695484901331827
    },
    "R2": 0.24988775796739338,
    "R": 0.504086602163537,
    "MAPE": 0.18167258271798756,
    "RMSE": 8.198395907633374,
    "y_test": [
        48.0,
        39.78,
        56.0,
        48.0,
        41.5,
        34.62,
        32.0,
        20.8,
        33.0,
        39.12,
        47.0,
        42.03,
        49.5,
        40.12,
        44.05,
        41.95,
        33.25,
        43.5,
        41.5,
        30.0,
        32.0,
        48.0,
        58.0,
        23.9,
        51.5,
        57.27,
        32.9,
        46.25,
        53.5,
        38.0,
        46.87,
        59.0,
        39.5,
        50.2,
        46.0,
        23.0,
        43.5,
        51.0,
        33.95,
        42.2,
        58.59,
        56.0,
        16.58,
        42.56,
        43.64,
        35.0,
        40.39,
        34.5,
        37.25,
        51.0,
        26.5,
        49.7,
        33.5,
        46.7,
        35.0,
        40.5,
        37.5,
        44.6,
        36.0,
        22.04,
        33.5,
        32.5,
        30.25,
        31.7,
        48.0,
        39.45,
        33.76,
        35.0,
        33.41
    ],
    "y_pred": [
        45.98578124385652,
        40.54772241257854,
        45.168844392871584,
        40.49057719034902,
        36.339492196431024,
        36.29559666040355,
        33.94547168478336,
        39.800959457240964,
        35.58660744007655,
        38.761163701524296,
        42.04381186253184,
        34.77557842659198,
        39.51585696299723,
        38.58156627445371,
        37.93251813533466,
        35.00225430033561,
        41.457234056952316,
        37.56744811807974,
        45.59968399790179,
        36.88025578409103,
        32.85889139842949,
        41.156992718290425,
        49.86713188144054,
        41.75326744269313,
        40.20101869702208,
        46.53961777014637,
        34.774346986180404,
        45.43873599209213,
        46.040664172033495,
        34.88502905949406,
        36.176478630676144,
        49.44043609981512,
        36.21914272629205,
        41.156329564323784,
        44.9598251280726,
        38.23256082657064,
        46.479443035076876,
        42.67875819740661,
        34.89423306725045,
        40.52835657957003,
        45.36105622219547,
        48.89339084805073,
        48.360258572912436,
        35.20273759728634,
        36.84387335257952,
        36.57298269446672,
        37.92752840794035,
        36.23542192533406,
        41.20202084608546,
        40.18325168490061,
        32.85138118125457,
        40.60994746652603,
        38.17496254636594,
        47.626916999149714,
        35.19230214911837,
        35.79244694466663,
        40.42737294243956,
        46.69377450143059,
        38.56424041824905,
        40.89504996076976,
        40.75242142530663,
        31.764800894900702,
        39.39010300382537,
        37.631644459987214,
        41.03762244211342,
        41.05046035302823,
        35.868437489709194,
        39.111285670013444,
        34.65446090511036
    ]
}