{
    "Est_name": "EN",
    "Run": 16,
    "Seed": 3811,
    "Est_params": {
        "alpha": 1.3393298968640495,
        "l1_ratio": 0.0026736404894735924
    },
    "R2": 0.19188053804603988,
    "R": 0.4774286421164477,
    "MAPE": 0.15060833809515017,
    "RMSE": 7.065777357308592,
    "y_test": [
        30.0,
        53.5,
        49.5,
        36.0,
        46.0,
        49.9,
        32.83,
        33.46,
        38.0,
        42.3,
        40.39,
        32.25,
        32.91,
        31.75,
        33.25,
        49.7,
        46.0,
        51.0,
        48.0,
        35.0,
        33.5,
        47.0,
        42.25,
        43.64,
        40.5,
        30.0,
        35.5,
        50.2,
        29.0,
        55.5,
        53.5,
        52.5,
        15.11,
        47.3,
        29.5,
        37.0,
        48.0,
        39.12,
        41.95,
        43.66,
        53.25,
        43.76,
        53.5,
        56.38,
        38.78,
        51.0,
        41.04,
        39.0,
        40.0,
        46.0,
        42.0,
        37.25,
        39.0,
        39.78,
        48.0,
        34.5,
        41.5,
        35.0,
        45.0,
        36.5,
        41.8,
        39.21,
        35.0,
        41.0,
        39.5,
        36.0,
        33.04,
        33.95,
        29.6
    ],
    "y_pred": [
        36.7463721431925,
        42.17742019359855,
        39.56878813826177,
        36.998220535968116,
        36.169343999203505,
        40.498821671571285,
        35.3669633036008,
        35.618124565327555,
        37.95413122438389,
        37.29883863358362,
        38.490185103969964,
        37.383654939899095,
        36.92675353261226,
        38.591414021090486,
        42.01535824679596,
        40.77654721945316,
        45.05772207792943,
        40.642500629983466,
        43.22091034139439,
        35.470787400991505,
        38.392081003221804,
        42.20819813452738,
        38.32309428941658,
        37.0081400153622,
        38.612889579782454,
        34.94949835283256,
        37.40513049859107,
        41.34095171697024,
        37.78820146262611,
        46.05468337863914,
        45.65091622413744,
        44.2958229182685,
        39.8615281533561,
        44.59833276603233,
        39.240807294659305,
        43.21187956124442,
        40.87111876584423,
        38.80985915775519,
        34.96395908180701,
        35.10423316903208,
        45.45080383804345,
        38.558010764979585,
        46.71134108065127,
        39.324385901040685,
        40.50994340462419,
        42.013151260203,
        36.775597703594094,
        42.11402114629632,
        36.182977100721665,
        40.40128581471822,
        38.74693616925214,
        41.107387584884044,
        35.80453915515501,
        40.04011045349818,
        39.59763309782023,
        32.139815779252324,
        36.509288581844025,
        34.87464366013129,
        43.088063837077115,
        36.6995067219271,
        42.72436539932189,
        44.48196738735916,
        37.350251683788194,
        35.30152950065264,
        36.039455630718024,
        39.10044455124616,
        39.31505504410447,
        34.7630837630051,
        46.34506701186152
    ]
}