{
    "Est_name": "EN",
    "Run": 28,
    "Seed": 106,
    "Est_params": {
        "alpha": 1.9915035871171436,
        "l1_ratio": 0.9962965822369925
    },
    "R2": 0.20600497276980123,
    "R": 0.48545940005961674,
    "MAPE": 0.19936153643889037,
    "RMSE": 8.868065721925019,
    "y_test": [
        43.0,
        34.0,
        42.56,
        40.1,
        30.0,
        49.5,
        43.07,
        53.5,
        53.25,
        46.11,
        37.5,
        45.0,
        41.04,
        56.5,
        32.5,
        48.0,
        31.97,
        54.0,
        57.0,
        32.25,
        35.0,
        59.5,
        47.3,
        16.58,
        41.16,
        49.0,
        58.5,
        31.75,
        39.0,
        15.11,
        34.5,
        57.8,
        39.8,
        35.5,
        41.95,
        33.5,
        45.8,
        43.5,
        37.5,
        47.0,
        53.5,
        33.76,
        35.0,
        47.0,
        52.5,
        23.9,
        44.6,
        41.0,
        30.0,
        24.67,
        57.27,
        33.0,
        28.0,
        41.89,
        30.5,
        59.0,
        28.5,
        54.25,
        33.5,
        53.0,
        43.64,
        44.5,
        38.82,
        41.0,
        40.03,
        43.0,
        48.5,
        43.65,
        40.52
    ],
    "y_pred": [
        39.36753257775692,
        33.917878131661695,
        36.7153818289473,
        37.46326224301607,
        35.195784258299156,
        63.647611971207084,
        35.942266147985166,
        41.69205758955261,
        44.715643048678785,
        45.87378211843194,
        37.5506355228079,
        37.45241751706275,
        37.36998585588246,
        53.035109393380665,
        37.7384496912994,
        43.62610473195616,
        47.41318665143254,
        43.793345159660994,
        45.64912500487603,
        36.938073730528686,
        39.314107558717566,
        66.50305138700168,
        43.88053749701853,
        46.46612491836788,
        41.281537350663775,
        41.48452517011021,
        65.07533167910438,
        38.36579343842599,
        36.18525171581251,
        40.80112412808603,
        32.20115987606085,
        40.52161112710006,
        47.44983676676178,
        36.52728677212682,
        35.22840629403652,
        37.17252799687162,
        45.30825720491583,
        41.75714479925564,
        40.41021733815268,
        39.51018603596909,
        40.26433788165531,
        36.214143972906705,
        39.9350148912209,
        43.19987019156818,
        45.6101234402178,
        42.20804718130034,
        46.02211705886448,
        38.47972936249342,
        38.706749168298614,
        42.1406520217643,
        46.14336275657608,
        34.90044003258002,
        37.27902946040132,
        34.8433829052455,
        40.261021587067965,
        51.60738968548336,
        40.13446887619592,
        42.36562545176369,
        38.15564166917183,
        40.937905743866395,
        37.6988223210401,
        38.23367253054744,
        38.46973930232327,
        36.805952822650134,
        38.822732125594165,
        41.41713001057417,
        48.75195026968876,
        42.77110352081561,
        34.24755643718476
    ]
}