{
    "Est_name": "EN",
    "Run": 11,
    "Seed": 6912,
    "Est_params": {
        "alpha": 0.009441555562267823,
        "l1_ratio": 0.0034632914484912895
    },
    "R2": 0.34092138004057626,
    "R": 0.604508794855242,
    "MAPE": 0.1879440104780865,
    "RMSE": 8.059534030552092,
    "y_test": [
        48.0,
        40.0,
        37.5,
        48.7,
        43.76,
        26.5,
        26.5,
        32.9,
        25.81,
        39.12,
        50.86,
        37.5,
        34.8,
        42.86,
        40.75,
        43.07,
        42.56,
        53.25,
        45.0,
        47.0,
        32.83,
        36.0,
        34.5,
        20.5,
        57.96,
        26.25,
        48.0,
        32.0,
        45.02,
        47.3,
        35.0,
        39.53,
        45.5,
        30.0,
        43.4,
        40.0,
        36.5,
        57.1,
        55.5,
        43.0,
        42.5,
        40.5,
        58.59,
        53.5,
        41.78,
        46.11,
        41.0,
        44.05,
        30.0,
        34.5,
        33.0,
        15.11,
        46.8,
        57.27,
        43.5,
        43.66,
        43.64,
        41.8,
        41.5,
        23.0,
        48.5,
        58.5,
        34.5,
        54.2,
        45.5,
        59.0,
        29.5,
        22.5,
        56.0
    ],
    "y_pred": [
        46.618286785531055,
        35.62113562368013,
        39.87250662827254,
        44.21881706814808,
        38.879972177727666,
        31.364938192027793,
        36.47525907044535,
        35.241160549338794,
        35.532340795565595,
        39.11132169477938,
        43.764197979251655,
        37.48651936213002,
        36.47995691247166,
        36.508481619283565,
        37.14766001555222,
        35.91198480274794,
        35.75927176625022,
        44.36069479578729,
        35.80567575472028,
        40.41408398503375,
        35.953332124400276,
        39.15230042296327,
        36.860192747881854,
        41.64782068615068,
        43.60854439474272,
        45.61361336661437,
        43.298390157411774,
        33.750925458170315,
        36.753423404265035,
        43.62232025161245,
        36.725334428636856,
        36.3027515737277,
        38.842250567164506,
        37.09048172812077,
        37.72264645999018,
        35.68906636474007,
        39.22628472865595,
        47.34317887846544,
        45.31053429024475,
        45.68437742355429,
        37.64925693409325,
        37.60580647639297,
        44.20504121127835,
        47.030938947162255,
        37.465594979326525,
        44.55953679084373,
        36.66135075282541,
        37.47410855048648,
        36.12883761210122,
        39.88853832240885,
        39.739721143228884,
        39.35275991539008,
        43.02582343507682,
        45.55368842885855,
        33.55619657994593,
        35.30138837639589,
        37.34992022080067,
        42.053426865428776,
        37.854344385896674,
        37.95023069362199,
        48.26017862804621,
        61.473723711361814,
        33.15442864163469,
        48.6923612523679,
        39.43874738370014,
        50.646165894188734,
        39.05387322908137,
        37.65198228535418,
        45.24144849755537
    ]
}