{
    "Est_name": "EN",
    "Run": 43,
    "Seed": 4333,
    "Est_params": {
        "alpha": 0.008659745733191431,
        "l1_ratio": 0.006111737225752365
    },
    "R2": 0.20155020211426966,
    "R": 0.4566198654012879,
    "MAPE": 0.21199187342951717,
    "RMSE": 9.11720985374768,
    "y_test": [
        42.2,
        24.67,
        57.27,
        16.58,
        33.04,
        20.22,
        31.59,
        40.87,
        39.5,
        55.84,
        35.0,
        31.97,
        47.0,
        42.86,
        44.95,
        20.5,
        35.0,
        50.86,
        41.5,
        33.0,
        43.66,
        25.81,
        47.3,
        42.0,
        38.0,
        18.52,
        41.4,
        37.75,
        54.04,
        43.29,
        56.5,
        45.25,
        39.73,
        58.59,
        33.85,
        62.5,
        43.5,
        33.5,
        26.5,
        59.0,
        34.8,
        50.75,
        45.02,
        43.47,
        46.7,
        43.65,
        53.5,
        52.5,
        32.26,
        45.0,
        29.0,
        35.25,
        38.61,
        45.0,
        51.5,
        54.2,
        36.0,
        39.21,
        38.0,
        30.0,
        42.5,
        42.56,
        43.07,
        56.0,
        41.75,
        34.75,
        46.87,
        55.5,
        33.0
    ],
    "y_pred": [
        40.29471385480127,
        41.561322679062684,
        46.28913556820089,
        49.27369282614468,
        39.52838249545553,
        36.603983569684885,
        35.81170552785734,
        42.10411070867457,
        37.112481228070195,
        48.69986009044078,
        37.45453287907291,
        47.16646484578897,
        41.35880488495883,
        35.78678653948938,
        35.52911749890471,
        41.10883242791664,
        34.78925109864931,
        44.950643845632925,
        36.666317320547535,
        34.101675813785484,
        34.46835568229933,
        35.65139146609045,
        44.97199445223778,
        42.62376995989678,
        37.90069678659556,
        39.32417679782601,
        46.756650082328406,
        33.735911922168995,
        48.59869516736531,
        39.344860790266154,
        51.47390641459866,
        39.77551456827361,
        34.448294816921404,
        45.13054883025953,
        35.830191310749164,
        44.74347078669058,
        36.016878841491135,
        40.29729055035536,
        33.00459546855868,
        50.135414692030686,
        37.53181545453738,
        39.79400035116544,
        36.13758453016172,
        36.12834163871581,
        47.698784327171595,
        42.63301285134269,
        46.193023460417216,
        46.15278823086035,
        46.72030093826632,
        35.48888226934784,
        37.925564415994906,
        38.390326506702976,
        34.00213090939875,
        44.24285497977702,
        39.353900495647686,
        49.49102298241063,
        40.425488115535785,
        44.73932830485371,
        34.172139993444915,
        35.30933981508774,
        37.99085893818298,
        35.97664361193427,
        35.340622631966724,
        46.73529947572355,
        46.20866510908717,
        34.38332242068352,
        36.05711407104799,
        46.23325868997408,
        33.725976085922255
    ]
}