{
    "Est_name": "EN",
    "Run": 5,
    "Seed": 3657,
    "Est_params": {
        "alpha": 1.9929693857190087,
        "l1_ratio": 0.7741235951863702
    },
    "R2": 0.17856593429266698,
    "R": 0.4355767644193688,
    "MAPE": 0.21435664501162816,
    "RMSE": 9.283150196972173,
    "y_test": [
        46.5,
        34.62,
        32.5,
        59.0,
        49.0,
        58.0,
        57.27,
        33.0,
        58.25,
        35.5,
        44.75,
        36.5,
        42.5,
        39.73,
        38.78,
        45.5,
        42.2,
        33.04,
        46.0,
        32.0,
        31.53,
        42.5,
        48.0,
        43.0,
        39.12,
        37.5,
        30.0,
        31.67,
        29.6,
        15.11,
        37.6,
        44.95,
        56.0,
        49.9,
        41.0,
        30.5,
        33.76,
        43.0,
        41.0,
        38.0,
        16.58,
        33.5,
        45.5,
        37.5,
        26.25,
        30.0,
        44.5,
        22.67,
        32.9,
        34.5,
        39.0,
        54.04,
        42.03,
        52.07,
        53.5,
        52.5,
        27.4,
        50.75,
        23.33,
        40.39,
        40.5,
        38.0,
        56.5,
        37.5,
        35.75,
        23.9,
        62.5,
        43.5,
        25.81
    ],
    "y_pred": [
        37.847649326195196,
        36.735348424870054,
        31.57061009728919,
        50.57186493984881,
        50.20259499296252,
        50.47633030829181,
        46.74286357612973,
        34.1147083491418,
        62.352520567994844,
        40.38598535801301,
        37.34075244887915,
        37.107909898871895,
        39.245793039560674,
        34.64737279561681,
        40.67069657644355,
        39.8620340143695,
        40.43102812059791,
        39.42035215926709,
        45.318609784924575,
        33.67852370019431,
        46.52041170515249,
        38.416456927132515,
        43.87303269768759,
        46.76418687216157,
        39.51710719139476,
        38.01543747879413,
        39.058957887457844,
        33.56670726027341,
        46.510858241996786,
        41.22139562747272,
        37.78889652852447,
        37.80021595232368,
        42.5303477321864,
        42.104531958548904,
        37.07742740870519,
        40.14314070288558,
        36.235210657999474,
        41.65689975105361,
        38.794318647776265,
        38.34901709428044,
        48.044722658794,
        40.28855805021554,
        40.584822557988,
        40.9065916532681,
        46.49175131568539,
        35.149301370711356,
        37.97996579163847,
        41.9401709713789,
        34.78963357076249,
        39.66319681439451,
        36.00627495711702,
        47.55342331446096,
        35.022476120769745,
        51.890154576171916,
        40.738803500669164,
        46.06019954392006,
        34.553899666368146,
        40.862309548110666,
        38.330241452998735,
        39.968581583179166,
        36.10180958867402,
        36.077151874964024,
        42.891742003995645,
        40.479627313329544,
        36.63981379331305,
        42.39254142247098,
        43.61453054761414,
        37.69366838351402,
        35.1803759296838
    ]
}