{
    "Est_name": "EN",
    "Run": 19,
    "Seed": 434,
    "Est_params": {
        "alpha": 1.9845630523337312,
        "l1_ratio": 0.038608397169548864
    },
    "R2": 0.20827453956600406,
    "R": 0.47420301649614893,
    "MAPE": 0.21905802087639895,
    "RMSE": 8.751851643290141,
    "y_test": [
        13.33,
        47.3,
        31.7,
        39.21,
        22.73,
        60.25,
        33.0,
        33.5,
        41.5,
        32.57,
        56.0,
        42.29,
        27.4,
        37.5,
        22.9,
        39.3,
        54.25,
        36.0,
        34.5,
        32.9,
        41.0,
        29.5,
        57.0,
        50.5,
        41.5,
        40.1,
        31.47,
        42.0,
        45.5,
        22.5,
        35.0,
        44.5,
        33.04,
        35.25,
        52.5,
        40.0,
        42.2,
        27.12,
        59.0,
        36.5,
        57.27,
        24.67,
        48.0,
        18.52,
        50.0,
        32.33,
        40.03,
        30.0,
        31.25,
        34.75,
        32.43,
        26.5,
        39.45,
        42.37,
        43.5,
        30.5,
        39.73,
        50.86,
        38.0,
        33.0,
        26.5,
        40.0,
        54.0,
        42.25,
        35.75,
        38.78,
        42.56,
        32.5,
        43.66
    ],
    "y_pred": [
        43.416822206004696,
        44.41065672162664,
        36.72671289423255,
        44.65891351837012,
        42.06009845512207,
        45.00125462490829,
        33.5082471166651,
        42.229785324125814,
        45.075077468122686,
        37.381677736484924,
        49.274022934173615,
        36.186667137974844,
        35.29166961577216,
        40.01024157348452,
        42.79834513570328,
        39.947743387417965,
        40.60572622311706,
        39.572102338141654,
        33.01480406351224,
        35.3884154969968,
        36.223282282274525,
        37.57884009865354,
        46.03795583138731,
        41.30486642300719,
        37.5521237752666,
        37.464959574813754,
        35.045587388911756,
        39.20949670683676,
        40.35716525045742,
        37.86008109249342,
        40.236523084637696,
        38.20320625539496,
        39.853343331981534,
        34.98474047782752,
        40.113561769396256,
        36.851087884470886,
        46.64122513826015,
        36.57934543123874,
        49.93844368066966,
        41.202758946324884,
        46.89261158405147,
        42.30618068198247,
        38.61246398362894,
        39.8236275481228,
        39.62139731567545,
        38.54920996736814,
        38.7448639635021,
        37.243766177734784,
        33.65589898483544,
        35.230822704687924,
        40.04160876901176,
        32.9914782383394,
        41.03944828780214,
        38.516264737458734,
        36.449176563885445,
        40.517764078477576,
        35.05972274721336,
        44.89934934456335,
        38.57260767072686,
        34.85782564498277,
        31.02154182402412,
        38.545075960340725,
        44.677627641643355,
        38.9909461903625,
        36.68158339584592,
        40.994570480926136,
        36.20309433702504,
        38.09457859207224,
        35.84169270955342
    ]
}