{
    "Est_name": "EN",
    "Run": 32,
    "Seed": 4552,
    "Est_params": {
        "alpha": 0.005636939280332864,
        "l1_ratio": 0.0069236961126376995
    },
    "R2": 0.13839611114893258,
    "R": 0.4165444622416815,
    "MAPE": 0.1727628986481834,
    "RMSE": 8.342964868435656,
    "y_test": [
        40.1,
        32.5,
        40.5,
        55.5,
        45.02,
        43.64,
        37.5,
        32.83,
        56.0,
        52.5,
        42.2,
        33.85,
        29.02,
        29.6,
        52.07,
        55.84,
        41.23,
        57.27,
        42.75,
        37.6,
        25.81,
        43.5,
        53.5,
        59.0,
        46.0,
        48.0,
        33.5,
        39.45,
        51.0,
        54.2,
        56.5,
        35.75,
        36.5,
        27.49,
        44.05,
        39.8,
        42.03,
        48.7,
        42.0,
        43.76,
        41.16,
        29.0,
        40.0,
        50.2,
        32.33,
        35.5,
        44.0,
        40.0,
        16.58,
        48.0,
        33.04,
        40.75,
        32.9,
        30.0,
        33.95,
        53.0,
        31.97,
        38.0,
        42.0,
        33.76,
        52.5,
        39.73,
        57.1,
        36.0,
        42.3,
        28.5,
        38.61,
        34.8,
        45.0
    ],
    "y_pred": [
        37.32191663142173,
        31.522024849550505,
        36.208687883946965,
        45.15896197606638,
        35.74073231462379,
        36.30819789036717,
        40.93562883310054,
        34.82552067701029,
        45.38735834150893,
        44.81989276576555,
        40.31977460321932,
        35.20246233671436,
        33.72694267748561,
        46.87735587988949,
        53.24212521381267,
        50.29508394978995,
        42.282603599520314,
        45.726427551809756,
        39.49897477483216,
        37.277626186594766,
        35.45285125423341,
        35.60786098014292,
        46.45357500045404,
        44.59301898261549,
        41.70968620628579,
        46.41675777448471,
        37.20643343021534,
        40.44964520993921,
        42.365732671683084,
        50.97226291083916,
        43.45808783112874,
        35.68134702280382,
        41.112790612408375,
        46.89507205782028,
        37.41049752107565,
        48.31961018082627,
        34.133597545413316,
        46.04974787785277,
        41.886847985593626,
        38.66712079265436,
        40.87627093484038,
        37.41810382371611,
        35.40663566996019,
        41.0143303583681,
        37.492325464961304,
        37.707997157948114,
        36.89245694282511,
        35.60269133771946,
        49.09127171355212,
        38.29538267614636,
        38.9718023044648,
        41.201371502062294,
        34.16279314324726,
        34.7411055175831,
        34.25805510126691,
        42.6372873084248,
        48.021145120341636,
        34.96540725084796,
        42.152041937169344,
        35.29772429473401,
        46.40928455562708,
        33.77944483212052,
        47.42882427903989,
        39.886568679812356,
        37.366207076248685,
        46.8684977909241,
        33.21197925637715,
        37.23333574176781,
        35.93534255259657
    ]
}