{
    "Est_name": "EN",
    "Run": 9,
    "Seed": 1424,
    "Est_params": {
        "alpha": 1.9872500998024722,
        "l1_ratio": 0.37008007290932715
    },
    "R2": 0.28133490879740874,
    "R": 0.5332506914303781,
    "MAPE": 0.20991960627999867,
    "RMSE": 8.786731126809281,
    "y_test": [
        41.16,
        56.0,
        34.5,
        43.5,
        59.0,
        35.5,
        33.41,
        37.0,
        47.0,
        53.5,
        27.5,
        39.12,
        54.0,
        22.04,
        25.68,
        40.52,
        41.89,
        56.0,
        41.8,
        30.0,
        45.23,
        49.5,
        57.0,
        40.5,
        13.33,
        40.75,
        26.5,
        20.22,
        43.65,
        41.5,
        33.5,
        39.8,
        33.0,
        50.5,
        36.0,
        54.04,
        39.73,
        35.0,
        30.5,
        31.53,
        33.76,
        37.5,
        52.0,
        41.5,
        50.2,
        53.5,
        35.0,
        28.0,
        38.61,
        51.0,
        35.75,
        55.5,
        35.75,
        53.9,
        35.25,
        39.3,
        23.0,
        44.5,
        23.9,
        26.5,
        49.5,
        25.81,
        58.59,
        48.0,
        32.25,
        42.75,
        33.0,
        45.0,
        46.25
    ],
    "y_pred": [
        41.43263279788956,
        49.17772105533929,
        40.27742352408708,
        33.38721520898499,
        49.85962739733479,
        36.51549290188055,
        35.19420952935302,
        43.560883507094665,
        42.93036068846838,
        42.23695326813654,
        40.24175656862526,
        39.576420733292004,
        45.83806544541096,
        41.678739650225964,
        34.290011200595586,
        34.831100518938754,
        37.23479376932773,
        44.76337389590739,
        42.39650256037904,
        37.1861397236,
        37.80590035923152,
        40.04583751471887,
        44.84877114934606,
        36.638457183106155,
        44.00193418054995,
        42.23319295965713,
        34.93730014082518,
        37.33868819689804,
        42.70669617324641,
        37.320363525101655,
        34.85686517106303,
        47.26793807841148,
        33.161560413139,
        41.351410560545126,
        39.43654169635156,
        46.911547902120844,
        35.130787848327195,
        36.44208767524053,
        31.667390769815984,
        46.13937720974908,
        36.73030320519676,
        39.46471777404595,
        40.52346384555965,
        44.5403127104295,
        42.18002713595072,
        45.26695885550717,
        40.19215693218931,
        38.87321890251539,
        34.4488815063317,
        41.88727652955064,
        36.66882196543571,
        45.83377935982884,
        34.303773592946584,
        43.194276829565766,
        34.874880182850376,
        39.41787181272273,
        37.85035938952215,
        39.026586814433394,
        42.48888085808096,
        30.985484427820488,
        60.554542124916786,
        35.48498268131902,
        44.558089513556766,
        46.598329897361964,
        37.40868906593056,
        39.132318517770834,
        35.42283697495505,
        37.520347064279626,
        45.91642355536647
    ]
}