{
    "Est_name": "EN",
    "Run": 7,
    "Seed": 1679,
    "Est_params": {
        "alpha": 1.9907294149710166,
        "l1_ratio": 0.19436216220506342
    },
    "R2": 0.22851410632884916,
    "R": 0.48932301855193944,
    "MAPE": 0.20132148008580358,
    "RMSE": 9.011667849973396,
    "y_test": [
        32.33,
        52.07,
        44.0,
        32.25,
        26.5,
        56.0,
        26.5,
        34.75,
        32.43,
        39.3,
        51.0,
        22.73,
        49.5,
        36.0,
        37.5,
        29.5,
        40.39,
        32.0,
        24.67,
        56.5,
        23.33,
        56.0,
        44.6,
        40.75,
        51.0,
        45.8,
        39.0,
        59.0,
        29.02,
        36.0,
        39.5,
        42.56,
        48.0,
        38.78,
        51.5,
        39.12,
        35.5,
        57.5,
        40.0,
        30.5,
        53.0,
        16.58,
        58.5,
        45.23,
        41.89,
        39.0,
        42.56,
        43.0,
        20.5,
        38.0,
        57.8,
        35.0,
        41.04,
        27.5,
        48.0,
        31.5,
        45.25,
        55.84,
        26.5,
        49.0,
        39.12,
        33.4,
        30.0,
        35.25,
        33.0,
        29.02,
        54.04,
        34.62,
        41.75
    ],
    "y_pred": [
        38.03098904238484,
        49.93837847051712,
        42.283640726014355,
        37.84494280754966,
        33.39157155895786,
        42.94841329023645,
        31.355186718724873,
        34.6615012570279,
        39.695329265298945,
        39.52702464642203,
        42.81678547780355,
        41.893171463773,
        40.06112486337132,
        41.493952700079774,
        41.45596345908717,
        38.932526267314465,
        38.67920073400798,
        33.15826116858411,
        41.81079532444861,
        43.17379759646886,
        37.51492691888225,
        49.29380381487162,
        46.43189933892698,
        36.81994343047101,
        40.347141197187355,
        45.98113072646217,
        42.11888844736558,
        49.74457242733643,
        46.20107668862093,
        37.29375507659427,
        37.25870090084475,
        37.19275321844775,
        43.71832270273317,
        40.99969586413345,
        40.2029681502625,
        38.646060913988705,
        38.25709494835199,
        43.39918190270126,
        39.32338445193039,
        40.238300450725234,
        41.77582952638137,
        53.2884038521083,
        61.415444073601904,
        37.32689489661355,
        37.49164717526233,
        36.291510295789635,
        42.07484505911998,
        42.448393004663124,
        41.05435059601385,
        38.263486297292694,
        40.89452958537861,
        37.81271768482789,
        36.916271067968694,
        39.731133595044476,
        46.71268197736236,
        33.609029781048925,
        40.44369948006733,
        48.654992642953545,
        36.94340558262004,
        49.95979252809021,
        43.49534489228321,
        35.795097577401556,
        37.361949072363075,
        38.1747188090276,
        35.455626450985505,
        34.97294426017788,
        47.23376679572826,
        36.73073180021557,
        46.3921358759482
    ]
}