{
    "Est_name": "EN",
    "Run": 29,
    "Seed": 2615,
    "Est_params": {
        "alpha": 0.007820293781704655,
        "l1_ratio": 0.0015631729438045157
    },
    "R2": 0.14751871088181723,
    "R": 0.40976912582804514,
    "MAPE": 0.20139357877648514,
    "RMSE": 8.669468819467962,
    "y_test": [
        57.0,
        35.5,
        34.0,
        48.0,
        40.39,
        20.5,
        22.73,
        25.81,
        27.4,
        32.91,
        43.55,
        40.1,
        47.0,
        51.0,
        48.0,
        36.0,
        48.0,
        22.13,
        44.05,
        46.0,
        30.0,
        41.52,
        28.0,
        33.76,
        44.75,
        32.0,
        49.7,
        39.12,
        49.0,
        54.25,
        39.5,
        20.8,
        46.87,
        41.78,
        35.75,
        36.0,
        42.5,
        29.5,
        53.0,
        57.96,
        37.75,
        46.5,
        38.78,
        31.7,
        35.0,
        39.0,
        27.12,
        39.21,
        44.95,
        53.25,
        35.25,
        33.5,
        50.0,
        42.0,
        43.64,
        21.5,
        39.42,
        46.0,
        40.52,
        53.5,
        41.0,
        42.86,
        43.0,
        54.0,
        56.5,
        34.62,
        57.21,
        43.29,
        43.5
    ],
    "y_pred": [
        45.400696018672676,
        40.04477792437584,
        33.84561696779743,
        43.420205869649806,
        38.00539543477375,
        41.5633235569319,
        41.210471465135456,
        34.98731092429123,
        34.95041021627166,
        37.12131258404125,
        35.893580190562915,
        37.42194381902323,
        38.341676818985114,
        40.14485945692532,
        40.08988983225423,
        36.985500546728574,
        41.00592964890158,
        41.08698973552825,
        37.893000042005205,
        36.1323755442606,
        39.47042006752854,
        46.79679649012461,
        36.87365868286357,
        35.98092591137347,
        36.716885589813955,
        33.47928957325602,
        40.33986644142246,
        43.153575867049675,
        41.42201624721246,
        39.673803233943346,
        42.38171904825867,
        39.565133934494554,
        35.896847432769604,
        37.22570660552115,
        35.98419315358016,
        39.576091665293845,
        37.393029888607785,
        38.871848305300915,
        41.50675291699481,
        44.320395366447585,
        34.400052168628115,
        38.293248169917085,
        40.989260334239766,
        36.71535948455027,
        35.453792621240495,
        42.12860058168542,
        35.93595785466856,
        44.500862713398476,
        36.00720581233641,
        44.948080015086234,
        38.38533980338398,
        37.263954584377196,
        38.731690787979396,
        42.87099214415146,
        37.0339668632307,
        37.4722304450912,
        39.93233709954325,
        40.95096002423049,
        33.89539056812557,
        47.32914494485853,
        35.341142604857296,
        36.20390079915053,
        46.08445869956626,
        45.643311671435804,
        43.73553799997489,
        36.455249376562136,
        41.42201624721246,
        35.70184044827246,
        36.72696668112867
    ]
}