{
    "Est_name": "EN",
    "Run": 10,
    "Seed": 9674,
    "Est_params": {
        "alpha": 1.999585301294482,
        "l1_ratio": 0.9972142019357568
    },
    "R2": 0.24566183621121984,
    "R": 0.5296851263530524,
    "MAPE": 0.2203468707850242,
    "RMSE": 9.355427375712997,
    "y_test": [
        50.2,
        34.0,
        38.0,
        56.0,
        43.5,
        57.96,
        20.8,
        42.3,
        34.62,
        28.5,
        39.0,
        42.2,
        30.0,
        45.25,
        41.23,
        33.41,
        32.83,
        45.02,
        22.73,
        15.11,
        57.8,
        31.53,
        56.0,
        32.25,
        26.5,
        44.0,
        38.78,
        33.0,
        48.0,
        45.5,
        41.0,
        58.59,
        38.82,
        40.03,
        29.5,
        26.5,
        41.52,
        42.03,
        52.5,
        39.12,
        50.8,
        53.5,
        49.9,
        47.0,
        48.0,
        58.0,
        36.5,
        53.5,
        57.0,
        52.0,
        45.0,
        33.5,
        37.5,
        18.52,
        56.25,
        40.0,
        59.0,
        48.0,
        34.5,
        31.75,
        56.5,
        37.5,
        53.25,
        45.22,
        28.5,
        31.25,
        23.0,
        46.0,
        46.25
    ],
    "y_pred": [
        40.50855298980023,
        33.87317631815274,
        37.05286794062462,
        47.95370653997096,
        33.8969719763799,
        44.46117858859375,
        40.6265546214434,
        37.05689855020571,
        36.80579470239166,
        40.693675862273786,
        41.62124683512881,
        40.06635982784038,
        36.82498338650573,
        41.05895724160664,
        43.57264207208417,
        35.289957229324656,
        35.89823702163102,
        37.06351485154348,
        41.71244084790503,
        40.95992261821175,
        41.56681329715394,
        46.451132259109336,
        46.17893565236159,
        38.182187942160425,
        37.171629626782426,
        41.021049104639445,
        39.829245045035044,
        36.35414627222586,
        39.908355259310866,
        40.55367808391764,
        36.01170558300348,
        44.96645774628274,
        38.88054206067087,
        38.648180809844,
        40.18839670458478,
        31.485767655519503,
        46.099423394116094,
        35.59917769578516,
        43.415918136167775,
        39.351379174950736,
        40.552523124118565,
        42.66980877000702,
        40.77941254430873,
        41.35179523130109,
        42.23678771246176,
        48.364067124859595,
        38.17182144828574,
        45.43703476692378,
        47.16367166388086,
        40.21567108170576,
        37.97216340311982,
        41.580153274914935,
        38.62884958405631,
        40.121275463754394,
        49.26436372059364,
        37.86998374529287,
        48.458985697659955,
        40.64869213925101,
        33.001605128586505,
        39.19274625753843,
        42.47512840382613,
        38.09224602232896,
        44.663098179294586,
        41.280896299825486,
        46.331092713011465,
        36.7564247952975,
        37.43160004986175,
        40.1207525089054,
        44.519582594612714
    ]
}