{
    "Est_name": "EN",
    "Run": 45,
    "Seed": 7527,
    "Est_params": {
        "alpha": 1.9981732572244648,
        "l1_ratio": 0.99679163513276
    },
    "R2": 0.1463954790199543,
    "R": 0.4025742514287651,
    "MAPE": 0.17062965347768136,
    "RMSE": 8.124245148242773,
    "y_test": [
        30.5,
        29.6,
        48.0,
        39.8,
        40.87,
        34.5,
        34.5,
        57.21,
        32.9,
        48.7,
        42.0,
        40.75,
        41.23,
        51.5,
        48.0,
        26.5,
        41.4,
        35.75,
        39.12,
        35.0,
        29.02,
        42.03,
        46.0,
        34.5,
        41.25,
        57.96,
        49.5,
        49.7,
        35.0,
        50.5,
        29.5,
        32.25,
        42.75,
        46.0,
        40.5,
        56.5,
        60.25,
        44.5,
        43.65,
        57.27,
        33.5,
        48.0,
        42.29,
        30.5,
        43.29,
        33.5,
        43.55,
        49.0,
        56.38,
        28.5,
        22.73,
        42.25,
        40.0,
        34.62,
        44.05,
        22.04,
        39.21,
        35.3,
        30.0,
        34.5,
        47.3,
        43.0,
        56.0,
        39.3,
        52.5,
        32.43,
        43.5,
        42.56,
        33.5
    ],
    "y_pred": [
        39.616128634232844,
        46.449121813035525,
        38.858293597446206,
        47.67666620357511,
        33.51557767182331,
        43.82207411499358,
        36.25282725482548,
        40.813181511523,
        34.71289901088484,
        45.07014898480605,
        39.713030426989725,
        37.08994037655817,
        42.97821789536356,
        40.825808048780715,
        39.50992290213847,
        32.76110488119216,
        47.025036898882846,
        34.16697356056945,
        42.666749125700655,
        39.60347339442292,
        33.963906567365896,
        34.89127368881832,
        45.163747904826664,
        32.59667249359921,
        44.386850586708114,
        44.41937039304858,
        39.92892350350781,
        41.23218211289234,
        37.230547210360456,
        41.081397674733644,
        37.117760496338,
        37.760852388837876,
        38.85296246036388,
        40.369220537166484,
        38.20133315567161,
        51.64828190868187,
        43.716776281778266,
        37.67717118828369,
        42.15556987379478,
        46.01815105379158,
        34.20171975897897,
        40.04719801968395,
        36.534342340768745,
        31.293413884214683,
        39.79104761719072,
        38.61283556667495,
        36.19453229820285,
        40.813181511523,
        39.81680685267318,
        46.394219889565576,
        41.668405796134486,
        38.78689150494772,
        37.06383565814567,
        36.52733687217523,
        37.40266157093394,
        41.392899256586105,
        44.10871655406304,
        35.25101684218859,
        38.63868467719445,
        39.916094176059474,
        44.41851968011379,
        45.37458664436884,
        44.581601475546364,
        39.12747207771363,
        43.9299721708541,
        39.61267293925724,
        37.603306390311545,
        40.99276131719665,
        41.67916562918384
    ]
}