{
    "Est_name": "EN",
    "Run": 49,
    "Seed": 1291,
    "Est_params": {
        "alpha": 1.995718740979736,
        "l1_ratio": 0.9985986305125041
    },
    "R2": 0.22763441207838586,
    "R": 0.5640258961762449,
    "MAPE": 0.2524357059507967,
    "RMSE": 9.60358438181465,
    "y_test": [
        26.5,
        37.0,
        56.38,
        32.5,
        57.0,
        26.5,
        43.66,
        23.9,
        45.5,
        30.0,
        46.25,
        23.0,
        35.0,
        27.5,
        42.66,
        32.91,
        53.9,
        41.5,
        53.5,
        34.62,
        45.8,
        30.25,
        39.61,
        37.5,
        31.59,
        47.0,
        33.85,
        27.7,
        54.0,
        23.33,
        31.8,
        48.7,
        33.25,
        55.5,
        34.5,
        20.8,
        50.75,
        56.0,
        24.5,
        28.0,
        56.25,
        21.5,
        28.0,
        41.8,
        18.52,
        22.73,
        48.0,
        42.35,
        49.5,
        27.12,
        29.5,
        58.59,
        34.5,
        41.04,
        48.0,
        40.75,
        31.75,
        54.2,
        34.5,
        52.5,
        37.6,
        36.0,
        45.0,
        34.5,
        43.0,
        30.5,
        59.0,
        28.5,
        41.25
    ],
    "y_pred": [
        36.6110356145499,
        43.5083703396001,
        40.01313883800705,
        38.88044694457695,
        48.59507102255647,
        33.74789594271095,
        36.93125862646724,
        42.865966557650346,
        40.607193388906545,
        39.76617025457555,
        45.09340338755867,
        38.85516582747761,
        40.806012671354196,
        37.98037325539838,
        37.1634036781945,
        38.52797300199528,
        43.39679459783195,
        38.38817870271509,
        41.18170372131075,
        38.07152712171245,
        44.75625433371961,
        39.04848289212697,
        40.66537142782095,
        40.12919432829773,
        37.66372167439575,
        42.382746101425816,
        37.61508124142962,
        45.38040613801139,
        46.33333597188421,
        39.10685039833162,
        35.35972466961621,
        44.299808453436775,
        42.8883576574723,
        46.549355239761745,
        33.38670858937169,
        41.26085470976178,
        41.01499883622324,
        49.10327980107035,
        39.08338876761903,
        38.85327849400989,
        50.2530216514826,
        38.398719947194785,
        39.539834647901856,
        42.28757008810219,
        40.80440882947895,
        42.392266377957164,
        41.9278905967889,
        38.52942265581075,
        40.558552955940414,
        37.56789046227896,
        38.98022915022288,
        44.309686358397606,
        37.83467703186586,
        38.20864707119316,
        41.20476249386553,
        37.78388329114261,
        38.59203701184414,
        48.09451640505962,
        41.06257413634098,
        40.54129865653006,
        37.31569299804666,
        39.65549414860455,
        37.26506072828779,
        45.11100040127185,
        42.430674338664936,
        32.47381682880603,
        50.016171561636014,
        40.679062015141206,
        44.18051162699302
    ]
}