{
    "arquivo": "E-n23-k3",
    "media_distancia": 558.0046607120919,
    "desvio_padrao_distancia": 28.450514834841584,
    "minimo_distancia": 527.970155981658,
    "maximo_distancia": 623.0210111543748,
    "media_tempo": 216.5799010515213,
    "desvio_padrao_tempo": 0.5592593152052939,
    "resultados_execucoes": [
        {
            "execucao": 1,
            "distancia": 568.7229338699178,
            "rota": [
                1,
                13,
                16,
                17,
                32,
                4,
                3,
                2,
                7,
                12,
                29,
                14,
                11,
                10,
                5,
                6,
                26,
                9,
                8,
                25,
                22,
                24,
                19,
                27,
                20,
                21,
                30,
                23,
                18,
                15,
                31,
                28,
                1
            ],
            "tempo_execucao": 217.44263291358948
        },
        {
            "execucao": 2,
            "distancia": 553.3110124970805,
            "rota": [
                1,
                13,
                19,
                27,
                20,
                21,
                30,
                23,
                18,
                15,
                31,
                16,
                17,
                32,
                3,
                4,
                2,
                7,
                12,
                29,
                11,
                14,
                10,
                5,
                6,
                9,
                26,
                8,
                25,
                22,
                24,
                28,
                1
            ],
            "tempo_execucao": 215.76077795028687
        },
        {
            "execucao": 3,
            "distancia": 527.970155981658,
            "rota": [
                1,
                13,
                28,
                19,
                27,
                20,
                21,
                30,
                23,
                18,
                31,
                15,
                16,
                17,
                4,
                32,
                3,
                2,
                7,
                12,
                29,
                14,
                11,
                10,
                5,
                6,
                26,
                9,
                8,
                25,
                22,
                24,
                1
            ],
            "tempo_execucao": 216.17400002479553
        },
        {
            "execucao": 4,
            "distancia": 567.6697138036028,
            "rota": [
                1,
                13,
                14,
                10,
                11,
                12,
                29,
                7,
                2,
                3,
                4,
                32,
                17,
                16,
                15,
                31,
                18,
                23,
                30,
                21,
                20,
                27,
                19,
                8,
                26,
                9,
                6,
                5,
                25,
                22,
                24,
                28,
                1
            ],
            "tempo_execucao": 216.19701194763184
        },
        {
            "execucao": 5,
            "distancia": 567.2399266786974,
            "rota": [
                1,
                13,
                16,
                17,
                32,
                4,
                3,
                2,
                7,
                29,
                12,
                14,
                11,
                10,
                9,
                5,
                6,
                26,
                8,
                25,
                22,
                24,
                19,
                27,
                20,
                21,
                30,
                23,
                18,
                15,
                31,
                28,
                1
            ],
            "tempo_execucao": 217.06203389167786
        },
        {
            "execucao": 6,
            "distancia": 539.2765073013776,
            "rota": [
                1,
                13,
                8,
                9,
                26,
                5,
                6,
                10,
                14,
                11,
                12,
                29,
                7,
                2,
                3,
                32,
                4,
                16,
                17,
                15,
                31,
                18,
                23,
                30,
                21,
                20,
                27,
                19,
                24,
                22,
                25,
                28,
                1
            ],
            "tempo_execucao": 217.2007429599762
        },
        {
            "execucao": 7,
            "distancia": 538.0060445570068,
            "rota": [
                1,
                28,
                7,
                2,
                3,
                32,
                4,
                17,
                16,
                15,
                31,
                18,
                23,
                30,
                21,
                20,
                27,
                19,
                24,
                22,
                25,
                8,
                26,
                9,
                5,
                6,
                10,
                14,
                11,
                12,
                29,
                13,
                1
            ],
            "tempo_execucao": 217.24906086921692
        },
        {
            "execucao": 8,
            "distancia": 596.2850104413393,
            "rota": [
                1,
                28,
                26,
                9,
                5,
                6,
                10,
                11,
                14,
                12,
                13,
                19,
                27,
                20,
                21,
                30,
                23,
                18,
                15,
                31,
                17,
                16,
                32,
                4,
                3,
                2,
                7,
                29,
                8,
                25,
                22,
                24,
                1
            ],
            "tempo_execucao": 216.43973684310913
        },
        {
            "execucao": 9,
            "distancia": 623.0210111543748,
            "rota": [
                1,
                7,
                2,
                3,
                32,
                4,
                17,
                16,
                31,
                15,
                18,
                30,
                23,
                21,
                8,
                26,
                9,
                5,
                6,
                10,
                11,
                14,
                29,
                12,
                13,
                28,
                19,
                27,
                20,
                24,
                22,
                25,
                1
            ],
            "tempo_execucao": 216.28438878059387
        },
        {
            "execucao": 10,
            "distancia": 534.5676089026812,