{
    "arquivo": "E-n23-k3",
    "media_distancia": 605.2317719761388,
    "desvio_padrao_distancia": 13.722082386185786,
    "minimo_distancia": 590.3862975283143,
    "maximo_distancia": 630.587766680748,
    "media_tempo": 26.69508754014969,
    "desvio_padrao_tempo": 0.6726165071780897,
    "execucao_melhor_rota": 8,
    "capacidade_veiculo": 4500,
    "resultados_execucoes": [
        {
            "execucao": 1,
            "distancia": 618.5064724613532,
            "rota": [
                1,
                21,
                23,
                18,
                15,
                31,
                16,
                17,
                4,
                3,
                2,
                7,
                1,
                11,
                14,
                1,
                13,
                12,
                10,
                6,
                5,
                9,
                8,
                25,
                22,
                20,
                19,
                1
            ],
            "tempo_execucao": 26.088740587234497,
            "carga_por_rota": [
                2019,
                4350,
                3820
            ]
        },
        {
            "execucao": 2,
            "distancia": 618.6450054828338,
            "rota": [
                1,
                19,
                20,
                22,
                25,
                8,
                9,
                5,
                6,
                10,
                14,
                12,
                13,
                1,
                21,
                23,
                18,
                15,
                31,
                16,
                17,
                4,
                3,
                2,
                7,
                1,
                11,
                1
            ],
            "tempo_execucao": 25.83343267440796,
            "carga_por_rota": [
                4070,
                2019,
                4100
            ]
        },
        {
            "execucao": 3,
            "distancia": 593.9131940835038,
            "rota": [
                1,
                7,
                2,
                3,
                4,
                17,
                16,
                18,
                15,
                31,
                23,
                21,
                20,
                19,
                1,
                11,
                14,
                1,
                13,
                12,
                10,
                6,
                5,
                9,
                8,
                25,
                22,
                1
            ],
            "tempo_execucao": 26.854724884033203,
            "carga_por_rota": [
                2739,
                4350,
                3100
            ]
        },
        {
            "execucao": 4,
            "distancia": 593.9131940835038,
            "rota": [
                1,
                7,
                2,
                3,
                4,
                17,
                16,
                18,
                15,
                31,
                23,
                21,
                20,
                19,
                1,
                11,
                14,
                1,
                13,
                12,
                10,
                6,
                5,
                9,
                8,
                25,
                22,
                1
            ],
            "tempo_execucao": 27.000043392181396,
            "carga_por_rota": [
                2739,
                4350,
                3100
            ]
        },
        {
            "execucao": 5,
            "distancia": 594.4240774571425,
            "rota": [
                1,
                19,
                20,
                23,
                21,
                31,
                15,
                18,
                16,
                17,
                4,
                3,
                2,
                7,
                1,
                11,
                14,
                1,
                13,
                12,
                10,
                6,
                5,
                9,
                8,
                25,
                22,
                1
            ],
            "tempo_execucao": 26.01040768623352,
            "carga_por_rota": [
                2739,
                4350,
                3100
            ]
        },
        {
            "execucao": 6,
            "distancia": 593.9131940835038,
            "rota": [
                1,
                7,
                2,
                3,
                4,
                17,
                16,
                18,
                15,
                31,
                23,
                21,
                20,
                19,
                1,
                11,
                14,
                1,
                13,
                12,
                10,
                6,
                5,
                9,
                8,
                25,
                22,
                1
            ],
            "tempo_execucao": 26.901241779327393,
            "carga_por_rota": [
                2739,
                4350,
                3100
            ]
        },
        {
            "execucao": 7,
            "distancia": 591.5698976695851,
            "rota": [
                1,
                8,
                22,
                5,
                6,
                9,
                26,
                10,
                12,
                13,
                1,
                11,
                14,
                1,
                7,
                2,
                3,
                4,
                17,
                16,
                18,
                15,
                31,
                23,
                21,
                20,
                19,
                1
            ],
            "tempo_execucao": 27.382330179214478,
            "carga_por_rota": [
                3100,
                4350,
                2739
            ]
        },
        {
            "execucao": 8,
            "distancia": 590.3862975283143,
            "rota": [
                1,
                13,
                12,
                7,
                2,
                3,
                4,
                17,
                16,
                18,
                15,
                31,
                23,
                21,
                20,
                19,
                1,
                11,
                14,
                1,
                22,
                5,
                6,
                9,
                26,
                10,
                8,
                1
            ],
            "tempo_execucao": 27.486936807632446,
            "carga_por_rota": [
                3264,
                4350,
                2575
            ]
        },
        {
            "execucao": 9,
            "distancia": 590.3862975283145,
            "rota": [
                1,
                22,
                5,
                6,
                9,
                26,
                10,
                8,
                1,
                11,
                14,
                1,
                13,
                12,
                7,
                2,
                3,
                4,
                17,
                16,
                18,
                15,
                31,
                23,
                21,
                20,
                19,
                1
            ],
            "tempo_execucao": 27.747606992721558,
            "carga_por_rota": [
                2575,
                4350,
                3264
            ]
        },
        {
            "execucao": 10,
            "distancia": 593.9131940835038,