{
    "arquivo": "E-n23-k3",
    "media_distancia": 725.5064455260143,
    "desvio_padrao_distancia": 55.50028580657945,
    "minimo_distancia": 631.9303581141556,
    "maximo_distancia": 838.2981915771232,
    "media_tempo": 32.07114967107773,
    "desvio_padrao_tempo": 2.3656857305664483,
    "execucao_melhor_rota": 6,
    "capacidade_veiculo": 4500,
    "resultados_execucoes": [
        {
            "execucao": 1,
            "distancia": 711.891119851255,
            "rota": [
                1,
                17,
                16,
                18,
                15,
                31,
                19,
                22,
                9,
                26,
                5,
                6,
                10,
                14,
                12,
                13,
                1,
                20,
                21,
                23,
                31,
                4,
                3,
                2,
                7,
                1,
                11,
                8,
                1
            ],
            "tempo_execucao": 30.78467869758606,
            "carga_por_rota": [
                4120,
                1619,
                4450
            ]
        },
        {
            "execucao": 2,
            "distancia": 815.75988517287,
            "rota": [
                1,
                6,
                5,
                9,
                8,
                28,
                20,
                21,
                23,
                31,
                16,
                17,
                4,
                3,
                2,
                7,
                13,
                1,
                10,
                14,
                22,
                25,
                18,
                15,
                31,
                19,
                1,
                11,
                12,
                1
            ],
            "tempo_execucao": 35.52449178695679,
            "carga_por_rota": [
                3469,
                2395,
                4325
            ]
        },
        {
            "execucao": 3,
            "distancia": 703.8752165857729,
            "rota": [
                1,
                22,
                9,
                5,
                6,
                26,
                8,
                13,
                3,
                2,
                17,
                4,
                32,
                16,
                18,
                15,
                21,
                23,
                30,
                20,
                19,
                1,
                11,
                12,
                1,
                10,
                14,
                7,
                1
            ],
            "tempo_execucao": 31.44751262664795,
            "carga_por_rota": [
                4339,
                4325,
                1525
            ]
        },
        {
            "execucao": 4,
            "distancia": 702.9620047405301,
            "rota": [
                1,
                14,
                11,
                1,
                7,
                3,
                15,
                18,
                16,
                17,
                4,
                32,
                2,
                12,
                8,
                9,
                6,
                5,
                26,
                22,
                20,
                30,
                23,
                21,
                19,
                1,
                13,
                10,
                1
            ],
            "tempo_execucao": 32.40055274963379,
            "carga_por_rota": [
                4350,
                4439,
                1400
            ]
        },
        {
            "execucao": 5,
            "distancia": 688.0531071526268,
            "rota": [
                1,
                15,
                18,
                23,
                21,
                30,
                20,
                19,
                22,
                25,
                9,
                5,
                6,
                10,
                1,
                8,
                11,
                1,
                7,
                2,
                4,
                16,
                17,
                3,
                29,
                14,
                12,
                13,
                1
            ],
            "tempo_execucao": 31.316444396972656,
            "carga_por_rota": [
                4270,
                4450,
                1469
            ]
        },
        {
            "execucao": 6,
            "distancia": 631.9303581141556,
            "rota": [
                1,
                7,
                3,
                2,
                16,
                17,
                4,
                32,
                15,
                18,
                23,
                21,
                20,
                27,
                19,
                1,
                11,
                14,
                1,
                13,
                12,
                8,
                10,
                6,
                5,
                9,
                26,
                22,
                1
            ],
            "tempo_execucao": 30.401583671569824,
            "carga_por_rota": [
                2739,
                4350,
                3100
            ]
        },
        {
            "execucao": 7,
            "distancia": 656.1356381656556,
            "rota": [
                1,
                19,
                20,
                23,
                21,
                30,
                18,
                15,
                16,
                17,
                13,
                1,
                11,
                8,
                1,
                12,
                3,
                4,
                2,
                7,
                14,
                10,
                9,
                26,
                6,
                5,
                22,
                1
            ],
            "tempo_execucao": 26.795501470565796,
            "carga_por_rota": [
                2595,
                4450,
                3144
            ]
        },
        {
            "execucao": 8,
            "distancia": 784.5018521095348,
            "rota": [
                1,
                12,
                7,
                14,
                10,
                6,
                5,
                9,
                26,
                2,
                15,
                21,
                30,
                23,
                20,
                1,
                3,
                4,
                17,
                16,
                18,
                31,
                19,
                22,
                25,
                13,
                1,
                11,
                8,
                1
            ],
            "tempo_execucao": 34.704355001449585,
            "carga_por_rota": [
                4500,
                1239,
                4450
            ]
        },
        {
            "execucao": 9,
            "distancia": 669.6538727098578,
            "rota": [
                1,
                19,
                21,
                23,
                18,
                15,
                31,
                16,
                17,
                4,
                3,
                2,
                14,
                10,
                12,
                29,
                7,
                1,
                11,
                13,
                1,
                8,
                9,
                6,
                5,
                22,
                24,
                20,
                1
            ],
            "tempo_execucao": 31.651211977005005,