{
    "Est_name": "ANN",
    "Run": 9,
    "Seed": 1424,
    "Est_params": {
        "activation": "tanh",
        "hidden_layer_sizes": [
            89
        ],
        "solver": "adam",
        "alpha": 1.0,
        "learning_rate_init": 0.19031149072185582
    },
    "R2": 0.6869882874158808,
    "R": 0.8291362637014009,
    "MAPE": 0.12321200737678224,
    "RMSE": 5.798883138092661,
    "y_test": [
        41.16,
        56.0,
        34.5,
        43.5,
        59.0,
        35.5,
        33.41,
        37.0,
        47.0,
        53.5,
        27.5,
        39.12,
        54.0,
        22.04,
        25.68,
        40.52,
        41.89,
        56.0,
        41.8,
        30.0,
        45.23,
        49.5,
        57.0,
        40.5,
        13.33,
        40.75,
        26.5,
        20.22,
        43.65,
        41.5,
        33.5,
        39.8,
        33.0,
        50.5,
        36.0,
        54.04,
        39.73,
        35.0,
        30.5,
        31.53,
        33.76,
        37.5,
        52.0,
        41.5,
        50.2,
        53.5,
        35.0,
        28.0,
        38.61,
        51.0,
        35.75,
        55.5,
        35.75,
        53.9,
        35.25,
        39.3,
        23.0,
        44.5,
        23.9,
        26.5,
        49.5,
        25.81,
        58.59,
        48.0,
        32.25,
        42.75,
        33.0,
        45.0,
        46.25
    ],
    "y_pred": [
        42.13037119155639,
        58.80745497946903,
        28.394930552895747,
        25.70167403066099,
        59.309619096361665,
        36.30077575100868,
        35.7798301866172,
        45.76801563563187,
        44.4315769206614,
        47.477980150772446,
        37.15407998990795,
        40.24773109990481,
        39.40707284409633,
        27.71517707882338,
        31.683078472522606,
        39.59084345619816,
        43.66395508600626,
        51.92969862716042,
        48.976776125905204,
        34.78075858336654,
        43.67769825154886,
        47.00362819311111,
        51.31809160368979,
        33.475719295954526,
        16.86219375462362,
        44.11653890171334,
        28.611897259262413,
        34.79022849156081,
        46.10251252545727,
        33.56907549302568,
        33.98585631647592,
        50.85844261051717,
        34.553567282957374,
        46.86983744096603,
        27.008725967996728,
        46.27823062790023,
        39.6463340601258,
        40.49873679108824,
        28.390234316848694,
        34.7874934078573,
        36.90161615743061,
        39.60488845228069,
        47.46455692084595,
        49.66293591914202,
        43.45089996376415,
        42.700423614934095,
        35.085707361349286,
        31.387588407030083,
        38.35141056438242,
        47.58135864137934,
        39.766270970341054,
        53.43903832597697,
        33.42658994837306,
        48.3050714926047,
        31.5035483810306,
        39.14269362647421,
        28.483948997958482,
        41.953800955153646,
        33.09877472054921,
        26.292801106510538,
        53.53386399337255,
        30.63435249580872,
        49.769855397907165,
        45.327110114325926,
        31.67872089326964,
        39.43015049323679,
        37.225755042866794,
        43.781368464989086,
        44.84311329374249
    ]
}