{
    "Est_name": "ANN",
    "Run": 35,
    "Seed": 5514,
    "Est_params": {
        "activation": "tanh",
        "hidden_layer_sizes": [
            79
        ],
        "solver": "adam",
        "alpha": 0.37600898651192244,
        "learning_rate_init": 0.2017249930197606
    },
    "R2": 0.6710993036761521,
    "R": 0.8369792593596598,
    "MAPE": 0.10628228781011718,
    "RMSE": 5.164861018621687,
    "y_test": [
        46.0,
        42.2,
        53.9,
        40.5,
        32.43,
        43.29,
        20.8,
        48.7,
        51.0,
        48.0,
        54.2,
        32.5,
        30.0,
        32.25,
        37.0,
        38.0,
        43.0,
        29.0,
        31.8,
        32.5,
        57.0,
        31.25,
        36.0,
        22.9,
        34.62,
        35.0,
        49.5,
        27.4,
        62.5,
        37.5,
        48.0,
        44.75,
        57.0,
        36.5,
        42.29,
        32.33,
        33.0,
        32.9,
        47.0,
        36.5,
        45.25,
        25.81,
        43.0,
        37.6,
        33.85,
        56.5,
        41.0,
        29.5,
        42.0,
        34.8,
        37.25,
        31.7,
        47.0,
        39.0,
        35.25,
        39.73,
        43.0,
        57.27,
        30.5,
        28.5,
        44.0,
        42.25,
        55.5,
        40.39,
        39.5,
        43.65,
        35.5,
        26.5,
        45.5
    ],
    "y_pred": [
        46.21926256637556,
        55.78005056898798,
        46.77149508711041,
        39.083709148917414,
        45.40851520364804,
        45.847722911288,
        30.390049896699782,
        48.28419641547485,
        38.92258900305751,
        43.026032540516,
        50.932399573166556,
        42.60025899346203,
        36.22306523167869,
        34.96407170922348,
        45.70563154295041,
        41.40597718364899,
        41.892457524302046,
        33.800822151861006,
        27.568918367842134,
        31.39793879667605,
        54.08581129406265,
        31.075448500783235,
        40.32506687330197,
        28.96662141560183,
        39.369078352752545,
        37.701589476760304,
        50.363697674900465,
        27.614555293387635,
        53.768485689298195,
        39.28615337558849,
        49.723750213618594,
        46.612471156434836,
        50.65993045412143,
        42.55310251925201,
        42.0215697815119,
        35.67925445101285,
        35.12913559288528,
        36.88726079612708,
        43.77284853755523,
        40.58751613026568,
        42.33770629941393,
        33.28586160007319,
        52.779670114626725,
        39.262102210004855,
        39.76900734408065,
        55.198858472629674,
        41.684114415789026,
        32.274431303804484,
        41.28251438477377,
        38.3712728986178,
        36.95818111819275,
        36.80063850097275,
        41.463723374125394,
        39.14064464270003,
        34.941403761040725,
        41.877637910780436,
        45.77761348337007,
        48.12699781607297,
        29.696626124964126,
        35.88062213988368,
        51.59078859519223,
        43.425918470850014,
        48.29036355221312,
        42.36460670641275,
        38.240048034950135,
        43.55775540427168,
        38.03265968558842,
        29.045901375511868,
        46.7660969944948
    ]
}