{
    "Est_name": "ANN",
    "Run": 8,
    "Seed": 8935,
    "Est_params": {
        "activation": "tanh",
        "hidden_layer_sizes": [
            83
        ],
        "solver": "adam",
        "alpha": 0.5345371822102809,
        "learning_rate_init": 0.19655165969365282
    },
    "R2": 0.5319469191791922,
    "R": 0.7337072227263279,
    "MAPE": 0.1417094262884854,
    "RMSE": 6.423881498803665,
    "y_test": [
        43.07,
        33.76,
        49.0,
        48.7,
        43.65,
        45.22,
        39.45,
        26.5,
        43.4,
        20.5,
        48.0,
        33.0,
        33.5,
        43.0,
        33.41,
        22.9,
        39.5,
        43.64,
        29.41,
        31.47,
        53.5,
        42.5,
        35.0,
        22.73,
        33.4,
        48.0,
        31.97,
        56.0,
        33.95,
        62.5,
        27.5,
        39.21,
        32.9,
        33.25,
        39.53,
        48.5,
        54.25,
        27.4,
        50.5,
        23.9,
        27.49,
        27.5,
        43.5,
        35.5,
        40.1,
        41.0,
        42.03,
        56.38,
        45.02,
        39.78,
        40.75,
        47.0,
        31.67,
        29.5,
        41.23,
        25.68,
        35.0,
        38.61,
        36.0,
        43.76,
        39.0,
        39.42,
        35.25,
        22.67,
        40.03,
        58.0,
        32.5,
        47.0,
        22.5
    ],
    "y_pred": [
        39.765089899035516,
        36.83840750337291,
        43.82688732487047,
        47.78686870598213,
        38.12387616411511,
        38.07077759419922,
        33.91119349965995,
        26.993120580439385,
        37.73036009529478,
        31.569334602865343,
        43.81494763653907,
        34.83764968773347,
        33.74371947922213,
        43.01885292647489,
        34.597608002333025,
        35.15781466731735,
        36.38095488466935,
        40.13932208200427,
        30.851303257036818,
        28.523248662822024,
        40.52124882325,
        42.27342926860114,
        30.760501112244974,
        43.763326706361646,
        35.747945035567334,
        49.853522731457524,
        40.484602002270755,
        56.292205983663244,
        34.969900007994994,
        51.986295985440016,
        40.22889958807956,
        42.72558714327772,
        34.41726516287262,
        34.68401239234525,
        40.879725321697016,
        55.27231449152424,
        45.9909156089863,
        27.538328211340936,
        49.44447640815293,
        38.03562980449846,
        38.72475267944161,
        36.40518973461615,
        54.15580537739641,
        35.20577053877162,
        37.066969645654346,
        38.313942111564224,
        38.01244988573329,
        44.68443724825917,
        40.98485081742224,
        32.56802275671965,
        36.81956185545758,
        47.28479095608009,
        33.25460043578422,
        23.362466746450206,
        52.18112885010695,
        30.090418959467677,
        34.791643366392485,
        36.7543116219744,
        35.30479824691115,
        40.07232969922247,
        36.44929339872282,
        44.89878105419586,
        30.481779178191886,
        33.73907946154897,
        44.14594247288051,
        58.940255626854615,
        27.60117989935231,
        43.17254633528423,
        23.72152593069358
    ]
}