{
    "Est_name": "ANN",
    "Run": 39,
    "Seed": 1584,
    "Est_params": {
        "activation": "tanh",
        "hidden_layer_sizes": [
            89
        ],
        "solver": "adam",
        "alpha": 0.8190808767716644,
        "learning_rate_init": 0.375186034352823
    },
    "R2": 0.4709984596100778,
    "R": 0.7020662586550374,
    "MAPE": 0.1514558517377754,
    "RMSE": 7.511206718769739,
    "y_test": [
        23.0,
        45.0,
        39.42,
        43.5,
        41.75,
        42.0,
        41.78,
        49.0,
        50.5,
        52.5,
        16.58,
        40.5,
        43.64,
        41.23,
        56.0,
        37.0,
        40.87,
        39.5,
        31.53,
        54.2,
        37.5,
        54.25,
        57.27,
        44.0,
        47.0,
        33.5,
        25.68,
        54.04,
        33.0,
        43.5,
        42.56,
        53.0,
        40.03,
        43.66,
        41.8,
        22.73,
        62.5,
        26.5,
        29.02,
        32.5,
        33.5,
        42.0,
        53.5,
        59.5,
        26.5,
        43.29,
        38.82,
        46.0,
        50.0,
        58.25,
        22.04,
        46.0,
        49.5,
        54.0,
        29.02,
        42.66,
        32.26,
        31.75,
        43.47,
        46.25,
        56.0,
        30.5,
        59.0,
        33.5,
        49.9,
        43.65,
        42.75,
        31.97,
        26.75
    ],
    "y_pred": [
        26.11066046481399,
        40.119448965476394,
        42.451295677856585,
        41.24101448483463,
        54.41013310342367,
        44.68657388092479,
        42.4236919785643,
        34.285797237626575,
        56.01180755568376,
        52.30025469768184,
        40.812339676257636,
        41.67196471669727,
        42.66530599148479,
        48.92837253900656,
        55.092966745641306,
        46.45584779557012,
        47.37485540407459,
        42.27787030490877,
        31.655206232129125,
        42.61412118977886,
        38.60658237629112,
        46.15935020363564,
        55.37079894319997,
        43.1802536404399,
        36.29988181018882,
        37.19844086132728,
        38.493962827153695,
        40.89061822045686,
        34.73486802576441,
        55.80728008620111,
        40.70987047047307,
        40.51594734133069,
        39.56113759698791,
        37.18455487930805,
        45.12924692934303,
        47.48807975099428,
        57.03158770290893,
        35.7249082501261,
        45.874769601291646,
        31.157342277888866,
        32.37591608127265,
        51.83467123996589,
        46.84801728578668,
        59.060921010049235,
        27.561779976882843,
        42.88575474660537,
        43.88122004379628,
        43.856879055798,
        40.75989994480742,
        59.03849209307625,
        28.72289233393896,
        51.940924584946586,
        44.93423123001356,
        46.90542611982952,
        36.411368504992055,
        42.023704826464154,
        32.100921034580615,
        32.232262737080035,
        42.3287317162182,
        45.64570115039892,
        53.77689246123494,
        36.02983118827672,
        60.52960452371943,
        32.61519212352421,
        55.93384873823931,
        42.97090442807384,
        39.35953036705415,
        33.16200557845063,
        32.52868888934296
    ]
}