{
    "Est_name": "ANN",
    "Run": 28,
    "Seed": 106,
    "Est_params": {
        "activation": "tanh",
        "hidden_layer_sizes": [
            96
        ],
        "solver": "adam",
        "alpha": 1.0,
        "learning_rate_init": 0.4049204443910229
    },
    "R2": 0.5035211132783961,
    "R": 0.7281110924750189,
    "MAPE": 0.1469204949868026,
    "RMSE": 7.012460113302471,
    "y_test": [
        43.0,
        34.0,
        42.56,
        40.1,
        30.0,
        49.5,
        43.07,
        53.5,
        53.25,
        46.11,
        37.5,
        45.0,
        41.04,
        56.5,
        32.5,
        48.0,
        31.97,
        54.0,
        57.0,
        32.25,
        35.0,
        59.5,
        47.3,
        16.58,
        41.16,
        49.0,
        58.5,
        31.75,
        39.0,
        15.11,
        34.5,
        57.8,
        39.8,
        35.5,
        41.95,
        33.5,
        45.8,
        43.5,
        37.5,
        47.0,
        53.5,
        33.76,
        35.0,
        47.0,
        52.5,
        23.9,
        44.6,
        41.0,
        30.0,
        24.67,
        57.27,
        33.0,
        28.0,
        41.89,
        30.5,
        59.0,
        28.5,
        54.25,
        33.5,
        53.0,
        43.64,
        44.5,
        38.82,
        41.0,
        40.03,
        43.0,
        48.5,
        43.65,
        40.52
    ],
    "y_pred": [
        45.20637572815878,
        34.1730590269639,
        43.816098534766276,
        33.5826465900102,
        35.73195988481653,
        55.33000177545641,
        42.807126307680896,
        50.70192706162397,
        51.55255759613612,
        51.954929667912104,
        36.69205954688131,
        44.56611125251816,
        43.22363228995134,
        56.47812652062215,
        39.676207092498565,
        54.0682516978442,
        35.789526151166534,
        49.995981511082185,
        55.37659263194873,
        32.7769713439749,
        26.495394034230006,
        54.755707866661865,
        49.73332870474771,
        41.747263774708294,
        39.282369714416184,
        52.84602728955302,
        55.26631431163954,
        34.83196921435514,
        42.0053084707347,
        29.71078658805861,
        32.16259605190113,
        32.861989268205605,
        53.23092522830141,
        34.3831480346691,
        42.194233233412284,
        22.815403219579295,
        49.39710518177495,
        41.457147624085025,
        33.75629439245455,
        43.52398862331281,
        50.11704273569615,
        36.53178508584246,
        31.039163067680924,
        47.72053564429462,
        52.00401849058592,
        38.572366522089055,
        50.311687452272196,
        41.328148613089986,
        35.611593514317775,
        44.13448439870895,
        52.613719949383444,
        37.800736422194305,
        32.55454652598251,
        39.686406297734585,
        32.440425604683064,
        56.339136973007456,
        35.086487278109466,
        49.275509331451836,
        25.395972190617954,
        46.36033298928874,
        43.7138887570675,
        44.787878075060824,
        42.93037436444765,
        43.97224338121492,
        41.81315698370206,
        52.28986862333324,
        56.14383834592684,
        40.1308432943782,
        38.36315913722782
    ]
}