{
    "Est_name": "ANN",
    "Run": 12,
    "Seed": 520,
    "Est_params": {
        "activation": "tanh",
        "hidden_layer_sizes": [
            84
        ],
        "solver": "adam",
        "alpha": 0.32405625450586684,
        "learning_rate_init": 0.19857418434899962
    },
    "R2": 0.7243788269417692,
    "R": 0.8526113412897233,
    "MAPE": 0.12489853034292246,
    "RMSE": 5.582770693113184,
    "y_test": [
        40.0,
        35.5,
        43.07,
        59.0,
        45.5,
        21.75,
        35.0,
        51.5,
        31.75,
        50.5,
        41.52,
        39.0,
        39.0,
        16.58,
        43.0,
        13.33,
        48.0,
        34.5,
        51.0,
        22.13,
        24.5,
        30.5,
        57.27,
        46.7,
        46.25,
        43.4,
        32.9,
        59.0,
        52.07,
        47.0,
        41.23,
        42.25,
        39.5,
        57.0,
        29.41,
        45.0,
        55.52,
        23.0,
        20.8,
        50.8,
        23.9,
        40.0,
        41.89,
        32.25,
        50.2,
        43.55,
        42.3,
        27.4,
        31.8,
        37.5,
        42.29,
        46.8,
        33.76,
        42.5,
        34.0,
        56.5,
        54.04,
        38.82,
        32.43,
        39.12,
        31.25,
        42.2,
        36.5,
        35.25,
        33.95,
        52.0,
        26.5,
        56.0,
        47.3
    ],
    "y_pred": [
        39.946427695072146,
        32.3125265689349,
        39.83615807438838,
        49.77211706246449,
        43.390000481867844,
        27.206241332566325,
        34.152516670049934,
        56.453711247666064,
        33.593469564586314,
        57.52293816073289,
        48.45949309727338,
        45.94800413242288,
        36.97641830726933,
        24.959047780631067,
        47.810501025164626,
        28.54823805552064,
        42.95966484555983,
        49.007472420033864,
        37.3421322124758,
        26.803455497743148,
        27.462387883458696,
        33.344362023669945,
        47.811889419322455,
        48.2039521117876,
        43.846462219286764,
        40.197533919571725,
        32.75363957914004,
        57.61599899325664,
        42.729460148653104,
        44.8315246019002,
        51.87372086931006,
        42.58356979448054,
        37.83214803355084,
        48.400548225434434,
        29.30425492764254,
        41.25175916463684,
        49.64315755872619,
        25.780697944330356,
        26.27862108990426,
        57.00155574943845,
        32.33306995077352,
        41.33999036865313,
        41.070113357586166,
        33.18854470797217,
        42.75231158627048,
        40.96071064837693,
        39.31985099583788,
        29.47323670474298,
        28.58428176779579,
        40.433606796800504,
        39.97939948805893,
        50.17766868057291,
        34.74495413247027,
        39.70484163946476,
        33.03628869952958,
        50.92135078673671,
        47.16589236142559,
        39.555840341203776,
        43.90702081243812,
        43.72546975128593,
        29.525623160988868,
        38.141817849117174,
        40.57885452058328,
        33.39229687530802,
        32.786521748901286,
        46.80113953296144,
        27.347368400360217,
        53.659571437423224,
        52.61337503576679
    ]
}