{
    "Est_name": "ANN",
    "Run": 46,
    "Seed": 8785,
    "Est_params": {
        "activation": "tanh",
        "hidden_layer_sizes": [
            93
        ],
        "solver": "adam",
        "alpha": 0.9955059523373474,
        "learning_rate_init": 0.723862340915293
    },
    "R2": 0.4939899850671111,
    "R": 0.7139038680480857,
    "MAPE": 0.15169066958448968,
    "RMSE": 6.977864620380654,
    "y_test": [
        37.5,
        50.75,
        29.5,
        26.75,
        55.5,
        39.5,
        53.5,
        42.56,
        35.0,
        41.89,
        44.6,
        47.0,
        31.47,
        34.5,
        31.5,
        22.9,
        39.53,
        50.5,
        31.59,
        52.07,
        26.5,
        57.0,
        42.56,
        34.5,
        53.0,
        34.5,
        56.25,
        30.5,
        40.5,
        40.12,
        48.0,
        46.8,
        40.5,
        45.25,
        31.67,
        28.0,
        51.0,
        31.53,
        21.75,
        57.1,
        39.3,
        37.5,
        29.5,
        29.0,
        33.5,
        41.25,
        50.0,
        46.5,
        56.5,
        42.0,
        42.5,
        41.0,
        41.23,
        20.8,
        44.0,
        43.0,
        30.5,
        36.0,
        43.0,
        56.0,
        53.5,
        59.0,
        46.0,
        43.66,
        53.5,
        55.84,
        30.0,
        42.2,
        28.0
    ],
    "y_pred": [
        44.91598353135851,
        45.253716140038506,
        32.527966541380955,
        37.80260401924418,
        40.41716913280578,
        47.50965746901106,
        44.462260408367314,
        40.349552572384354,
        31.261470310291976,
        31.713601695089412,
        53.29389945670354,
        40.821604208789324,
        28.233948524470144,
        34.488364390680104,
        44.29295822933827,
        29.242567026577742,
        41.2994841624655,
        52.938807179225286,
        36.23510078571506,
        37.6002744320827,
        27.84464470175467,
        61.73510854216071,
        33.93589909811945,
        37.87609096883473,
        48.82371327432094,
        39.23279821501003,
        60.04090728842463,
        38.88734369797756,
        44.35743724212855,
        46.3965792793347,
        46.54356784573138,
        52.82673906760575,
        41.58039940831925,
        37.82947722728036,
        32.13717735937502,
        29.815843355525598,
        53.04703920439092,
        40.73473065602583,
        28.70174006600858,
        40.55827800989569,
        45.55746569286127,
        49.34736137630546,
        22.784272645546572,
        23.483285697734416,
        26.14407883094749,
        42.61056721698761,
        47.55002589092946,
        42.64354747489486,
        48.20930974939165,
        47.15985390502444,
        40.39063951770427,
        42.71447049184884,
        36.413258870602824,
        29.955617010251657,
        46.64929545705236,
        38.05613387222603,
        32.49797037595622,
        41.30131047590926,
        50.06089399847068,
        46.0955402923862,
        46.92707562806959,
        50.32724328098203,
        38.18524417166498,
        34.02666510673835,
        50.90692434963363,
        44.87612609160663,
        40.16133698367633,
        42.3895336713326,
        33.063594423863776
    ]
}