{
    "Est_name": "ANN",
    "Run": 30,
    "Seed": 6924,
    "Est_params": {
        "activation": "tanh",
        "hidden_layer_sizes": [
            89
        ],
        "solver": "adam",
        "alpha": 0.3792651989351441,
        "learning_rate_init": 0.2166405063572711
    },
    "R2": 0.638027120493218,
    "R": 0.7996568129331535,
    "MAPE": 0.1421673831717949,
    "RMSE": 6.7127337554609605,
    "y_test": [
        46.0,
        18.52,
        46.8,
        42.0,
        27.4,
        46.0,
        41.4,
        40.5,
        57.27,
        39.3,
        42.03,
        38.0,
        51.0,
        34.5,
        22.9,
        22.73,
        53.5,
        52.0,
        42.3,
        31.53,
        13.33,
        33.0,
        45.5,
        35.0,
        39.5,
        49.7,
        28.0,
        22.04,
        55.5,
        39.42,
        57.8,
        45.0,
        31.67,
        40.0,
        37.0,
        43.5,
        42.0,
        34.5,
        57.0,
        39.45,
        42.25,
        47.3,
        23.33,
        32.0,
        49.5,
        44.05,
        25.68,
        62.5,
        41.04,
        33.5,
        39.73,
        56.0,
        33.41,
        59.0,
        27.12,
        35.25,
        26.5,
        43.07,
        25.81,
        60.25,
        32.5,
        56.5,
        49.0,
        48.0,
        22.13,
        37.5,
        41.75,
        38.82,
        57.5
    ],
    "y_pred": [
        48.565198720894095,
        34.37403741798108,
        52.06545699107896,
        48.71467286732999,
        29.682137833326955,
        46.648485064393846,
        49.20928250599087,
        36.85180727481131,
        51.78218567331023,
        39.19329732445293,
        39.290478512313534,
        33.64784751159082,
        49.512190698637056,
        37.2855866652651,
        32.60462971765969,
        35.91455440088521,
        45.78800115546717,
        48.44300494152254,
        37.949344761311444,
        35.59370472629103,
        18.6768416236916,
        31.289159745487726,
        39.663532869752245,
        32.70538671147524,
        34.62903324111544,
        45.44868537235541,
        34.94747312594609,
        30.706580940830836,
        44.525478507551306,
        43.285093010598295,
        29.546725353991913,
        42.54031885331137,
        28.358742808121328,
        41.98446036102368,
        44.972211992410486,
        42.44664140158695,
        43.932054540181774,
        31.065081007792795,
        59.93139766590442,
        38.3200973821523,
        45.38831270517339,
        51.1394511945136,
        21.083309973311835,
        30.437235167804058,
        57.45142717793072,
        38.81164214573472,
        38.26028323789124,
        52.342579656686134,
        41.182748711538714,
        38.910207819763535,
        37.409631580977894,
        56.731766478469304,
        31.672473849151164,
        51.80119001002223,
        30.417491843093444,
        32.01945058618526,
        26.306984082073438,
        42.23970944366696,
        28.270160975855614,
        51.9718385863443,
        37.361180389639415,
        57.758425240082126,
        35.83774017349147,
        43.95755901499448,
        31.04434828743656,
        39.59537225396368,
        49.89672152975066,
        41.210933022040564,
        63.34279135072899
    ]
}