{
    "Est_name": "ANN",
    "Run": 23,
    "Seed": 6873,
    "Est_params": {
        "activation": "tanh",
        "hidden_layer_sizes": [
            80
        ],
        "solver": "adam",
        "alpha": 0.9762153045226762,
        "learning_rate_init": 0.2421473807269906
    },
    "R2": 0.6130994976531343,
    "R": 0.7839331714548355,
    "MAPE": 0.13218146869822522,
    "RMSE": 5.619792441045614,
    "y_test": [
        22.5,
        44.5,
        35.5,
        29.5,
        41.5,
        60.25,
        37.25,
        39.45,
        43.07,
        28.0,
        51.0,
        39.12,
        44.75,
        26.75,
        42.0,
        23.0,
        41.23,
        24.67,
        20.22,
        32.9,
        35.5,
        32.91,
        40.75,
        49.0,
        56.5,
        42.0,
        40.39,
        44.0,
        40.5,
        32.5,
        56.0,
        48.0,
        43.47,
        40.0,
        49.5,
        43.55,
        39.78,
        33.0,
        35.5,
        46.7,
        46.0,
        27.7,
        51.0,
        27.5,
        32.26,
        39.5,
        43.29,
        26.5,
        46.0,
        30.0,
        29.0,
        40.75,
        37.6,
        30.0,
        35.0,
        57.0,
        33.95,
        34.5,
        29.02,
        49.9,
        41.5,
        31.75,
        41.0,
        28.0,
        53.5,
        46.5,
        42.56,
        53.5,
        40.5
    ],
    "y_pred": [
        31.72871603769538,
        37.156614624436905,
        27.64440480418222,
        32.54546921536245,
        46.351171005726776,
        53.80759492085742,
        37.76490966700367,
        39.70570066247418,
        39.78628656117626,
        38.525425554686194,
        40.43619975338063,
        42.61125825681402,
        40.48492005058356,
        36.44202317021685,
        46.3171388406785,
        32.05683864088164,
        43.11353949631209,
        27.30337121791489,
        39.63149709028471,
        31.90693450902388,
        37.11016501595936,
        33.65393666534998,
        46.18081934400575,
        55.7196511934803,
        51.77091971461052,
        40.81051848720284,
        40.761023155257334,
        40.45025771017056,
        39.250756331545325,
        29.1239364545615,
        52.4321465828087,
        47.42338801771819,
        39.24944258959329,
        39.18310200488687,
        45.55216904196748,
        40.02983398194123,
        36.06144612745877,
        35.46289085076339,
        37.226715624652535,
        50.787648233836315,
        43.23917530182917,
        37.625683954642305,
        47.5404402113862,
        35.51928337676875,
        36.35955988586175,
        34.160658949738576,
        38.70274370691153,
        36.12702194583702,
        47.922086020854074,
        32.69496447368761,
        33.4280126681443,
        39.372702616299925,
        34.66450453528949,
        32.685866223568055,
        25.940428106988062,
        55.30534912819963,
        30.976895855635654,
        30.759441373119266,
        38.37127172097382,
        46.59694991419282,
        34.76087204498109,
        35.5407640373383,
        39.652253011974715,
        32.89314140525643,
        54.78032987639533,
        46.191375789952545,
        39.539511307700245,
        43.44931819471269,
        34.3662360447493
    ]
}