{
    "Est_name": "ANN",
    "Run": 37,
    "Seed": 1519,
    "Est_params": {
        "activation": "tanh",
        "hidden_layer_sizes": [
            97
        ],
        "solver": "adam",
        "alpha": 0.40835913823234765,
        "learning_rate_init": 0.1592112399190577
    },
    "R2": 0.6543593182103662,
    "R": 0.8118361932407967,
    "MAPE": 0.13164306490575886,
    "RMSE": 5.8799579690876405,
    "y_test": [
        25.68,
        32.26,
        46.8,
        43.66,
        30.5,
        30.25,
        45.22,
        33.5,
        41.25,
        46.5,
        40.5,
        33.6,
        57.21,
        36.0,
        28.5,
        48.0,
        43.29,
        55.5,
        53.5,
        35.5,
        29.02,
        37.5,
        52.5,
        42.35,
        48.0,
        41.89,
        35.0,
        31.75,
        43.0,
        32.25,
        22.9,
        29.5,
        42.5,
        41.4,
        39.0,
        27.5,
        50.5,
        43.64,
        30.5,
        39.45,
        56.38,
        58.25,
        22.67,
        31.97,
        59.0,
        45.0,
        39.78,
        39.5,
        36.0,
        44.5,
        27.49,
        33.5,
        40.03,
        24.67,
        18.52,
        55.84,
        41.78,
        22.73,
        53.5,
        42.0,
        33.0,
        52.0,
        30.0,
        43.4,
        22.13,
        38.0,
        56.5,
        34.5,
        47.0
    ],
    "y_pred": [
        33.84323484116756,
        40.81773112790452,
        50.190836814947,
        32.48626241705023,
        27.830359420370314,
        33.76863682303346,
        40.85943813812892,
        26.033763497973386,
        45.82756776944189,
        39.73089035184969,
        40.80944057275859,
        34.078901007194986,
        45.083483701464665,
        28.811459069631855,
        40.85283742498433,
        46.716220118397864,
        41.5641399007455,
        47.60416239194762,
        52.049594560224264,
        34.91913642670421,
        32.82320657369405,
        37.59141909823145,
        50.525631859904365,
        35.044834961230194,
        44.32853288307755,
        40.8589636597481,
        34.08421797756172,
        36.099610082112,
        45.47605155455552,
        31.772885665642413,
        26.3049599783323,
        32.04496526315347,
        41.12126134176876,
        50.27545742612049,
        41.051996715786466,
        39.27549873313064,
        45.476554830027276,
        40.025641578867244,
        33.37211921025005,
        34.95768447898405,
        47.84122013685704,
        51.68118655969404,
        24.92802880117903,
        42.35267441943717,
        52.16800843156516,
        45.369391278137286,
        37.76785238102731,
        39.361548687643825,
        32.88029497683782,
        43.390716550273986,
        39.66420457182067,
        28.937356341791045,
        39.66798002404854,
        32.188810739036654,
        27.220628515087945,
        49.5503609944663,
        37.240503984137504,
        35.795147554910415,
        43.07622230443021,
        35.88932806061602,
        32.52739957367204,
        45.83610054720741,
        32.20372378139296,
        37.5150951118115,
        24.147564763152097,
        35.25362029390802,
        61.56510604417571,
        31.29773186299958,
        43.49992605485227
    ]
}