{
    "Est_name": "ANN",
    "Run": 45,
    "Seed": 7527,
    "Est_params": {
        "activation": "tanh",
        "hidden_layer_sizes": [
            73
        ],
        "solver": "adam",
        "alpha": 0.9323563820544989,
        "learning_rate_init": 0.1674967684123264
    },
    "R2": 0.4866597995950668,
    "R": 0.7327461361163211,
    "MAPE": 0.1258163431999581,
    "RMSE": 6.30024305573335,
    "y_test": [
        30.5,
        29.6,
        48.0,
        39.8,
        40.87,
        34.5,
        34.5,
        57.21,
        32.9,
        48.7,
        42.0,
        40.75,
        41.23,
        51.5,
        48.0,
        26.5,
        41.4,
        35.75,
        39.12,
        35.0,
        29.02,
        42.03,
        46.0,
        34.5,
        41.25,
        57.96,
        49.5,
        49.7,
        35.0,
        50.5,
        29.5,
        32.25,
        42.75,
        46.0,
        40.5,
        56.5,
        60.25,
        44.5,
        43.65,
        57.27,
        33.5,
        48.0,
        42.29,
        30.5,
        43.29,
        33.5,
        43.55,
        49.0,
        56.38,
        28.5,
        22.73,
        42.25,
        40.0,
        34.62,
        44.05,
        22.04,
        39.21,
        35.3,
        30.0,
        34.5,
        47.3,
        43.0,
        56.0,
        39.3,
        52.5,
        32.43,
        43.5,
        42.56,
        33.5
    ],
    "y_pred": [
        34.108010913924666,
        39.99462725598627,
        40.27175194085785,
        53.420044014393426,
        28.634651277127205,
        48.13443035574523,
        36.36976377022138,
        45.5039121728649,
        31.135350786538844,
        50.89457807748788,
        43.78028017845393,
        34.72937188066056,
        51.41424828988215,
        50.77835813324843,
        42.61926426449474,
        25.887298245485677,
        52.846206106390284,
        34.09564969219888,
        40.08513951700791,
        33.642168533083165,
        25.11966904846692,
        37.459436763410814,
        44.39773500311421,
        29.259289545702764,
        44.15117976210418,
        50.47480959440732,
        45.54245678588658,
        46.75958673174322,
        38.736135733961625,
        51.550200617024714,
        24.10425082508568,
        32.88563938356843,
        39.15661115942322,
        46.258790174443575,
        38.130285400230704,
        56.54038637014947,
        51.8883509331089,
        38.37287299418414,
        39.49491558220536,
        49.09678867216813,
        29.309191166991326,
        46.180765561087064,
        40.9192500097654,
        26.171970222317107,
        41.484759110052714,
        27.202874041236086,
        41.50960058276407,
        45.5039121728649,
        39.55961634135168,
        40.56191571516817,
        39.83663448761434,
        42.19671389311273,
        41.64837954412177,
        36.26239134269167,
        38.33260495678592,
        27.267158946438663,
        43.790973210269684,
        34.2311197350995,
        30.306457453609035,
        27.105583151365227,
        50.480519697591326,
        49.103212864421835,
        53.140580360651285,
        39.284410828567,
        51.66202544103709,
        38.67378733109513,
        37.98757313625305,
        36.64025697482827,
        26.82610167428637
    ]
}