{
    "Est_name": "ANN",
    "Run": 27,
    "Seed": 4557,
    "Est_params": {
        "activation": "tanh",
        "hidden_layer_sizes": [
            100
        ],
        "solver": "adam",
        "alpha": 0.8782863448712184,
        "learning_rate_init": 0.3483172316403794
    },
    "R2": 0.6521176383996191,
    "R": 0.8084815984765691,
    "MAPE": 0.1330974825351852,
    "RMSE": 5.80694565747118,
    "y_test": [
        48.0,
        39.78,
        39.61,
        39.5,
        40.12,
        53.5,
        46.5,
        53.9,
        33.5,
        33.25,
        34.5,
        50.5,
        32.25,
        44.5,
        56.38,
        35.25,
        29.0,
        51.0,
        23.0,
        15.11,
        45.8,
        40.5,
        29.5,
        36.0,
        58.0,
        31.8,
        28.5,
        35.0,
        35.5,
        43.0,
        42.03,
        48.5,
        42.2,
        49.7,
        48.0,
        52.5,
        33.41,
        25.81,
        39.0,
        41.23,
        54.2,
        33.85,
        41.78,
        32.91,
        43.4,
        27.49,
        30.25,
        20.8,
        38.0,
        48.0,
        33.5,
        26.5,
        22.04,
        30.0,
        52.5,
        31.47,
        44.05,
        45.25,
        43.0,
        43.29,
        42.3,
        57.0,
        54.25,
        26.5,
        51.0,
        43.0,
        49.5,
        25.68,
        32.83
    ],
    "y_pred": [
        42.64778426604038,
        37.25107657770983,
        29.493078409648326,
        39.807457969319046,
        38.52682509021973,
        50.29549801379481,
        46.25072531909512,
        49.41890976925979,
        27.286516214262356,
        27.58499664422,
        38.786592773836965,
        50.96578272796747,
        34.942146076253294,
        44.478619028442516,
        36.110795849071216,
        36.63875015109938,
        26.718929020292492,
        40.92332475395866,
        29.452388441062123,
        25.223649645029056,
        48.52677083077537,
        37.093334363371746,
        39.773404784128026,
        37.30138542976406,
        55.30346881724652,
        28.40808066697893,
        40.87168588359179,
        34.332806273865906,
        37.078012809669815,
        47.81536092713169,
        40.613887030472064,
        50.54199159539058,
        39.160510706435396,
        48.18981522232169,
        44.54079630980999,
        48.358256023463035,
        35.84953370666087,
        34.18491990435957,
        38.40428315134653,
        46.255134353387184,
        47.3580059810649,
        37.71342521030234,
        45.15235101185308,
        40.99188059401762,
        37.43210843131977,
        35.72026573296914,
        36.54574840201692,
        29.45716046544575,
        37.74820685411296,
        49.38828580896318,
        26.975608834575887,
        28.648680127938572,
        30.00633456961965,
        38.32185617558776,
        51.24534955921762,
        27.43340840563926,
        37.230839693355826,
        46.63896917379878,
        45.61153323705747,
        43.62856045558588,
        36.90716020127443,
        50.42740267434849,
        49.99014193857473,
        31.37328998266983,
        50.62435317313238,
        51.064312952754925,
        58.77938369006931,
        30.24972657651148,
        37.903270963103274
    ]
}