{
    "Est_name": "ANN",
    "Run": 21,
    "Seed": 3257,
    "Est_params": {
        "activation": "tanh",
        "hidden_layer_sizes": [
            87
        ],
        "solver": "adam",
        "alpha": 1.0,
        "learning_rate_init": 0.4265654224274464
    },
    "R2": 0.47404653316563494,
    "R": 0.7240425247429022,
    "MAPE": 0.1259015971333322,
    "RMSE": 6.420979143471387,
    "y_test": [
        40.87,
        57.8,
        35.5,
        43.5,
        40.0,
        35.0,
        44.5,
        49.0,
        43.29,
        46.0,
        57.0,
        23.9,
        42.66,
        44.75,
        42.3,
        52.0,
        21.75,
        41.5,
        42.29,
        42.2,
        46.7,
        42.0,
        49.0,
        35.25,
        33.04,
        38.61,
        28.0,
        45.0,
        33.0,
        40.52,
        39.45,
        36.0,
        39.5,
        31.67,
        33.0,
        45.23,
        41.4,
        39.5,
        32.26,
        45.5,
        29.6,
        35.75,
        48.0,
        39.5,
        34.0,
        20.5,
        31.8,
        43.0,
        31.47,
        50.2,
        28.0,
        45.8,
        36.0,
        40.0,
        26.5,
        55.84,
        40.5,
        43.0,
        22.04,
        33.46,
        34.5,
        60.25,
        24.5,
        34.8,
        23.33,
        47.3,
        43.76,
        42.56,
        23.0
    ],
    "y_pred": [
        27.187337849121537,
        35.76367713473769,
        26.219310942866432,
        23.523686132136092,
        40.78979793588269,
        37.31716535457619,
        41.05219538840844,
        51.67950428136546,
        39.864180667475885,
        48.544312027577355,
        48.60370348009261,
        25.49411421959687,
        38.80489369863882,
        40.20232323183816,
        39.88792716102839,
        50.52825658126691,
        24.677768070251634,
        52.53768111332495,
        39.980904566417294,
        52.97086179885495,
        50.22290456651844,
        41.82957787516233,
        56.41975449039505,
        35.166393058020695,
        35.66344454616161,
        35.708947239054076,
        33.487779211601726,
        48.34195047727252,
        36.65790272672155,
        36.671289854250716,
        37.144993519490534,
        36.789169224158435,
        34.93163339975549,
        31.65283927510434,
        36.72308018400387,
        40.46890392177282,
        52.908665265094854,
        41.920969455690525,
        37.841484099978544,
        41.980247242290375,
        39.74375219753971,
        40.10094097298907,
        42.263659078201215,
        41.923353447715826,
        35.24975866793075,
        22.805201741127636,
        28.541113328378582,
        43.13076491513672,
        27.734382747052226,
        40.80118311595695,
        36.93115716381701,
        52.809249894391556,
        36.99362721444085,
        39.90546792270136,
        33.51133685010819,
        54.34541908506318,
        34.752063988473665,
        51.806124929546286,
        23.95077102219904,
        40.54724522111012,
        38.46520524243772,
        50.5269662931504,
        30.8019149507259,
        37.88709418226987,
        23.036817540406673,
        51.94409703779615,
        41.381036043658895,
        38.12446932785387,
        29.71584177200206
    ]
}