{
    "Est_name": "ANN",
    "Run": 2,
    "Seed": 409,
    "Est_params": {
        "activation": "tanh",
        "hidden_layer_sizes": [
            99
        ],
        "solver": "adam",
        "alpha": 0.9742211804934994,
        "learning_rate_init": 0.249163603748983
    },
    "R2": 0.6838357626761554,
    "R": 0.8373445227818359,
    "MAPE": 0.10651443765697292,
    "RMSE": 5.207256351263267,
    "y_test": [
        35.0,
        39.0,
        48.0,
        31.5,
        31.75,
        54.25,
        49.9,
        39.5,
        47.3,
        48.0,
        13.33,
        43.5,
        57.21,
        38.82,
        45.0,
        32.26,
        31.47,
        35.3,
        34.5,
        29.41,
        31.7,
        39.0,
        55.5,
        55.5,
        46.5,
        60.25,
        53.9,
        40.75,
        34.8,
        35.25,
        33.5,
        35.5,
        42.29,
        41.0,
        43.29,
        56.0,
        56.5,
        46.0,
        46.8,
        56.0,
        43.29,
        56.0,
        36.0,
        38.0,
        32.25,
        27.5,
        42.5,
        33.41,
        46.0,
        46.25,
        41.25,
        33.95,
        30.5,
        48.5,
        42.0,
        43.0,
        38.78,
        48.0,
        26.5,
        50.2,
        35.5,
        33.25,
        34.5,
        34.0,
        35.0,
        43.47,
        21.75,
        35.0,
        48.0
    ],
    "y_pred": [
        36.0558881524515,
        35.13971289681956,
        39.774724161072704,
        32.89965315050913,
        33.34256049396062,
        45.09069455952836,
        49.33625719204032,
        36.49935209124009,
        46.817332817079645,
        45.780260156574876,
        25.52872216303848,
        28.932974260791813,
        47.74963388761428,
        40.288881682670436,
        39.71249288527348,
        37.86698438710718,
        30.032873530309217,
        29.374281203107472,
        33.45500971533197,
        30.733935624276437,
        35.65085466273915,
        45.50816616360383,
        43.38533800415498,
        50.56401304887898,
        35.64423653339269,
        58.39993334430772,
        44.44572669550708,
        49.73649916983048,
        36.062303004039684,
        31.48217617821315,
        32.28986773185793,
        31.17930575680927,
        39.57163368855634,
        40.92678298147792,
        44.31956381151682,
        56.16422787765624,
        55.47147396358566,
        49.214872183660184,
        45.560273819212306,
        55.56833595556058,
        42.24616893743501,
        53.792702823808504,
        42.258277863853834,
        41.92810363908314,
        29.874045032974397,
        35.28308901884111,
        39.03115872360944,
        29.876060150460354,
        40.481683877073515,
        43.984532114346074,
        37.73607081823761,
        33.94897489845438,
        39.09329105396174,
        49.78362610699599,
        41.08423338872069,
        42.702376965955395,
        37.45415962535862,
        40.83230290090982,
        28.667837301465337,
        40.51193327361842,
        30.57335413200638,
        32.588000926738474,
        30.351274916081906,
        32.74682482743961,
        38.98127569922026,
        42.88055311683732,
        29.277417599856847,
        36.95334206389659,
        45.39104354592819
    ]
}