{
    "Est_name": "ANN",
    "Run": 34,
    "Seed": 3527,
    "Est_params": {
        "activation": "tanh",
        "hidden_layer_sizes": [
            85
        ],
        "solver": "adam",
        "alpha": 0.7483793729566236,
        "learning_rate_init": 0.3207670549334017
    },
    "R2": 0.5388234920148048,
    "R": 0.7362736864739665,
    "MAPE": 0.13242864895471337,
    "RMSE": 6.687504412594769,
    "y_test": [
        38.0,
        26.5,
        31.75,
        48.0,
        41.95,
        50.2,
        25.81,
        43.07,
        37.5,
        31.67,
        46.11,
        47.0,
        57.5,
        41.5,
        40.75,
        35.75,
        33.0,
        44.05,
        13.33,
        33.85,
        34.0,
        42.2,
        34.75,
        30.0,
        55.5,
        29.5,
        39.45,
        39.5,
        42.5,
        20.8,
        55.5,
        41.0,
        35.3,
        29.6,
        33.5,
        26.25,
        41.78,
        58.5,
        37.75,
        33.5,
        43.66,
        60.25,
        52.5,
        24.5,
        59.0,
        42.5,
        34.5,
        33.04,
        50.8,
        45.25,
        57.0,
        30.0,
        31.7,
        33.5,
        44.5,
        53.5,
        52.5,
        45.0,
        39.0,
        40.52,
        35.0,
        34.5,
        56.5,
        30.0,
        38.0,
        34.25,
        35.0,
        43.5,
        48.0
    ],
    "y_pred": [
        40.71353871384181,
        29.179671066020394,
        41.95835289655291,
        41.24837728157377,
        36.29523404447645,
        44.14716690582308,
        30.738974227221075,
        37.724544711114916,
        41.7678997447137,
        30.644217618249677,
        50.7116731816944,
        46.163258453886634,
        43.98342571981349,
        50.14152743513076,
        54.29317055583577,
        34.33595192952571,
        35.51179406587362,
        41.24074134623947,
        19.555183197566294,
        36.22361039787138,
        34.16484078479287,
        40.28307693153285,
        33.97671230873428,
        33.53955298858143,
        43.87742844716392,
        29.633828778867464,
        37.99703023582931,
        38.56625119781701,
        39.03328436169799,
        28.20867100431454,
        50.76248945226872,
        33.8716961359979,
        40.30908478568877,
        36.76836833727985,
        32.744085634414,
        37.34184150744662,
        36.777298257405995,
        59.96890419972774,
        34.240884523233234,
        31.519889963712764,
        32.27946458881081,
        41.80050059371968,
        51.60655928662789,
        27.899433982892504,
        40.696127195395775,
        41.10490694398367,
        45.94032782296958,
        31.293387169955597,
        50.27885086374815,
        41.19454299110497,
        39.87988567038695,
        32.71754053273975,
        39.72598403538795,
        40.74561866038185,
        41.03321492443539,
        45.37477165618686,
        46.79776504156991,
        46.592457072280126,
        39.11899374499428,
        34.315213580554705,
        30.234359939772485,
        39.58103146546247,
        56.30744259516521,
        36.42843516857314,
        35.98573108429776,
        38.66530417656759,
        33.74282964992151,
        51.152097202152234,
        45.45237146860478
    ]
}