{
    "Est_name": "ANN",
    "Run": 20,
    "Seed": 9195,
    "Est_params": {
        "activation": "tanh",
        "hidden_layer_sizes": [
            97
        ],
        "solver": "adam",
        "alpha": 1.0,
        "learning_rate_init": 0.5154262405940727
    },
    "R2": 0.7470098727841619,
    "R": 0.8681598084094857,
    "MAPE": 0.12010831771436939,
    "RMSE": 4.878490189126228,
    "y_test": [
        41.95,
        30.5,
        59.5,
        36.0,
        32.91,
        46.11,
        29.5,
        41.23,
        28.0,
        26.5,
        43.5,
        31.67,
        55.5,
        59.0,
        23.33,
        35.0,
        31.97,
        39.12,
        32.0,
        41.0,
        42.29,
        44.5,
        44.75,
        22.5,
        42.56,
        42.5,
        31.47,
        52.5,
        21.75,
        39.17,
        31.53,
        56.5,
        27.5,
        34.5,
        41.8,
        52.5,
        22.9,
        41.4,
        35.75,
        32.5,
        34.5,
        28.5,
        45.02,
        51.0,
        60.25,
        32.83,
        40.5,
        42.25,
        26.5,
        24.5,
        39.73,
        41.89,
        30.5,
        29.02,
        22.67,
        31.25,
        42.35,
        32.43,
        37.6,
        33.5,
        21.5,
        35.0,
        36.0,
        49.5,
        33.0,
        51.5,
        32.33,
        29.5,
        26.25
    ],
    "y_pred": [
        36.86524302704931,
        35.45735525729321,
        57.26890377321878,
        36.9706870392454,
        35.05332208367504,
        42.61253485998833,
        35.41720018535512,
        45.222213364364535,
        32.17677319610056,
        30.272171508622137,
        40.315999300684105,
        31.999463114936525,
        48.79094024893458,
        62.02663572910481,
        32.45395097422878,
        33.18359150057634,
        36.950829715435894,
        40.61270548941366,
        31.565767883908443,
        34.23113609039803,
        37.534192867743464,
        42.12082972680893,
        39.099165551430794,
        26.158781784269017,
        39.674205018954574,
        38.95888501424295,
        26.43403571950649,
        48.471239336523176,
        27.86992990069242,
        36.57632907016294,
        38.236317670313554,
        50.63459632921162,
        42.23538561780426,
        33.78093134496965,
        40.80645645752211,
        49.786441149294326,
        28.650131629609213,
        49.29235609447549,
        31.364840115216438,
        27.80848643944946,
        33.479773324410694,
        38.6662102135522,
        38.398080756477555,
        44.107213618283,
        54.46363126790513,
        33.90368999652588,
        39.339320793151806,
        41.201578400904395,
        32.793798159108114,
        27.389694590659644,
        37.16575032662577,
        38.117079324615915,
        35.743014031492386,
        26.157819653567813,
        27.695449577408176,
        32.81924214311337,
        37.97036453690486,
        36.031585886818945,
        34.91338467008789,
        31.23178680729228,
        25.65894240004023,
        35.14050660481873,
        35.88103794006118,
        55.46190864469657,
        31.91889355498472,
        49.37436244793681,
        34.68496533457983,
        31.936945495203865,
        38.92254618068045
    ]
}