{
    "Est_name": "ANN",
    "Run": 1,
    "Seed": 1824,
    "Est_params": {
        "activation": "tanh",
        "hidden_layer_sizes": [
            80
        ],
        "solver": "adam",
        "alpha": 0.5216469316271843,
        "learning_rate_init": 0.1915676086387247
    },
    "R2": 0.6232165063036198,
    "R": 0.7934154978985417,
    "MAPE": 0.10196961405189692,
    "RMSE": 5.518526745151513,
    "y_test": [
        43.64,
        31.7,
        22.67,
        39.12,
        35.75,
        28.0,
        34.5,
        35.5,
        45.0,
        21.75,
        30.0,
        33.0,
        37.25,
        46.0,
        42.75,
        34.5,
        45.02,
        43.4,
        15.11,
        57.8,
        50.2,
        35.0,
        42.2,
        45.22,
        48.0,
        48.0,
        29.0,
        29.02,
        30.0,
        46.11,
        53.25,
        43.0,
        30.0,
        27.12,
        40.75,
        39.12,
        41.5,
        42.2,
        33.0,
        35.75,
        48.5,
        59.0,
        41.95,
        36.5,
        43.66,
        26.25,
        38.61,
        34.8,
        33.85,
        32.91,
        25.68,
        48.0,
        43.29,
        56.5,
        45.0,
        31.5,
        42.3,
        50.75,
        56.0,
        49.0,
        49.0,
        33.95,
        51.0,
        33.25,
        44.5,
        41.78,
        39.21,
        40.39,
        31.97
    ],
    "y_pred": [
        39.15492446903327,
        35.71098192102084,
        24.33041593129867,
        41.95846441851188,
        36.77904945752608,
        28.934391798478536,
        34.192901276873805,
        30.31620029820904,
        41.58543112781352,
        23.953184307418915,
        33.38299737480436,
        34.05469484041575,
        38.22751324009761,
        45.15332484344947,
        40.60859776486433,
        42.27956572515915,
        41.09349323357234,
        37.29255746297419,
        18.515065857218573,
        36.88158747711991,
        42.019830124119544,
        33.42939983472522,
        41.803290195373094,
        41.489867225973704,
        45.04799361461027,
        42.61055218616392,
        29.478854351166056,
        33.82811376225703,
        36.8604652530373,
        47.92331130786861,
        51.6935325355481,
        40.62362131041643,
        30.154861343788742,
        34.262125878990325,
        37.38357993328529,
        41.96885708053248,
        51.17477925852399,
        58.0534929039356,
        31.37242652755736,
        33.86306845799078,
        56.78161966489013,
        54.70216276549605,
        40.86643439145263,
        34.347020088581736,
        35.55002550711304,
        36.65400475773368,
        38.415181702040066,
        35.73470401422215,
        34.48007287297012,
        32.95998822482958,
        35.24813524940495,
        46.28995608659442,
        41.971007050116114,
        57.37099057168961,
        53.001394783346406,
        33.89706913440821,
        37.07725895676461,
        50.45353491020485,
        49.831983850485095,
        46.25998135506749,
        44.24093298765786,
        33.13472599995006,
        38.16671266930684,
        32.06303438450919,
        46.026087443694465,
        38.348823393915026,
        48.0141374859793,
        39.94616378899784,
        35.71013723615385
    ]
}