{
    "Est_name": "ANN",
    "Run": 15,
    "Seed": 3582,
    "Est_params": {
        "activation": "tanh",
        "hidden_layer_sizes": [
            93
        ],
        "solver": "adam",
        "alpha": 0.963997588218247,
        "learning_rate_init": 0.33277573586839077
    },
    "R2": 0.6669315591413568,
    "R": 0.8227374820497281,
    "MAPE": 0.10821130743611586,
    "RMSE": 5.297393761708438,
    "y_test": [
        56.0,
        46.11,
        58.5,
        33.0,
        54.04,
        47.0,
        41.0,
        40.0,
        42.5,
        38.0,
        31.59,
        41.23,
        40.52,
        33.41,
        38.78,
        53.5,
        31.8,
        34.5,
        27.12,
        33.5,
        56.25,
        57.1,
        35.0,
        44.0,
        43.65,
        40.5,
        32.25,
        41.8,
        39.3,
        28.0,
        50.75,
        18.52,
        43.64,
        50.5,
        43.4,
        41.89,
        39.8,
        40.39,
        56.38,
        52.0,
        41.16,
        27.5,
        41.89,
        53.5,
        40.1,
        35.0,
        59.0,
        34.5,
        39.12,
        45.8,
        33.0,
        43.5,
        46.0,
        57.96,
        44.6,
        26.75,
        35.25,
        41.95,
        25.81,
        34.5,
        42.0,
        43.66,
        26.5,
        33.0,
        29.02,
        27.7,
        52.5,
        36.0,
        39.5
    ],
    "y_pred": [
        54.44687628498392,
        47.65296981311385,
        54.741852784903536,
        38.077286489218636,
        45.77571276375163,
        47.19496159084493,
        40.379671559881686,
        41.462998938141816,
        45.20845687904026,
        40.54153794827388,
        32.340811865807,
        46.06780003229855,
        38.50190057751433,
        33.493415548178504,
        35.50065638132319,
        42.61236238363853,
        30.848911668575095,
        44.563084002643365,
        32.75672630641633,
        27.86426357573408,
        56.08993223899342,
        47.251485916627914,
        37.713164716059026,
        40.865195592990226,
        41.27796305920971,
        40.18296528786047,
        32.59187962484589,
        45.628030983581255,
        41.52597594348643,
        35.22161016098847,
        50.458877745145976,
        28.657428662946263,
        40.22318852389639,
        49.06728741311118,
        39.732546282273496,
        39.544040004155384,
        51.04800450971533,
        45.01809846189969,
        44.43707149373152,
        46.27762725199389,
        38.68810686029759,
        40.20056721407221,
        44.03652368763811,
        46.14796233731291,
        38.62878340034828,
        36.16092335788347,
        56.51812221876287,
        33.71076554326689,
        41.26716561556039,
        49.115804219592206,
        31.89269575422273,
        49.63879619844208,
        41.67691932607975,
        50.03353100120166,
        48.9773048381371,
        33.50291260110097,
        35.5171773940957,
        39.32404053639427,
        31.20464310705376,
        38.45551383302504,
        42.18810590576864,
        41.775569790703884,
        30.478538669981983,
        39.52827902173684,
        30.96158497731629,
        41.96189950084874,
        44.4836273039018,
        36.39085590746473,
        36.222346365959424
    ]
}