{
    "Est_name": "ANN",
    "Run": 36,
    "Seed": 1674,
    "Est_params": {
        "activation": "tanh",
        "hidden_layer_sizes": [
            70
        ],
        "solver": "adam",
        "alpha": 0.6466803286973197,
        "learning_rate_init": 0.2172361846607956
    },
    "R2": 0.5142518941010474,
    "R": 0.7253933959860536,
    "MAPE": 0.13879364202094044,
    "RMSE": 6.413003458773233,
    "y_test": [
        48.0,
        58.5,
        51.5,
        50.2,
        26.75,
        31.75,
        50.75,
        40.12,
        33.41,
        42.25,
        26.5,
        42.0,
        48.0,
        29.02,
        41.89,
        48.0,
        43.29,
        39.45,
        42.56,
        32.33,
        48.7,
        37.6,
        41.25,
        45.0,
        33.0,
        39.12,
        22.13,
        31.67,
        36.0,
        57.5,
        59.0,
        35.75,
        46.5,
        49.0,
        40.5,
        45.5,
        44.0,
        43.4,
        43.55,
        37.75,
        43.5,
        42.5,
        22.9,
        30.25,
        30.0,
        52.5,
        53.25,
        47.0,
        47.0,
        39.5,
        15.11,
        39.21,
        32.0,
        43.29,
        33.25,
        44.75,
        43.64,
        41.0,
        44.95,
        41.75,
        56.38,
        41.5,
        49.9,
        39.53,
        20.8,
        55.84,
        27.5,
        40.0,
        41.95
    ],
    "y_pred": [
        46.56337673771473,
        54.64359387704807,
        41.58653510941205,
        42.193673605657956,
        40.82593726130517,
        42.23419898958942,
        48.250004655434545,
        40.63574789281312,
        36.09252427757225,
        42.46125043384032,
        39.942294120050505,
        41.171307117689736,
        47.942976483540704,
        29.32018872290856,
        40.43641688773087,
        41.06552555735569,
        40.84896554455694,
        39.595231050290344,
        42.999020067653696,
        39.78585496038172,
        52.023203073958605,
        39.25531482194898,
        41.86485737056538,
        42.732202772724335,
        35.896592396318724,
        41.63982242539271,
        28.112857185583273,
        34.96919690376797,
        36.885002161207176,
        55.7359495988532,
        56.35336621669856,
        34.213740227703,
        40.85262601781497,
        50.30780753178353,
        36.601939568618036,
        43.82697977883037,
        50.482060510236394,
        38.301809744251294,
        39.471352037532284,
        40.77768260473828,
        56.123900789545004,
        45.25388761055895,
        30.510236326034978,
        42.85089622679103,
        37.826195177806206,
        44.40328425903015,
        55.04399904751667,
        50.25382417260235,
        41.82414949218393,
        36.4233060505606,
        23.823278931987673,
        46.10742617220537,
        31.867673011625577,
        43.167926230361836,
        26.387026487223878,
        41.74590407309689,
        40.550824510189415,
        37.88276374235065,
        43.032563370122325,
        54.89184432058518,
        45.96137326303606,
        52.023203073958605,
        42.776733723686114,
        42.88468781681073,
        34.73010490046996,
        43.57202049933172,
        42.76985467046529,
        39.573405681512845,
        38.98451307690608
    ]
}