{
    "Est_name": "ANN",
    "Run": 22,
    "Seed": 8928,
    "Est_params": {
        "activation": "tanh",
        "hidden_layer_sizes": [
            42
        ],
        "solver": "adam",
        "alpha": 0.5118802611189296,
        "learning_rate_init": 0.24261938626812637
    },
    "R2": 0.6435362394048758,
    "R": 0.8292214470613511,
    "MAPE": 0.08251370957337471,
    "RMSE": 4.4840986708970965,
    "y_test": [
        33.4,
        43.64,
        44.6,
        35.75,
        45.5,
        37.0,
        39.5,
        29.02,
        48.0,
        24.5,
        47.0,
        32.91,
        35.25,
        45.8,
        41.0,
        42.25,
        32.25,
        43.07,
        32.0,
        39.0,
        33.76,
        40.0,
        51.0,
        50.8,
        33.5,
        46.0,
        36.0,
        45.25,
        30.25,
        40.1,
        55.52,
        34.5,
        43.0,
        40.03,
        52.5,
        30.5,
        29.41,
        41.95,
        45.5,
        29.6,
        34.8,
        31.25,
        45.0,
        50.2,
        38.82,
        52.5,
        37.5,
        34.5,
        31.75,
        34.75,
        46.0,
        40.5,
        42.86,
        57.27,
        42.29,
        31.67,
        55.5,
        39.8,
        39.5,
        33.04,
        35.5,
        26.5,
        53.5,
        43.5,
        33.5,
        35.0,
        47.0,
        42.03,
        36.0
    ],
    "y_pred": [
        34.42532966462244,
        42.46581899475859,
        44.05871721749757,
        33.29745370149884,
        44.53528189660528,
        43.9751391561338,
        35.92596873893842,
        27.97742799931893,
        41.95557506140605,
        29.303997969992032,
        46.994419944947126,
        31.827754884253213,
        33.52167853350807,
        47.26740875570122,
        40.59860563994867,
        44.30410021624252,
        34.46994189335581,
        41.16766496721689,
        33.171807174806055,
        35.859509102890826,
        33.2603311180056,
        40.04163657387429,
        48.64504705881471,
        45.454456666098864,
        29.37564247293261,
        39.94900479610424,
        40.80776641165286,
        39.7467013556262,
        34.07254274025298,
        37.32331228588038,
        41.4195421048776,
        35.00690980746662,
        42.27901509684406,
        45.15965429105939,
        50.0648124206685,
        25.948422677567915,
        30.744625212561825,
        40.998949776166896,
        42.17317939887138,
        34.727972153297266,
        34.836026334377685,
        29.769308145274213,
        39.45472571946661,
        41.04104338427327,
        40.041749616682324,
        43.456014593883495,
        34.753314264261434,
        34.9142616625043,
        34.98651876004131,
        33.57830427816059,
        50.43896450306982,
        32.544603049610714,
        39.35540740512887,
        47.42932994536879,
        41.63784288086578,
        28.389136501863884,
        48.21588130928716,
        42.06052466391267,
        36.30531901783725,
        34.03429788918075,
        35.395233516752214,
        30.544621627807196,
        40.746922512390434,
        48.553571661391395,
        29.325741963375943,
        36.405746688215295,
        41.16576289132113,
        38.82418591686222,
        33.139748122600885
    ]
}