{
    "Est_name": "ANN",
    "Run": 6,
    "Seed": 2286,
    "Est_params": {
        "activation": "tanh",
        "hidden_layer_sizes": [
            72
        ],
        "solver": "adam",
        "alpha": 1e-08,
        "learning_rate_init": 0.06701856082063888
    },
    "R2": -0.16104655943913992,
    "R": 0.44613906808397347,
    "MAPE": 0.22829794204330708,
    "RMSE": 10.293841668965825,
    "y_test": [
        51.0,
        39.12,
        31.8,
        45.5,
        40.5,
        44.5,
        35.0,
        33.25,
        30.0,
        57.5,
        39.45,
        34.5,
        59.0,
        57.0,
        33.4,
        23.33,
        22.73,
        22.67,
        41.52,
        51.0,
        40.75,
        56.0,
        45.22,
        34.0,
        42.3,
        32.5,
        42.75,
        26.25,
        43.0,
        43.29,
        34.5,
        57.27,
        36.5,
        33.5,
        34.75,
        46.5,
        42.56,
        39.5,
        26.75,
        37.0,
        28.0,
        37.5,
        49.9,
        54.0,
        45.0,
        56.5,
        42.2,
        42.0,
        39.0,
        52.0,
        41.78,
        43.4,
        41.0,
        55.52,
        52.07,
        29.5,
        31.97,
        26.5,
        24.67,
        29.0,
        45.5,
        45.0,
        42.5,
        54.2,
        40.0,
        39.8,
        43.47,
        22.04,
        44.0
    ],
    "y_pred": [
        36.17383644454287,
        52.043286440932434,
        36.98368876662043,
        45.87937196993711,
        27.57760282454086,
        41.22515967075546,
        34.20186101471069,
        40.780785377327284,
        25.601035635547852,
        44.521196628880574,
        45.963123470085634,
        38.01324582700888,
        46.151978077782076,
        46.55706380603408,
        31.319078065408423,
        29.947650125883854,
        49.27824290193992,
        42.4160170696623,
        57.57745127587284,
        49.198687233487846,
        54.345102626855464,
        55.937212733736544,
        50.024252842239875,
        40.83916283532233,
        41.91156510012642,
        30.465415732790035,
        43.09020275046103,
        54.64012240519534,
        51.83144083671595,
        34.700027732361804,
        32.856717523836124,
        48.32873983042906,
        47.598369095197164,
        26.078336177457153,
        37.589377408448684,
        41.37621695361553,
        31.858127941305543,
        42.31562459399516,
        43.206940282409484,
        52.38714356412702,
        42.11102131803624,
        46.68368044460939,
        52.29485506322578,
        53.733720950504555,
        50.152988940093906,
        59.77414320796685,
        52.546998388345514,
        44.88515123671495,
        42.918087890430066,
        45.707240607535596,
        38.71233919165206,
        41.22515967075546,
        25.451173956040865,
        54.458874162436615,
        56.21174190394572,
        25.60729439342022,
        54.535052993531124,
        21.28739147734527,
        47.787546019507275,
        29.058405047686655,
        47.16226156246191,
        52.454504520147424,
        48.082930166688115,
        55.50933734653161,
        43.487961831589274,
        55.39997299916645,
        37.00599679270134,
        40.53685587261521,
        40.514621907739496
    ]
}