{
    "Est_name": "ANN",
    "Run": 19,
    "Seed": 434,
    "Est_params": {
        "activation": "tanh",
        "hidden_layer_sizes": [
            86
        ],
        "solver": "adam",
        "alpha": 0.5995233950817584,
        "learning_rate_init": 0.23435681262253835
    },
    "R2": 0.710751425001759,
    "R": 0.8485318591464079,
    "MAPE": 0.12270833536564746,
    "RMSE": 5.289909662495746,
    "y_test": [
        13.33,
        47.3,
        31.7,
        39.21,
        22.73,
        60.25,
        33.0,
        33.5,
        41.5,
        32.57,
        56.0,
        42.29,
        27.4,
        37.5,
        22.9,
        39.3,
        54.25,
        36.0,
        34.5,
        32.9,
        41.0,
        29.5,
        57.0,
        50.5,
        41.5,
        40.1,
        31.47,
        42.0,
        45.5,
        22.5,
        35.0,
        44.5,
        33.04,
        35.25,
        52.5,
        40.0,
        42.2,
        27.12,
        59.0,
        36.5,
        57.27,
        24.67,
        48.0,
        18.52,
        50.0,
        32.33,
        40.03,
        30.0,
        31.25,
        34.75,
        32.43,
        26.5,
        39.45,
        42.37,
        43.5,
        30.5,
        39.73,
        50.86,
        38.0,
        33.0,
        26.5,
        40.0,
        54.0,
        42.25,
        35.75,
        38.78,
        42.56,
        32.5,
        43.66
    ],
    "y_pred": [
        20.07206579681051,
        53.77473387258522,
        38.08984967092447,
        42.16848506329856,
        39.434955093968014,
        55.13849958488425,
        34.58891859692102,
        25.755858969763402,
        53.48273912758174,
        33.84794482367188,
        53.29597468686149,
        42.63849688636799,
        27.193723814262054,
        40.134562780322256,
        29.5096119754509,
        39.71319774769415,
        48.21134320050503,
        25.180949582882878,
        32.39533430055063,
        33.95841689104052,
        32.28700489938852,
        26.301806613270575,
        54.474896855763326,
        52.96511487792256,
        35.26546758903324,
        41.28132593164164,
        28.966202438222783,
        39.93697612323644,
        42.30557126509901,
        21.670603160610963,
        25.115648099231247,
        40.6510750918043,
        31.09177715339139,
        32.696432896706426,
        52.55115884144955,
        42.12461388123139,
        51.99255686635183,
        30.943895250673094,
        56.536617716919864,
        41.2097957630893,
        49.41903201567256,
        36.145228387037285,
        44.13051146147093,
        29.351911570658622,
        53.75626201861714,
        35.293542571912646,
        48.23253994719387,
        35.5307392344291,
        27.82461399607332,
        32.035816463633964,
        39.88573011803746,
        26.887127621511194,
        37.97827860998872,
        40.11162638253525,
        42.795610331136196,
        32.57916976682258,
        39.143298386484865,
        51.16875574288909,
        42.87339174229202,
        35.30457456523109,
        28.494767921914654,
        38.63192666888525,
        52.74047962241827,
        46.10406342491158,
        36.89271790660489,
        33.81544841804419,
        41.25284463497891,
        36.24861904805259,
        40.43050577069931
    ]
}