{
    "Est_name": "ANN",
    "Run": 38,
    "Seed": 6224,
    "Est_params": {
        "activation": "tanh",
        "hidden_layer_sizes": [
            98
        ],
        "solver": "adam",
        "alpha": 0.5850952794823739,
        "learning_rate_init": 0.23858706273217878
    },
    "R2": 0.6202018377252534,
    "R": 0.7958784294368867,
    "MAPE": 0.1133901662965886,
    "RMSE": 5.592665532977332,
    "y_test": [
        39.61,
        44.5,
        51.0,
        57.5,
        40.87,
        34.5,
        31.47,
        42.25,
        35.75,
        40.12,
        42.75,
        33.0,
        33.41,
        60.25,
        33.85,
        42.3,
        44.05,
        32.0,
        32.0,
        32.25,
        41.95,
        28.0,
        29.0,
        33.5,
        39.12,
        43.65,
        46.0,
        27.7,
        43.5,
        48.0,
        23.9,
        42.35,
        59.0,
        32.57,
        43.66,
        35.0,
        47.0,
        33.5,
        52.07,
        43.4,
        30.5,
        36.0,
        49.9,
        30.5,
        53.5,
        40.0,
        40.1,
        57.21,
        45.5,
        22.9,
        13.33,
        36.0,
        45.22,
        32.25,
        41.0,
        57.0,
        35.25,
        40.0,
        42.56,
        33.25,
        33.6,
        48.0,
        52.5,
        49.5,
        35.5,
        43.64,
        40.03,
        50.8,
        35.75
    ],
    "y_pred": [
        33.25770901683005,
        42.243354711369605,
        38.893226385459684,
        55.343482746812874,
        33.35939866501,
        47.45764887214933,
        29.98568773811433,
        40.926701145465366,
        35.228190613113235,
        40.74540330907328,
        40.396929131256265,
        35.022457675554165,
        34.74422871784893,
        54.909423726861114,
        37.64133564111352,
        34.98987061202821,
        34.92353305090666,
        31.709226963312368,
        35.28645206345304,
        33.4698362809294,
        40.87480684648638,
        30.649076350151446,
        30.5234327657941,
        32.5712555921901,
        42.050852466930195,
        41.23755102860222,
        53.02196132298044,
        50.969308954558926,
        41.88312177598653,
        45.46881010903564,
        34.058394017975246,
        39.0545871750194,
        52.70053643441264,
        35.628443196246906,
        36.89197208041543,
        33.64529842356099,
        44.683080895863434,
        23.056827197533316,
        43.993490159070205,
        34.41825701879895,
        27.21862386162156,
        30.726866679485994,
        49.54932392483171,
        36.27637080108845,
        53.68221938686706,
        41.401845440982285,
        34.675612309435245,
        51.57608510969587,
        41.63168110247857,
        31.35166207919771,
        19.470245134080642,
        37.18588184664613,
        40.40378418442134,
        34.004735204708645,
        36.153771843080094,
        58.88464274815852,
        34.95853085272392,
        39.279840908828106,
        42.72363164280603,
        26.13017373613451,
        37.31934615781969,
        43.39826582934484,
        51.0611136803318,
        46.221491068510595,
        36.35518513090142,
        41.63697732540958,
        41.13686800544526,
        48.651992092731604,
        38.7129005349391
    ]
}