{
    "Est_name": "ANN",
    "Run": 50,
    "Seed": 9044,
    "Est_params": {
        "activation": "tanh",
        "hidden_layer_sizes": [
            98
        ],
        "solver": "adam",
        "alpha": 0.7245923824742588,
        "learning_rate_init": 0.3959448943550983
    },
    "R2": 0.508822561307983,
    "R": 0.7384552104483462,
    "MAPE": 0.13883593845585088,
    "RMSE": 6.499433383163009,
    "y_test": [
        24.5,
        40.0,
        59.0,
        33.0,
        54.04,
        41.16,
        42.3,
        34.5,
        43.29,
        42.2,
        62.5,
        44.5,
        27.5,
        33.04,
        40.03,
        40.0,
        40.1,
        48.0,
        33.85,
        49.5,
        45.22,
        33.41,
        34.0,
        46.25,
        39.17,
        48.7,
        41.5,
        31.47,
        41.0,
        45.8,
        30.5,
        50.5,
        35.0,
        36.0,
        58.0,
        32.0,
        42.75,
        31.8,
        34.75,
        57.0,
        35.25,
        44.75,
        47.0,
        22.9,
        31.75,
        41.89,
        30.0,
        49.7,
        46.0,
        45.02,
        39.73,
        38.0,
        22.67,
        39.12,
        27.4,
        42.0,
        20.8,
        43.5,
        51.0,
        47.3,
        53.5,
        38.0,
        41.25,
        51.0,
        45.5,
        18.52,
        33.25,
        39.53,
        26.75
    ],
    "y_pred": [
        27.9733255607688,
        39.286912521249405,
        59.34901137454562,
        35.01642681545343,
        36.85604507808924,
        33.06979831482158,
        33.331057801089344,
        38.47463414664879,
        40.584642038291385,
        41.592790408755285,
        50.34540024589302,
        40.28670236701212,
        34.69170452632653,
        32.56474936199221,
        42.98796245307058,
        37.97333322715003,
        32.98102909487148,
        48.6404922687505,
        36.44900671325536,
        57.72419826731035,
        34.70729222341904,
        37.395238438958636,
        32.02136937220823,
        46.54933236678186,
        30.967039645092513,
        51.945126468544025,
        39.11559677535791,
        26.702483878918017,
        37.561398063314,
        52.369059473956845,
        33.48525598414089,
        41.3502743119994,
        24.148069725011776,
        24.637012242442154,
        59.10854162405627,
        31.927753092362302,
        39.68837461078054,
        26.512038807424872,
        32.76759705215244,
        54.207729965608664,
        33.07893249857875,
        39.731663642965714,
        44.11837391868426,
        28.196955147697306,
        40.557946344724506,
        38.573376111413076,
        38.834769247903544,
        41.109845041075246,
        40.447605002604774,
        39.70885916589053,
        38.28933713680178,
        36.11256152107231,
        27.402918868082633,
        39.2183462838104,
        26.834833761555895,
        37.56390758293162,
        31.676155340968542,
        48.92891336233656,
        47.97547514486197,
        50.58730672414111,
        44.64236210410204,
        37.27832093331018,
        43.79200541590964,
        34.912776371516834,
        39.17530047099918,
        34.16636535920692,
        28.27257854180914,
        40.10517739977152,
        39.41810609304366
    ]
}