{
    "Est_name": "ANN",
    "Run": 48,
    "Seed": 6201,
    "Est_params": {
        "activation": "tanh",
        "hidden_layer_sizes": [
            79
        ],
        "solver": "adam",
        "alpha": 0.9999621353093819,
        "learning_rate_init": 0.3403658110201436
    },
    "R2": 0.6284161915521992,
    "R": 0.8110405474205783,
    "MAPE": 0.09998582006683411,
    "RMSE": 5.381402933241746,
    "y_test": [
        49.7,
        42.0,
        30.0,
        37.0,
        49.5,
        39.5,
        33.0,
        39.0,
        48.0,
        34.5,
        55.5,
        32.57,
        39.5,
        54.25,
        48.0,
        34.8,
        32.5,
        55.84,
        30.5,
        40.75,
        57.27,
        46.8,
        52.5,
        34.5,
        49.0,
        21.75,
        39.8,
        31.7,
        33.95,
        60.25,
        35.0,
        54.0,
        39.3,
        44.95,
        45.0,
        44.6,
        43.5,
        40.39,
        57.96,
        46.7,
        39.5,
        45.23,
        37.6,
        42.56,
        41.0,
        45.25,
        57.1,
        33.5,
        43.29,
        56.5,
        33.5,
        33.0,
        26.5,
        36.5,
        40.12,
        31.5,
        45.0,
        29.0,
        43.5,
        29.02,
        58.5,
        41.75,
        44.75,
        44.5,
        42.2,
        45.22,
        40.75,
        57.5,
        52.0
    ],
    "y_pred": [
        50.021334990841744,
        42.390696562828914,
        29.900459076120903,
        43.57871303646521,
        51.08335947828289,
        41.40123479418387,
        34.24358990527261,
        42.82607919698696,
        40.01765499823085,
        30.060044009723658,
        44.62185124020779,
        33.454502020698726,
        31.351853710670618,
        48.19425119133768,
        38.39024865939901,
        39.92366939629884,
        36.570429344656176,
        41.826745860212824,
        35.0729667945151,
        44.699338559837734,
        53.54448219032033,
        47.39239881672939,
        48.664669308203045,
        43.7981966506892,
        44.34697563373327,
        23.558836145992064,
        47.02891598250667,
        39.72459641807865,
        30.63086592669823,
        50.9965447447299,
        35.392478408767666,
        48.58747269095996,
        41.33100646859609,
        40.65340980897319,
        43.82248079614808,
        48.678056155664535,
        39.408712984471556,
        40.10104663861701,
        48.58153168222398,
        52.60574418772263,
        32.85155935148387,
        40.65340980897319,
        40.09651061041334,
        39.08003868129993,
        38.008493817319874,
        41.286300638708155,
        48.665096942605345,
        29.2564046213817,
        41.54276065308572,
        50.2751019931256,
        29.601804697712318,
        33.579779836456424,
        26.762593414844503,
        40.99964448700498,
        37.775181057560836,
        34.26340854941363,
        41.24144093354017,
        26.83980182515748,
        32.146261609525695,
        28.05727856776225,
        56.79697259595988,
        53.15654008344158,
        42.997495442873614,
        39.99626049201401,
        43.66094926397979,
        40.78311642290347,
        40.52270061814755,
        57.92902731477942,
        43.04268930484667
    ]
}