{
    "Est_name": "ANN",
    "Run": 32,
    "Seed": 4552,
    "Est_params": {
        "activation": "logistic",
        "hidden_layer_sizes": [
            40,
            86
        ],
        "solver": "adam",
        "alpha": 0.9322608042942675,
        "learning_rate_init": 0.2719270404906214
    },
    "R2": 0.16755974958317255,
    "R": 0.441062490200381,
    "MAPE": 0.17453159118452788,
    "RMSE": 8.200552723755644,
    "y_test": [
        40.1,
        32.5,
        40.5,
        55.5,
        45.02,
        43.64,
        37.5,
        32.83,
        56.0,
        52.5,
        42.2,
        33.85,
        29.02,
        29.6,
        52.07,
        55.84,
        41.23,
        57.27,
        42.75,
        37.6,
        25.81,
        43.5,
        53.5,
        59.0,
        46.0,
        48.0,
        33.5,
        39.45,
        51.0,
        54.2,
        56.5,
        35.75,
        36.5,
        27.49,
        44.05,
        39.8,
        42.03,
        48.7,
        42.0,
        43.76,
        41.16,
        29.0,
        40.0,
        50.2,
        32.33,
        35.5,
        44.0,
        40.0,
        16.58,
        48.0,
        33.04,
        40.75,
        32.9,
        30.0,
        33.95,
        53.0,
        31.97,
        38.0,
        42.0,
        33.76,
        52.5,
        39.73,
        57.1,
        36.0,
        42.3,
        28.5,
        38.61,
        34.8,
        45.0
    ],
    "y_pred": [
        37.90228478132154,
        35.707176556048104,
        35.15154883881657,
        41.43103468440063,
        35.346037118071045,
        35.48779912021881,
        45.15600787151147,
        35.18771715092314,
        51.9712761927123,
        51.52122240154836,
        39.93713033641009,
        35.143551800800545,
        35.900081814086846,
        46.4847046396749,
        48.08555941155603,
        46.63010153268037,
        45.722261210565065,
        41.91193519897208,
        38.81870573366182,
        38.780264302054,
        35.579765914965314,
        35.724271185308886,
        46.885759526243845,
        47.97930322857078,
        46.08718655748934,
        51.158207325234855,
        35.14508558690207,
        37.20980762263718,
        45.254249428294195,
        48.3638891751141,
        47.16282231695853,
        35.501664067693305,
        42.50542198165704,
        46.40691526398237,
        36.83058676552466,
        46.72381728462233,
        35.131892255339196,
        46.726668894169656,
        42.789046903649854,
        36.75165172203927,
        36.983869266796134,
        35.2875258672335,
        36.27085034511136,
        42.38319935305221,
        35.547858714279684,
        38.29515374340575,
        35.504373705392105,
        36.43366072862885,
        46.60192357568352,
        36.62527692999548,
        36.25354204591823,
        41.063182641948885,
        35.02360252980617,
        34.59899968753534,
        35.090213691708094,
        45.04893268014741,
        46.82142873870843,
        35.2269188638474,
        39.05678154676591,
        35.22068106162896,
        47.019655814936975,
        35.12166143671349,
        43.91399801757744,
        44.25674731762288,
        37.26889462882348,
        46.52146578201858,
        35.06836561814359,
        39.84639297547765,
        36.68363809822132
    ]
}