{
    "Est_name": "ANN",
    "Run": 49,
    "Seed": 1291,
    "Est_params": {
        "activation": "tanh",
        "hidden_layer_sizes": [
            92
        ],
        "solver": "adam",
        "alpha": 1.0,
        "learning_rate_init": 0.2540789360216424
    },
    "R2": 0.4966646496721454,
    "R": 0.7408125634872348,
    "MAPE": 0.19187953964312315,
    "RMSE": 7.752657806817993,
    "y_test": [
        26.5,
        37.0,
        56.38,
        32.5,
        57.0,
        26.5,
        43.66,
        23.9,
        45.5,
        30.0,
        46.25,
        23.0,
        35.0,
        27.5,
        42.66,
        32.91,
        53.9,
        41.5,
        53.5,
        34.62,
        45.8,
        30.25,
        39.61,
        37.5,
        31.59,
        47.0,
        33.85,
        27.7,
        54.0,
        23.33,
        31.8,
        48.7,
        33.25,
        55.5,
        34.5,
        20.8,
        50.75,
        56.0,
        24.5,
        28.0,
        56.25,
        21.5,
        28.0,
        41.8,
        18.52,
        22.73,
        48.0,
        42.35,
        49.5,
        27.12,
        29.5,
        58.59,
        34.5,
        41.04,
        48.0,
        40.75,
        31.75,
        54.2,
        34.5,
        52.5,
        37.6,
        36.0,
        45.0,
        34.5,
        43.0,
        30.5,
        59.0,
        28.5,
        41.25
    ],
    "y_pred": [
        31.019763329818513,
        47.67663816229642,
        36.01135001580888,
        43.78610001230659,
        56.20845130834913,
        32.202929772681344,
        36.13139255363488,
        36.30596837309873,
        42.603960227361505,
        38.17464183260918,
        47.68531796222805,
        33.253485714936865,
        28.221004196908652,
        33.59956977515533,
        41.50056099513598,
        42.99225402101131,
        50.00786387442146,
        35.19402541170579,
        49.427124991194724,
        42.93573119082665,
        49.41929614691137,
        41.30229821633337,
        35.46358521224337,
        36.62641732774517,
        39.69124110159493,
        46.32956827485038,
        41.449968903809115,
        40.451876897701304,
        42.08065904819346,
        28.18242796390728,
        32.18734537719334,
        50.071088658945946,
        24.291380446649175,
        54.68645869839212,
        33.805775240815144,
        34.24875069580854,
        46.47844393608805,
        57.0855630617499,
        33.95429817388502,
        35.409996145494986,
        58.15211073113475,
        31.654170398687963,
        35.13995651540979,
        49.37643598363166,
        33.43962810456598,
        41.0098464139135,
        44.436043542156675,
        39.03550606633403,
        45.228214421280946,
        31.487446344099876,
        30.905187967353488,
        49.4895409202095,
        43.973046120324156,
        36.89816048288268,
        46.19698241719382,
        41.06164727395368,
        39.79542447032776,
        48.93364310988958,
        32.22349237175257,
        47.808044536073695,
        39.92230826165068,
        35.641144023920745,
        45.25113041876157,
        53.38266556920867,
        52.132177830552166,
        30.80479902955552,
        57.79019613380756,
        35.27382898986264,
        47.860378815411615
    ]
}