{
    "Est_name": "ANN",
    "Run": 13,
    "Seed": 488,
    "Est_params": {
        "activation": "logistic",
        "hidden_layer_sizes": [
            69
        ],
        "solver": "adam",
        "alpha": 1.0,
        "learning_rate_init": 0.7783356095574929
    },
    "R2": 0.17684147342002687,
    "R": 0.44012667671484695,
    "MAPE": 0.20749492363375735,
    "RMSE": 8.817564333682212,
    "y_test": [
        53.5,
        41.8,
        31.67,
        39.45,
        32.33,
        35.0,
        30.0,
        41.5,
        52.5,
        33.5,
        53.9,
        46.0,
        32.5,
        43.5,
        31.75,
        40.52,
        35.25,
        33.5,
        23.9,
        46.0,
        40.5,
        33.5,
        35.5,
        41.52,
        31.5,
        39.12,
        42.0,
        25.81,
        33.0,
        42.56,
        41.0,
        44.0,
        38.61,
        33.4,
        57.0,
        53.5,
        54.25,
        39.5,
        22.04,
        43.76,
        44.5,
        42.5,
        38.78,
        36.5,
        27.12,
        42.0,
        31.53,
        28.5,
        26.5,
        50.2,
        51.5,
        37.75,
        58.0,
        21.75,
        52.0,
        56.0,
        60.25,
        42.03,
        48.0,
        27.7,
        31.25,
        37.5,
        47.0,
        13.33,
        43.66,
        35.5,
        56.5,
        37.6,
        42.56
    ],
    "y_pred": [
        52.034759424790344,
        35.7203700981638,
        37.37709880459158,
        46.333641719062754,
        37.40353263683002,
        36.53297291094234,
        39.39706993701759,
        36.29959100640188,
        51.70071667769846,
        36.86688020577202,
        41.71387722318921,
        38.33669789633678,
        35.88052910219153,
        38.611555067777324,
        36.01639555865699,
        37.414536136443616,
        41.642737598927745,
        29.17858829669391,
        36.7552366524127,
        43.91758464511893,
        42.49797193888499,
        37.31722812927991,
        41.57360047131924,
        46.96879921517478,
        32.44873762425338,
        49.19529109317196,
        37.51621001266621,
        35.145255044017524,
        38.56135857895026,
        50.64411838825838,
        36.98572296499641,
        37.44531073635497,
        37.47299554160635,
        36.324570504348046,
        43.6816242342476,
        47.65833005771995,
        49.73869205653419,
        38.582444367356906,
        37.84014744977354,
        37.94206700912955,
        38.42866422939332,
        41.20149308881851,
        40.29476092693991,
        42.22326600315371,
        35.43813639771651,
        45.769627525562726,
        46.5993096945035,
        36.543095381160576,
        27.213642545929297,
        34.84643108898956,
        48.087017179150564,
        40.02412272066256,
        49.11103157313149,
        39.124078220159866,
        37.71486615083388,
        47.10313003991754,
        44.90671288455932,
        36.82709533793859,
        42.31857378878037,
        52.26439089723646,
        28.65843763432673,
        34.82330250804568,
        35.050598430041134,
        42.419316874524824,
        35.9400326711699,
        40.67397421077797,
        41.57134855571704,
        37.33755883201173,
        36.37644944815887
    ]
}