{
    "Est_name": "ANN",
    "Run": 31,
    "Seed": 5574,
    "Est_params": {
        "activation": "tanh",
        "hidden_layer_sizes": [
            97
        ],
        "solver": "adam",
        "alpha": 1.0,
        "learning_rate_init": 0.4374014922952565
    },
    "R2": 0.6243264713441823,
    "R": 0.7902034806527483,
    "MAPE": 0.1210416464435827,
    "RMSE": 5.717135968638739,
    "y_test": [
        48.0,
        39.5,
        26.5,
        41.04,
        38.82,
        36.5,
        37.5,
        30.0,
        18.52,
        50.5,
        34.25,
        42.2,
        16.58,
        49.0,
        42.0,
        13.33,
        39.5,
        42.5,
        41.23,
        39.0,
        22.67,
        44.6,
        52.5,
        32.25,
        27.4,
        48.7,
        42.56,
        50.2,
        41.95,
        47.0,
        45.5,
        40.75,
        33.5,
        45.0,
        42.75,
        56.5,
        43.47,
        42.25,
        55.5,
        43.5,
        44.95,
        39.0,
        42.03,
        35.5,
        32.5,
        33.4,
        45.25,
        43.5,
        40.5,
        49.5,
        48.0,
        53.25,
        41.0,
        53.5,
        39.8,
        32.0,
        43.64,
        33.5,
        30.25,
        53.5,
        30.0,
        58.59,
        40.75,
        33.41,
        49.0,
        32.0,
        51.0,
        48.0,
        26.5
    ],
    "y_pred": [
        48.68162605723969,
        37.27421764048719,
        28.309963836875745,
        37.645292641030444,
        43.61674707975741,
        40.83178402042273,
        36.7457796367085,
        34.405334908444985,
        29.348575482213004,
        53.40197805590001,
        32.93228263746117,
        42.33565995216391,
        42.00939127600714,
        48.35605414463553,
        46.709306050028616,
        18.77164738358162,
        36.1945212007844,
        41.638325844294414,
        48.38391887256054,
        35.2852172371117,
        25.167631136298986,
        45.01703971623766,
        50.95103437397213,
        30.7766882411708,
        33.562857988135065,
        48.23024443709388,
        39.8868363382826,
        45.878904855356524,
        40.32217127979986,
        46.407551937190654,
        44.42581227574809,
        50.64915085375082,
        32.19201086236025,
        42.421421608108815,
        40.31451256896843,
        56.68828106406882,
        38.90772566226127,
        41.80334086678749,
        42.80165024723406,
        34.8953574931632,
        41.047269635164966,
        43.874908650078154,
        39.51910870665728,
        36.78329674667183,
        34.40036301497788,
        33.98794003187364,
        43.179623388225075,
        50.815630099424595,
        36.917190630907776,
        57.732173543871504,
        45.18380346216467,
        48.36635792927463,
        40.51612973105611,
        47.76849915050903,
        45.38891526446405,
        33.44917754890696,
        39.1754369595832,
        29.831607869176455,
        35.36622214335171,
        51.507622078726726,
        37.08588411418947,
        48.93298583649891,
        38.57435048953288,
        31.365560181449993,
        38.45405714451883,
        36.20394071474171,
        37.67244941807022,
        46.475343732979226,
        29.717979358710647
    ]
}