{
    "Est_name": "ANN",
    "Run": 26,
    "Seed": 9654,
    "Est_params": {
        "activation": "tanh",
        "hidden_layer_sizes": [
            100
        ],
        "solver": "adam",
        "alpha": 0.9787655062641218,
        "learning_rate_init": 0.18204922400811568
    },
    "R2": 0.6580999209367722,
    "R": 0.8182921266216023,
    "MAPE": 0.12482015179056638,
    "RMSE": 5.534971141751426,
    "y_test": [
        48.0,
        39.78,
        56.0,
        48.0,
        41.5,
        34.62,
        32.0,
        20.8,
        33.0,
        39.12,
        47.0,
        42.03,
        49.5,
        40.12,
        44.05,
        41.95,
        33.25,
        43.5,
        41.5,
        30.0,
        32.0,
        48.0,
        58.0,
        23.9,
        51.5,
        57.27,
        32.9,
        46.25,
        53.5,
        38.0,
        46.87,
        59.0,
        39.5,
        50.2,
        46.0,
        23.0,
        43.5,
        51.0,
        33.95,
        42.2,
        58.59,
        56.0,
        16.58,
        42.56,
        43.64,
        35.0,
        40.39,
        34.5,
        37.25,
        51.0,
        26.5,
        49.7,
        33.5,
        46.7,
        35.0,
        40.5,
        37.5,
        44.6,
        36.0,
        22.04,
        33.5,
        32.5,
        30.25,
        31.7,
        48.0,
        39.45,
        33.76,
        35.0,
        33.41
    ],
    "y_pred": [
        43.14918647585591,
        35.675990660320174,
        56.57717794886888,
        44.31265883897474,
        38.45833365770159,
        38.8468762126354,
        32.55966597096165,
        32.154421164942285,
        34.66224090038713,
        39.393438997521436,
        40.740164104121334,
        40.83643876587077,
        44.188843041409655,
        41.2780778607943,
        38.59223402859838,
        41.22294611590287,
        21.9600966640608,
        38.73608973656182,
        48.92041281826492,
        34.28822217610444,
        32.76705725866916,
        40.30874594484213,
        60.533331655128855,
        35.068238688649764,
        47.29937201506563,
        50.07306296125522,
        36.90747512894822,
        43.1074861894722,
        51.07827482430327,
        36.20493500164804,
        43.54763489783965,
        59.4447800020986,
        40.76360032082734,
        40.22343551535022,
        42.40685639776217,
        26.634813807498997,
        49.23989295631323,
        50.39148363484398,
        37.01120240583976,
        41.485709009349215,
        48.79001497904476,
        57.55513944210624,
        31.098890207579505,
        41.48724791076401,
        42.517317866940246,
        37.103349573226964,
        42.37728683430004,
        39.55571721637632,
        36.79238319829261,
        40.086696637188325,
        29.101613568554512,
        43.40831973666162,
        26.72860379766762,
        41.431755744656414,
        35.32869337664211,
        35.822083498883146,
        35.50870729238977,
        45.30729690470329,
        27.827934589747006,
        30.84701482726408,
        20.986776721892305,
        30.39947423513568,
        35.414000106678344,
        34.39213960965131,
        46.14184825058076,
        32.23509787126105,
        38.07143189422667,
        26.68449048082809,
        35.74130955966122
    ]
}