{
    "Est_name": "ANN",
    "Run": 33,
    "Seed": 2547,
    "Est_params": {
        "activation": "tanh",
        "hidden_layer_sizes": [
            79
        ],
        "solver": "adam",
        "alpha": 1.0,
        "learning_rate_init": 0.3096186538411697
    },
    "R2": 0.6566027320097202,
    "R": 0.819252773928042,
    "MAPE": 0.12304664198857151,
    "RMSE": 5.824410728427602,
    "y_test": [
        34.8,
        48.0,
        40.75,
        48.0,
        35.5,
        44.0,
        22.13,
        46.7,
        26.5,
        35.25,
        43.07,
        62.5,
        42.0,
        43.5,
        43.5,
        40.0,
        39.5,
        16.58,
        26.5,
        40.03,
        43.5,
        39.61,
        30.25,
        40.1,
        59.5,
        35.75,
        42.56,
        46.0,
        32.26,
        33.5,
        31.75,
        42.0,
        39.8,
        42.0,
        57.96,
        40.5,
        57.27,
        52.07,
        40.0,
        22.9,
        27.7,
        27.49,
        32.83,
        31.47,
        49.0,
        30.0,
        38.0,
        59.0,
        32.57,
        21.75,
        41.95,
        31.25,
        53.9,
        35.0,
        27.4,
        39.78,
        44.75,
        43.55,
        46.25,
        48.0,
        46.5,
        49.0,
        22.5,
        41.78,
        27.5,
        31.25,
        55.84,
        37.5,
        51.0
    ],
    "y_pred": [
        38.42411494127441,
        37.484215591472584,
        34.557042799138486,
        45.04398134135882,
        32.6186570572486,
        38.50276065628613,
        23.86029201769564,
        47.90424110198923,
        19.581890088861172,
        34.65386232503333,
        35.53275928874948,
        56.68839896390523,
        41.83309947350576,
        31.464321127492727,
        38.82264055764253,
        41.00885840053495,
        39.6613922653704,
        30.865782535312775,
        23.914445209937092,
        45.39817575604777,
        43.98527645628706,
        31.52838477102488,
        37.40080113861506,
        38.69542055088851,
        55.22615536416023,
        33.855844681144724,
        38.47011336052085,
        48.884706565366024,
        35.50800622907648,
        34.09974061680239,
        35.792451060375754,
        43.44761556635683,
        44.955469717290704,
        45.77011318866772,
        45.871093939325505,
        39.892581117264186,
        45.03093186903371,
        50.47796972399323,
        41.07923668107413,
        26.628695412728266,
        43.36782228270947,
        34.66781059857211,
        31.506757536675455,
        26.64896349452123,
        46.92729720822621,
        33.992502679596186,
        37.0392209694548,
        57.43697154504048,
        33.08762805273159,
        25.286734786530836,
        35.264259654583675,
        26.758491848151237,
        41.03420884042794,
        35.989030043483154,
        26.8523455762047,
        34.105667131958974,
        37.66708632266663,
        36.19846736518319,
        43.617644689676574,
        51.446758267106894,
        46.17089731148791,
        51.85139330369387,
        24.318437930537343,
        36.57525893264813,
        36.068685289364396,
        29.313409348585882,
        52.03831096266406,
        41.20450241323229,
        39.087288991616184
    ]
}