{
    "Est_name": "ANN",
    "Run": 43,
    "Seed": 4333,
    "Est_params": {
        "activation": "tanh",
        "hidden_layer_sizes": [
            76
        ],
        "solver": "adam",
        "alpha": 0.16226230568989342,
        "learning_rate_init": 0.150051706330793
    },
    "R2": 0.5965960321902648,
    "R": 0.7879343715867975,
    "MAPE": 0.1335821273591118,
    "RMSE": 6.480495693230795,
    "y_test": [
        42.2,
        24.67,
        57.27,
        16.58,
        33.04,
        20.22,
        31.59,
        40.87,
        39.5,
        55.84,
        35.0,
        31.97,
        47.0,
        42.86,
        44.95,
        20.5,
        35.0,
        50.86,
        41.5,
        33.0,
        43.66,
        25.81,
        47.3,
        42.0,
        38.0,
        18.52,
        41.4,
        37.75,
        54.04,
        43.29,
        56.5,
        45.25,
        39.73,
        58.59,
        33.85,
        62.5,
        43.5,
        33.5,
        26.5,
        59.0,
        34.8,
        50.75,
        45.02,
        43.47,
        46.7,
        43.65,
        53.5,
        52.5,
        32.26,
        45.0,
        29.0,
        35.25,
        38.61,
        45.0,
        51.5,
        54.2,
        36.0,
        39.21,
        38.0,
        30.0,
        42.5,
        42.56,
        43.07,
        56.0,
        41.75,
        34.75,
        46.87,
        55.5,
        33.0
    ],
    "y_pred": [
        39.39927873759911,
        30.656353261986578,
        45.961881416323756,
        37.12000260778213,
        35.0674843591066,
        35.586409996585026,
        34.740444950605514,
        42.73423011270845,
        33.52458733078653,
        46.25797676151258,
        39.20967992051718,
        38.71292211878547,
        44.493641569366154,
        41.99863660590641,
        43.993469696608464,
        22.91947337341453,
        33.273638397886096,
        48.61891202745699,
        36.512784112744264,
        33.79254904839345,
        40.26108537024884,
        30.76134542804689,
        46.12146540389808,
        41.323707293917806,
        42.016755523439365,
        31.64524068795163,
        46.928565655991456,
        41.100491290420855,
        40.54847808616953,
        44.97526757361769,
        54.01510003533905,
        37.608968319755206,
        39.7635405056185,
        47.47487962888299,
        35.69187414832963,
        52.44654866589071,
        42.005637335063916,
        23.484711516636533,
        25.362010328468056,
        58.60881674647137,
        37.17829661474643,
        49.238741191504666,
        41.97618910382757,
        42.599977573743224,
        41.27638323678841,
        42.21420303226109,
        43.77693231178704,
        44.732914957734614,
        35.79662112131847,
        44.49751672101765,
        32.48684884404219,
        33.07564705076421,
        38.21454902226916,
        50.664672234594995,
        46.9866704245328,
        41.953635615390475,
        33.55218667670393,
        46.765054643217866,
        37.834667005294264,
        34.731043224643926,
        43.60858235616252,
        41.30073124581178,
        40.37257079696521,
        42.22460891955735,
        48.86171292786032,
        32.710870948523116,
        42.31792565043332,
        42.622469245110246,
        32.96104236649679
    ]
}