{
    "Est_name": "ANN",
    "Run": 18,
    "Seed": 9863,
    "Est_params": {
        "activation": "tanh",
        "hidden_layer_sizes": [
            71
        ],
        "solver": "adam",
        "alpha": 0.8582360004808222,
        "learning_rate_init": 0.3357829582568182
    },
    "R2": 0.4073862209710889,
    "R": 0.7688115505053479,
    "MAPE": 0.12604176187927435,
    "RMSE": 6.812903345983445,
    "y_test": [
        48.0,
        57.0,
        43.0,
        56.0,
        34.5,
        44.95,
        45.5,
        44.05,
        44.5,
        40.0,
        48.7,
        39.0,
        35.5,
        26.5,
        43.5,
        57.1,
        42.2,
        39.45,
        57.5,
        46.0,
        55.84,
        30.25,
        26.5,
        44.0,
        56.38,
        49.5,
        32.9,
        48.0,
        57.0,
        42.0,
        26.5,
        39.3,
        56.5,
        29.02,
        35.5,
        50.86,
        22.9,
        29.6,
        45.02,
        33.5,
        43.76,
        45.22,
        43.55,
        34.8,
        39.78,
        43.5,
        42.56,
        33.04,
        50.75,
        32.83,
        58.5,
        35.0,
        56.25,
        40.1,
        44.5,
        33.5,
        43.0,
        48.0,
        40.87,
        36.5,
        41.0,
        54.04,
        47.3,
        50.0,
        35.75,
        34.75,
        33.25,
        31.8,
        40.5
    ],
    "y_pred": [
        46.45505010061531,
        45.089060970429394,
        48.26463859363892,
        48.638899623628966,
        24.64118641419918,
        36.748219302244465,
        41.43668954424484,
        37.42513195817316,
        39.534526640729744,
        45.63945906826613,
        53.523480227558856,
        40.37476314411015,
        41.14501216736539,
        27.20115205259392,
        23.480980420255264,
        46.52458169720313,
        41.46112405088319,
        34.315340828977355,
        56.01621308769791,
        42.658034443350765,
        44.74403203419392,
        35.51943921758543,
        21.39904536292508,
        44.70314204443228,
        37.82441700153566,
        57.99847340760067,
        34.75729582685846,
        38.08671100332332,
        51.117945460854855,
        41.208254603664166,
        31.26640576219763,
        43.212102952040944,
        57.022276200213284,
        27.38964393454866,
        26.420787911853267,
        42.96819601952978,
        26.819109124065807,
        36.59257213329477,
        40.200608693570146,
        21.27408979900355,
        39.372907307610696,
        41.0651135371463,
        37.9039057439236,
        33.95990251095866,
        37.94885221414281,
        44.69642775852133,
        44.2945125830591,
        30.912464542218146,
        46.86826438802946,
        31.295130358781172,
        60.37936551579735,
        25.24779110784802,
        56.228769543892035,
        37.2798049616064,
        36.695943505261944,
        29.552221615346635,
        37.93742408543757,
        48.16180586176758,
        20.17398390690813,
        43.141577435551376,
        38.481763042523156,
        50.23645111702715,
        53.87488381649704,
        51.63986662521157,
        40.06843359202797,
        36.112356765816244,
        32.618548996613086,
        26.580008400102248,
        34.466035366660144
    ]
}