{
    "Est_name": "ANN",
    "Run": 7,
    "Seed": 1679,
    "Est_params": {
        "activation": "tanh",
        "hidden_layer_sizes": [
            98
        ],
        "solver": "adam",
        "alpha": 0.7098170709582503,
        "learning_rate_init": 0.3327566013526899
    },
    "R2": 0.5144140281710226,
    "R": 0.7380109034115716,
    "MAPE": 0.13809000444769898,
    "RMSE": 7.1494765719196645,
    "y_test": [
        32.33,
        52.07,
        44.0,
        32.25,
        26.5,
        56.0,
        26.5,
        34.75,
        32.43,
        39.3,
        51.0,
        22.73,
        49.5,
        36.0,
        37.5,
        29.5,
        40.39,
        32.0,
        24.67,
        56.5,
        23.33,
        56.0,
        44.6,
        40.75,
        51.0,
        45.8,
        39.0,
        59.0,
        29.02,
        36.0,
        39.5,
        42.56,
        48.0,
        38.78,
        51.5,
        39.12,
        35.5,
        57.5,
        40.0,
        30.5,
        53.0,
        16.58,
        58.5,
        45.23,
        41.89,
        39.0,
        42.56,
        43.0,
        20.5,
        38.0,
        57.8,
        35.0,
        41.04,
        27.5,
        48.0,
        31.5,
        45.25,
        55.84,
        26.5,
        49.0,
        39.12,
        33.4,
        30.0,
        35.25,
        33.0,
        29.02,
        54.04,
        34.62,
        41.75
    ],
    "y_pred": [
        32.21504250438065,
        47.46764690274073,
        49.47712683290927,
        29.702892182419028,
        30.351560779715584,
        56.26722636082762,
        29.690181584822255,
        33.33955285850239,
        44.206734832130856,
        42.969907664984255,
        48.48536804055378,
        43.73423389728201,
        49.28957230634117,
        37.10955424354515,
        37.21880018224301,
        27.31177555405013,
        44.90283720686111,
        38.351074582127985,
        39.743648895753886,
        56.67802897687245,
        21.87109185507316,
        54.44682108360882,
        46.78247196369242,
        39.51520833961573,
        33.74501370415956,
        48.322086258893115,
        50.256162991456925,
        57.94462639317468,
        44.40187309835896,
        40.216150953158845,
        42.856402634032435,
        43.083781320141064,
        45.29230159650683,
        36.15030389926394,
        51.503339902373995,
        44.859914012873105,
        35.78659523037914,
        56.84353171588366,
        40.9417158358406,
        33.33967406541477,
        52.1316186509055,
        41.676462906859626,
        59.602295550994405,
        44.84783420152248,
        44.2339284430232,
        34.210565183666496,
        40.547204260149854,
        47.05016104878471,
        26.757370640642712,
        41.29635339724816,
        32.363985841711774,
        36.26978902799843,
        40.953715339993295,
        29.022903418122866,
        46.856847132838084,
        36.59544450571192,
        41.714617669364735,
        44.80921109879956,
        28.234357211565865,
        50.77326795529734,
        43.2399420076238,
        36.63712812741193,
        31.927535113512,
        35.305825108737864,
        37.21802510195019,
        34.839125739428106,
        46.901682371320156,
        38.61576753538566,
        50.91419859159368
    ]
}