{
    "Est_name": "ANN",
    "Run": 47,
    "Seed": 2045,
    "Est_params": {
        "activation": "tanh",
        "hidden_layer_sizes": [
            99
        ],
        "solver": "adam",
        "alpha": 0.9966681376075184,
        "learning_rate_init": 0.39840743849783916
    },
    "R2": 0.7385539988424548,
    "R": 0.8662185341795836,
    "MAPE": 0.10233456447339281,
    "RMSE": 4.892593965240157,
    "y_test": [
        47.3,
        35.25,
        32.83,
        20.22,
        53.5,
        27.5,
        45.0,
        53.25,
        29.6,
        22.67,
        37.0,
        33.25,
        35.0,
        40.0,
        42.0,
        25.68,
        22.13,
        45.5,
        37.75,
        32.5,
        55.52,
        55.5,
        52.5,
        30.0,
        49.7,
        53.0,
        51.0,
        39.21,
        46.0,
        40.75,
        43.0,
        21.5,
        26.5,
        35.0,
        39.5,
        35.5,
        39.45,
        53.5,
        42.29,
        44.5,
        44.75,
        49.0,
        33.0,
        27.12,
        30.0,
        42.03,
        47.0,
        41.0,
        48.0,
        22.9,
        39.3,
        32.26,
        40.0,
        42.35,
        39.0,
        57.96,
        48.0,
        33.0,
        56.38,
        50.5,
        43.65,
        52.5,
        28.0,
        30.0,
        41.95,
        44.95,
        42.56,
        44.5,
        34.75
    ],
    "y_pred": [
        51.47513593553971,
        36.90968062065947,
        34.01301665493709,
        36.93868933152558,
        55.8837219465063,
        41.58137015194009,
        45.24133446449274,
        51.054239516292554,
        33.640224852189355,
        26.06489328327313,
        47.80179865631814,
        34.28840042442708,
        30.429663253518836,
        39.12110269553965,
        46.19968488925113,
        29.566412832603884,
        25.03157984053166,
        44.33632670312909,
        37.579243490539554,
        35.670078768222766,
        51.33571748330388,
        53.49751464426049,
        49.28319575771974,
        33.2125612476038,
        46.74228254912114,
        43.981630574186,
        43.8697657249765,
        43.59850196865078,
        50.7353073504822,
        40.06863336557673,
        48.47032473875443,
        21.706979194614988,
        28.315255125185047,
        38.220259183282934,
        37.899234286113284,
        37.12429138129015,
        37.971389528186776,
        52.97147404218441,
        36.57758204067483,
        41.799111920883306,
        40.640274885718355,
        47.6950567653481,
        33.8937594826174,
        33.23972337033514,
        36.04147607801164,
        36.9303795579128,
        45.99075211583647,
        38.64157004064501,
        47.990382750644386,
        27.380882581482894,
        40.45991604258873,
        34.66909665504089,
        40.21428146806802,
        37.754429626807806,
        38.92358304360468,
        52.33257381324408,
        46.19334417144967,
        39.746450381544335,
        45.19529316578972,
        47.956391521186916,
        44.354450121352855,
        43.60473844389827,
        29.56099375753859,
        38.931387017993856,
        37.96785363719614,
        40.04944379736058,
        39.631576979239355,
        44.20708141272806,
        37.69907857680299
    ]
}