{
    "Est_name": "ANN",
    "Run": 25,
    "Seed": 7359,
    "Est_params": {
        "activation": "tanh",
        "hidden_layer_sizes": [
            86
        ],
        "solver": "adam",
        "alpha": 0.47426726414671067,
        "learning_rate_init": 0.4793842527498321
    },
    "R2": 0.7386650338444583,
    "R": 0.8652452359765483,
    "MAPE": 0.11421699961774816,
    "RMSE": 5.410256067513838,
    "y_test": [
        29.41,
        26.5,
        58.25,
        43.5,
        20.5,
        22.5,
        32.83,
        46.87,
        37.5,
        45.0,
        21.5,
        43.29,
        57.96,
        40.5,
        42.5,
        50.75,
        35.25,
        54.0,
        29.6,
        59.5,
        18.52,
        43.07,
        40.52,
        39.42,
        57.8,
        48.0,
        27.5,
        31.59,
        34.8,
        56.5,
        43.0,
        40.75,
        32.57,
        45.23,
        35.75,
        48.7,
        23.0,
        52.0,
        49.5,
        40.5,
        32.0,
        42.25,
        29.5,
        34.5,
        42.86,
        35.3,
        50.86,
        54.25,
        34.5,
        48.0,
        34.0,
        31.53,
        36.0,
        41.16,
        53.5,
        49.0,
        39.5,
        57.5,
        35.25,
        41.78,
        55.5,
        16.58,
        35.0,
        33.0,
        55.5,
        27.4,
        33.5,
        40.0,
        39.3
    ],
    "y_pred": [
        29.02481246226395,
        30.01958975830746,
        61.14190922995467,
        45.37646962525961,
        26.838375328092457,
        27.080914808953377,
        34.38918354546842,
        45.30115558814477,
        38.08491764434689,
        42.310523142774485,
        26.695772483092007,
        39.84973600970853,
        50.846610316598664,
        37.30252923113909,
        41.86853156719623,
        49.78065943383459,
        34.19487174871334,
        47.85039320493144,
        34.942298210631535,
        61.01581658676799,
        29.48523977827657,
        39.69917344656107,
        36.81931382106822,
        44.220192985418834,
        38.38144494270737,
        39.87154912603796,
        36.75120431754966,
        36.11568550559462,
        36.42897801687308,
        55.81031133847359,
        43.584529441057526,
        52.49176907519688,
        37.08442177575598,
        42.28501675469418,
        39.803062839641626,
        50.61703780844144,
        28.25473456879519,
        47.187191685548555,
        62.58395758210402,
        40.33252302982709,
        32.3638071540666,
        46.452102564432096,
        32.516963353774976,
        33.07071004464209,
        39.68481221252209,
        35.59336591624133,
        49.68492991113819,
        53.75255157790423,
        46.26252920761397,
        43.460600284190434,
        34.37146952211462,
        34.736794526959606,
        40.55986638791475,
        38.99849399041141,
        54.729656420324886,
        48.743144790397714,
        41.31627972235617,
        57.74190191760011,
        33.50284466244187,
        38.564433225152705,
        53.76384634728701,
        32.40123636685792,
        40.02214152876598,
        33.484841001339326,
        47.875087511189165,
        29.88523687142578,
        31.18679505535371,
        43.63786442657147,
        41.590166052032494
    ]
}