{
    "Est_name": "ANN",
    "Run": 5,
    "Seed": 3657,
    "Est_params": {
        "activation": "tanh",
        "hidden_layer_sizes": [
            97
        ],
        "solver": "adam",
        "alpha": 0.46670934090185245,
        "learning_rate_init": 0.3126653782316811
    },
    "R2": 0.7361630193728745,
    "R": 0.8726782905040482,
    "MAPE": 0.11029344360768537,
    "RMSE": 5.2611036323123495,
    "y_test": [
        46.5,
        34.62,
        32.5,
        59.0,
        49.0,
        58.0,
        57.27,
        33.0,
        58.25,
        35.5,
        44.75,
        36.5,
        42.5,
        39.73,
        38.78,
        45.5,
        42.2,
        33.04,
        46.0,
        32.0,
        31.53,
        42.5,
        48.0,
        43.0,
        39.12,
        37.5,
        30.0,
        31.67,
        29.6,
        15.11,
        37.6,
        44.95,
        56.0,
        49.9,
        41.0,
        30.5,
        33.76,
        43.0,
        41.0,
        38.0,
        16.58,
        33.5,
        45.5,
        37.5,
        26.25,
        30.0,
        44.5,
        22.67,
        32.9,
        34.5,
        39.0,
        54.04,
        42.03,
        52.07,
        53.5,
        52.5,
        27.4,
        50.75,
        23.33,
        40.39,
        40.5,
        38.0,
        56.5,
        37.5,
        35.75,
        23.9,
        62.5,
        43.5,
        25.81
    ],
    "y_pred": [
        42.536753160840625,
        35.94074708646995,
        31.617137100992114,
        58.341510608536886,
        45.43230272735681,
        58.836615576620794,
        52.23479647842822,
        32.2726178857035,
        56.43494174023384,
        31.153804371093116,
        44.190931920414684,
        36.65185986069894,
        42.9081724766147,
        39.51249723823298,
        38.08560442773825,
        47.43674198558776,
        43.41430614940083,
        35.787788086136864,
        43.31094573733602,
        35.20132687690515,
        36.64759746437351,
        40.51953542226642,
        44.16118705293803,
        42.98603169125684,
        37.66934368449525,
        40.24272121991533,
        34.22348069145955,
        31.869098743311145,
        36.95210459300797,
        19.82281021594862,
        39.305638264578434,
        41.53270027564356,
        46.276539630963505,
        48.31741944414455,
        40.03455028896209,
        37.95732590560249,
        35.06077956337547,
        46.95779218175104,
        39.38660716681486,
        42.05593693371275,
        41.09361925953903,
        41.361516440371965,
        44.63851346128318,
        35.35636450859286,
        37.605880678921885,
        35.56293550006347,
        40.31133921626916,
        27.115344519433858,
        33.05412243484228,
        33.147678911465306,
        35.60901097639579,
        43.28017476389002,
        40.181194612424015,
        45.76835528512016,
        45.626403637102456,
        49.73213947619741,
        30.879522412569198,
        49.81318094838552,
        29.11932813142068,
        42.12629133778959,
        36.98444252445169,
        38.99067309886597,
        48.08450509455835,
        38.40524862189892,
        37.33023995896278,
        29.516636315287148,
        52.2179761107616,
        35.52325825342714,
        25.426011196018198
    ]
}