{
    "Est_name": "ANN",
    "Run": 14,
    "Seed": 1535,
    "Est_params": {
        "activation": "tanh",
        "hidden_layer_sizes": [
            98
        ],
        "solver": "adam",
        "alpha": 1e-08,
        "learning_rate_init": 0.12819937796128797
    },
    "R2": 0.7052837787956292,
    "R": 0.8516660886123711,
    "MAPE": 0.12868783736961423,
    "RMSE": 5.671907616802354,
    "y_test": [
        32.25,
        58.59,
        52.5,
        47.0,
        54.0,
        28.0,
        21.75,
        40.12,
        42.0,
        40.0,
        47.3,
        42.29,
        44.0,
        40.0,
        42.0,
        56.0,
        25.81,
        16.58,
        30.5,
        43.64,
        33.4,
        23.33,
        32.5,
        44.05,
        55.84,
        37.6,
        41.0,
        33.04,
        42.56,
        41.0,
        33.76,
        39.17,
        24.67,
        46.0,
        49.0,
        58.5,
        39.12,
        54.2,
        31.59,
        42.37,
        58.25,
        32.0,
        33.0,
        35.5,
        56.5,
        50.2,
        40.5,
        41.16,
        48.0,
        20.8,
        59.0,
        37.75,
        30.0,
        34.75,
        41.8,
        42.35,
        29.41,
        49.5,
        46.0,
        39.42,
        34.62,
        45.5,
        23.0,
        53.5,
        26.5,
        41.89,
        31.7,
        59.5,
        27.5
    ],
    "y_pred": [
        33.57040324532915,
        50.01811789878691,
        47.045881546758004,
        41.60479592380315,
        40.11385420386488,
        34.156380409037986,
        31.061952488438386,
        39.182693079110564,
        47.83338012690114,
        40.9762396813866,
        50.56921428577805,
        37.57999016835326,
        48.81501255802121,
        38.47051920290235,
        44.43306217646481,
        49.49388416886855,
        30.173179326596873,
        34.40389399405109,
        35.98555952804013,
        41.596138562783324,
        34.76591190555114,
        28.29224267798349,
        39.814116378102995,
        40.00674896617499,
        43.977437268104296,
        39.410446490148416,
        39.91302392482413,
        35.52179021457922,
        36.56607199745215,
        42.95110694497512,
        35.90029436695615,
        29.95426937382399,
        36.698704372402645,
        45.54876452091115,
        34.2881582327446,
        52.88933677156201,
        42.06638892580089,
        53.35774684390823,
        34.23811395992041,
        42.159473785838735,
        54.3227162691037,
        31.41555030298144,
        34.880819126539144,
        38.89395172915824,
        51.65515801966474,
        46.99700102245594,
        36.54934649835303,
        40.4956921076091,
        47.15912046526642,
        29.614238520221353,
        56.39502093199865,
        40.582418039527475,
        31.508521950560876,
        30.194624155111967,
        47.86296915345802,
        39.98826385341987,
        34.96760617851299,
        49.77522966091515,
        49.678523713572886,
        45.87163521095374,
        37.3735384127323,
        41.293594119463684,
        27.531163912193605,
        55.89822326707726,
        29.76194877811465,
        38.85493470138347,
        37.241334189225405,
        55.46706839752505,
        32.49016525049379
    ]
}