{
    "Est_name": "ANN",
    "Run": 11,
    "Seed": 6912,
    "Est_params": {
        "activation": "tanh",
        "hidden_layer_sizes": [
            100
        ],
        "solver": "adam",
        "alpha": 0.8750155173449196,
        "learning_rate_init": 0.23904749343691123
    },
    "R2": 0.7118616377721456,
    "R": 0.8768722880627263,
    "MAPE": 0.09917821554783232,
    "RMSE": 5.328952672737218,
    "y_test": [
        48.0,
        40.0,
        37.5,
        48.7,
        43.76,
        26.5,
        26.5,
        32.9,
        25.81,
        39.12,
        50.86,
        37.5,
        34.8,
        42.86,
        40.75,
        43.07,
        42.56,
        53.25,
        45.0,
        47.0,
        32.83,
        36.0,
        34.5,
        20.5,
        57.96,
        26.25,
        48.0,
        32.0,
        45.02,
        47.3,
        35.0,
        39.53,
        45.5,
        30.0,
        43.4,
        40.0,
        36.5,
        57.1,
        55.5,
        43.0,
        42.5,
        40.5,
        58.59,
        53.5,
        41.78,
        46.11,
        41.0,
        44.05,
        30.0,
        34.5,
        33.0,
        15.11,
        46.8,
        57.27,
        43.5,
        43.66,
        43.64,
        41.8,
        41.5,
        23.0,
        48.5,
        58.5,
        34.5,
        54.2,
        45.5,
        59.0,
        29.5,
        22.5,
        56.0
    ],
    "y_pred": [
        48.06925629389117,
        41.78807706761829,
        39.901970019337874,
        42.54403712097292,
        38.11524551737733,
        28.7439270043038,
        31.9838564970428,
        33.05399982627834,
        30.25288438044374,
        40.43184624842876,
        48.99539154392245,
        38.14515885710922,
        38.920291304216754,
        37.93772039483319,
        36.343946938641956,
        39.30107589145976,
        47.21681432855421,
        49.7534425346332,
        43.493819187072276,
        43.635368283143315,
        30.784356140138172,
        37.4441291021017,
        36.079888239687165,
        20.797821227035428,
        42.01283530764996,
        36.86015045286387,
        48.60478948397216,
        33.126519682841696,
        41.92377719495215,
        42.62448957154652,
        34.46346406503577,
        40.69139268167384,
        42.20745418039616,
        32.59843527412292,
        37.91466062598306,
        37.794333827075675,
        42.078538766618635,
        48.5035506951244,
        47.692699306750114,
        44.50265013853694,
        45.24802091098583,
        33.361010557984144,
        41.606497238926735,
        50.348218351514106,
        36.454720312735446,
        46.747924372508834,
        31.936053253897683,
        38.40069663054034,
        32.072273389328544,
        33.07552515284955,
        34.06239813350521,
        17.406848356280747,
        41.92388698543682,
        48.24836110703631,
        32.32539859160223,
        37.63466784349476,
        40.168931660134376,
        40.9516798440885,
        32.237218909707536,
        27.448731050316795,
        49.27940171333513,
        53.439035930844014,
        32.724932359163375,
        48.193069809333565,
        39.259875185148005,
        52.568767662934704,
        29.96791593821358,
        26.02850396588746,
        52.67025496096265
    ]
}