{
    "Est_name": "ANN",
    "Run": 24,
    "Seed": 3611,
    "Est_params": {
        "activation": "tanh",
        "hidden_layer_sizes": [
            94
        ],
        "solver": "adam",
        "alpha": 0.9743790986553726,
        "learning_rate_init": 0.2653625359396266
    },
    "R2": 0.7512847689012481,
    "R": 0.8780525486974766,
    "MAPE": 0.11896743308225696,
    "RMSE": 4.9241074118765145,
    "y_test": [
        26.5,
        41.0,
        44.5,
        42.0,
        39.5,
        33.5,
        35.0,
        48.0,
        37.5,
        57.27,
        41.5,
        57.0,
        37.6,
        32.91,
        45.5,
        21.75,
        30.5,
        26.5,
        29.6,
        48.0,
        53.9,
        29.5,
        26.75,
        44.6,
        39.3,
        13.33,
        40.0,
        35.0,
        22.13,
        35.0,
        46.8,
        35.0,
        47.0,
        48.0,
        33.04,
        49.9,
        53.25,
        26.5,
        41.16,
        38.0,
        56.25,
        33.4,
        40.75,
        16.58,
        53.5,
        38.61,
        27.49,
        45.23,
        56.0,
        39.73,
        43.64,
        31.25,
        22.04,
        28.5,
        41.78,
        33.76,
        49.5,
        29.5,
        31.75,
        32.57,
        31.7,
        47.3,
        40.12,
        45.0,
        33.5,
        46.7,
        52.07,
        35.5,
        34.5
    ],
    "y_pred": [
        24.51448425332253,
        37.851261082871005,
        46.4517379083337,
        38.04265118357642,
        33.98908077565062,
        31.833650624704504,
        39.638528629026666,
        48.16560711548984,
        34.27566304104044,
        49.95769422332512,
        50.37035811152422,
        57.229984582939174,
        37.177546988060435,
        39.047180121148074,
        47.185978100725656,
        30.86622428467918,
        33.029912086173475,
        27.42568345853305,
        37.39675591388513,
        47.24839850923869,
        47.836013175503965,
        33.0702388306283,
        31.301496850783398,
        48.00679531641896,
        37.949034742924084,
        20.816751144202698,
        42.828577141942205,
        33.863598525424194,
        28.108903257663204,
        34.24435409864196,
        47.879308903515074,
        34.31345056569441,
        44.40233775590757,
        40.66819387944283,
        32.860683082970645,
        50.132809064323645,
        49.201511576949564,
        33.75071158163189,
        39.19796904444132,
        40.923289527624185,
        57.70094685779219,
        35.366246543767154,
        33.92470551082033,
        33.068259809592185,
        46.25720955020394,
        39.20196856578903,
        36.917889277990646,
        43.436217127209616,
        55.63082194401609,
        40.72834730120681,
        45.10549264826792,
        27.901264373944198,
        28.04566744299241,
        37.64585056890228,
        43.44685483765314,
        35.48258217634195,
        48.83694172411497,
        39.60447297250839,
        33.65996022345493,
        37.71809201849905,
        35.29662982711052,
        49.7592694892493,
        38.6614055079052,
        49.38777480394312,
        34.39799330022591,
        40.076421152485786,
        42.428479102152885,
        36.02076589616665,
        33.578580014189924
    ]
}