{
    "Est_name": "ANN",
    "Run": 3,
    "Seed": 4506,
    "Est_params": {
        "activation": "logistic",
        "hidden_layer_sizes": [
            83
        ],
        "solver": "adam",
        "alpha": 0.8064365270191285,
        "learning_rate_init": 0.6598411407917869
    },
    "R2": 0.4018909985372353,
    "R": 0.6355821547470927,
    "MAPE": 0.15602649272138977,
    "RMSE": 7.409058982873811,
    "y_test": [
        25.81,
        33.85,
        35.0,
        42.25,
        56.5,
        41.0,
        34.0,
        46.7,
        34.75,
        33.5,
        57.1,
        57.8,
        31.25,
        22.13,
        42.0,
        40.03,
        39.8,
        52.5,
        57.0,
        45.5,
        39.42,
        48.0,
        49.0,
        34.25,
        41.0,
        33.0,
        32.25,
        22.73,
        21.5,
        33.25,
        37.5,
        41.04,
        32.0,
        46.0,
        52.07,
        41.5,
        49.5,
        40.5,
        59.5,
        27.5,
        56.0,
        43.76,
        43.5,
        35.75,
        35.0,
        37.75,
        41.5,
        26.5,
        26.25,
        32.83,
        45.8,
        44.95,
        31.8,
        38.0,
        42.5,
        40.0,
        53.5,
        22.5,
        47.0,
        48.0,
        48.0,
        28.5,
        32.25,
        29.02,
        33.5,
        44.75,
        46.5,
        24.67,
        29.5
    ],
    "y_pred": [
        30.01844393475447,
        32.78657473452408,
        35.59596017130183,
        40.74291190091626,
        53.607897395194705,
        37.75960944492637,
        37.680821709786436,
        52.146600079141805,
        34.674625392414846,
        37.68364229522163,
        46.05788906373361,
        40.590332572693875,
        35.18867773312699,
        31.710679536263672,
        40.04672331969063,
        41.42870883137107,
        44.51952783090468,
        47.53106099979795,
        51.032328372007605,
        36.750975879324265,
        43.48771402229765,
        33.2787943722172,
        44.65394470508357,
        39.389561187077284,
        35.66902177728597,
        38.58483033801442,
        38.938218450080065,
        39.256326845236735,
        25.21298181847222,
        39.949344955819555,
        44.56144162004397,
        37.92620097679536,
        34.01856397945219,
        48.74024669166211,
        47.81937643801652,
        37.98076882858712,
        35.39164539161385,
        39.47990028782874,
        55.0311621511134,
        32.59564372235585,
        45.7768530435118,
        39.96509795415447,
        32.03283391237767,
        36.62296939446625,
        35.90661688017341,
        36.41299663656794,
        45.24848122449916,
        37.68781043571438,
        47.035179194406446,
        31.311168152301892,
        45.06260109562428,
        36.658917065303456,
        30.560924438448808,
        35.52235936029746,
        39.68035270907293,
        38.14457993939169,
        51.010232221641765,
        25.80343291225887,
        34.29565747548644,
        40.31114462240006,
        48.4876621416742,
        47.095304739217354,
        30.995699749289624,
        43.300206669791095,
        30.873575301652874,
        36.741064879535486,
        44.13496920330488,
        37.021618863707246,
        29.46096992568969
    ]
}