{
    "Est_name": "ANN",
    "Run": 42,
    "Seed": 9891,
    "Est_params": {
        "activation": "tanh",
        "hidden_layer_sizes": [
            87
        ],
        "solver": "adam",
        "alpha": 0.8185500363838798,
        "learning_rate_init": 0.9407924372779133
    },
    "R2": 0.651408408028185,
    "R": 0.8120694641347695,
    "MAPE": 0.1120106529602958,
    "RMSE": 5.486821221576214,
    "y_test": [
        45.5,
        48.7,
        38.61,
        38.0,
        42.0,
        39.5,
        54.04,
        46.7,
        32.5,
        56.25,
        23.0,
        47.0,
        30.0,
        58.5,
        39.0,
        33.0,
        25.81,
        40.75,
        39.78,
        42.03,
        23.33,
        43.47,
        41.23,
        51.5,
        37.5,
        40.1,
        22.67,
        50.0,
        33.04,
        41.89,
        35.0,
        53.5,
        44.6,
        32.25,
        20.8,
        40.75,
        30.0,
        46.8,
        41.16,
        42.3,
        57.5,
        32.25,
        59.0,
        37.25,
        30.0,
        45.22,
        42.0,
        35.0,
        56.0,
        45.02,
        54.25,
        57.5,
        23.9,
        32.43,
        33.6,
        39.17,
        33.95,
        37.5,
        41.5,
        32.83,
        50.8,
        50.86,
        43.4,
        42.75,
        49.9,
        42.0,
        35.3,
        48.0,
        35.5
    ],
    "y_pred": [
        47.26362547319772,
        53.208315178497735,
        36.696150436556216,
        37.75224193056472,
        39.55450561244489,
        35.776176155524,
        52.18235638116273,
        47.77358122292327,
        39.32602121368224,
        60.89181030809246,
        24.19730746042783,
        47.31736245473579,
        35.55766219251196,
        56.18412836633507,
        45.89496971509378,
        32.88222735689188,
        36.75626149099268,
        33.47795917368632,
        34.93132931041165,
        38.36401751654428,
        38.32533061061956,
        42.10511160587015,
        38.27319977617709,
        37.99041839547675,
        36.896055411220836,
        35.47135604225506,
        27.621808199985395,
        57.202104650772334,
        32.16196245437874,
        36.2463983569514,
        31.9390982039249,
        53.65657462867215,
        48.652717682026086,
        32.32759083147431,
        26.59113171225942,
        37.45452723333436,
        41.283197044349606,
        52.43705826400161,
        40.65082380830183,
        38.486328155268026,
        55.95659303650439,
        34.48068460149676,
        53.39754753528624,
        37.34620386428863,
        40.61704726360758,
        43.22668966694338,
        47.84794811230018,
        40.39877200794697,
        58.753136201384116,
        44.14738283162885,
        51.85867060726052,
        54.71381949304148,
        31.33230085036091,
        44.90856485011762,
        33.17666492505021,
        29.221692488532724,
        33.79543053821997,
        38.19594593735715,
        38.01784674264914,
        34.668795203497865,
        38.53600927461855,
        54.05626240208097,
        41.72544252945651,
        38.65933204978581,
        39.71384779607083,
        44.742377863441355,
        35.252272662376576,
        44.62347953896696,
        35.733096979833
    ]
}