{
    "Est_name": "ANN",
    "Run": 29,
    "Seed": 2615,
    "Est_params": {
        "activation": "tanh",
        "hidden_layer_sizes": [
            83
        ],
        "solver": "adam",
        "alpha": 0.9176025038428111,
        "learning_rate_init": 0.09573738437012969
    },
    "R2": 0.5791393992533764,
    "R": 0.7669873314345064,
    "MAPE": 0.13524432735839975,
    "RMSE": 6.091429140365916,
    "y_test": [
        57.0,
        35.5,
        34.0,
        48.0,
        40.39,
        20.5,
        22.73,
        25.81,
        27.4,
        32.91,
        43.55,
        40.1,
        47.0,
        51.0,
        48.0,
        36.0,
        48.0,
        22.13,
        44.05,
        46.0,
        30.0,
        41.52,
        28.0,
        33.76,
        44.75,
        32.0,
        49.7,
        39.12,
        49.0,
        54.25,
        39.5,
        20.8,
        46.87,
        41.78,
        35.75,
        36.0,
        42.5,
        29.5,
        53.0,
        57.96,
        37.75,
        46.5,
        38.78,
        31.7,
        35.0,
        39.0,
        27.12,
        39.21,
        44.95,
        53.25,
        35.25,
        33.5,
        50.0,
        42.0,
        43.64,
        21.5,
        39.42,
        46.0,
        40.52,
        53.5,
        41.0,
        42.86,
        43.0,
        54.0,
        56.5,
        34.62,
        57.21,
        43.29,
        43.5
    ],
    "y_pred": [
        52.1266250214361,
        28.93673521549462,
        34.477855181256544,
        49.32858808010901,
        42.76101290678329,
        32.28129846885271,
        40.139142214493255,
        30.740325973501605,
        29.85307745893627,
        39.98605618326233,
        40.877042113297236,
        36.619041080235235,
        42.85839723985806,
        37.56261811588643,
        47.19385692659672,
        38.24045053317299,
        41.9589636474938,
        33.09332324483653,
        36.61209710833427,
        42.003648489752464,
        34.341056329363774,
        51.56729103632481,
        35.02130924365773,
        38.463252783508544,
        42.47265925664872,
        32.54900946753424,
        42.865621099100736,
        44.039613282607995,
        49.363858825916196,
        43.6569010677052,
        39.84661522525585,
        33.42796841435496,
        41.650968358921354,
        40.51381274781405,
        39.459065752156846,
        35.516053566703484,
        41.17567474319157,
        35.83496549983202,
        46.47882762361205,
        46.69882568344631,
        37.679492638928366,
        39.07792611216733,
        37.81273559679198,
        34.7974965797857,
        32.76430672393411,
        47.53811371521643,
        32.757158888598305,
        47.459812487388625,
        41.72842169214296,
        51.212907111050114,
        36.47499250647404,
        28.098249032236435,
        48.727346219744156,
        43.17554015694235,
        41.803286770903064,
        27.07564288580166,
        44.45371108239705,
        47.90521869685023,
        35.72526987892139,
        56.70230312187667,
        39.757499923698006,
        40.27470425101735,
        45.70808480164121,
        40.73786403130889,
        50.85613071091155,
        39.50689185026093,
        49.363858825916196,
        40.82952218916905,
        39.46287153755383
    ]
}