{
    "Est_name": "ANN",
    "Run": 44,
    "Seed": 711,
    "Est_params": {
        "activation": "tanh",
        "hidden_layer_sizes": [
            83
        ],
        "solver": "adam",
        "alpha": 0.7803543115104477,
        "learning_rate_init": 0.3007966135530476
    },
    "R2": 0.7080492515279613,
    "R": 0.8414978393893523,
    "MAPE": 0.10011931317001205,
    "RMSE": 5.102546932190022,
    "y_test": [
        35.5,
        22.5,
        22.73,
        29.02,
        18.52,
        20.5,
        41.0,
        32.25,
        41.0,
        53.0,
        46.0,
        33.0,
        30.0,
        47.0,
        37.0,
        45.22,
        45.0,
        34.5,
        42.25,
        34.62,
        44.5,
        37.5,
        40.0,
        55.5,
        34.5,
        45.23,
        56.25,
        38.0,
        56.38,
        58.25,
        46.11,
        42.03,
        55.84,
        26.5,
        42.56,
        27.7,
        29.6,
        25.81,
        34.5,
        41.78,
        37.75,
        26.5,
        46.0,
        43.55,
        30.0,
        37.5,
        29.5,
        30.0,
        48.0,
        41.04,
        42.56,
        39.12,
        46.87,
        39.45,
        39.17,
        35.0,
        42.56,
        41.89,
        59.5,
        39.53,
        54.0,
        36.5,
        31.47,
        43.47,
        44.5,
        57.0,
        42.66,
        35.0,
        49.5
    ],
    "y_pred": [
        32.000355403313215,
        23.32677836290114,
        35.951167980675,
        43.686897011555516,
        27.73770705753817,
        26.763774305899442,
        40.12564631128923,
        31.489956978950026,
        34.75135827959471,
        48.216254367369764,
        46.542632211083244,
        35.20366880739849,
        30.426866130837578,
        38.33316856013935,
        46.70789235240118,
        43.300789586927024,
        42.13891196209382,
        41.312090855432054,
        42.54021006730308,
        36.113486888803024,
        45.07634637470866,
        37.8232371088676,
        40.055984615263,
        50.03266872680634,
        34.972479958069655,
        42.23721498715522,
        56.059240050659184,
        40.49590793790817,
        35.56832553678949,
        56.9354756965938,
        44.876543363861934,
        39.2710083626983,
        60.15526946017112,
        28.225836298518505,
        40.920940163866014,
        38.50585235646359,
        32.82212413217633,
        23.807954638080112,
        37.54869989819789,
        38.71666603890735,
        35.80926691083829,
        32.22931277167166,
        52.72492121223365,
        40.94818617556874,
        32.73888979629636,
        34.581042005082296,
        30.923699349057127,
        33.496022634561825,
        46.18387506350084,
        37.863416094571015,
        40.1795840825712,
        39.379129046224186,
        42.89531851467357,
        37.924793819298195,
        34.96617940407558,
        35.101066726456345,
        40.74471618683048,
        38.76173971000901,
        57.334822498469556,
        41.01343537164628,
        49.816334569152616,
        40.39204656451167,
        29.659977319920923,
        39.46694788820865,
        40.41896831619062,
        56.43093927831058,
        40.28452688275357,
        35.049394942080795,
        55.7181800885302
    ]
}