{
    "Est_name": "ANN",
    "Run": 16,
    "Seed": 3811,
    "Est_params": {
        "activation": "tanh",
        "hidden_layer_sizes": [
            50
        ],
        "solver": "adam",
        "alpha": 0.6467727185176284,
        "learning_rate_init": 0.2106261681432669
    },
    "R2": 0.5387284251691444,
    "R": 0.7473508902130234,
    "MAPE": 0.10284223676964153,
    "RMSE": 5.33826970740915,
    "y_test": [
        30.0,
        53.5,
        49.5,
        36.0,
        46.0,
        49.9,
        32.83,
        33.46,
        38.0,
        42.3,
        40.39,
        32.25,
        32.91,
        31.75,
        33.25,
        49.7,
        46.0,
        51.0,
        48.0,
        35.0,
        33.5,
        47.0,
        42.25,
        43.64,
        40.5,
        30.0,
        35.5,
        50.2,
        29.0,
        55.5,
        53.5,
        52.5,
        15.11,
        47.3,
        29.5,
        37.0,
        48.0,
        39.12,
        41.95,
        43.66,
        53.25,
        43.76,
        53.5,
        56.38,
        38.78,
        51.0,
        41.04,
        39.0,
        40.0,
        46.0,
        42.0,
        37.25,
        39.0,
        39.78,
        48.0,
        34.5,
        41.5,
        35.0,
        45.0,
        36.5,
        41.8,
        39.21,
        35.0,
        41.0,
        39.5,
        36.0,
        33.04,
        33.95,
        29.6
    ],
    "y_pred": [
        34.76712425729304,
        50.2078534043285,
        45.45543170224203,
        36.544169287320834,
        44.98019138838494,
        52.530433636686716,
        31.808503292855555,
        41.19979131471447,
        37.81104961871149,
        37.37898793022761,
        40.88332154615859,
        31.489311970640642,
        34.51144123531378,
        35.11633166076954,
        29.807770961856267,
        42.10743918977949,
        49.700410213496724,
        39.81430785659729,
        48.897695630643504,
        37.534375553436014,
        33.56184469044152,
        40.560445756075374,
        40.907193777651784,
        41.90476263558408,
        39.814617712945015,
        33.8191429489759,
        39.74233994054955,
        39.05590542353742,
        34.80243278316029,
        49.37686213486743,
        49.3013509186109,
        55.9088503449246,
        21.10916442820656,
        50.354546769458686,
        34.450789094521284,
        46.62195696274036,
        40.03535574358423,
        43.24219485355518,
        40.19044801030461,
        38.69833356996876,
        47.65639558351513,
        39.18884700080176,
        57.528059352900755,
        36.20293491272223,
        37.29326749798281,
        50.869189034431585,
        39.3970052946274,
        46.04803829586465,
        41.83754894699229,
        40.92387242507278,
        39.95137726085398,
        38.446582937946545,
        35.93420504373508,
        37.21629445022115,
        43.95528771721769,
        31.302633014055203,
        35.49940480458639,
        35.45373561918155,
        55.119496535317566,
        34.74579658708216,
        48.12268622821655,
        45.66524757496142,
        36.454572676155514,
        31.37053924360674,
        35.78524623547289,
        36.00956650489271,
        35.91578146731363,
        31.108138285150233,
        37.49888355091074
    ]
}