{
    "Est_name": "ANN",
    "Run": 17,
    "Seed": 8279,
    "Est_params": {
        "activation": "tanh",
        "hidden_layer_sizes": [
            83
        ],
        "solver": "adam",
        "alpha": 0.4791223308838443,
        "learning_rate_init": 0.12363567300934869
    },
    "R2": 0.597480825901304,
    "R": 0.8036981896809874,
    "MAPE": 0.12109264755554569,
    "RMSE": 6.642151743639378,
    "y_test": [
        52.5,
        51.0,
        45.8,
        41.5,
        56.5,
        30.0,
        34.5,
        39.5,
        26.5,
        33.5,
        26.5,
        54.0,
        27.12,
        35.75,
        15.11,
        32.57,
        23.0,
        33.85,
        34.25,
        39.0,
        33.5,
        40.52,
        57.27,
        48.0,
        43.76,
        44.05,
        37.5,
        62.5,
        38.82,
        55.5,
        58.5,
        49.7,
        49.0,
        32.0,
        48.0,
        30.0,
        39.5,
        52.07,
        48.0,
        41.89,
        33.46,
        32.25,
        46.0,
        35.0,
        39.17,
        53.0,
        43.47,
        33.5,
        57.8,
        42.0,
        57.5,
        40.0,
        53.25,
        22.04,
        56.0,
        42.35,
        20.5,
        46.0,
        45.5,
        36.5,
        31.59,
        29.02,
        48.5,
        38.61,
        33.4,
        33.0,
        45.23,
        42.56,
        23.33
    ],
    "y_pred": [
        47.75266209971227,
        35.115675166369705,
        50.3953492366776,
        32.301535914370895,
        48.0965711619688,
        29.252466411152977,
        37.5194989449756,
        41.4557316188212,
        28.276827894257927,
        29.54674548630091,
        30.862252091602585,
        48.4305943664871,
        31.71672207421814,
        38.09622207298999,
        15.558221484935858,
        37.22335190211049,
        27.66497923442781,
        34.278070640766096,
        36.622055153879124,
        35.697114587878644,
        27.09586095608104,
        32.84288589548537,
        50.99654030694877,
        43.73580594620286,
        40.4182442165944,
        37.25653484761736,
        39.21556555299067,
        48.76112405159827,
        42.50721168911383,
        42.32461008890199,
        56.41758782491297,
        44.438057558400935,
        30.647174435936485,
        33.353055069220744,
        47.77056341786387,
        33.03156375706345,
        34.29819642920707,
        47.53330473193179,
        48.490797961508335,
        42.17662972672271,
        37.84341064202117,
        35.24995520033024,
        41.769043203305465,
        32.7169354802851,
        33.234588643610124,
        46.907911991027085,
        40.665807954776575,
        30.981999506074413,
        31.131597277154636,
        39.86170254004611,
        48.51814276578648,
        39.99189118034523,
        49.93953275632469,
        30.676798609154435,
        52.713240521375575,
        38.56354638995885,
        30.66993290696338,
        45.449620561518614,
        43.63623366766785,
        38.921398991471264,
        36.68083611052888,
        30.783543555853942,
        57.02421694514703,
        32.154747515229424,
        33.687562833671855,
        31.863336306924456,
        40.04258803580926,
        36.03518571334231,
        17.873768483237736
    ]
}