{
    "Est_name": "ANN",
    "Run": 10,
    "Seed": 9674,
    "Est_params": {
        "activation": "tanh",
        "hidden_layer_sizes": [
            69
        ],
        "solver": "adam",
        "alpha": 0.6935784419901363,
        "learning_rate_init": 0.299855241492092
    },
    "R2": 0.4580757447984868,
    "R": 0.6829317274606235,
    "MAPE": 0.17778996555426294,
    "RMSE": 7.929574547269471,
    "y_test": [
        50.2,
        34.0,
        38.0,
        56.0,
        43.5,
        57.96,
        20.8,
        42.3,
        34.62,
        28.5,
        39.0,
        42.2,
        30.0,
        45.25,
        41.23,
        33.41,
        32.83,
        45.02,
        22.73,
        15.11,
        57.8,
        31.53,
        56.0,
        32.25,
        26.5,
        44.0,
        38.78,
        33.0,
        48.0,
        45.5,
        41.0,
        58.59,
        38.82,
        40.03,
        29.5,
        26.5,
        41.52,
        42.03,
        52.5,
        39.12,
        50.8,
        53.5,
        49.9,
        47.0,
        48.0,
        58.0,
        36.5,
        53.5,
        57.0,
        52.0,
        45.0,
        33.5,
        37.5,
        18.52,
        56.25,
        40.0,
        59.0,
        48.0,
        34.5,
        31.75,
        56.5,
        37.5,
        53.25,
        45.22,
        28.5,
        31.25,
        23.0,
        46.0,
        46.25
    ],
    "y_pred": [
        44.33167976043313,
        34.671780658542474,
        35.32229444670534,
        56.76106660681018,
        34.01805352032394,
        45.76474794895229,
        38.21570062256773,
        36.537975321917436,
        35.84612200983188,
        35.73620604784524,
        41.57682314343682,
        42.12215904345696,
        39.026925705665754,
        41.28471608092525,
        48.65307037062997,
        36.30065209861969,
        33.56631428928356,
        35.8490696647764,
        44.75397685648528,
        24.899469722467273,
        45.02009535841911,
        45.79022607496877,
        44.70019515551088,
        44.50200048158206,
        41.165492357209814,
        44.962373891167935,
        37.64079566676322,
        36.93401839023669,
        46.67819252161739,
        42.47402462480063,
        35.0195871654835,
        45.89213966676808,
        37.081947756789766,
        47.18398901844821,
        36.49754472304421,
        25.176562630092352,
        48.90283902159542,
        35.336488479592305,
        52.650318190287706,
        42.86655106977469,
        47.90127280469367,
        45.45739516591762,
        48.79856967221167,
        47.92449250060021,
        48.4543213345415,
        55.49576275251936,
        35.418507083316264,
        53.35900151266079,
        54.115810274092205,
        46.2937427211785,
        42.79873326746781,
        34.86461409358688,
        41.82471671539892,
        39.543706165946034,
        55.55201787746321,
        41.49376201846859,
        56.17548771374986,
        47.440332381783115,
        25.404267256776293,
        44.09349568655757,
        42.620559250335134,
        44.22231594153382,
        46.997729034294935,
        41.90195881888016,
        46.02130977986717,
        35.2646954349693,
        31.618726317590042,
        48.7132358547079,
        47.119212877408444
    ]
}