{
    "Est_name": "ANN",
    "Run": 4,
    "Seed": 4012,
    "Est_params": {
        "activation": "tanh",
        "hidden_layer_sizes": [
            58
        ],
        "solver": "adam",
        "alpha": 0.7199724142597906,
        "learning_rate_init": 0.5589511204402174
    },
    "R2": 0.5992172562097549,
    "R": 0.7937755114447165,
    "MAPE": 0.11904776816819528,
    "RMSE": 5.691053242799066,
    "y_test": [
        35.3,
        49.9,
        31.25,
        27.5,
        37.75,
        27.12,
        33.85,
        25.81,
        53.25,
        43.55,
        32.25,
        41.0,
        33.0,
        33.04,
        32.0,
        42.25,
        38.78,
        27.5,
        40.5,
        44.5,
        59.5,
        35.0,
        36.0,
        46.0,
        13.33,
        39.45,
        60.25,
        52.5,
        47.0,
        34.5,
        50.75,
        31.47,
        32.5,
        42.56,
        32.25,
        31.53,
        56.38,
        41.16,
        41.89,
        39.12,
        36.5,
        43.65,
        41.25,
        23.0,
        43.76,
        58.0,
        42.3,
        27.49,
        42.0,
        34.5,
        42.37,
        45.0,
        43.5,
        42.2,
        46.87,
        44.6,
        33.0,
        44.5,
        42.2,
        51.0,
        31.8,
        22.9,
        43.5,
        32.5,
        40.0,
        42.86,
        51.5,
        45.02,
        41.78
    ],
    "y_pred": [
        34.25605496943852,
        53.42850775780423,
        30.13800015918592,
        39.86547335049031,
        40.62165293591408,
        31.56822417263583,
        36.25500368685082,
        30.020605279830193,
        54.89467033942275,
        39.997288065281104,
        34.71121902288072,
        38.62499065138677,
        33.7523501508676,
        32.430589784474,
        30.840619487054866,
        45.25507731542022,
        38.34031508054694,
        38.67630804937786,
        35.23437863377471,
        36.34265662092797,
        55.17806956321495,
        33.12492293281054,
        29.562732231371747,
        50.88360109374049,
        20.434675891512235,
        39.40503085369351,
        54.802191139957294,
        50.644772864757876,
        51.193789717251875,
        38.18413796097129,
        50.47862654451398,
        30.2768940719604,
        31.680446989997563,
        36.80123382552817,
        31.273181010135517,
        43.64306853366677,
        45.647051961901234,
        37.29202839406053,
        42.2811540914275,
        41.30598971082847,
        39.26802713322546,
        40.19277687022702,
        48.93395402531923,
        26.34717696162418,
        45.18918322358167,
        65.09998239049035,
        37.47852651496308,
        43.4891888649493,
        39.572589245879534,
        40.764611941430864,
        43.13208727818511,
        49.22957204661096,
        57.6075441033317,
        49.56815204514036,
        45.34770151425905,
        51.51812963841288,
        35.17217894745404,
        43.635158190013705,
        44.57677791792407,
        39.73284539780442,
        29.840897893474995,
        28.21745145416387,
        29.428818273781772,
        39.81579840140984,
        41.117277143981546,
        39.160053826584665,
        51.105984781507146,
        41.59970902913761,
        41.16676490553561
    ]
}