{
    "Est_name": "ANN",
    "Run": 40,
    "Seed": 5881,
    "Est_params": {
        "activation": "tanh",
        "hidden_layer_sizes": [
            100
        ],
        "solver": "adam",
        "alpha": 0.2558608326712693,
        "learning_rate_init": 0.20144344525913468
    },
    "R2": 0.5264780447973954,
    "R": 0.7571428752322039,
    "MAPE": 0.11838488837169113,
    "RMSE": 6.202743382106909,
    "y_test": [
        35.25,
        57.8,
        48.0,
        58.0,
        39.0,
        39.78,
        42.56,
        36.0,
        53.0,
        43.0,
        31.7,
        56.5,
        45.0,
        43.07,
        31.47,
        40.75,
        40.5,
        50.0,
        25.68,
        53.5,
        32.83,
        51.0,
        31.67,
        59.0,
        42.56,
        38.0,
        41.89,
        50.2,
        33.6,
        30.0,
        41.5,
        36.0,
        27.4,
        35.25,
        49.5,
        53.5,
        32.5,
        46.0,
        53.25,
        43.55,
        44.6,
        25.81,
        56.0,
        34.25,
        29.0,
        33.5,
        48.0,
        40.52,
        33.46,
        44.95,
        42.0,
        22.04,
        38.82,
        32.25,
        46.0,
        42.2,
        34.75,
        22.9,
        42.0,
        62.5,
        43.5,
        42.66,
        43.5,
        39.73,
        41.16,
        37.5,
        35.0,
        33.5,
        35.5
    ],
    "y_pred": [
        30.379332392960535,
        31.96494038854287,
        36.0855885589609,
        59.066886070602926,
        50.38027388248016,
        38.07923943176173,
        44.351621266106676,
        37.39517225026122,
        44.31317415680254,
        52.466379007347946,
        37.39352469514302,
        55.85250096906437,
        36.972082225240776,
        43.89272818755236,
        28.8170231164262,
        36.947558936953875,
        31.84868931175491,
        53.342145597121146,
        30.17253604046097,
        46.858195065894584,
        35.76590186288167,
        40.872734494487226,
        37.246314589437624,
        58.786803666436846,
        39.22879418828511,
        35.589148748330494,
        41.18570217359474,
        35.530294480622025,
        41.687169213768605,
        33.21721368566192,
        32.876832343271005,
        31.23815364058293,
        28.620771673395403,
        30.422070688543783,
        48.43461015586729,
        58.03082998163296,
        28.67063727822518,
        36.87921287252473,
        52.394169636805174,
        44.55081757206065,
        46.52917189667779,
        29.234444510646583,
        55.6725680637665,
        28.42994942274403,
        32.915074921142846,
        37.99433392919698,
        42.95510819076289,
        43.11264320354608,
        43.926109595520785,
        42.449269957048884,
        37.03157041201781,
        27.78813293986621,
        39.64553700100265,
        39.18189475680924,
        45.88995143930924,
        38.792966595244124,
        29.20506409021481,
        29.916619361043608,
        40.54152746147914,
        57.23974701194562,
        40.63146627351001,
        44.26957732305976,
        45.585601932060136,
        43.6586492514995,
        39.44551566357623,
        35.49874184793641,
        29.715805019078083,
        32.1673668687385,
        30.376099912718907
    ]
}