{
    "Est_name": "ANN",
    "Run": 41,
    "Seed": 5635,
    "Est_params": {
        "activation": "tanh",
        "hidden_layer_sizes": [
            100
        ],
        "solver": "adam",
        "alpha": 0.7342884134805563,
        "learning_rate_init": 0.8583704774576615
    },
    "R2": 0.4202502631420585,
    "R": 0.7240041923807913,
    "MAPE": 0.12495699030142657,
    "RMSE": 6.750257482214982,
    "y_test": [
        59.5,
        47.0,
        31.47,
        49.0,
        44.5,
        34.5,
        41.4,
        33.5,
        32.57,
        42.66,
        56.0,
        50.5,
        44.05,
        33.46,
        28.0,
        36.5,
        31.67,
        26.5,
        40.0,
        47.0,
        55.52,
        36.5,
        52.07,
        39.5,
        39.5,
        39.78,
        29.5,
        34.25,
        36.0,
        26.25,
        48.0,
        46.5,
        42.2,
        49.0,
        26.5,
        39.5,
        28.5,
        27.7,
        49.9,
        35.5,
        32.5,
        53.25,
        58.59,
        40.0,
        22.5,
        40.5,
        53.5,
        32.91,
        30.25,
        41.52,
        40.75,
        46.7,
        30.0,
        39.3,
        35.25,
        36.0,
        42.0,
        57.96,
        37.0,
        57.5,
        40.12,
        41.5,
        32.83,
        49.5,
        41.0,
        31.59,
        38.61,
        36.0,
        42.37
    ],
    "y_pred": [
        56.51437651427895,
        43.22250766284413,
        33.23553110913303,
        52.571333416056575,
        39.83104647114371,
        48.445997227324625,
        44.58950577496025,
        24.837312407826737,
        32.959674280327214,
        37.28932061310553,
        59.14201703834846,
        52.28563715799723,
        38.423531293048015,
        34.9295839944264,
        27.792219894555522,
        37.62764132058103,
        32.23102179946746,
        21.64260384858825,
        41.145059689186866,
        45.47304136637542,
        45.888326968449505,
        33.957736570497,
        43.194646683874176,
        37.399934721061875,
        38.52934764132077,
        36.94001133875911,
        23.852019420618777,
        35.02146510267032,
        34.218449215787786,
        43.01161338722089,
        51.52163868350514,
        47.733020204649016,
        56.283260450601546,
        44.94699402908074,
        26.10815018806003,
        30.983221162353942,
        34.14115617522652,
        52.46647088632058,
        52.55991443837995,
        37.43476241184437,
        31.815359066114155,
        52.261112046436246,
        49.65298451719923,
        40.8519642473687,
        28.37709497550439,
        26.167868666689287,
        50.545770299670465,
        34.816341144669,
        33.976652913979606,
        45.808250367326934,
        37.55559949923966,
        44.907051354724764,
        30.815266727884335,
        41.30702879493229,
        38.302709697922964,
        41.11919090987496,
        39.44261441470602,
        50.76965193836424,
        39.49364611196085,
        49.50408993704118,
        39.343102281054875,
        49.60796140956023,
        30.550150106939142,
        55.37083833668566,
        22.571658864183178,
        30.49363002572239,
        35.915965112534366,
        20.944319038994657,
        40.39333607271866
    ]
}