{
    "Est_name": "ANN",
    "Run": 33,
    "Seed": 2547,
    "Est_params": {
        "activation": "logistic",
        "hidden_layer_sizes": [
            42
        ],
        "solver": "adam",
        "alpha": 0.29586872565525124,
        "learning_rate_init": 0.8550451122110553
    },
    "R2": 0.4151693585258951,
    "R": 0.6523949938662441,
    "MAPE": 0.1807037101482324,
    "RMSE": 7.600963284961561,
    "y_test": [
        34.8,
        48.0,
        40.75,
        48.0,
        35.5,
        44.0,
        22.13,
        46.7,
        26.5,
        35.25,
        43.07,
        62.5,
        42.0,
        43.5,
        43.5,
        40.0,
        39.5,
        16.58,
        26.5,
        40.03,
        43.5,
        39.61,
        30.25,
        40.1,
        59.5,
        35.75,
        42.56,
        46.0,
        32.26,
        33.5,
        31.75,
        42.0,
        39.8,
        42.0,
        57.96,
        40.5,
        57.27,
        52.07,
        40.0,
        22.9,
        27.7,
        27.49,
        32.83,
        31.47,
        49.0,
        30.0,
        38.0,
        59.0,
        32.57,
        21.75,
        41.95,
        31.25,
        53.9,
        35.0,
        27.4,
        39.78,
        44.75,
        43.55,
        46.25,
        48.0,
        46.5,
        49.0,
        22.5,
        41.78,
        27.5,
        31.25,
        55.84,
        37.5,
        51.0
    ],
    "y_pred": [
        36.86354702352194,
        40.92412307117725,
        38.74194790004659,
        40.62494037268534,
        34.16474860461465,
        38.686093345710574,
        34.99361761746704,
        43.04505759229397,
        30.3560686534248,
        31.48207822896575,
        39.16835446852729,
        54.56492296612964,
        40.89614938456016,
        38.74261838096092,
        37.78060855024473,
        40.85624876686329,
        41.06694657525094,
        40.01681372675341,
        30.9270482347933,
        47.31558683978983,
        48.61047013055712,
        37.57034386030586,
        43.61912450506295,
        36.40293126239067,
        55.861381259193124,
        38.18667503018677,
        37.21009470708353,
        42.809477452881616,
        43.75319209761065,
        36.12258528028291,
        41.523707543158594,
        47.29595235439597,
        48.14609370160563,
        49.13936114153981,
        46.89701215128103,
        37.51913196329398,
        48.99003106249622,
        44.08540034146003,
        40.178380580436645,
        37.69880138797815,
        46.93425557725806,
        44.14128415163196,
        37.84710768413207,
        29.95343105351367,
        49.68066432290975,
        35.702893070925136,
        38.56785632610227,
        54.00196668766749,
        39.57422875916303,
        34.40828319751392,
        36.987225194971344,
        30.91715277902568,
        44.45711467069103,
        41.024257912359786,
        30.82980600639929,
        35.64253366404844,
        40.02648212150631,
        39.8034803703695,
        39.446920827983384,
        44.64663192528292,
        41.964665791749226,
        46.63562183950732,
        26.18663083343153,
        39.53766335933186,
        40.52509795847952,
        34.80218947638624,
        48.72743396354852,
        41.49155157059112,
        36.146499465736106
    ]
}