{
    "Est_name": "ANN",
    "Run": 17,
    "Seed": 8279,
    "Est_params": {
        "activation": "relu",
        "hidden_layer_sizes": [
            44
        ],
        "solver": "adam",
        "alpha": 0.14447170297808906,
        "learning_rate_init": 0.32720350024174616
    },
    "R2": 0.26809355416679514,
    "R": 0.5404410849619872,
    "MAPE": 0.2026135212835966,
    "RMSE": 8.956602339847638,
    "y_test": [
        52.5,
        51.0,
        45.8,
        41.5,
        56.5,
        30.0,
        34.5,
        39.5,
        26.5,
        33.5,
        26.5,
        54.0,
        27.12,
        35.75,
        15.11,
        32.57,
        23.0,
        33.85,
        34.25,
        39.0,
        33.5,
        40.52,
        57.27,
        48.0,
        43.76,
        44.05,
        37.5,
        62.5,
        38.82,
        55.5,
        58.5,
        49.7,
        49.0,
        32.0,
        48.0,
        30.0,
        39.5,
        52.07,
        48.0,
        41.89,
        33.46,
        32.25,
        46.0,
        35.0,
        39.17,
        53.0,
        43.47,
        33.5,
        57.8,
        42.0,
        57.5,
        40.0,
        53.25,
        22.04,
        56.0,
        42.35,
        20.5,
        46.0,
        45.5,
        36.5,
        31.59,
        29.02,
        48.5,
        38.61,
        33.4,
        33.0,
        45.23,
        42.56,
        23.33
    ],
    "y_pred": [
        44.27613636188299,
        36.817094970649656,
        42.87872326683639,
        37.71467965174004,
        46.5043989738419,
        37.472877594373145,
        39.50043706565566,
        40.058252145821015,
        27.894433664608947,
        27.302680796409142,
        36.69111836966578,
        39.43329591663252,
        30.93403477185612,
        39.56841995692597,
        41.946401056947906,
        39.326292223697045,
        33.711815920462165,
        38.94771926013925,
        33.40855778331084,
        41.34319367610786,
        37.25903186965385,
        37.035767372879064,
        54.398047278020236,
        46.83527172515984,
        32.276113518139,
        31.216802786979237,
        28.698625911526186,
        47.28292930186555,
        39.3037024469717,
        42.123526461963976,
        64.27309942069408,
        35.79241104281135,
        36.684669576429826,
        29.336576337048044,
        36.95670660436583,
        38.90842829821278,
        39.57869716215069,
        59.18104338356529,
        39.119904577961094,
        39.439230710070625,
        39.4279630896011,
        34.00914240004938,
        40.693669134582336,
        40.30954224796736,
        33.048311591648634,
        41.24784283242023,
        40.80154901406016,
        38.128529507147725,
        40.003061587038665,
        35.09145328670391,
        46.70507354555588,
        41.36782595454244,
        56.9847434575625,
        36.79149521201288,
        46.668685930872435,
        32.74673029873719,
        35.96200775992412,
        53.828024479513616,
        39.12203407370465,
        38.21272770763424,
        39.943937939676985,
        28.09550951478214,
        46.030257936131825,
        37.35567343528124,
        39.24113319644222,
        34.385180401292004,
        40.57804294920932,
        38.3869155972055,
        46.37441517664376
    ]
}