{
    "Est_name": "ANN",
    "Run": 40,
    "Seed": 5881,
    "Est_params": {
        "activation": "tanh",
        "hidden_layer_sizes": [
            79
        ],
        "solver": "adam",
        "alpha": 0.42107539822995366,
        "learning_rate_init": 0.19958460901621794
    },
    "R2": 0.6511149222900627,
    "R": 0.8378055966687165,
    "MAPE": 0.10045446735491544,
    "RMSE": 5.324207234249661,
    "y_test": [
        35.25,
        57.8,
        48.0,
        58.0,
        39.0,
        39.78,
        42.56,
        36.0,
        53.0,
        43.0,
        31.7,
        56.5,
        45.0,
        43.07,
        31.47,
        40.75,
        40.5,
        50.0,
        25.68,
        53.5,
        32.83,
        51.0,
        31.67,
        59.0,
        42.56,
        38.0,
        41.89,
        50.2,
        33.6,
        30.0,
        41.5,
        36.0,
        27.4,
        35.25,
        49.5,
        53.5,
        32.5,
        46.0,
        53.25,
        43.55,
        44.6,
        25.81,
        56.0,
        34.25,
        29.0,
        33.5,
        48.0,
        40.52,
        33.46,
        44.95,
        42.0,
        22.04,
        38.82,
        32.25,
        46.0,
        42.2,
        34.75,
        22.9,
        42.0,
        62.5,
        43.5,
        42.66,
        43.5,
        39.73,
        41.16,
        37.5,
        35.0,
        33.5,
        35.5
    ],
    "y_pred": [
        34.12648774616906,
        33.457568587488716,
        42.7011762621423,
        61.12249646074408,
        47.948627759792146,
        35.77715408662347,
        45.770102150962146,
        34.74366429107562,
        46.37204685683592,
        49.14660536207416,
        35.51328235322493,
        54.813250791074836,
        41.70370009732659,
        40.30461946964168,
        28.578758052360918,
        35.17310749201734,
        33.75850835122953,
        50.842481822172566,
        30.781066548797597,
        48.65930058556362,
        34.37714245789652,
        40.72526353853257,
        29.73925065539231,
        59.11202083446448,
        41.414614653655285,
        36.75364419277196,
        43.63967324107623,
        41.48606495609311,
        34.22453774895711,
        33.11956341290025,
        33.605519292343175,
        27.534899097975554,
        27.563348825628793,
        29.98727446149436,
        47.83035362035306,
        56.24956072957939,
        30.342084327474474,
        42.91775879178556,
        52.26007947217118,
        41.150819113772364,
        44.196287078812006,
        29.813945986249564,
        56.29113186174481,
        30.834294934882088,
        26.926722330104944,
        30.649261703756963,
        44.73109280565085,
        35.21283849621326,
        41.440320633474684,
        42.76539618685408,
        38.459416122384674,
        28.672680133936858,
        41.662268331007276,
        31.75144902570254,
        44.07863457493187,
        41.29332771784892,
        28.830787463426176,
        31.20433817828347,
        41.21242953948346,
        57.29484849217286,
        36.54826160273064,
        38.86954637665514,
        46.078557264206,
        35.63251916223331,
        39.62076056726867,
        37.80029831519755,
        28.536816615890267,
        24.1943574935526,
        36.637584188528194
    ]
}