{
    "Est_name": "ANN",
    "Run": 21,
    "Seed": 3257,
    "Est_params": {
        "activation": "logistic",
        "hidden_layer_sizes": [
            40
        ],
        "solver": "adam",
        "alpha": 0.6388560727427007,
        "learning_rate_init": 0.5604607592086379
    },
    "R2": 0.43008456402179385,
    "R": 0.6618946641527567,
    "MAPE": 0.1544855151705912,
    "RMSE": 6.683944085089634,
    "y_test": [
        40.87,
        57.8,
        35.5,
        43.5,
        40.0,
        35.0,
        44.5,
        49.0,
        43.29,
        46.0,
        57.0,
        23.9,
        42.66,
        44.75,
        42.3,
        52.0,
        21.75,
        41.5,
        42.29,
        42.2,
        46.7,
        42.0,
        49.0,
        35.25,
        33.04,
        38.61,
        28.0,
        45.0,
        33.0,
        40.52,
        39.45,
        36.0,
        39.5,
        31.67,
        33.0,
        45.23,
        41.4,
        39.5,
        32.26,
        45.5,
        29.6,
        35.75,
        48.0,
        39.5,
        34.0,
        20.5,
        31.8,
        43.0,
        31.47,
        50.2,
        28.0,
        45.8,
        36.0,
        40.0,
        26.5,
        55.84,
        40.5,
        43.0,
        22.04,
        33.46,
        34.5,
        60.25,
        24.5,
        34.8,
        23.33,
        47.3,
        43.76,
        42.56,
        23.0
    ],
    "y_pred": [
        30.74467071750268,
        43.85386263508258,
        34.334805942295354,
        30.072786262133093,
        40.329249587331766,
        34.08443326154498,
        41.341757572075956,
        48.9478105684234,
        38.61649256452475,
        45.549024529702045,
        47.92605968624644,
        37.01991246944817,
        38.33168423499453,
        39.42374431007433,
        38.30727568511113,
        48.01120973066927,
        34.63779149634003,
        49.926538752528025,
        38.729102923818296,
        54.59008133441968,
        44.45410860531427,
        42.672911592946726,
        51.16387833391729,
        31.458950439135673,
        36.07008941327167,
        34.95678118497152,
        34.02267505057266,
        46.1852304609955,
        36.81693588748378,
        35.14170788038558,
        36.27239650426654,
        34.882252485512666,
        38.02142038788893,
        33.01262759457341,
        34.550801288737254,
        39.62410257583589,
        48.64474275101431,
        41.04543153362031,
        42.383463631463634,
        43.37165882274633,
        42.711992544504874,
        40.57469105229477,
        43.209465799176066,
        41.11910680444168,
        33.310497550287934,
        34.2840413005158,
        27.14867477455346,
        42.26946135522633,
        27.618142704475712,
        41.82530375079043,
        36.538790357725865,
        49.75125982678995,
        37.87744768778347,
        38.85022520115191,
        32.904376385283605,
        53.553018059397,
        35.003185242456716,
        49.87698643822791,
        34.70279134983237,
        42.514752583702794,
        38.72636926986809,
        47.63015576638565,
        31.38240083592324,
        35.45573170655806,
        38.26429522427323,
        48.83563011239641,
        41.4603691904237,
        39.378194272194825,
        30.16593364877232
    ]
}