{
    "Est_name": "ANN",
    "Run": 45,
    "Seed": 7527,
    "Est_params": {
        "activation": "tanh",
        "hidden_layer_sizes": [
            54
        ],
        "solver": "adam",
        "alpha": 0.9205056655264665,
        "learning_rate_init": 0.23224271787465725
    },
    "R2": 0.36608081151512617,
    "R": 0.6134285884812742,
    "MAPE": 0.1409835657088669,
    "RMSE": 7.001185995097014,
    "y_test": [
        30.5,
        29.6,
        48.0,
        39.8,
        40.87,
        34.5,
        34.5,
        57.21,
        32.9,
        48.7,
        42.0,
        40.75,
        41.23,
        51.5,
        48.0,
        26.5,
        41.4,
        35.75,
        39.12,
        35.0,
        29.02,
        42.03,
        46.0,
        34.5,
        41.25,
        57.96,
        49.5,
        49.7,
        35.0,
        50.5,
        29.5,
        32.25,
        42.75,
        46.0,
        40.5,
        56.5,
        60.25,
        44.5,
        43.65,
        57.27,
        33.5,
        48.0,
        42.29,
        30.5,
        43.29,
        33.5,
        43.55,
        49.0,
        56.38,
        28.5,
        22.73,
        42.25,
        40.0,
        34.62,
        44.05,
        22.04,
        39.21,
        35.3,
        30.0,
        34.5,
        47.3,
        43.0,
        56.0,
        39.3,
        52.5,
        32.43,
        43.5,
        42.56,
        33.5
    ],
    "y_pred": [
        37.266543688469454,
        45.48794153003174,
        40.519258189221375,
        48.903137423802875,
        30.84419588140392,
        48.67595359043791,
        38.67447124894424,
        43.69570676904569,
        34.75155177089267,
        48.749686558586454,
        48.67650233490307,
        40.79346718634301,
        40.023864638144154,
        46.37024428446043,
        41.80769587032444,
        31.62125900058759,
        48.91841969828675,
        33.819251055627085,
        43.08143512547549,
        36.36657448945599,
        30.442234138531575,
        36.94780070299789,
        46.165669650056806,
        32.52347348948426,
        37.2285787539432,
        47.34929943697676,
        43.45211035245708,
        44.54002187721268,
        39.426778250227265,
        47.32084396377955,
        31.647066410468952,
        35.81049190753631,
        34.94668246679882,
        45.933027759536635,
        35.531686852633335,
        58.43613027297312,
        47.52571794759972,
        33.20832528769282,
        42.445010042329415,
        47.99116292436964,
        33.79192967169159,
        41.90399480967134,
        38.88331374155729,
        30.372267712800845,
        43.21969387554331,
        34.266060554333734,
        41.32948046445313,
        43.69570676904569,
        42.32827059623048,
        45.57570800256794,
        40.5762682646324,
        46.32065065736638,
        41.691819553798936,
        38.46290621493421,
        33.957607522949516,
        36.8918015469208,
        43.424865272999845,
        37.25565317937108,
        33.8930619173007,
        37.24486967017811,
        48.13433024507832,
        46.747271598613914,
        56.1906042030585,
        34.357546387293354,
        55.191778230207795,
        43.11516439729937,
        38.47772759689774,
        40.71466650084713,
        36.35843945667578
    ]
}