{
    "Est_name": "ANN",
    "Run": 23,
    "Seed": 6873,
    "Est_params": {
        "activation": "tanh",
        "hidden_layer_sizes": [
            80
        ],
        "solver": "adam",
        "alpha": 0.9556912757681274,
        "learning_rate_init": 0.2429810739543107
    },
    "R2": 0.5947895574211776,
    "R": 0.7732563948110313,
    "MAPE": 0.13483789192568885,
    "RMSE": 5.751232747545582,
    "y_test": [
        22.5,
        44.5,
        35.5,
        29.5,
        41.5,
        60.25,
        37.25,
        39.45,
        43.07,
        28.0,
        51.0,
        39.12,
        44.75,
        26.75,
        42.0,
        23.0,
        41.23,
        24.67,
        20.22,
        32.9,
        35.5,
        32.91,
        40.75,
        49.0,
        56.5,
        42.0,
        40.39,
        44.0,
        40.5,
        32.5,
        56.0,
        48.0,
        43.47,
        40.0,
        49.5,
        43.55,
        39.78,
        33.0,
        35.5,
        46.7,
        46.0,
        27.7,
        51.0,
        27.5,
        32.26,
        39.5,
        43.29,
        26.5,
        46.0,
        30.0,
        29.0,
        40.75,
        37.6,
        30.0,
        35.0,
        57.0,
        33.95,
        34.5,
        29.02,
        49.9,
        41.5,
        31.75,
        41.0,
        28.0,
        53.5,
        46.5,
        42.56,
        53.5,
        40.5
    ],
    "y_pred": [
        31.60409770269701,
        36.863920519532414,
        27.767921389123828,
        32.68138298064584,
        46.88758400811993,
        54.06666505657314,
        37.90579339103688,
        39.95268391346228,
        39.95908308170783,
        38.70677787134871,
        40.71728043333048,
        42.81273779778883,
        40.5556083849305,
        36.89642202151257,
        46.64236792159127,
        31.929671551088873,
        44.12621289577628,
        27.413798195868853,
        39.71991141354828,
        31.732701529874277,
        36.72405270689591,
        33.83934676925492,
        46.40340049283223,
        54.9470224649394,
        51.723655233310254,
        40.93063390968987,
        40.912211284872555,
        40.50352446955186,
        39.0694964472529,
        29.283838005937092,
        52.594209919344976,
        48.733710911174455,
        39.39407274730487,
        38.99357792709466,
        45.82808608842488,
        40.18230827301744,
        36.20101425363648,
        35.648113043868925,
        36.78997469779115,
        51.29339673363272,
        42.91918905284757,
        38.17999272444544,
        47.59602696342722,
        36.3465865651701,
        36.75956343532256,
        34.60282381929028,
        38.962261637257,
        36.69880655654268,
        48.012770182245504,
        32.70456721592795,
        33.860916675094046,
        39.79988319370162,
        33.60559310991253,
        32.67799885791402,
        25.884875591418485,
        55.34317834648161,
        30.947090689797754,
        30.695859573135966,
        41.66847681426877,
        48.79739234009341,
        35.150573890113414,
        35.53520781933047,
        39.64408257431601,
        32.82007811428929,
        53.90628198901355,
        46.57196152747426,
        39.87677805733668,
        43.51055126019308,
        34.84881427050577
    ]
}