{
    "Est_name": "ANN",
    "Run": 6,
    "Seed": 2286,
    "Est_params": {
        "activation": "tanh",
        "hidden_layer_sizes": [
            75
        ],
        "solver": "adam",
        "alpha": 0.45042208188171073,
        "learning_rate_init": 0.26498814994867514
    },
    "R2": 0.4138527059453706,
    "R": 0.656889671846709,
    "MAPE": 0.16157869884263287,
    "RMSE": 7.314018395557107,
    "y_test": [
        51.0,
        39.12,
        31.8,
        45.5,
        40.5,
        44.5,
        35.0,
        33.25,
        30.0,
        57.5,
        39.45,
        34.5,
        59.0,
        57.0,
        33.4,
        23.33,
        22.73,
        22.67,
        41.52,
        51.0,
        40.75,
        56.0,
        45.22,
        34.0,
        42.3,
        32.5,
        42.75,
        26.25,
        43.0,
        43.29,
        34.5,
        57.27,
        36.5,
        33.5,
        34.75,
        46.5,
        42.56,
        39.5,
        26.75,
        37.0,
        28.0,
        37.5,
        49.9,
        54.0,
        45.0,
        56.5,
        42.2,
        42.0,
        39.0,
        52.0,
        41.78,
        43.4,
        41.0,
        55.52,
        52.07,
        29.5,
        31.97,
        26.5,
        24.67,
        29.0,
        45.5,
        45.0,
        42.5,
        54.2,
        40.0,
        39.8,
        43.47,
        22.04,
        44.0
    ],
    "y_pred": [
        42.03545582570042,
        40.99834299164239,
        27.057457484992565,
        46.618934742963376,
        35.24154302830449,
        35.786175383596465,
        29.08065818612968,
        32.31812583600747,
        35.82012517743796,
        48.82607275531974,
        33.055048376928106,
        37.94285614794864,
        48.40372734744199,
        48.08804537487117,
        34.81257931178999,
        29.835225274810533,
        45.1704182908989,
        32.66217081813637,
        50.75372310829567,
        48.54432242472944,
        51.120945676716275,
        54.93057289509899,
        38.72564922698235,
        31.059032365471527,
        36.1424577844236,
        27.235203227714898,
        35.95299033530394,
        44.97227962422236,
        48.10445577212264,
        39.73808287498086,
        28.011072864038024,
        51.19856085569362,
        38.38284283560109,
        34.31394044206152,
        30.950661881515053,
        41.93006547571397,
        38.712086358183356,
        33.71464600779723,
        31.14151246531637,
        41.946659431734595,
        29.14714067983315,
        35.96304753652212,
        49.09369193425591,
        46.6955287190873,
        43.3699146105447,
        57.984552244364664,
        39.03354377163912,
        47.060612005076834,
        45.56618926499827,
        47.44520207158151,
        39.05786271312941,
        35.786175383596465,
        34.108722835873124,
        44.49860246629343,
        38.81706983832236,
        25.594869366895214,
        46.65633170669698,
        33.5303320303469,
        41.9090280591197,
        29.157796592720306,
        46.15181880998354,
        48.745939032580736,
        41.21088831639484,
        41.11618254956754,
        40.7116324313113,
        46.02461400052446,
        39.421318264909665,
        31.16142454065235,
        41.85289048310815
    ]
}