{
    "Est_name": "ANN",
    "Run": 31,
    "Seed": 5574,
    "Est_params": {
        "activation": "tanh",
        "hidden_layer_sizes": [
            80
        ],
        "solver": "adam",
        "alpha": 0.7665306696058338,
        "learning_rate_init": 0.25408175501438135
    },
    "R2": 0.4636690896257136,
    "R": 0.706764521256975,
    "MAPE": 0.15894040264951864,
    "RMSE": 6.831084186569777,
    "y_test": [
        48.0,
        39.5,
        26.5,
        41.04,
        38.82,
        36.5,
        37.5,
        30.0,
        18.52,
        50.5,
        34.25,
        42.2,
        16.58,
        49.0,
        42.0,
        13.33,
        39.5,
        42.5,
        41.23,
        39.0,
        22.67,
        44.6,
        52.5,
        32.25,
        27.4,
        48.7,
        42.56,
        50.2,
        41.95,
        47.0,
        45.5,
        40.75,
        33.5,
        45.0,
        42.75,
        56.5,
        43.47,
        42.25,
        55.5,
        43.5,
        44.95,
        39.0,
        42.03,
        35.5,
        32.5,
        33.4,
        45.25,
        43.5,
        40.5,
        49.5,
        48.0,
        53.25,
        41.0,
        53.5,
        39.8,
        32.0,
        43.64,
        33.5,
        30.25,
        53.5,
        30.0,
        58.59,
        40.75,
        33.41,
        49.0,
        32.0,
        51.0,
        48.0,
        26.5
    ],
    "y_pred": [
        49.928356422741096,
        33.09622376268141,
        31.861720670672845,
        37.67181113591301,
        38.06695773442839,
        34.58919724584836,
        35.9257875875029,
        37.90146986714539,
        31.838032065126136,
        49.40193012685341,
        34.30651880256945,
        34.987815107221,
        34.07740025563696,
        52.687311702165374,
        51.006416550496155,
        24.694415485338908,
        34.54324138258627,
        41.09106824217852,
        45.16534886397123,
        35.514049512449574,
        32.408342458996664,
        48.84757457669612,
        42.669100919371,
        34.04205889834475,
        27.420192176257753,
        49.74023829533983,
        38.27155166626746,
        40.429123689152924,
        36.61295800680617,
        41.5943822399252,
        40.07394645926256,
        51.19878928241172,
        29.94671017111138,
        40.81443162581098,
        35.54341656648413,
        62.66171126014569,
        38.605956198532276,
        43.52481780095057,
        41.6902381029708,
        31.19211728275821,
        39.79130846590911,
        49.00403536053217,
        36.539294443779504,
        31.896591646338116,
        29.103262033097327,
        36.55668329748834,
        38.766515231916514,
        53.496884388244055,
        33.51269716957431,
        59.50482173492495,
        40.095787011736896,
        51.57762662740912,
        38.06217409989056,
        42.206772994796374,
        50.39175210728057,
        29.422516341696085,
        40.246039187750476,
        29.129339728132557,
        36.279705833414134,
        51.443017887916795,
        26.931852540867474,
        49.70666562131179,
        36.349054512381734,
        35.60376050068237,
        39.58825582096855,
        32.0104814069244,
        38.68394877461105,
        51.45160038056073,
        27.56019463721171
    ]
}