{
    "Est_name": "ANN",
    "Run": 50,
    "Seed": 9044,
    "Est_params": {
        "activation": "tanh",
        "hidden_layer_sizes": [
            88
        ],
        "solver": "adam",
        "alpha": 0.2486666460990524,
        "learning_rate_init": 0.2504906752734925
    },
    "R2": 0.6333749719405957,
    "R": 0.8089316694387854,
    "MAPE": 0.12188904420375703,
    "RMSE": 5.615227370654383,
    "y_test": [
        24.5,
        40.0,
        59.0,
        33.0,
        54.04,
        41.16,
        42.3,
        34.5,
        43.29,
        42.2,
        62.5,
        44.5,
        27.5,
        33.04,
        40.03,
        40.0,
        40.1,
        48.0,
        33.85,
        49.5,
        45.22,
        33.41,
        34.0,
        46.25,
        39.17,
        48.7,
        41.5,
        31.47,
        41.0,
        45.8,
        30.5,
        50.5,
        35.0,
        36.0,
        58.0,
        32.0,
        42.75,
        31.8,
        34.75,
        57.0,
        35.25,
        44.75,
        47.0,
        22.9,
        31.75,
        41.89,
        30.0,
        49.7,
        46.0,
        45.02,
        39.73,
        38.0,
        22.67,
        39.12,
        27.4,
        42.0,
        20.8,
        43.5,
        51.0,
        47.3,
        53.5,
        38.0,
        41.25,
        51.0,
        45.5,
        18.52,
        33.25,
        39.53,
        26.75
    ],
    "y_pred": [
        27.663479539584728,
        41.378199795287834,
        55.2693082852738,
        34.813953140776945,
        49.61422931295504,
        38.48655831104201,
        41.285332744197895,
        40.635042658774395,
        42.339173353206114,
        50.88824596715093,
        52.489583299735095,
        42.36480134332321,
        36.83512233025978,
        34.66084074289879,
        47.03459779636452,
        38.468382603183876,
        40.0168288739224,
        46.79305811729295,
        35.40333402004721,
        51.529917248591865,
        39.56450700552165,
        32.4707810669663,
        33.27952795600809,
        51.52818570648846,
        31.501746525443565,
        50.478166942123615,
        35.72348207280351,
        25.006433899605156,
        40.19958380323149,
        48.240536219960674,
        37.019659799902975,
        49.47723854483649,
        21.139097098245777,
        21.9982411358376,
        56.39798107653062,
        31.014247099564052,
        39.830738478742006,
        25.87737375789757,
        31.681641153596022,
        54.39360343203563,
        32.55114738960175,
        42.81264773904134,
        46.58902907344631,
        29.439636518476732,
        33.86041038341071,
        41.618145769994065,
        33.15261705549141,
        45.71297076434005,
        43.81054193721027,
        42.87678142996471,
        39.98787925074479,
        37.85875831556495,
        27.50183278306951,
        41.88349976216423,
        23.768498532286564,
        41.3637755647322,
        31.273457180080776,
        54.92988320196337,
        47.16348374120832,
        53.02228273182712,
        50.88782210446667,
        40.98668483198432,
        49.69743077758938,
        40.37649563065917,
        42.14223868902945,
        33.691126498470766,
        21.30092234067392,
        40.49509795250464,
        33.030896825846916
    ]
}