{
    "Est_name": "ANN",
    "Run": 25,
    "Seed": 7359,
    "Est_params": {
        "activation": "tanh",
        "hidden_layer_sizes": [
            95
        ],
        "solver": "adam",
        "alpha": 0.7802111311952764,
        "learning_rate_init": 0.7184406050856387
    },
    "R2": 0.5038129470711136,
    "R": 0.7100065008704763,
    "MAPE": 0.1802170403875846,
    "RMSE": 7.454899173014255,
    "y_test": [
        29.41,
        26.5,
        58.25,
        43.5,
        20.5,
        22.5,
        32.83,
        46.87,
        37.5,
        45.0,
        21.5,
        43.29,
        57.96,
        40.5,
        42.5,
        50.75,
        35.25,
        54.0,
        29.6,
        59.5,
        18.52,
        43.07,
        40.52,
        39.42,
        57.8,
        48.0,
        27.5,
        31.59,
        34.8,
        56.5,
        43.0,
        40.75,
        32.57,
        45.23,
        35.75,
        48.7,
        23.0,
        52.0,
        49.5,
        40.5,
        32.0,
        42.25,
        29.5,
        34.5,
        42.86,
        35.3,
        50.86,
        54.25,
        34.5,
        48.0,
        34.0,
        31.53,
        36.0,
        41.16,
        53.5,
        49.0,
        39.5,
        57.5,
        35.25,
        41.78,
        55.5,
        16.58,
        35.0,
        33.0,
        55.5,
        27.4,
        33.5,
        40.0,
        39.3
    ],
    "y_pred": [
        40.561378714388916,
        34.1956202581683,
        59.914401311142434,
        41.511367183272306,
        34.20452193005527,
        36.08065465441381,
        31.25692947700724,
        41.59255114259849,
        37.84511976246602,
        41.37781048251624,
        37.33581179676101,
        39.022463315405005,
        43.83335124567891,
        32.264115759133134,
        39.7736524182893,
        44.293645660559974,
        41.13316536341908,
        51.17143043133379,
        39.89244778348355,
        59.800267662258356,
        30.56339695947581,
        37.72133395274712,
        37.81892562973012,
        39.128444433578544,
        39.75429621816359,
        39.57345972627585,
        36.4891237476458,
        28.7893676651209,
        39.11322856023621,
        49.31806146119616,
        38.44589780185168,
        47.331741459822304,
        30.785190460421916,
        40.944793463457756,
        37.27815039174148,
        44.4761908907488,
        35.2612730441398,
        42.3177392869284,
        57.91550564374739,
        41.22419205001354,
        29.713683339924614,
        40.84038789546625,
        32.975894537591735,
        27.89294329342055,
        34.20101392635583,
        44.39729405479625,
        55.31902447631228,
        49.157412495571485,
        51.07959597616989,
        51.91470247107013,
        30.054311939131715,
        39.73905096391695,
        36.64246580541469,
        39.23423184249094,
        44.8376799755237,
        44.12525125095581,
        41.24426762019233,
        50.78740260104487,
        30.08923751079783,
        33.89029086203034,
        49.980313164826654,
        34.3271497517347,
        37.440617015560306,
        36.57569004465577,
        48.72781079553709,
        31.654045414331286,
        28.585689875322167,
        38.56325955683178,
        40.97798685781166
    ]
}