{
    "Est_name": "ANN",
    "Run": 41,
    "Seed": 5635,
    "Est_params": {
        "activation": "tanh",
        "hidden_layer_sizes": [
            73
        ],
        "solver": "adam",
        "alpha": 0.8308167016006862,
        "learning_rate_init": 0.41016505256319635
    },
    "R2": 0.5901392741507638,
    "R": 0.7827654074621911,
    "MAPE": 0.1157625553975806,
    "RMSE": 5.675684046980726,
    "y_test": [
        59.5,
        47.0,
        31.47,
        49.0,
        44.5,
        34.5,
        41.4,
        33.5,
        32.57,
        42.66,
        56.0,
        50.5,
        44.05,
        33.46,
        28.0,
        36.5,
        31.67,
        26.5,
        40.0,
        47.0,
        55.52,
        36.5,
        52.07,
        39.5,
        39.5,
        39.78,
        29.5,
        34.25,
        36.0,
        26.25,
        48.0,
        46.5,
        42.2,
        49.0,
        26.5,
        39.5,
        28.5,
        27.7,
        49.9,
        35.5,
        32.5,
        53.25,
        58.59,
        40.0,
        22.5,
        40.5,
        53.5,
        32.91,
        30.25,
        41.52,
        40.75,
        46.7,
        30.0,
        39.3,
        35.25,
        36.0,
        42.0,
        57.96,
        37.0,
        57.5,
        40.12,
        41.5,
        32.83,
        49.5,
        41.0,
        31.59,
        38.61,
        36.0,
        42.37
    ],
    "y_pred": [
        60.81970124296753,
        52.21273514231633,
        30.584871351805525,
        58.262220750689,
        47.58957504328853,
        49.021175034987515,
        49.1164365088094,
        30.443111396313306,
        35.945263023416906,
        38.52819224974671,
        54.0947867605279,
        48.849011068025995,
        38.71027903435886,
        35.00951454366443,
        35.30239152527311,
        41.07410090051157,
        29.20398956808272,
        31.06379419730945,
        41.11807915411345,
        39.0263752386494,
        49.35845794159418,
        34.67060450846255,
        45.887780248493364,
        41.43603095887424,
        37.351788319225705,
        35.14645460690383,
        26.87770155104303,
        33.97079945585529,
        36.451023926305524,
        39.066322431401,
        50.41768678201842,
        34.73193473638891,
        46.835611199293744,
        46.52826936134687,
        28.4658801203105,
        34.41781916801237,
        31.32287948620492,
        45.259113883282616,
        49.13879629411759,
        34.86446792965986,
        29.714183708638174,
        52.105897675521376,
        48.773608762139105,
        40.89811136034489,
        23.56808264076657,
        32.86253595404605,
        46.56575093719599,
        35.94176035387138,
        37.67136640992719,
        47.386144545090175,
        41.37864324684614,
        48.22813786935131,
        36.23325898905185,
        41.767803039707466,
        31.838805573519117,
        36.67456470452136,
        44.44902456460088,
        48.319114097783476,
        47.06398176370155,
        55.73153161798861,
        38.405372012316946,
        47.573419349967814,
        33.73636353331751,
        53.85266409698801,
        31.844153551732106,
        35.93412469145993,
        33.35769750293962,
        32.15189276685753,
        39.86823603952862
    ]
}