{
    "Est_name": "ANN",
    "Run": 14,
    "Seed": 1535,
    "Est_params": {
        "activation": "tanh",
        "hidden_layer_sizes": [
            74
        ],
        "solver": "adam",
        "alpha": 0.9832473655645046,
        "learning_rate_init": 0.36696255085778307
    },
    "R2": 0.6988884766412421,
    "R": 0.8507548853477515,
    "MAPE": 0.12486135530018133,
    "RMSE": 5.7331171534833825,
    "y_test": [
        32.25,
        58.59,
        52.5,
        47.0,
        54.0,
        28.0,
        21.75,
        40.12,
        42.0,
        40.0,
        47.3,
        42.29,
        44.0,
        40.0,
        42.0,
        56.0,
        25.81,
        16.58,
        30.5,
        43.64,
        33.4,
        23.33,
        32.5,
        44.05,
        55.84,
        37.6,
        41.0,
        33.04,
        42.56,
        41.0,
        33.76,
        39.17,
        24.67,
        46.0,
        49.0,
        58.5,
        39.12,
        54.2,
        31.59,
        42.37,
        58.25,
        32.0,
        33.0,
        35.5,
        56.5,
        50.2,
        40.5,
        41.16,
        48.0,
        20.8,
        59.0,
        37.75,
        30.0,
        34.75,
        41.8,
        42.35,
        29.41,
        49.5,
        46.0,
        39.42,
        34.62,
        45.5,
        23.0,
        53.5,
        26.5,
        41.89,
        31.7,
        59.5,
        27.5
    ],
    "y_pred": [
        32.31308029974839,
        50.3602812533889,
        45.54933259784282,
        42.197145787101846,
        42.985686117996664,
        30.6474008448021,
        28.327407786220217,
        37.91372942919274,
        45.52706121676267,
        39.052906719343966,
        49.93215736358328,
        43.402816757271864,
        47.306310407785055,
        43.20804296387798,
        40.88294478239168,
        46.3878133302915,
        27.468661317617748,
        42.461822663430695,
        34.37787858902612,
        44.57037399726915,
        34.32178770746974,
        32.08542635780312,
        38.00159070646411,
        41.35745949964129,
        44.844906726994296,
        40.39689646874805,
        43.86099825657045,
        32.560299910931306,
        46.07258742327299,
        39.937113626901784,
        37.03075548013551,
        37.93071007977001,
        31.063783300606474,
        41.92831503915592,
        42.48881751608982,
        53.167982762509034,
        42.2758330639573,
        48.80334744780735,
        36.92411666624945,
        43.07012386761288,
        53.64684430077233,
        29.56511442512741,
        33.803049417668845,
        35.77527675060809,
        48.23287060269675,
        41.967921979437,
        34.50656185428282,
        39.750962411490775,
        47.174468157969564,
        28.41080708724283,
        58.791084400869494,
        43.28060013235509,
        31.354240308027876,
        30.776481987496272,
        48.13964680691852,
        37.88193550881219,
        37.697388589643495,
        51.08815550472479,
        48.55913425828517,
        41.595615604625145,
        38.7256197428829,
        44.191601967111616,
        25.37190342551554,
        50.6950139485333,
        27.326123176458726,
        38.85590922373662,
        38.82166617616537,
        54.25126485005173,
        36.54077062664806
    ]
}