{
    "Est_name": "ANN",
    "Run": 30,
    "Seed": 6924,
    "Est_params": {
        "activation": "tanh",
        "hidden_layer_sizes": [
            56
        ],
        "solver": "adam",
        "alpha": 0.3693285091406072,
        "learning_rate_init": 0.25757949680439807
    },
    "R2": 0.6060272723285502,
    "R": 0.7873043729232974,
    "MAPE": 0.15446288675155576,
    "RMSE": 7.00316704519772,
    "y_test": [
        46.0,
        18.52,
        46.8,
        42.0,
        27.4,
        46.0,
        41.4,
        40.5,
        57.27,
        39.3,
        42.03,
        38.0,
        51.0,
        34.5,
        22.9,
        22.73,
        53.5,
        52.0,
        42.3,
        31.53,
        13.33,
        33.0,
        45.5,
        35.0,
        39.5,
        49.7,
        28.0,
        22.04,
        55.5,
        39.42,
        57.8,
        45.0,
        31.67,
        40.0,
        37.0,
        43.5,
        42.0,
        34.5,
        57.0,
        39.45,
        42.25,
        47.3,
        23.33,
        32.0,
        49.5,
        44.05,
        25.68,
        62.5,
        41.04,
        33.5,
        39.73,
        56.0,
        33.41,
        59.0,
        27.12,
        35.25,
        26.5,
        43.07,
        25.81,
        60.25,
        32.5,
        56.5,
        49.0,
        48.0,
        22.13,
        37.5,
        41.75,
        38.82,
        57.5
    ],
    "y_pred": [
        52.152681837118855,
        33.48665598315577,
        47.373083944109105,
        46.88488485754946,
        31.88615849132828,
        51.45042838536863,
        46.26592525483282,
        42.38586319036276,
        51.190690954466454,
        40.8001963164946,
        40.227965215177846,
        39.0603446255166,
        44.931800354983906,
        42.59034022958189,
        35.195396709667214,
        38.5857011554746,
        43.95944675275987,
        45.10830271134167,
        38.01528695786692,
        36.00212698919461,
        20.466645097480757,
        35.14298382370931,
        41.41600181947806,
        37.86311927711085,
        44.74602740204035,
        46.656263102365514,
        35.92547231653098,
        31.06224210237891,
        42.5238665278995,
        48.86449100951226,
        31.44801730259793,
        44.90087340869311,
        30.35804514838589,
        44.73397630786956,
        46.939608302270706,
        46.294940009813,
        45.418086188268894,
        32.1981542126791,
        54.62980921485325,
        35.62727384221596,
        44.97025754497581,
        48.38696521058694,
        26.13282607090717,
        33.889385436274566,
        56.3223885673228,
        38.50441089685361,
        34.91009935616935,
        51.476046043084104,
        41.329698540994805,
        35.22325309671668,
        38.770016806605305,
        54.11573788794648,
        34.40809746783722,
        53.40036566556663,
        32.740384169354144,
        32.14120119897819,
        26.11277248636626,
        46.616845163166,
        30.98399299690193,
        52.394716729205136,
        41.15648403074119,
        54.151663003902875,
        37.995662836989666,
        41.48686636279836,
        31.742528411104253,
        37.58895995670172,
        51.012294183288866,
        39.517807706427384,
        59.79141061936541
    ]
}