{
    "Est_name": "ANN",
    "Run": 35,
    "Seed": 5514,
    "Est_params": {
        "activation": "tanh",
        "hidden_layer_sizes": [
            68
        ],
        "solver": "adam",
        "alpha": 0.6331555014481351,
        "learning_rate_init": 0.47120326150306446
    },
    "R2": 0.7345417671475692,
    "R": 0.8614006011446574,
    "MAPE": 0.08659679590122414,
    "RMSE": 4.640067972477733,
    "y_test": [
        46.0,
        42.2,
        53.9,
        40.5,
        32.43,
        43.29,
        20.8,
        48.7,
        51.0,
        48.0,
        54.2,
        32.5,
        30.0,
        32.25,
        37.0,
        38.0,
        43.0,
        29.0,
        31.8,
        32.5,
        57.0,
        31.25,
        36.0,
        22.9,
        34.62,
        35.0,
        49.5,
        27.4,
        62.5,
        37.5,
        48.0,
        44.75,
        57.0,
        36.5,
        42.29,
        32.33,
        33.0,
        32.9,
        47.0,
        36.5,
        45.25,
        25.81,
        43.0,
        37.6,
        33.85,
        56.5,
        41.0,
        29.5,
        42.0,
        34.8,
        37.25,
        31.7,
        47.0,
        39.0,
        35.25,
        39.73,
        43.0,
        57.27,
        30.5,
        28.5,
        44.0,
        42.25,
        55.5,
        40.39,
        39.5,
        43.65,
        35.5,
        26.5,
        45.5
    ],
    "y_pred": [
        43.51906632438907,
        42.427323670854065,
        47.864721656509836,
        41.42351111491955,
        39.58156682676331,
        42.909673460435535,
        28.528852082529387,
        48.838860023731684,
        35.18105138144618,
        45.06923749333638,
        42.40223065971193,
        33.99274715533923,
        35.22292320048432,
        33.670673751784975,
        44.58690714664036,
        41.69448669197996,
        44.8784639720309,
        31.675874070209662,
        29.465708398779622,
        30.224074611613215,
        51.108693873477236,
        32.32976880242106,
        40.674320572136494,
        27.175160814713088,
        34.32501298130611,
        34.63965563591641,
        47.970054754458964,
        27.08115642955273,
        55.62634719235872,
        40.54336408070874,
        46.91190826378397,
        41.648669813079216,
        53.489655722894256,
        42.55908100792452,
        41.7379223400784,
        30.63845720280932,
        35.62711282737084,
        34.78387160854438,
        45.4248129060228,
        34.07882292622393,
        39.68878655183278,
        32.314311061735935,
        53.41210705060429,
        37.84777483262124,
        35.19662938187392,
        56.653435970314895,
        41.16908154409589,
        31.484130530306203,
        42.31042170304386,
        37.653804777587524,
        36.397317047543545,
        36.93756507833356,
        41.9059819586782,
        43.8222223932366,
        33.75272661272465,
        40.982036281170664,
        40.183482043960524,
        46.30539489268341,
        28.630250848212896,
        35.13934451069367,
        50.21732934266069,
        42.78995405716341,
        46.39498132992907,
        41.28968762730916,
        37.63563374763379,
        42.416386084768746,
        38.64217065831248,
        26.711907841408618,
        44.15964626819864
    ]
}