{
    "Est_name": "ANN",
    "Run": 28,
    "Seed": 106,
    "Est_params": {
        "activation": "tanh",
        "hidden_layer_sizes": [
            63
        ],
        "solver": "adam",
        "alpha": 0.9971002906218267,
        "learning_rate_init": 0.32235970695740274
    },
    "R2": 0.5540465950380928,
    "R": 0.7536610249455277,
    "MAPE": 0.13394113502912142,
    "RMSE": 6.646067593298544,
    "y_test": [
        43.0,
        34.0,
        42.56,
        40.1,
        30.0,
        49.5,
        43.07,
        53.5,
        53.25,
        46.11,
        37.5,
        45.0,
        41.04,
        56.5,
        32.5,
        48.0,
        31.97,
        54.0,
        57.0,
        32.25,
        35.0,
        59.5,
        47.3,
        16.58,
        41.16,
        49.0,
        58.5,
        31.75,
        39.0,
        15.11,
        34.5,
        57.8,
        39.8,
        35.5,
        41.95,
        33.5,
        45.8,
        43.5,
        37.5,
        47.0,
        53.5,
        33.76,
        35.0,
        47.0,
        52.5,
        23.9,
        44.6,
        41.0,
        30.0,
        24.67,
        57.27,
        33.0,
        28.0,
        41.89,
        30.5,
        59.0,
        28.5,
        54.25,
        33.5,
        53.0,
        43.64,
        44.5,
        38.82,
        41.0,
        40.03,
        43.0,
        48.5,
        43.65,
        40.52
    ],
    "y_pred": [
        44.844419027269986,
        33.67858878549692,
        44.90000310335618,
        36.07913095368364,
        30.177940166016135,
        47.16183580319648,
        41.490399669959366,
        44.381056069140726,
        47.56987404462243,
        50.25129113694395,
        38.05436683006442,
        43.19885824937135,
        39.27003371250787,
        56.416213422129964,
        36.976815464953866,
        49.284058138952304,
        42.160536594113616,
        42.660606512490794,
        57.877222954780954,
        32.14010093177463,
        20.58967666551746,
        56.39372662939007,
        44.60488964236527,
        34.13138879692319,
        36.891920558506676,
        46.646750548108415,
        54.01317904169071,
        35.89339028717713,
        35.81656977645091,
        19.73905045308148,
        30.56891634053447,
        37.37209904646887,
        48.51308381068253,
        39.89118035298779,
        41.19724880875361,
        20.96961856425631,
        46.627580731667365,
        28.428092359057842,
        38.159063017248045,
        39.25607589952,
        44.76161522829664,
        35.48049845329001,
        33.95006883840842,
        47.96151068299591,
        50.466182400182994,
        36.370017405001555,
        46.096563087708354,
        38.13869850239661,
        36.54622320586772,
        40.356500199656736,
        49.79925645308647,
        35.54044862631006,
        33.611476107080414,
        38.23689811213632,
        34.990312944594564,
        55.14281464642453,
        31.317367475303488,
        44.521886869828485,
        22.92214344133448,
        45.49059877149439,
        43.6114708630158,
        43.7869463539372,
        43.15636578400006,
        40.48991689472399,
        41.9970625118045,
        47.89750370190636,
        47.95963865057003,
        40.07602370053401,
        37.76249265675467
    ]
}