{
    "Est_name": "ANN",
    "Run": 43,
    "Seed": 4333,
    "Est_params": {
        "activation": "tanh",
        "hidden_layer_sizes": [
            61
        ],
        "solver": "adam",
        "alpha": 0.5995752467581743,
        "learning_rate_init": 0.2439370953044682
    },
    "R2": 0.518227082620955,
    "R": 0.7262224088002469,
    "MAPE": 0.15614784459269987,
    "RMSE": 7.082055647427127,
    "y_test": [
        42.2,
        24.67,
        57.27,
        16.58,
        33.04,
        20.22,
        31.59,
        40.87,
        39.5,
        55.84,
        35.0,
        31.97,
        47.0,
        42.86,
        44.95,
        20.5,
        35.0,
        50.86,
        41.5,
        33.0,
        43.66,
        25.81,
        47.3,
        42.0,
        38.0,
        18.52,
        41.4,
        37.75,
        54.04,
        43.29,
        56.5,
        45.25,
        39.73,
        58.59,
        33.85,
        62.5,
        43.5,
        33.5,
        26.5,
        59.0,
        34.8,
        50.75,
        45.02,
        43.47,
        46.7,
        43.65,
        53.5,
        52.5,
        32.26,
        45.0,
        29.0,
        35.25,
        38.61,
        45.0,
        51.5,
        54.2,
        36.0,
        39.21,
        38.0,
        30.0,
        42.5,
        42.56,
        43.07,
        56.0,
        41.75,
        34.75,
        46.87,
        55.5,
        33.0
    ],
    "y_pred": [
        46.34924134950605,
        33.9312918889883,
        50.032869189920284,
        40.182267105873066,
        33.853296338267796,
        40.378017333260715,
        36.94489987319886,
        35.57220962128981,
        33.457216032182856,
        51.01915075002852,
        39.17947081536472,
        36.0067892885629,
        51.243402412506455,
        41.0014921247651,
        41.76469869731788,
        25.647675018384728,
        37.56227232966384,
        47.39449529377467,
        34.80066878798616,
        36.82502332557386,
        39.20813523102686,
        35.61036194800106,
        48.79954932266152,
        42.2853286489343,
        40.413327878261086,
        32.977316576362725,
        46.18379981285584,
        40.26521032683272,
        41.94372694128864,
        43.429797052727785,
        60.50608363555952,
        39.374086278472376,
        39.308650016608055,
        47.9366030114598,
        36.6630279846443,
        48.1729206950352,
        40.0661650301832,
        26.273032185877067,
        32.28100212814176,
        56.96522204740694,
        40.610093811170465,
        44.690707901308535,
        41.852202698092846,
        41.79307819666101,
        48.78703152545671,
        43.267411260342094,
        41.36164278211009,
        44.1090868093249,
        34.764092407885386,
        41.833603243553384,
        33.85059211780725,
        37.308384201134764,
        39.098615509132095,
        51.089235430868385,
        51.331820610047366,
        42.46291395151681,
        38.251919748261486,
        45.20200223091658,
        38.924051418368556,
        34.41986411387935,
        44.49032619920785,
        39.73471852901765,
        40.48403815998244,
        49.88186438814526,
        50.824302258989285,
        35.29057693890226,
        40.58090381256622,
        38.60163080392181,
        37.16455666450503
    ]
}