{
    "Est_name": "ANN",
    "Run": 1,
    "Seed": 1824,
    "Est_params": {
        "activation": "tanh",
        "hidden_layer_sizes": [
            70
        ],
        "solver": "adam",
        "alpha": 0.8936540999795036,
        "learning_rate_init": 0.22419201483541346
    },
    "R2": 0.5889293241287342,
    "R": 0.782039266879037,
    "MAPE": 0.12924949689350368,
    "RMSE": 5.7641525472452235,
    "y_test": [
        43.64,
        31.7,
        22.67,
        39.12,
        35.75,
        28.0,
        34.5,
        35.5,
        45.0,
        21.75,
        30.0,
        33.0,
        37.25,
        46.0,
        42.75,
        34.5,
        45.02,
        43.4,
        15.11,
        57.8,
        50.2,
        35.0,
        42.2,
        45.22,
        48.0,
        48.0,
        29.0,
        29.02,
        30.0,
        46.11,
        53.25,
        43.0,
        30.0,
        27.12,
        40.75,
        39.12,
        41.5,
        42.2,
        33.0,
        35.75,
        48.5,
        59.0,
        41.95,
        36.5,
        43.66,
        26.25,
        38.61,
        34.8,
        33.85,
        32.91,
        25.68,
        48.0,
        43.29,
        56.5,
        45.0,
        31.5,
        42.3,
        50.75,
        56.0,
        49.0,
        49.0,
        33.95,
        51.0,
        33.25,
        44.5,
        41.78,
        39.21,
        40.39,
        31.97
    ],
    "y_pred": [
        47.633865774189104,
        37.03611254126868,
        27.103029069801757,
        41.64462368227329,
        32.50844010242078,
        32.07593542945684,
        41.81223078697906,
        29.266325133471966,
        43.17392034490238,
        26.039415897793376,
        36.537036958055744,
        33.66198090441251,
        38.90945922779655,
        44.38194997942912,
        39.83801686837553,
        44.12952187808156,
        48.01878218518605,
        35.6190063489656,
        22.763925056032225,
        34.98371540446902,
        40.34179199780734,
        38.34043949501893,
        39.2008564323471,
        44.998276468213184,
        44.699164643863774,
        47.16234116121118,
        26.302022147927392,
        35.198190598728694,
        34.53296115964526,
        48.6490476746569,
        50.35395730814861,
        43.66345343897074,
        33.313288229182476,
        31.979653724113668,
        40.46824901176901,
        46.24624622959887,
        50.22917798591824,
        50.3158156249697,
        38.31875016083749,
        42.591593840229045,
        52.774788394021535,
        57.24245085241713,
        45.63183729029665,
        40.5443795345081,
        42.27891172487964,
        38.4987896637437,
        41.12025264110546,
        37.23361090108535,
        39.06179270069155,
        41.54293106162667,
        35.833768515512254,
        44.312289042536314,
        47.3198646941069,
        56.76636328197801,
        47.81979736569746,
        37.539321384285095,
        36.55238410131457,
        47.46688283774666,
        49.2828883187393,
        47.30718005441456,
        41.73975974512179,
        36.166353411873494,
        44.76589477179139,
        29.22782055178456,
        42.518455406155624,
        44.479610839026385,
        45.30265972637729,
        43.29941334158438,
        35.68085329974877
    ]
}