{
    "Est_name": "ANN",
    "Run": 5,
    "Seed": 3657,
    "Est_params": {
        "activation": "tanh",
        "hidden_layer_sizes": [
            97
        ],
        "solver": "adam",
        "alpha": 0.25591233380576456,
        "learning_rate_init": 0.3156200491048613
    },
    "R2": 0.7794125448025976,
    "R": 0.8857694732560839,
    "MAPE": 0.10355655934107183,
    "RMSE": 4.81060200189907,
    "y_test": [
        46.5,
        34.62,
        32.5,
        59.0,
        49.0,
        58.0,
        57.27,
        33.0,
        58.25,
        35.5,
        44.75,
        36.5,
        42.5,
        39.73,
        38.78,
        45.5,
        42.2,
        33.04,
        46.0,
        32.0,
        31.53,
        42.5,
        48.0,
        43.0,
        39.12,
        37.5,
        30.0,
        31.67,
        29.6,
        15.11,
        37.6,
        44.95,
        56.0,
        49.9,
        41.0,
        30.5,
        33.76,
        43.0,
        41.0,
        38.0,
        16.58,
        33.5,
        45.5,
        37.5,
        26.25,
        30.0,
        44.5,
        22.67,
        32.9,
        34.5,
        39.0,
        54.04,
        42.03,
        52.07,
        53.5,
        52.5,
        27.4,
        50.75,
        23.33,
        40.39,
        40.5,
        38.0,
        56.5,
        37.5,
        35.75,
        23.9,
        62.5,
        43.5,
        25.81
    ],
    "y_pred": [
        44.11289077700205,
        32.96996725961189,
        30.842183197704145,
        55.97251088964628,
        46.952215678075646,
        56.83694289176772,
        53.349599915356386,
        35.7540266329897,
        57.76002891475105,
        32.997351744089855,
        43.439163423214104,
        33.34842799587362,
        42.63490651792496,
        38.45940524518411,
        37.517448265384495,
        51.282053849419896,
        39.78721970139413,
        37.394924166609215,
        44.547798048906586,
        34.68503215098296,
        34.91741264941168,
        43.768854556430604,
        45.04669785036622,
        44.019444594268805,
        39.641690876710825,
        42.37901630939136,
        36.130860277346564,
        29.759578710339476,
        35.27915917731972,
        12.398463135205333,
        40.99273401815972,
        43.288972466814336,
        49.632759000154095,
        52.94169859635809,
        40.570518994709715,
        39.24798067487862,
        31.97173598013445,
        48.46657215481869,
        40.61615151421527,
        40.84313846995846,
        40.64852422452466,
        40.42571136136059,
        47.95680181980133,
        34.64326267365015,
        36.0623207970144,
        39.828842868552435,
        40.46585074807125,
        25.05040509477709,
        31.103806452971444,
        35.37033168105901,
        34.420768018543036,
        44.712174380536,
        40.13430477391377,
        47.882488545545634,
        47.712846634365576,
        53.044127691478536,
        30.746093418153926,
        52.35244766493306,
        26.162283799797237,
        39.790278649203564,
        39.12614464742529,
        39.54850234358274,
        52.25159583763046,
        38.16528276230162,
        33.4846735189833,
        27.215191660748438,
        55.43115371445108,
        39.63437904255446,
        25.552318457142075
    ]
}