{
    "Est_name": "ANN",
    "Run": 39,
    "Seed": 1584,
    "Est_params": {
        "activation": "logistic",
        "hidden_layer_sizes": [
            56
        ],
        "solver": "adam",
        "alpha": 0.9941350930682807,
        "learning_rate_init": 0.6349301862951187
    },
    "R2": 0.332029090343706,
    "R": 0.5897066004305996,
    "MAPE": 0.19095774987715733,
    "RMSE": 8.440341540514224,
    "y_test": [
        23.0,
        45.0,
        39.42,
        43.5,
        41.75,
        42.0,
        41.78,
        49.0,
        50.5,
        52.5,
        16.58,
        40.5,
        43.64,
        41.23,
        56.0,
        37.0,
        40.87,
        39.5,
        31.53,
        54.2,
        37.5,
        54.25,
        57.27,
        44.0,
        47.0,
        33.5,
        25.68,
        54.04,
        33.0,
        43.5,
        42.56,
        53.0,
        40.03,
        43.66,
        41.8,
        22.73,
        62.5,
        26.5,
        29.02,
        32.5,
        33.5,
        42.0,
        53.5,
        59.5,
        26.5,
        43.29,
        38.82,
        46.0,
        50.0,
        58.25,
        22.04,
        46.0,
        49.5,
        54.0,
        29.02,
        42.66,
        32.26,
        31.75,
        43.47,
        46.25,
        56.0,
        30.5,
        59.0,
        33.5,
        49.9,
        43.65,
        42.75,
        31.97,
        26.75
    ],
    "y_pred": [
        32.24431100341266,
        39.62137971190407,
        41.91079807017252,
        39.821862065572205,
        50.163706420702695,
        41.31421894196525,
        36.1635777905881,
        39.514219920687474,
        47.70252938659716,
        48.005535919836056,
        40.751684584996795,
        32.40747287884759,
        36.532787605078454,
        46.58280633047181,
        49.666556344987995,
        42.960824822517296,
        41.27152313160637,
        31.82456135918392,
        42.261330345514885,
        41.20085403379352,
        41.084256093459445,
        39.68447856649568,
        49.1732011201194,
        36.798652624176015,
        41.86521764250027,
        38.81838983961647,
        32.34932996389082,
        41.12654555390705,
        35.92895892510836,
        49.972352932780105,
        40.1345910079756,
        42.43906818927773,
        43.19351074439208,
        32.96860024003349,
        44.705064804054444,
        40.37459169383586,
        41.635608300621044,
        29.402013331861635,
        41.16800706390819,
        28.983893648588232,
        31.516560370467126,
        41.021295440579244,
        40.634966276310934,
        55.39269582380746,
        30.50456145193023,
        36.42299094063937,
        41.997539776919254,
        38.02960435678014,
        45.857996958371274,
        54.64254215767044,
        31.59260504360599,
        47.66794687918712,
        39.46919881474414,
        42.453750493061705,
        31.14864984010531,
        36.01115613387667,
        42.603107223931524,
        40.56936329319675,
        36.20541015191004,
        42.763936863729555,
        40.36724796429654,
        36.61828802753695,
        53.369480008387534,
        28.825843614788173,
        47.78859493404626,
        40.05321239823075,
        38.74443308966191,
        42.9896718102499,
        37.610686936821
    ]
}