{
    "Est_name": "ANN",
    "Run": 22,
    "Seed": 8928,
    "Est_params": {
        "activation": "tanh",
        "hidden_layer_sizes": [
            76
        ],
        "solver": "adam",
        "alpha": 0.7374974800201507,
        "learning_rate_init": 0.16789382816767753
    },
    "R2": 0.5586884263031273,
    "R": 0.7670577669938068,
    "MAPE": 0.09853012935281252,
    "RMSE": 4.989305843341127,
    "y_test": [
        33.4,
        43.64,
        44.6,
        35.75,
        45.5,
        37.0,
        39.5,
        29.02,
        48.0,
        24.5,
        47.0,
        32.91,
        35.25,
        45.8,
        41.0,
        42.25,
        32.25,
        43.07,
        32.0,
        39.0,
        33.76,
        40.0,
        51.0,
        50.8,
        33.5,
        46.0,
        36.0,
        45.25,
        30.25,
        40.1,
        55.52,
        34.5,
        43.0,
        40.03,
        52.5,
        30.5,
        29.41,
        41.95,
        45.5,
        29.6,
        34.8,
        31.25,
        45.0,
        50.2,
        38.82,
        52.5,
        37.5,
        34.5,
        31.75,
        34.75,
        46.0,
        40.5,
        42.86,
        57.27,
        42.29,
        31.67,
        55.5,
        39.8,
        39.5,
        33.04,
        35.5,
        26.5,
        53.5,
        43.5,
        33.5,
        35.0,
        47.0,
        42.03,
        36.0
    ],
    "y_pred": [
        36.66219595041063,
        43.004081851523445,
        46.669040549792015,
        33.770141972047306,
        39.12824089756783,
        44.098556575728686,
        40.8504522853974,
        32.22835617736185,
        37.00452487680748,
        32.85189334543503,
        38.61363030764284,
        39.474457101502196,
        32.41747215813102,
        47.84732957215441,
        39.15215671534084,
        40.17926502029133,
        30.484825459406583,
        41.63855434956435,
        31.850768076119603,
        38.3939799081737,
        38.004697727179455,
        40.79135460146521,
        48.848295487179804,
        50.184641791531604,
        26.704483586890927,
        38.45519904942743,
        35.44601496403525,
        41.035965047911056,
        31.913351723661908,
        36.90378232073301,
        46.96772872566276,
        39.63053052197524,
        41.379751028405714,
        40.71990251521502,
        44.60678278196207,
        29.08975693833884,
        34.19796558745807,
        40.54427056252145,
        39.55020735275576,
        38.26718914662287,
        35.448587851040266,
        28.190090980219033,
        37.74250161755601,
        38.253170192176036,
        39.71460988500572,
        43.68414632577458,
        34.5596227712117,
        38.4399976566971,
        32.30274293841525,
        31.50499503228518,
        50.17188048532035,
        34.51339219153101,
        41.45583329085078,
        48.366312570092624,
        38.1416246569103,
        33.160280380204874,
        49.29690594980611,
        46.686325885884614,
        37.99089519532583,
        34.703664552346424,
        37.34684034081505,
        29.29046203310502,
        42.277780077897255,
        48.86960011819479,
        32.095914583709174,
        37.62181033855694,
        39.59455050273305,
        39.5095678805838,
        33.5370001568754
    ]
}