{
    "Est_name": "ANN",
    "Run": 19,
    "Seed": 434,
    "Est_params": {
        "activation": "tanh",
        "hidden_layer_sizes": [
            80
        ],
        "solver": "adam",
        "alpha": 0.2839519040163883,
        "learning_rate_init": 0.11230853926628824
    },
    "R2": 0.6229937998309549,
    "R": 0.7937817511701915,
    "MAPE": 0.14510524035577335,
    "RMSE": 6.039303952313921,
    "y_test": [
        13.33,
        47.3,
        31.7,
        39.21,
        22.73,
        60.25,
        33.0,
        33.5,
        41.5,
        32.57,
        56.0,
        42.29,
        27.4,
        37.5,
        22.9,
        39.3,
        54.25,
        36.0,
        34.5,
        32.9,
        41.0,
        29.5,
        57.0,
        50.5,
        41.5,
        40.1,
        31.47,
        42.0,
        45.5,
        22.5,
        35.0,
        44.5,
        33.04,
        35.25,
        52.5,
        40.0,
        42.2,
        27.12,
        59.0,
        36.5,
        57.27,
        24.67,
        48.0,
        18.52,
        50.0,
        32.33,
        40.03,
        30.0,
        31.25,
        34.75,
        32.43,
        26.5,
        39.45,
        42.37,
        43.5,
        30.5,
        39.73,
        50.86,
        38.0,
        33.0,
        26.5,
        40.0,
        54.0,
        42.25,
        35.75,
        38.78,
        42.56,
        32.5,
        43.66
    ],
    "y_pred": [
        21.626303963334948,
        52.34187317303601,
        30.209632355241542,
        46.88456139830499,
        41.8658261394185,
        55.014019810509275,
        36.09131090570151,
        26.364713356026968,
        50.69524113027499,
        35.91949501512405,
        55.55469497870809,
        38.600612908913966,
        28.194739695142616,
        36.10316730848315,
        27.123274660830127,
        38.46265191122854,
        46.11963656114863,
        26.28253653728714,
        30.7932649901697,
        35.51274314620489,
        33.9765302679775,
        26.699335361335898,
        56.24109461472012,
        47.71681418557351,
        36.382903572054175,
        34.05158739035833,
        29.74798182876937,
        39.25167049066091,
        39.12399468914729,
        25.02958869298023,
        25.167870076221618,
        34.31336007271646,
        35.29987958381724,
        32.55326892037653,
        52.00525445539855,
        38.26171645537002,
        49.95156387031225,
        35.66122320464077,
        57.493476607341115,
        37.69312807071682,
        46.83658661829061,
        37.104743210642376,
        44.70591168650106,
        29.559103197855674,
        53.981914738625385,
        36.97452634606815,
        46.86682176617571,
        38.77856073646278,
        28.122804569887702,
        30.680878825923152,
        44.78088278156719,
        28.385949167159676,
        34.06754355824607,
        41.00945899084161,
        46.28493144215095,
        35.91699988218253,
        41.58691710704326,
        45.383262757608435,
        42.84303189168845,
        33.76650145110451,
        28.02262192346996,
        39.3246339845747,
        45.68060314939432,
        45.72245216077169,
        38.652075243965385,
        37.332572430160155,
        44.22402147917812,
        39.70918447837931,
        37.16426915301078
    ]
}