{
    "Est_name": "ANN",
    "Run": 44,
    "Seed": 711,
    "Est_params": {
        "activation": "tanh",
        "hidden_layer_sizes": [
            84
        ],
        "solver": "adam",
        "alpha": 0.8567276907730893,
        "learning_rate_init": 0.3974732240295258
    },
    "R2": 0.6423871429748585,
    "R": 0.802668168065527,
    "MAPE": 0.11487992638525166,
    "RMSE": 5.6472728797346186,
    "y_test": [
        35.5,
        22.5,
        22.73,
        29.02,
        18.52,
        20.5,
        41.0,
        32.25,
        41.0,
        53.0,
        46.0,
        33.0,
        30.0,
        47.0,
        37.0,
        45.22,
        45.0,
        34.5,
        42.25,
        34.62,
        44.5,
        37.5,
        40.0,
        55.5,
        34.5,
        45.23,
        56.25,
        38.0,
        56.38,
        58.25,
        46.11,
        42.03,
        55.84,
        26.5,
        42.56,
        27.7,
        29.6,
        25.81,
        34.5,
        41.78,
        37.75,
        26.5,
        46.0,
        43.55,
        30.0,
        37.5,
        29.5,
        30.0,
        48.0,
        41.04,
        42.56,
        39.12,
        46.87,
        39.45,
        39.17,
        35.0,
        42.56,
        41.89,
        59.5,
        39.53,
        54.0,
        36.5,
        31.47,
        43.47,
        44.5,
        57.0,
        42.66,
        35.0,
        49.5
    ],
    "y_pred": [
        28.35157956497738,
        22.83891487356158,
        33.829679111004566,
        36.89061144873024,
        28.220704739001615,
        21.252551032605627,
        43.19635867614747,
        33.971843693917805,
        36.127688506534454,
        51.63711467460631,
        44.43211599065728,
        35.25684977198274,
        31.940480828804123,
        42.93305692503972,
        48.966439182887484,
        39.902796022019075,
        44.12705596116325,
        48.840394656355585,
        41.34836792180444,
        34.584926246622345,
        42.05567547597312,
        37.13820503888472,
        39.470217320008715,
        51.97207697037332,
        30.91045760582873,
        40.55017987208848,
        55.90587571276994,
        37.21507044560282,
        35.45543234156817,
        55.20454080436939,
        50.49177950964186,
        36.63939860085789,
        44.33152356551359,
        26.138048747245662,
        39.85252553565189,
        41.580650879072806,
        32.83999614881509,
        29.394920224654925,
        37.21888790469349,
        39.32512517979282,
        40.02945998283312,
        34.150721094393205,
        47.213932725406636,
        39.474605076132164,
        36.49814879449809,
        39.0031290175212,
        32.78044171782748,
        37.149584357582285,
        46.877674067837034,
        38.82754972920645,
        36.96183510527976,
        43.456771754348594,
        39.8477410266203,
        35.50188609716871,
        34.69391387641632,
        33.59413411928945,
        37.205766407195014,
        35.69606052001457,
        55.65186182785391,
        40.49328241004629,
        49.91535645123787,
        39.04022840165854,
        26.566902013371912,
        39.767907247779306,
        41.633386398667696,
        56.31599767003313,
        37.97196206615662,
        34.413581592481506,
        47.39263730672026
    ]
}