{
    "Est_name": "ANN",
    "Run": 27,
    "Seed": 4557,
    "Est_params": {
        "activation": "tanh",
        "hidden_layer_sizes": [
            82
        ],
        "solver": "adam",
        "alpha": 0.773389130342151,
        "learning_rate_init": 0.3025785002111428
    },
    "R2": 0.7510115998369393,
    "R": 0.8691731662453788,
    "MAPE": 0.10572732161302155,
    "RMSE": 4.91270984321768,
    "y_test": [
        48.0,
        39.78,
        39.61,
        39.5,
        40.12,
        53.5,
        46.5,
        53.9,
        33.5,
        33.25,
        34.5,
        50.5,
        32.25,
        44.5,
        56.38,
        35.25,
        29.0,
        51.0,
        23.0,
        15.11,
        45.8,
        40.5,
        29.5,
        36.0,
        58.0,
        31.8,
        28.5,
        35.0,
        35.5,
        43.0,
        42.03,
        48.5,
        42.2,
        49.7,
        48.0,
        52.5,
        33.41,
        25.81,
        39.0,
        41.23,
        54.2,
        33.85,
        41.78,
        32.91,
        43.4,
        27.49,
        30.25,
        20.8,
        38.0,
        48.0,
        33.5,
        26.5,
        22.04,
        30.0,
        52.5,
        31.47,
        44.05,
        45.25,
        43.0,
        43.29,
        42.3,
        57.0,
        54.25,
        26.5,
        51.0,
        43.0,
        49.5,
        25.68,
        32.83
    ],
    "y_pred": [
        42.599048392789825,
        35.39933491509556,
        34.295407220220156,
        38.63309921038316,
        41.37401062830176,
        47.037945318769104,
        43.77653206991244,
        47.724334049906,
        28.190567997821503,
        30.886111222444253,
        44.7571140400736,
        47.77782969339338,
        29.70259836041288,
        43.76496756482844,
        43.427005136226086,
        35.842484325508124,
        28.06444428460185,
        40.167706923236835,
        24.165762701613883,
        23.8069882866387,
        50.25971071121725,
        38.20241265588028,
        34.85103801819041,
        35.80745888719451,
        61.25613515360796,
        28.407706736054113,
        33.84781652728573,
        33.04460256314781,
        36.89884427088414,
        44.996767154990664,
        39.861119661741824,
        54.29678267582277,
        46.536259672354404,
        47.860146422181,
        49.75265597403154,
        53.20824572130249,
        33.650343677054,
        27.990779420610018,
        43.258171137393454,
        54.1299020092905,
        48.23305462261411,
        32.01458353648865,
        40.59200079212728,
        34.400017103939035,
        38.53310612084916,
        34.11011258903344,
        32.28309038875829,
        25.890071611476127,
        38.40505883699585,
        39.63080583348198,
        29.3025754852076,
        27.251822328837797,
        22.969285520038248,
        34.66463896106693,
        50.020419753470904,
        26.38120519982684,
        38.67512808661112,
        42.962493932452816,
        40.76206373611498,
        35.49577468262933,
        38.43345033924658,
        53.903931116725644,
        46.30508952810029,
        24.007950962199967,
        45.79835536768467,
        47.83000296240907,
        55.342793535790676,
        32.84949682852802,
        31.543034565127957
    ]
}