{
    "Est_name": "ANN",
    "Run": 18,
    "Seed": 9863,
    "Est_params": {
        "activation": "tanh",
        "hidden_layer_sizes": [
            99
        ],
        "solver": "adam",
        "alpha": 0.6215154221340716,
        "learning_rate_init": 0.18966106898592364
    },
    "R2": 0.42820127780811557,
    "R": 0.7739067938695572,
    "MAPE": 0.12017293239704173,
    "RMSE": 6.692185110669094,
    "y_test": [
        48.0,
        57.0,
        43.0,
        56.0,
        34.5,
        44.95,
        45.5,
        44.05,
        44.5,
        40.0,
        48.7,
        39.0,
        35.5,
        26.5,
        43.5,
        57.1,
        42.2,
        39.45,
        57.5,
        46.0,
        55.84,
        30.25,
        26.5,
        44.0,
        56.38,
        49.5,
        32.9,
        48.0,
        57.0,
        42.0,
        26.5,
        39.3,
        56.5,
        29.02,
        35.5,
        50.86,
        22.9,
        29.6,
        45.02,
        33.5,
        43.76,
        45.22,
        43.55,
        34.8,
        39.78,
        43.5,
        42.56,
        33.04,
        50.75,
        32.83,
        58.5,
        35.0,
        56.25,
        40.1,
        44.5,
        33.5,
        43.0,
        48.0,
        40.87,
        36.5,
        41.0,
        54.04,
        47.3,
        50.0,
        35.75,
        34.75,
        33.25,
        31.8,
        40.5
    ],
    "y_pred": [
        46.13885566767778,
        46.60079625278797,
        46.25792758891101,
        50.80484276619523,
        26.40762521092252,
        41.13498626723935,
        38.48614450593688,
        31.845087224834238,
        40.379044975027334,
        41.726481953240274,
        51.03742911036898,
        45.35729234268252,
        37.223750465106505,
        26.643902935130143,
        24.07695342493311,
        47.11902050847635,
        37.00576718958575,
        36.82101675329223,
        60.53515447977946,
        43.83437138024272,
        44.81217724006942,
        32.0427397917441,
        21.66385300148867,
        46.348536126453986,
        39.15434535411016,
        53.930183395815575,
        34.91254168039659,
        42.175705858981125,
        50.27181082086853,
        42.976001266796764,
        33.57587461363947,
        40.93697238885649,
        57.93970568051565,
        29.851849936052037,
        24.228318106740804,
        48.64652839198909,
        28.62409481601162,
        37.75801878981102,
        43.701708167065505,
        29.44553067513484,
        40.70699748457184,
        42.481709508022554,
        41.135294377353354,
        31.018169743137147,
        36.04257232404099,
        41.83094139107404,
        40.019582514643254,
        33.684050728351956,
        45.78319181774863,
        32.71520869189554,
        56.54898766517617,
        22.336580975337935,
        59.54388941486205,
        31.57853547616895,
        31.904655364986095,
        37.042986047839534,
        39.817461761195815,
        44.27356672512833,
        20.686992520532637,
        42.04396432722168,
        39.76091664085195,
        40.96164988718939,
        49.94005582651788,
        44.74009459865498,
        36.16374634277979,
        33.19658974424434,
        28.586537407143087,
        29.32789442438135,
        38.01015081214581
    ]
}