{
    "Est_name": "ANN",
    "Run": 34,
    "Seed": 3527,
    "Est_params": {
        "activation": "tanh",
        "hidden_layer_sizes": [
            87
        ],
        "solver": "adam",
        "alpha": 0.9378585030394346,
        "learning_rate_init": 0.24852013511530205
    },
    "R2": 0.5580280462562563,
    "R": 0.7643318447559507,
    "MAPE": 0.12137135275095517,
    "RMSE": 6.546781536140251,
    "y_test": [
        38.0,
        26.5,
        31.75,
        48.0,
        41.95,
        50.2,
        25.81,
        43.07,
        37.5,
        31.67,
        46.11,
        47.0,
        57.5,
        41.5,
        40.75,
        35.75,
        33.0,
        44.05,
        13.33,
        33.85,
        34.0,
        42.2,
        34.75,
        30.0,
        55.5,
        29.5,
        39.45,
        39.5,
        42.5,
        20.8,
        55.5,
        41.0,
        35.3,
        29.6,
        33.5,
        26.25,
        41.78,
        58.5,
        37.75,
        33.5,
        43.66,
        60.25,
        52.5,
        24.5,
        59.0,
        42.5,
        34.5,
        33.04,
        50.8,
        45.25,
        57.0,
        30.0,
        31.7,
        33.5,
        44.5,
        53.5,
        52.5,
        45.0,
        39.0,
        40.52,
        35.0,
        34.5,
        56.5,
        30.0,
        38.0,
        34.25,
        35.0,
        43.5,
        48.0
    ],
    "y_pred": [
        38.2791112507737,
        26.789734315093607,
        37.375269605476795,
        43.30337262378168,
        38.322751999107254,
        38.33250858499627,
        28.530409562545433,
        38.56942722520544,
        37.12907555454049,
        32.02702294419218,
        51.80343068256965,
        39.50887069160266,
        45.499999822092335,
        49.732511940477806,
        47.10059101986117,
        33.471638291664675,
        32.602038856027846,
        34.82617890830374,
        20.432529591578113,
        35.85273216103192,
        34.29493298948247,
        41.0221631830541,
        32.362254148994545,
        30.78405852701892,
        42.97820464740547,
        31.404777217482085,
        35.08594314485956,
        35.86735900937389,
        42.89879827588223,
        32.17200587993474,
        51.21740443670605,
        32.107810573294785,
        34.347950363592034,
        35.84083066208945,
        31.555450133906326,
        36.384908539839,
        36.105686187166725,
        57.13134863892751,
        38.1244410005593,
        32.33645243327754,
        38.63670272297332,
        42.338545516075264,
        49.351833444175746,
        24.846811957529088,
        41.50766810873463,
        37.37540142789865,
        52.144747524561005,
        30.847758831235122,
        46.41848826925614,
        38.132548472390944,
        41.154303047117594,
        30.982914861975186,
        33.90678385451577,
        35.98277652624525,
        44.66419150599108,
        44.83685418826029,
        46.3587367174749,
        42.76990850908293,
        36.275459724596274,
        38.116553847381624,
        38.12922340631349,
        35.86552980104644,
        58.088490669225614,
        32.938377417079394,
        35.286842377926554,
        36.32034543112406,
        31.85585240658074,
        50.1322729264154,
        39.628284586080476
    ]
}