{
    "Est_name": "ANN",
    "Run": 7,
    "Seed": 1679,
    "Est_params": {
        "activation": "tanh",
        "hidden_layer_sizes": [
            88
        ],
        "solver": "adam",
        "alpha": 0.9492620525161529,
        "learning_rate_init": 0.5277783997553772
    },
    "R2": 0.502654767786556,
    "R": 0.7241000939291237,
    "MAPE": 0.15845419655562457,
    "RMSE": 7.23552687407469,
    "y_test": [
        32.33,
        52.07,
        44.0,
        32.25,
        26.5,
        56.0,
        26.5,
        34.75,
        32.43,
        39.3,
        51.0,
        22.73,
        49.5,
        36.0,
        37.5,
        29.5,
        40.39,
        32.0,
        24.67,
        56.5,
        23.33,
        56.0,
        44.6,
        40.75,
        51.0,
        45.8,
        39.0,
        59.0,
        29.02,
        36.0,
        39.5,
        42.56,
        48.0,
        38.78,
        51.5,
        39.12,
        35.5,
        57.5,
        40.0,
        30.5,
        53.0,
        16.58,
        58.5,
        45.23,
        41.89,
        39.0,
        42.56,
        43.0,
        20.5,
        38.0,
        57.8,
        35.0,
        41.04,
        27.5,
        48.0,
        31.5,
        45.25,
        55.84,
        26.5,
        49.0,
        39.12,
        33.4,
        30.0,
        35.25,
        33.0,
        29.02,
        54.04,
        34.62,
        41.75
    ],
    "y_pred": [
        40.11499408600289,
        45.720362064185124,
        50.36737815528504,
        32.72167834691877,
        27.858110081689894,
        48.81911343027517,
        28.918149829872256,
        31.03359512475231,
        44.57690598700984,
        41.13902704631688,
        52.475413158439096,
        40.28938445586305,
        49.56848179738573,
        32.929857991409605,
        41.24215918480221,
        34.9215018574751,
        44.28202226655908,
        32.11377478924612,
        36.04246781566334,
        50.63316631358864,
        31.740120898327127,
        48.97051442974382,
        44.52544560363911,
        44.060310702264495,
        42.473271581072346,
        44.57255980700837,
        45.14297992179417,
        49.92311283710608,
        43.23645259765791,
        41.601616996004815,
        43.206841093429404,
        42.88300054973099,
        49.52169022721727,
        35.28362412876278,
        43.79609704951009,
        40.55538910553594,
        33.68554424105163,
        52.56542729655227,
        38.97474562295998,
        36.694415628139105,
        45.83360055692818,
        34.89848047802002,
        51.29690174778084,
        45.73319479880882,
        47.18548259428851,
        36.65888044734606,
        41.98800288208269,
        52.84578117104252,
        28.44766828637559,
        41.224761180964016,
        42.60798185207688,
        38.93091368828915,
        41.5062623500636,
        42.14992796484101,
        42.252531674719066,
        34.026554884643645,
        40.614657927473196,
        33.69552846871654,
        33.07019865282554,
        49.92510799647025,
        44.686219837177205,
        35.555993748180306,
        36.11899821982584,
        33.512279524796384,
        36.50806764674154,
        31.580180447111978,
        46.310219715821226,
        36.27839843733886,
        53.2111196541727
    ]
}