{
    "Est_name": "ANN",
    "Run": 4,
    "Seed": 4012,
    "Est_params": {
        "activation": "tanh",
        "hidden_layer_sizes": [
            49
        ],
        "solver": "adam",
        "alpha": 0.712130885598516,
        "learning_rate_init": 0.6033011584238428
    },
    "R2": 0.6199282456308784,
    "R": 0.792327099516896,
    "MAPE": 0.11692542063060125,
    "RMSE": 5.542056376987066,
    "y_test": [
        35.3,
        49.9,
        31.25,
        27.5,
        37.75,
        27.12,
        33.85,
        25.81,
        53.25,
        43.55,
        32.25,
        41.0,
        33.0,
        33.04,
        32.0,
        42.25,
        38.78,
        27.5,
        40.5,
        44.5,
        59.5,
        35.0,
        36.0,
        46.0,
        13.33,
        39.45,
        60.25,
        52.5,
        47.0,
        34.5,
        50.75,
        31.47,
        32.5,
        42.56,
        32.25,
        31.53,
        56.38,
        41.16,
        41.89,
        39.12,
        36.5,
        43.65,
        41.25,
        23.0,
        43.76,
        58.0,
        42.3,
        27.49,
        42.0,
        34.5,
        42.37,
        45.0,
        43.5,
        42.2,
        46.87,
        44.6,
        33.0,
        44.5,
        42.2,
        51.0,
        31.8,
        22.9,
        43.5,
        32.5,
        40.0,
        42.86,
        51.5,
        45.02,
        41.78
    ],
    "y_pred": [
        34.93597689646598,
        51.23278522659884,
        26.357500841069676,
        33.12362289638811,
        40.410920185361874,
        34.439315340022546,
        35.704974851329936,
        29.904952986021243,
        53.71831496335802,
        39.87316710074859,
        35.91123679827622,
        43.057940777863244,
        33.52148775602316,
        32.50198249093276,
        30.229485874739492,
        41.88150474452755,
        35.47716045173304,
        34.71925712210022,
        35.812463951337115,
        39.757897682429,
        55.93466839129314,
        36.060428165019005,
        28.940755008203595,
        52.69973117468287,
        24.51500723810298,
        43.57986417030953,
        57.17520145980074,
        49.745097319069124,
        46.052547675281346,
        38.80033522003776,
        48.09582124657539,
        29.647033064709735,
        23.304473627349537,
        39.26422313684176,
        32.17958231581384,
        39.719231217022404,
        33.86620634203106,
        41.5573726697446,
        43.21466343997484,
        48.470040038665644,
        39.03402323383979,
        45.94408125039892,
        40.22532099014821,
        23.821455312326712,
        41.5384908914287,
        58.946791805927916,
        39.94112036014124,
        39.3495063973578,
        40.5696660926173,
        36.34100836597527,
        37.224604221479716,
        39.297333256341304,
        54.10672368596022,
        46.74695642385397,
        40.46542656689631,
        48.40298299290866,
        37.699233009493305,
        43.99789964579408,
        40.81218274961074,
        39.51273140878776,
        28.18335367863388,
        28.6570748191887,
        35.26714063456285,
        36.53719023931453,
        43.12422017241023,
        38.80765941479113,
        50.61415447456493,
        39.91307275739783,
        36.88724064664513
    ]
}