{
    "Est_name": "ANN",
    "Run": 12,
    "Seed": 520,
    "Est_params": {
        "activation": "tanh",
        "hidden_layer_sizes": [
            84
        ],
        "solver": "adam",
        "alpha": 0.8914989022850782,
        "learning_rate_init": 0.1614234760744932
    },
    "R2": 0.5067663970907278,
    "R": 0.7319941263958447,
    "MAPE": 0.17785634835926617,
    "RMSE": 7.4682668916945785,
    "y_test": [
        40.0,
        35.5,
        43.07,
        59.0,
        45.5,
        21.75,
        35.0,
        51.5,
        31.75,
        50.5,
        41.52,
        39.0,
        39.0,
        16.58,
        43.0,
        13.33,
        48.0,
        34.5,
        51.0,
        22.13,
        24.5,
        30.5,
        57.27,
        46.7,
        46.25,
        43.4,
        32.9,
        59.0,
        52.07,
        47.0,
        41.23,
        42.25,
        39.5,
        57.0,
        29.41,
        45.0,
        55.52,
        23.0,
        20.8,
        50.8,
        23.9,
        40.0,
        41.89,
        32.25,
        50.2,
        43.55,
        42.3,
        27.4,
        31.8,
        37.5,
        42.29,
        46.8,
        33.76,
        42.5,
        34.0,
        56.5,
        54.04,
        38.82,
        32.43,
        39.12,
        31.25,
        42.2,
        36.5,
        35.25,
        33.95,
        52.0,
        26.5,
        56.0,
        47.3
    ],
    "y_pred": [
        38.79954593212404,
        30.38008820608593,
        40.133662823116204,
        45.806249733763984,
        39.765708662589276,
        31.150995929304038,
        35.141874468550434,
        45.43710790201519,
        40.65041032002822,
        46.278066632070214,
        52.70781828177044,
        43.47934164901457,
        37.38643991208381,
        37.32337601838289,
        48.24330920402928,
        24.69502427357414,
        43.203435463444045,
        50.984376497635196,
        39.23997723488608,
        32.11813528270179,
        35.39119332527792,
        38.66607938816407,
        48.46713920761253,
        48.64466208935399,
        45.564685351937555,
        36.66399122379748,
        35.64796798665422,
        56.08084305952701,
        35.06480160979588,
        42.426550890436864,
        46.21039464209104,
        42.55368954459438,
        39.246628502310195,
        45.70040422020804,
        32.83112252867715,
        41.81695857858683,
        52.359530840409086,
        34.838160399594514,
        30.97578644676965,
        45.86093923703833,
        36.31332525611965,
        40.176896935197085,
        42.023772746404305,
        37.8330488625228,
        43.459658849897956,
        41.52656942132611,
        37.18226985426693,
        34.14549237874824,
        34.70355756333444,
        40.60535146448747,
        38.7343969795576,
        48.01137093656293,
        39.196311498800625,
        38.998272371089826,
        35.23857379038967,
        45.77410381006194,
        37.349037020638235,
        42.30538169174971,
        42.78423129272149,
        40.974125197436514,
        33.43989919442644,
        39.57128447692371,
        40.41292974744663,
        35.9412359890708,
        35.71869269121605,
        46.06493119951039,
        32.39029079814339,
        51.36367662730069,
        49.24845588680838
    ]
}