{
    "Est_name": "ANN",
    "Run": 32,
    "Seed": 4552,
    "Est_params": {
        "activation": "tanh",
        "hidden_layer_sizes": [
            56
        ],
        "solver": "adam",
        "alpha": 0.9467924536522861,
        "learning_rate_init": 0.32362142547321887
    },
    "R2": 0.6286862068995956,
    "R": 0.8024227668681251,
    "MAPE": 0.10570862635999531,
    "RMSE": 5.476929247696282,
    "y_test": [
        40.1,
        32.5,
        40.5,
        55.5,
        45.02,
        43.64,
        37.5,
        32.83,
        56.0,
        52.5,
        42.2,
        33.85,
        29.02,
        29.6,
        52.07,
        55.84,
        41.23,
        57.27,
        42.75,
        37.6,
        25.81,
        43.5,
        53.5,
        59.0,
        46.0,
        48.0,
        33.5,
        39.45,
        51.0,
        54.2,
        56.5,
        35.75,
        36.5,
        27.49,
        44.05,
        39.8,
        42.03,
        48.7,
        42.0,
        43.76,
        41.16,
        29.0,
        40.0,
        50.2,
        32.33,
        35.5,
        44.0,
        40.0,
        16.58,
        48.0,
        33.04,
        40.75,
        32.9,
        30.0,
        33.95,
        53.0,
        31.97,
        38.0,
        42.0,
        33.76,
        52.5,
        39.73,
        57.1,
        36.0,
        42.3,
        28.5,
        38.61,
        34.8,
        45.0
    ],
    "y_pred": [
        36.214903633659304,
        31.00225171624879,
        33.841211427325426,
        49.1215351127106,
        41.055623977827125,
        38.54545039532262,
        41.26928614443537,
        31.905874667567442,
        56.04394224868739,
        53.32815013082546,
        40.71576791630176,
        32.637284647222955,
        29.357496581142644,
        38.9628270615499,
        47.43310648597016,
        48.73034740733348,
        45.51979341313884,
        45.38982105188981,
        39.43788475156843,
        35.632502256029696,
        30.188986997229268,
        42.94156084687717,
        47.62807086402073,
        48.942590514924106,
        50.27806343346184,
        51.45876364605556,
        34.04057073647165,
        38.829318196995104,
        48.69943284260482,
        47.63611009167445,
        52.75571721288421,
        36.01801363620979,
        41.291548921036835,
        38.642860838991055,
        37.212547666519356,
        49.81308809484304,
        39.264489826060185,
        48.44495756902481,
        47.57181878946473,
        41.87931254943737,
        38.11229439640016,
        36.67693334247478,
        38.492373109300374,
        45.670692574634344,
        39.25562619598702,
        38.03723941199334,
        40.722904557248484,
        40.44251088826016,
        30.338152331320046,
        40.245172483974116,
        32.89307600502755,
        41.69418921195931,
        31.612061093613608,
        30.4641195511653,
        32.49145213871658,
        49.14931293780525,
        34.42231513020833,
        39.75283286163962,
        39.83727082338859,
        32.14020647999054,
        48.44453827059003,
        39.0169663849496,
        38.223997395112406,
        36.57175900368817,
        36.79803545652075,
        39.140894810319864,
        36.01480973097594,
        35.188148846011984,
        40.41111692042608
    ]
}