{
    "Est_name": "ANN",
    "Run": 36,
    "Seed": 1674,
    "Est_params": {
        "activation": "tanh",
        "hidden_layer_sizes": [
            86
        ],
        "solver": "adam",
        "alpha": 0.44619369847888213,
        "learning_rate_init": 0.2525028472679356
    },
    "R2": 0.6415753527144532,
    "R": 0.8039340125144429,
    "MAPE": 0.10416665666719656,
    "RMSE": 5.50877265425195,
    "y_test": [
        48.0,
        58.5,
        51.5,
        50.2,
        26.75,
        31.75,
        50.75,
        40.12,
        33.41,
        42.25,
        26.5,
        42.0,
        48.0,
        29.02,
        41.89,
        48.0,
        43.29,
        39.45,
        42.56,
        32.33,
        48.7,
        37.6,
        41.25,
        45.0,
        33.0,
        39.12,
        22.13,
        31.67,
        36.0,
        57.5,
        59.0,
        35.75,
        46.5,
        49.0,
        40.5,
        45.5,
        44.0,
        43.4,
        43.55,
        37.75,
        43.5,
        42.5,
        22.9,
        30.25,
        30.0,
        52.5,
        53.25,
        47.0,
        47.0,
        39.5,
        15.11,
        39.21,
        32.0,
        43.29,
        33.25,
        44.75,
        43.64,
        41.0,
        44.95,
        41.75,
        56.38,
        41.5,
        49.9,
        39.53,
        20.8,
        55.84,
        27.5,
        40.0,
        41.95
    ],
    "y_pred": [
        45.60552055471231,
        51.80622719991107,
        49.978829698127555,
        42.08361152371588,
        34.34375158769992,
        35.97382816903638,
        50.58215681710704,
        40.73886545361004,
        30.1815547516995,
        42.303800682474424,
        30.752093802388792,
        42.75799178683892,
        50.55199979623372,
        32.748981656281856,
        35.90802302654832,
        46.72465191046065,
        39.18955515034683,
        37.50523988305222,
        43.0100776611848,
        33.313782136175696,
        53.12111577420642,
        37.642821420238285,
        42.70387290937371,
        44.375598123704506,
        41.92757209608553,
        44.11388798165853,
        24.51682643882117,
        29.0452685274811,
        38.132760198567894,
        52.28490718204276,
        55.28640408998267,
        35.59769948356708,
        41.38459195649584,
        50.023800726437024,
        35.55377579111352,
        47.20151152560926,
        47.48761588328907,
        41.65281838835585,
        38.32776247769175,
        39.674229236844376,
        52.68179520056548,
        39.186113389558514,
        25.46088775920125,
        34.522654885867404,
        34.84918443271481,
        51.45318511246615,
        53.37573341375513,
        41.61813682361319,
        41.38140879233479,
        37.065358397668355,
        16.776305366167026,
        55.54658602132338,
        31.90168249868045,
        39.3398285513429,
        30.623055405447467,
        40.123339473773115,
        38.53565438761312,
        41.131061550559814,
        44.4011105440971,
        51.65013111616193,
        43.53318179376903,
        53.12111577420642,
        50.72654384579479,
        44.049477834319745,
        26.344247480006732,
        39.691104829596,
        42.09593353520445,
        40.204645566181114,
        36.470538924661845
    ]
}