{
    "Est_name": "ANN",
    "Run": 24,
    "Seed": 3611,
    "Est_params": {
        "activation": "logistic",
        "hidden_layer_sizes": [
            62
        ],
        "solver": "adam",
        "alpha": 0.5477719648974924,
        "learning_rate_init": 0.9750139150063566
    },
    "R2": 0.3137340779345118,
    "R": 0.6610869581310237,
    "MAPE": 0.1974415627269041,
    "RMSE": 8.179420652176988,
    "y_test": [
        26.5,
        41.0,
        44.5,
        42.0,
        39.5,
        33.5,
        35.0,
        48.0,
        37.5,
        57.27,
        41.5,
        57.0,
        37.6,
        32.91,
        45.5,
        21.75,
        30.5,
        26.5,
        29.6,
        48.0,
        53.9,
        29.5,
        26.75,
        44.6,
        39.3,
        13.33,
        40.0,
        35.0,
        22.13,
        35.0,
        46.8,
        35.0,
        47.0,
        48.0,
        33.04,
        49.9,
        53.25,
        26.5,
        41.16,
        38.0,
        56.25,
        33.4,
        40.75,
        16.58,
        53.5,
        38.61,
        27.49,
        45.23,
        56.0,
        39.73,
        43.64,
        31.25,
        22.04,
        28.5,
        41.78,
        33.76,
        49.5,
        29.5,
        31.75,
        32.57,
        31.7,
        47.3,
        40.12,
        45.0,
        33.5,
        46.7,
        52.07,
        35.5,
        34.5
    ],
    "y_pred": [
        29.322110121570336,
        39.14110659421213,
        42.56446661056998,
        40.105244335258625,
        37.89003915369116,
        34.695669234877776,
        39.65932217649098,
        46.431303657552334,
        40.21831555681736,
        54.411406463125424,
        49.65449875486024,
        56.88680528829156,
        39.838938217074144,
        37.53040398179028,
        44.07150075853277,
        36.71395249996966,
        37.405635782193755,
        31.795737211990676,
        45.394333536325775,
        47.35151318515056,
        49.4062403691793,
        34.3398783007185,
        40.86243668605042,
        48.90213825052567,
        38.79474184665173,
        47.51193601506317,
        38.70376117870612,
        36.239559842933616,
        37.073437818363395,
        34.90967846095217,
        49.50895387216245,
        33.45454632219495,
        43.881502494563854,
        42.12884989431371,
        34.98278715116749,
        48.62426205654149,
        55.013699407505825,
        34.3345640225572,
        39.725356295591006,
        41.860198946162974,
        57.97840026219353,
        36.65732410703409,
        38.4019502917506,
        45.121480933306124,
        46.97362887059658,
        39.12992186665898,
        45.54198049662415,
        39.433601397494485,
        56.359309469872045,
        40.47855803525698,
        43.104241686870886,
        33.063653169873604,
        36.50832257419992,
        45.3237837478397,
        41.70961679868986,
        37.15165470407402,
        45.575805397610665,
        39.51197412109621,
        40.165613165312266,
        36.978580388376216,
        40.6912978411235,
        49.671763135358496,
        39.43816989908614,
        48.79882771871521,
        35.749842377163795,
        48.321283774778564,
        46.14581561215059,
        39.52215031156437,
        35.7885313852853
    ]
}