{
    "Est_name": "ANN",
    "Run": 15,
    "Seed": 3582,
    "Est_params": {
        "activation": "tanh",
        "hidden_layer_sizes": [
            99
        ],
        "solver": "adam",
        "alpha": 0.3716754742717285,
        "learning_rate_init": 0.11713303371358919
    },
    "R2": 0.6408446343622742,
    "R": 0.8094262255322932,
    "MAPE": 0.11026588756779168,
    "RMSE": 5.500937279489689,
    "y_test": [
        56.0,
        46.11,
        58.5,
        33.0,
        54.04,
        47.0,
        41.0,
        40.0,
        42.5,
        38.0,
        31.59,
        41.23,
        40.52,
        33.41,
        38.78,
        53.5,
        31.8,
        34.5,
        27.12,
        33.5,
        56.25,
        57.1,
        35.0,
        44.0,
        43.65,
        40.5,
        32.25,
        41.8,
        39.3,
        28.0,
        50.75,
        18.52,
        43.64,
        50.5,
        43.4,
        41.89,
        39.8,
        40.39,
        56.38,
        52.0,
        41.16,
        27.5,
        41.89,
        53.5,
        40.1,
        35.0,
        59.0,
        34.5,
        39.12,
        45.8,
        33.0,
        43.5,
        46.0,
        57.96,
        44.6,
        26.75,
        35.25,
        41.95,
        25.81,
        34.5,
        42.0,
        43.66,
        26.5,
        33.0,
        29.02,
        27.7,
        52.5,
        36.0,
        39.5
    ],
    "y_pred": [
        54.07184358896451,
        53.7742534795521,
        58.563786401564016,
        33.07566104683126,
        45.87942174037985,
        47.23951853724278,
        39.536940796943476,
        41.4030572576417,
        45.672449501757214,
        37.6701407099071,
        33.73240582364379,
        46.43646570270813,
        36.63285579039626,
        30.276265062088605,
        35.730615875422515,
        53.28981367818078,
        28.292331124677986,
        47.96247945653856,
        29.565583015361263,
        30.506395456792845,
        59.17984211820321,
        53.92508754308259,
        36.16370405927591,
        41.69404365115995,
        41.85911787474249,
        41.56316213074656,
        29.7813270496487,
        44.593438667023555,
        41.333439238569426,
        37.607783662253766,
        45.81741690107952,
        29.9581578413158,
        41.45099635183795,
        51.206448386073575,
        31.504276354305276,
        37.51081489591433,
        50.28550035325462,
        43.646506624422656,
        48.45487516709562,
        48.51700464349792,
        41.77630887229888,
        41.24188845572474,
        45.53302504739813,
        49.34945333281923,
        32.771642129221696,
        34.40050026935746,
        59.535589094690984,
        30.761168450777358,
        39.378655347351305,
        47.23897119824824,
        30.94714643620981,
        57.468049477841866,
        43.082923455144716,
        47.752323132254226,
        46.743844865837914,
        32.913046623897905,
        39.099912218713825,
        39.72260745480065,
        27.511572686131874,
        39.948000290681684,
        40.55623216567097,
        37.806077700993384,
        29.819967709807454,
        37.14301072788604,
        28.99979164506292,
        43.22955135097087,
        54.13648369744379,
        38.02021977938685,
        37.539453217512374
    ]
}