{
    "Est_name": "ANN",
    "Run": 26,
    "Seed": 9654,
    "Est_params": {
        "activation": "tanh",
        "hidden_layer_sizes": [
            61
        ],
        "solver": "adam",
        "alpha": 0.45548639591420176,
        "learning_rate_init": 0.1489937407538011
    },
    "R2": 0.4609897003546708,
    "R": 0.7286172445677287,
    "MAPE": 0.15703032225128324,
    "RMSE": 6.94967174961815,
    "y_test": [
        48.0,
        39.78,
        56.0,
        48.0,
        41.5,
        34.62,
        32.0,
        20.8,
        33.0,
        39.12,
        47.0,
        42.03,
        49.5,
        40.12,
        44.05,
        41.95,
        33.25,
        43.5,
        41.5,
        30.0,
        32.0,
        48.0,
        58.0,
        23.9,
        51.5,
        57.27,
        32.9,
        46.25,
        53.5,
        38.0,
        46.87,
        59.0,
        39.5,
        50.2,
        46.0,
        23.0,
        43.5,
        51.0,
        33.95,
        42.2,
        58.59,
        56.0,
        16.58,
        42.56,
        43.64,
        35.0,
        40.39,
        34.5,
        37.25,
        51.0,
        26.5,
        49.7,
        33.5,
        46.7,
        35.0,
        40.5,
        37.5,
        44.6,
        36.0,
        22.04,
        33.5,
        32.5,
        30.25,
        31.7,
        48.0,
        39.45,
        33.76,
        35.0,
        33.41
    ],
    "y_pred": [
        38.87906333465967,
        37.219223501159156,
        52.116909373090806,
        44.42917934131383,
        34.47028457495922,
        38.07067476666823,
        29.879874448045292,
        29.341297111322106,
        32.81671235292489,
        43.06498550632486,
        38.29238896470219,
        36.355579294263734,
        42.908294231757445,
        42.43202395594089,
        35.4414248868812,
        37.10159233535388,
        21.922353790140978,
        37.86216398630939,
        46.59666051115033,
        40.267084354470086,
        27.946262208294176,
        41.04805616224169,
        55.60271839689248,
        30.698762204676445,
        45.356532513216195,
        45.85065173984383,
        34.04026693133012,
        38.39377774436425,
        45.12813031262142,
        38.11957622727726,
        40.53739280290336,
        54.54029052481975,
        37.007861558085374,
        37.52462189017477,
        40.60077421569396,
        31.134803552984337,
        46.352782718823796,
        46.847989103475925,
        34.202251705852944,
        38.427224960929955,
        45.803893961029786,
        53.2021938812482,
        35.89032311568956,
        37.539874626354845,
        38.91133065102157,
        39.28476492023482,
        42.5007923263607,
        38.415063073438475,
        37.15956456981265,
        36.756767042896996,
        28.054534343990348,
        41.696292390853394,
        27.819936525987888,
        39.306783293715355,
        39.012116716448865,
        32.60831999434014,
        38.651851626508545,
        46.38695381783708,
        23.77539619269041,
        26.779764819412158,
        20.13227885927055,
        26.999187805642595,
        39.23579843057412,
        36.632281003050366,
        46.42100057522835,
        36.65870568574607,
        36.94961170172483,
        22.386371240425625,
        33.908254698210506
    ]
}