{
    "Est_name": "ANN",
    "Run": 38,
    "Seed": 6224,
    "Est_params": {
        "activation": "tanh",
        "hidden_layer_sizes": [
            93
        ],
        "solver": "adam",
        "alpha": 0.9046209453524012,
        "learning_rate_init": 0.3480507249647081
    },
    "R2": 0.5252077842864599,
    "R": 0.7540738176624027,
    "MAPE": 0.1294995831643499,
    "RMSE": 6.253083280970818,
    "y_test": [
        39.61,
        44.5,
        51.0,
        57.5,
        40.87,
        34.5,
        31.47,
        42.25,
        35.75,
        40.12,
        42.75,
        33.0,
        33.41,
        60.25,
        33.85,
        42.3,
        44.05,
        32.0,
        32.0,
        32.25,
        41.95,
        28.0,
        29.0,
        33.5,
        39.12,
        43.65,
        46.0,
        27.7,
        43.5,
        48.0,
        23.9,
        42.35,
        59.0,
        32.57,
        43.66,
        35.0,
        47.0,
        33.5,
        52.07,
        43.4,
        30.5,
        36.0,
        49.9,
        30.5,
        53.5,
        40.0,
        40.1,
        57.21,
        45.5,
        22.9,
        13.33,
        36.0,
        45.22,
        32.25,
        41.0,
        57.0,
        35.25,
        40.0,
        42.56,
        33.25,
        33.6,
        48.0,
        52.5,
        49.5,
        35.5,
        43.64,
        40.03,
        50.8,
        35.75
    ],
    "y_pred": [
        32.41089384918426,
        43.513534560706155,
        41.71674466576859,
        47.66140242500292,
        20.6282288715952,
        46.93298052028539,
        26.86488917736107,
        44.52661429807941,
        33.00617525485617,
        38.68551942734709,
        37.72580413125521,
        33.95435498341325,
        34.93750011556123,
        47.19773999911258,
        36.9507060461452,
        35.166576324383556,
        35.41758454968554,
        29.36854038867717,
        34.05377142644459,
        34.312915189194634,
        39.84994194805736,
        28.96913992134332,
        29.643763658420372,
        35.758437761805894,
        42.98148907439869,
        42.202413044758806,
        49.7840281979298,
        45.187673925444585,
        36.43255686753322,
        45.081682406330344,
        32.06291705356114,
        39.008682453022296,
        47.666398422787445,
        37.40491632978611,
        37.83712704286942,
        33.68106118174133,
        49.76840091959126,
        26.09986065275076,
        44.983812565742674,
        35.35694028395201,
        28.18376761637947,
        26.73900449516937,
        50.48025022088645,
        34.97421292577515,
        53.84657351156484,
        37.14437464123917,
        34.61591602694198,
        48.48460389330969,
        46.70723877882807,
        29.03951643974696,
        23.44852019171755,
        36.12857910926652,
        41.238203155129774,
        30.76937643867805,
        31.51228776981405,
        55.28162172292487,
        32.999033264352136,
        42.57893848804459,
        38.64694872076442,
        27.3410510761051,
        36.008783618708506,
        41.80028034569909,
        51.94158824529042,
        46.94670069713954,
        33.89466027022762,
        41.09532604985204,
        47.3093502313298,
        50.05692117133536,
        38.81996962717572
    ]
}