{
    "Est_name": "ANN",
    "Run": 46,
    "Seed": 8785,
    "Est_params": {
        "activation": "relu",
        "hidden_layer_sizes": [
            82
        ],
        "solver": "adam",
        "alpha": 0.5945143509081672,
        "learning_rate_init": 0.10358244159296562
    },
    "R2": 0.5446602771434821,
    "R": 0.7410368784264207,
    "MAPE": 0.14596969141669086,
    "RMSE": 6.619280001477457,
    "y_test": [
        37.5,
        50.75,
        29.5,
        26.75,
        55.5,
        39.5,
        53.5,
        42.56,
        35.0,
        41.89,
        44.6,
        47.0,
        31.47,
        34.5,
        31.5,
        22.9,
        39.53,
        50.5,
        31.59,
        52.07,
        26.5,
        57.0,
        42.56,
        34.5,
        53.0,
        34.5,
        56.25,
        30.5,
        40.5,
        40.12,
        48.0,
        46.8,
        40.5,
        45.25,
        31.67,
        28.0,
        51.0,
        31.53,
        21.75,
        57.1,
        39.3,
        37.5,
        29.5,
        29.0,
        33.5,
        41.25,
        50.0,
        46.5,
        56.5,
        42.0,
        42.5,
        41.0,
        41.23,
        20.8,
        44.0,
        43.0,
        30.5,
        36.0,
        43.0,
        56.0,
        53.5,
        59.0,
        46.0,
        43.66,
        53.5,
        55.84,
        30.0,
        42.2,
        28.0
    ],
    "y_pred": [
        36.324857702869686,
        42.42587999163429,
        35.97494448575513,
        32.88743261847953,
        44.926686216043706,
        44.049315526529476,
        44.71664081986226,
        42.73268796055868,
        32.71003196078191,
        31.867514508873644,
        49.06126584350162,
        40.97055507357671,
        29.120691325755566,
        39.77047526643051,
        35.96673912840792,
        35.729954969098685,
        40.79371418354987,
        46.32822400871209,
        36.326708441493466,
        60.59021135622689,
        31.358308049957067,
        54.178422505339306,
        34.64907650636796,
        43.04405082048002,
        42.84554213767549,
        27.59811111889836,
        52.54188243256831,
        38.61255857324332,
        38.82215995982129,
        37.470077691653664,
        47.74629164338132,
        47.39814678840045,
        36.38663723536736,
        37.930728705635985,
        30.278735969912997,
        32.877558413006085,
        51.06050179789508,
        40.282492078497306,
        34.68431692614343,
        43.89070565609327,
        40.1259612011222,
        43.16552182208073,
        30.368275786786118,
        31.811505609920317,
        30.779263539528852,
        43.719422772489175,
        43.20753878615192,
        36.05137426396068,
        50.20321887815373,
        39.130485693883315,
        42.540314572915236,
        37.36415390058902,
        49.574433254085385,
        34.1786364271926,
        50.482433597770545,
        44.52620325568732,
        19.862059432340544,
        36.607935536966636,
        51.70891200216154,
        49.581049551341735,
        43.010830638983606,
        48.54143421232896,
        40.13542457270082,
        31.642833872631645,
        50.54275440851685,
        56.06716754013863,
        34.23068664807256,
        41.35577141925932,
        33.15736161886533
    ]
}