{
    "Est_name": "ANN",
    "Run": 20,
    "Seed": 9195,
    "Est_params": {
        "activation": "tanh",
        "hidden_layer_sizes": [
            97
        ],
        "solver": "adam",
        "alpha": 0.3832526029941397,
        "learning_rate_init": 0.4667253518132453
    },
    "R2": 0.8029935003645935,
    "R": 0.8996164226829184,
    "MAPE": 0.0951223248693796,
    "RMSE": 4.305007640187463,
    "y_test": [
        41.95,
        30.5,
        59.5,
        36.0,
        32.91,
        46.11,
        29.5,
        41.23,
        28.0,
        26.5,
        43.5,
        31.67,
        55.5,
        59.0,
        23.33,
        35.0,
        31.97,
        39.12,
        32.0,
        41.0,
        42.29,
        44.5,
        44.75,
        22.5,
        42.56,
        42.5,
        31.47,
        52.5,
        21.75,
        39.17,
        31.53,
        56.5,
        27.5,
        34.5,
        41.8,
        52.5,
        22.9,
        41.4,
        35.75,
        32.5,
        34.5,
        28.5,
        45.02,
        51.0,
        60.25,
        32.83,
        40.5,
        42.25,
        26.5,
        24.5,
        39.73,
        41.89,
        30.5,
        29.02,
        22.67,
        31.25,
        42.35,
        32.43,
        37.6,
        33.5,
        21.5,
        35.0,
        36.0,
        49.5,
        33.0,
        51.5,
        32.33,
        29.5,
        26.25
    ],
    "y_pred": [
        41.34221376583639,
        35.3217436411831,
        56.11770415655328,
        36.903003336686325,
        35.17079356034102,
        42.83853469175988,
        26.57124775501212,
        42.92773026932984,
        28.56096381670848,
        27.074798982023278,
        46.01889444683406,
        29.789790423928476,
        47.08359472412623,
        57.0029434877998,
        20.310210200320086,
        34.52796699746865,
        34.98768810053554,
        44.79744474553054,
        32.87075807115894,
        30.66557349211909,
        38.23058344659302,
        41.7055958121346,
        43.68595971846585,
        28.412991569939962,
        37.15414709165095,
        40.10125691429843,
        27.9788865527669,
        46.136526210437914,
        24.20731219941052,
        34.259375189786155,
        33.96548300554359,
        49.20620300543685,
        33.85556375327349,
        35.31829867119727,
        40.69592150390489,
        49.816701745826826,
        22.355019777118404,
        41.547921975368155,
        33.8574282555573,
        32.76532228216835,
        29.862298959281233,
        34.95016908415376,
        42.46869819550849,
        40.286170642403135,
        49.90470163930973,
        33.885991024966025,
        40.38059898493136,
        44.3670301586357,
        29.00048238368679,
        29.66203226543296,
        39.06645149509255,
        38.25316463395602,
        36.74182909660625,
        31.014061315343948,
        21.536290881657422,
        29.04293559242124,
        40.6120227051528,
        40.21017309464396,
        35.17514831259513,
        27.366373910888672,
        27.598804240717666,
        35.22979537435546,
        37.61866204491695,
        54.9426021502897,
        29.98048492163889,
        51.29957220380631,
        30.275303221819033,
        25.80064850806527,
        35.467161240201314
    ]
}