{
    "Est_name": "ANN",
    "Run": 29,
    "Seed": 2615,
    "Est_params": {
        "activation": "tanh",
        "hidden_layer_sizes": [
            94
        ],
        "solver": "adam",
        "alpha": 0.9303283178162866,
        "learning_rate_init": 0.16922480190083505
    },
    "R2": 0.6299981032681072,
    "R": 0.825120538306091,
    "MAPE": 0.12053764702428466,
    "RMSE": 5.711524398757474,
    "y_test": [
        57.0,
        35.5,
        34.0,
        48.0,
        40.39,
        20.5,
        22.73,
        25.81,
        27.4,
        32.91,
        43.55,
        40.1,
        47.0,
        51.0,
        48.0,
        36.0,
        48.0,
        22.13,
        44.05,
        46.0,
        30.0,
        41.52,
        28.0,
        33.76,
        44.75,
        32.0,
        49.7,
        39.12,
        49.0,
        54.25,
        39.5,
        20.8,
        46.87,
        41.78,
        35.75,
        36.0,
        42.5,
        29.5,
        53.0,
        57.96,
        37.75,
        46.5,
        38.78,
        31.7,
        35.0,
        39.0,
        27.12,
        39.21,
        44.95,
        53.25,
        35.25,
        33.5,
        50.0,
        42.0,
        43.64,
        21.5,
        39.42,
        46.0,
        40.52,
        53.5,
        41.0,
        42.86,
        43.0,
        54.0,
        56.5,
        34.62,
        57.21,
        43.29,
        43.5
    ],
    "y_pred": [
        50.804983202363154,
        28.212204374686035,
        31.861530864757285,
        45.992915301423686,
        40.00754268083434,
        27.00653017461878,
        35.2001851359682,
        30.390731219102836,
        25.458106306249796,
        35.33210011570099,
        36.527669481055945,
        35.42857223339073,
        44.59052592005707,
        36.37042535528715,
        42.94366407105448,
        35.617864163874906,
        40.58114243365238,
        26.374238561039,
        36.84469950061203,
        39.67084254084347,
        27.10222063650325,
        47.06669281513881,
        35.387583176066975,
        32.698127660274224,
        38.30830669542877,
        33.42334814631877,
        42.32486758629604,
        46.41213535837081,
        45.230442693309286,
        43.90527632704645,
        39.175343814582064,
        27.59977978572047,
        40.840540120119385,
        35.55095685353635,
        34.067105292053476,
        34.545732335467065,
        42.13570837165431,
        30.19885107520798,
        48.99526536001769,
        50.906869884631696,
        38.60827998620047,
        41.184643238469526,
        31.486576455044283,
        29.803837687704778,
        34.011735319907146,
        43.28583230245733,
        32.752007152824504,
        46.47655300392515,
        40.03153330834208,
        51.35560576862417,
        32.27085513913556,
        26.604196101129492,
        48.39346139967298,
        43.20984487264626,
        36.87125457155476,
        25.3310033379972,
        43.22219761601893,
        43.24176696998923,
        36.75530910277823,
        55.57504022133278,
        38.28257928331342,
        34.668784549279096,
        44.939304244202106,
        38.43188931058469,
        53.60488731098183,
        33.84959255314302,
        45.230442693309286,
        38.680150212196985,
        40.82175958880534
    ]
}