{
    "Est_name": "ANN",
    "Run": 42,
    "Seed": 9891,
    "Est_params": {
        "activation": "relu",
        "hidden_layer_sizes": [
            70
        ],
        "solver": "adam",
        "alpha": 0.4013758507734366,
        "learning_rate_init": 0.7536149375831273
    },
    "R2": 0.14372412101266852,
    "R": 0.4962349746174982,
    "MAPE": 0.1946708385366129,
    "RMSE": 8.59942099691678,
    "y_test": [
        45.5,
        48.7,
        38.61,
        38.0,
        42.0,
        39.5,
        54.04,
        46.7,
        32.5,
        56.25,
        23.0,
        47.0,
        30.0,
        58.5,
        39.0,
        33.0,
        25.81,
        40.75,
        39.78,
        42.03,
        23.33,
        43.47,
        41.23,
        51.5,
        37.5,
        40.1,
        22.67,
        50.0,
        33.04,
        41.89,
        35.0,
        53.5,
        44.6,
        32.25,
        20.8,
        40.75,
        30.0,
        46.8,
        41.16,
        42.3,
        57.5,
        32.25,
        59.0,
        37.25,
        30.0,
        45.22,
        42.0,
        35.0,
        56.0,
        45.02,
        54.25,
        57.5,
        23.9,
        32.43,
        33.6,
        39.17,
        33.95,
        37.5,
        41.5,
        32.83,
        50.8,
        50.86,
        43.4,
        42.75,
        49.9,
        42.0,
        35.3,
        48.0,
        35.5
    ],
    "y_pred": [
        44.69422624792609,
        46.718787416887615,
        35.001335295701125,
        49.40978975508176,
        36.761886705591884,
        36.041135862132535,
        49.95846674894158,
        58.95388485182526,
        43.0730190190445,
        55.94405452712635,
        28.161049487899568,
        48.27620504592486,
        41.13538885180675,
        55.71094448860607,
        50.61315612985116,
        29.64584474912383,
        37.33332127722918,
        36.5459506781002,
        31.407375638923003,
        41.68961086711055,
        48.394244357820334,
        42.86373025676547,
        50.049126407185945,
        34.57686570117313,
        40.322518256293044,
        37.045480616335404,
        37.36845363364562,
        41.39404599098548,
        30.149018551360292,
        38.90993879275539,
        37.05896420380669,
        54.95847392953655,
        45.184554399776694,
        38.84784234991216,
        42.03363503341037,
        34.89317982431558,
        43.50864950744055,
        50.57805340936265,
        38.064220640269234,
        37.089329143871666,
        60.028987084966744,
        38.86964908239408,
        50.95944528845091,
        31.989367416271634,
        39.83397746771256,
        36.69617793615512,
        51.370275139656975,
        44.94457073107794,
        55.08242743386423,
        45.660068978419005,
        41.01815442997682,
        54.37362047726491,
        39.128233422076505,
        42.111488780210145,
        43.2665823095379,
        38.11582031063522,
        42.58813287809665,
        35.35440079730867,
        44.93497174134239,
        44.05041103069472,
        34.85030111802306,
        46.25268814696654,
        36.85676917125444,
        33.72792969557952,
        35.397171951722925,
        33.55045428036155,
        37.250810727479205,
        44.29491804300376,
        33.87531783449235
    ]
}