{
    "Est_name": "ANN",
    "Run": 9,
    "Seed": 1424,
    "Est_params": {
        "activation": "tanh",
        "hidden_layer_sizes": [
            61
        ],
        "solver": "adam",
        "alpha": 0.9391390214500485,
        "learning_rate_init": 0.6123649864791417
    },
    "R2": 0.6308309838630836,
    "R": 0.8051853673950059,
    "MAPE": 0.14326872477783745,
    "RMSE": 6.297623375476457,
    "y_test": [
        41.16,
        56.0,
        34.5,
        43.5,
        59.0,
        35.5,
        33.41,
        37.0,
        47.0,
        53.5,
        27.5,
        39.12,
        54.0,
        22.04,
        25.68,
        40.52,
        41.89,
        56.0,
        41.8,
        30.0,
        45.23,
        49.5,
        57.0,
        40.5,
        13.33,
        40.75,
        26.5,
        20.22,
        43.65,
        41.5,
        33.5,
        39.8,
        33.0,
        50.5,
        36.0,
        54.04,
        39.73,
        35.0,
        30.5,
        31.53,
        33.76,
        37.5,
        52.0,
        41.5,
        50.2,
        53.5,
        35.0,
        28.0,
        38.61,
        51.0,
        35.75,
        55.5,
        35.75,
        53.9,
        35.25,
        39.3,
        23.0,
        44.5,
        23.9,
        26.5,
        49.5,
        25.81,
        58.59,
        48.0,
        32.25,
        42.75,
        33.0,
        45.0,
        46.25
    ],
    "y_pred": [
        39.49351395257792,
        56.372122091237294,
        33.2372496755959,
        32.825009644426764,
        58.154053250347566,
        33.4517882665975,
        28.405486237625905,
        42.54124052215683,
        43.726774802755095,
        48.08331121917047,
        40.23705036575479,
        40.171233372457124,
        38.86122454740054,
        29.74545481887305,
        34.065126307497174,
        36.01043011962894,
        37.46860297580322,
        49.63674313886468,
        43.742168439924534,
        35.14814732588103,
        38.91314359471999,
        43.90377939809843,
        45.3181863560347,
        36.039338782488684,
        21.798896746121112,
        47.11311852247426,
        33.80949782663657,
        35.13572211845134,
        43.40780619126529,
        36.740363220531634,
        28.374842077796938,
        48.28330869337016,
        33.02703530885414,
        45.83134628835273,
        33.13881011097776,
        50.50409240773852,
        36.39291124101615,
        35.01475848293407,
        26.197918269672375,
        38.83218068340364,
        29.247216570005445,
        39.35711457662033,
        50.227382273014015,
        45.53714537369674,
        43.585551562461745,
        43.5335746310874,
        32.26932180695596,
        26.405700841182,
        35.248141845286305,
        49.268508274598574,
        34.44452074962926,
        51.34731421910183,
        28.462469962585647,
        44.18445041063498,
        27.04254195212208,
        34.87860996536337,
        24.075877700829913,
        41.52198610275061,
        29.855923328791107,
        24.271182248903813,
        61.60363361421897,
        33.750997558387716,
        45.42475432275967,
        46.84997385208349,
        28.55148222374815,
        34.83233148230603,
        33.51884476669366,
        38.20312084991834,
        45.29779959243905
    ]
}