{
    "Est_name": "ANN",
    "Run": 2,
    "Seed": 409,
    "Est_params": {
        "activation": "tanh",
        "hidden_layer_sizes": [
            89
        ],
        "solver": "adam",
        "alpha": 0.03179193712286383,
        "learning_rate_init": 0.20363574235726783
    },
    "R2": 0.6359674300573455,
    "R": 0.806069608954704,
    "MAPE": 0.11625602018505478,
    "RMSE": 5.587566532748611,
    "y_test": [
        35.0,
        39.0,
        48.0,
        31.5,
        31.75,
        54.25,
        49.9,
        39.5,
        47.3,
        48.0,
        13.33,
        43.5,
        57.21,
        38.82,
        45.0,
        32.26,
        31.47,
        35.3,
        34.5,
        29.41,
        31.7,
        39.0,
        55.5,
        55.5,
        46.5,
        60.25,
        53.9,
        40.75,
        34.8,
        35.25,
        33.5,
        35.5,
        42.29,
        41.0,
        43.29,
        56.0,
        56.5,
        46.0,
        46.8,
        56.0,
        43.29,
        56.0,
        36.0,
        38.0,
        32.25,
        27.5,
        42.5,
        33.41,
        46.0,
        46.25,
        41.25,
        33.95,
        30.5,
        48.5,
        42.0,
        43.0,
        38.78,
        48.0,
        26.5,
        50.2,
        35.5,
        33.25,
        34.5,
        34.0,
        35.0,
        43.47,
        21.75,
        35.0,
        48.0
    ],
    "y_pred": [
        37.632165958679906,
        37.02414573227197,
        43.701203044788734,
        26.20653429806909,
        35.28202132485439,
        48.53462859330636,
        51.941817609182344,
        36.73542626180451,
        50.87202488974835,
        45.103227081439414,
        18.19709366269692,
        33.20365847248426,
        49.88068087086707,
        38.28572708001637,
        38.460130292207694,
        39.85670525921164,
        26.36195308714611,
        38.183229950618816,
        30.396087865522734,
        27.647933909161697,
        35.11868416075122,
        42.98632797215196,
        47.0260897750852,
        54.936571656337534,
        31.364630434029124,
        45.9135291081522,
        47.87521599011528,
        50.81606748844046,
        36.744918463587695,
        29.987396084863107,
        33.738656177848135,
        36.9200375185769,
        39.956943834444054,
        42.47219347400348,
        44.05100356191091,
        61.80483810193402,
        48.8747650956893,
        47.45571332257564,
        49.29363161516427,
        53.88460529450307,
        43.11193229680066,
        48.4402150837737,
        41.33342487068642,
        43.51429228220506,
        33.21478522805887,
        34.56336571643384,
        44.34967115567252,
        34.70562265994866,
        39.98819165544086,
        43.52902390905041,
        40.55882940436586,
        35.27696671624008,
        33.86209593107079,
        59.24488322786509,
        45.80889560277568,
        44.85290505831919,
        35.984486281000805,
        41.1099812977266,
        33.77898058873288,
        42.152889788174434,
        38.3119139008806,
        27.00998609412436,
        24.518184165163976,
        31.6184781788984,
        41.32333911320937,
        39.2771068420356,
        32.313513735775594,
        34.60039419050401,
        45.76333784587119
    ]
}