{
    "Est_name": "ANN",
    "Run": 47,
    "Seed": 2045,
    "Est_params": {
        "activation": "tanh",
        "hidden_layer_sizes": [
            99
        ],
        "solver": "adam",
        "alpha": 0.538178301727159,
        "learning_rate_init": 0.2945622072493781
    },
    "R2": 0.6213160803603868,
    "R": 0.8077242033691933,
    "MAPE": 0.12961088395536366,
    "RMSE": 5.8882549431383095,
    "y_test": [
        47.3,
        35.25,
        32.83,
        20.22,
        53.5,
        27.5,
        45.0,
        53.25,
        29.6,
        22.67,
        37.0,
        33.25,
        35.0,
        40.0,
        42.0,
        25.68,
        22.13,
        45.5,
        37.75,
        32.5,
        55.52,
        55.5,
        52.5,
        30.0,
        49.7,
        53.0,
        51.0,
        39.21,
        46.0,
        40.75,
        43.0,
        21.5,
        26.5,
        35.0,
        39.5,
        35.5,
        39.45,
        53.5,
        42.29,
        44.5,
        44.75,
        49.0,
        33.0,
        27.12,
        30.0,
        42.03,
        47.0,
        41.0,
        48.0,
        22.9,
        39.3,
        32.26,
        40.0,
        42.35,
        39.0,
        57.96,
        48.0,
        33.0,
        56.38,
        50.5,
        43.65,
        52.5,
        28.0,
        30.0,
        41.95,
        44.95,
        42.56,
        44.5,
        34.75
    ],
    "y_pred": [
        49.97467140005151,
        38.09855634950917,
        34.64321035340261,
        36.04159966445263,
        43.61938741126848,
        39.85627669521413,
        44.03266373496846,
        51.66482542921679,
        35.28486518331106,
        29.22142859587108,
        47.346495711414946,
        29.646208778504036,
        28.51623624266542,
        44.600111300973786,
        43.468194286603506,
        32.9584807389455,
        28.164566401525164,
        44.85478992595053,
        41.928011677273396,
        37.70926841454388,
        48.02391771674141,
        51.75215063648717,
        48.3472184908454,
        32.486805786804325,
        44.7840982733704,
        42.30142782958013,
        42.88694775665054,
        47.00058877724032,
        50.346255031814984,
        39.57114994752103,
        50.04094050919899,
        30.15471333419047,
        30.21878033336168,
        37.01584385354944,
        37.45731080345965,
        38.03556288851879,
        40.912235649626666,
        43.76642006744077,
        42.34101156652335,
        45.453389960362486,
        43.15140030301688,
        45.40100150116564,
        35.960158899144155,
        31.447428709243155,
        34.2423827340123,
        40.86275969775204,
        45.75476880088635,
        37.25266205049345,
        44.10416604168107,
        30.849436465682523,
        40.380218506783905,
        34.8054052943747,
        39.35962263298251,
        37.02910779473795,
        38.02877623303854,
        50.01332244089885,
        43.07127134470752,
        36.78342508061784,
        39.801954633625364,
        46.931685409136556,
        45.94741927068811,
        41.47584994748229,
        33.63185577653293,
        39.84066119351234,
        41.29942000044222,
        44.9029881379608,
        44.76624316092396,
        44.71053849132135,
        33.67231350225458
    ]
}