{
    "Est_name": "ANN",
    "Run": 8,
    "Seed": 8935,
    "Est_params": {
        "activation": "tanh",
        "hidden_layer_sizes": [
            94
        ],
        "solver": "adam",
        "alpha": 0.7053949461464712,
        "learning_rate_init": 0.5022171002204776
    },
    "R2": 0.7303187940814746,
    "R": 0.862935342028263,
    "MAPE": 0.10332618184937799,
    "RMSE": 4.876130359100355,
    "y_test": [
        43.07,
        33.76,
        49.0,
        48.7,
        43.65,
        45.22,
        39.45,
        26.5,
        43.4,
        20.5,
        48.0,
        33.0,
        33.5,
        43.0,
        33.41,
        22.9,
        39.5,
        43.64,
        29.41,
        31.47,
        53.5,
        42.5,
        35.0,
        22.73,
        33.4,
        48.0,
        31.97,
        56.0,
        33.95,
        62.5,
        27.5,
        39.21,
        32.9,
        33.25,
        39.53,
        48.5,
        54.25,
        27.4,
        50.5,
        23.9,
        27.49,
        27.5,
        43.5,
        35.5,
        40.1,
        41.0,
        42.03,
        56.38,
        45.02,
        39.78,
        40.75,
        47.0,
        31.67,
        29.5,
        41.23,
        25.68,
        35.0,
        38.61,
        36.0,
        43.76,
        39.0,
        39.42,
        35.25,
        22.67,
        40.03,
        58.0,
        32.5,
        47.0,
        22.5
    ],
    "y_pred": [
        39.859233143223264,
        33.02411604912227,
        44.60176069358977,
        50.208324949922556,
        39.7653980951609,
        38.867002425185674,
        34.435209632381095,
        28.213303286590843,
        41.82000450120219,
        21.439289600779993,
        42.085039072385406,
        33.29025838089256,
        28.150246672333278,
        42.82750282955659,
        29.66914355406525,
        26.555511861059813,
        43.0759054228661,
        41.4304987592186,
        28.76382055707453,
        27.6006175119165,
        52.99374993329471,
        43.06753593926122,
        33.41828015373552,
        33.65324131116686,
        31.731314998737925,
        45.25489259411803,
        41.29156641379409,
        63.54517025185374,
        30.365070848565917,
        55.011158031541896,
        37.175041049541775,
        39.20402995689608,
        29.542677339261047,
        34.32822319449683,
        41.51568087598624,
        61.54580139188608,
        46.62266999011299,
        27.112418220925456,
        49.74650982367024,
        28.067322828364436,
        36.95055581531007,
        38.50714676736579,
        51.238731747298054,
        35.15609668368176,
        40.21076683208305,
        37.5409710533356,
        37.20511512796492,
        45.80625222912641,
        41.86981900483776,
        33.806520286069976,
        44.68955598586813,
        52.84159174171053,
        28.282580239847686,
        26.166804265177152,
        46.09027443930954,
        29.26922433393306,
        33.81068653042348,
        35.45255406413494,
        36.18360275336203,
        39.01442524607362,
        41.77409899385661,
        40.29782793569286,
        31.19862585045738,
        24.437337858670013,
        43.791554144858694,
        64.23062519998885,
        33.01104881436626,
        47.17925871551315,
        25.320554085410823
    ]
}