{
    "Est_name": "ANN",
    "Run": 11,
    "Seed": 6912,
    "Est_params": {
        "activation": "tanh",
        "hidden_layer_sizes": [
            88
        ],
        "solver": "adam",
        "alpha": 0.9639519880164712,
        "learning_rate_init": 0.6642089232355822
    },
    "R2": 0.6942773489195612,
    "R": 0.835889335361838,
    "MAPE": 0.11745106219356002,
    "RMSE": 5.489150395230881,
    "y_test": [
        48.0,
        40.0,
        37.5,
        48.7,
        43.76,
        26.5,
        26.5,
        32.9,
        25.81,
        39.12,
        50.86,
        37.5,
        34.8,
        42.86,
        40.75,
        43.07,
        42.56,
        53.25,
        45.0,
        47.0,
        32.83,
        36.0,
        34.5,
        20.5,
        57.96,
        26.25,
        48.0,
        32.0,
        45.02,
        47.3,
        35.0,
        39.53,
        45.5,
        30.0,
        43.4,
        40.0,
        36.5,
        57.1,
        55.5,
        43.0,
        42.5,
        40.5,
        58.59,
        53.5,
        41.78,
        46.11,
        41.0,
        44.05,
        30.0,
        34.5,
        33.0,
        15.11,
        46.8,
        57.27,
        43.5,
        43.66,
        43.64,
        41.8,
        41.5,
        23.0,
        48.5,
        58.5,
        34.5,
        54.2,
        45.5,
        59.0,
        29.5,
        22.5,
        56.0
    ],
    "y_pred": [
        47.88867070989369,
        42.54223891094229,
        41.149460727035816,
        48.4874777561854,
        41.88800203527941,
        26.194606827035443,
        36.01665380686338,
        42.958769334016345,
        33.98017612662377,
        40.71684420310253,
        50.39248795380048,
        43.26579581315913,
        38.59971261774601,
        38.775696359104316,
        37.741526010137605,
        41.083255791785305,
        46.94950973786237,
        51.5415767304445,
        42.17481700458001,
        48.74318836177012,
        37.51327805772829,
        42.94354875161382,
        40.68183910925097,
        25.147566088505602,
        47.55825842250027,
        37.72441249741862,
        50.17036350904201,
        32.815082546115896,
        43.8592716659344,
        47.46264694039587,
        36.09713365984583,
        43.59132502533987,
        46.28943811192623,
        35.25815121056167,
        38.04749571208824,
        43.990308704155055,
        42.15605446416876,
        48.248267313251645,
        45.440913127439586,
        51.01092432170773,
        47.78225551500553,
        39.29088794457617,
        47.797234703635304,
        50.644772068169345,
        39.70051587465879,
        44.9707929870505,
        37.41431151811138,
        38.366013266455056,
        34.168848851775444,
        31.81510341566825,
        35.01171323044557,
        16.624199151659063,
        47.26556332431474,
        50.04488741378883,
        31.44701533568837,
        34.92400706648544,
        40.67251769002763,
        48.54606905539614,
        37.57285757208784,
        31.081648337457686,
        55.24839169400414,
        58.65134956260039,
        29.92308742551573,
        43.35038259063265,
        43.92414305958397,
        58.22780602739309,
        33.367213297899994,
        30.31360085286533,
        50.268649690272284
    ]
}