{
    "Est_name": "ANN",
    "Run": 13,
    "Seed": 488,
    "Est_params": {
        "activation": "relu",
        "hidden_layer_sizes": [
            45
        ],
        "solver": "adam",
        "alpha": 0.0035175563009183027,
        "learning_rate_init": 0.17580267636981872
    },
    "R2": 0.4510689071147863,
    "R": 0.6756809289398579,
    "MAPE": 0.1511955247623626,
    "RMSE": 7.200552346420389,
    "y_test": [
        53.5,
        41.8,
        31.67,
        39.45,
        32.33,
        35.0,
        30.0,
        41.5,
        52.5,
        33.5,
        53.9,
        46.0,
        32.5,
        43.5,
        31.75,
        40.52,
        35.25,
        33.5,
        23.9,
        46.0,
        40.5,
        33.5,
        35.5,
        41.52,
        31.5,
        39.12,
        42.0,
        25.81,
        33.0,
        42.56,
        41.0,
        44.0,
        38.61,
        33.4,
        57.0,
        53.5,
        54.25,
        39.5,
        22.04,
        43.76,
        44.5,
        42.5,
        38.78,
        36.5,
        27.12,
        42.0,
        31.53,
        28.5,
        26.5,
        50.2,
        51.5,
        37.75,
        58.0,
        21.75,
        52.0,
        56.0,
        60.25,
        42.03,
        48.0,
        27.7,
        31.25,
        37.5,
        47.0,
        13.33,
        43.66,
        35.5,
        56.5,
        37.6,
        42.56
    ],
    "y_pred": [
        36.43421420551284,
        46.08758920473791,
        36.41541287396628,
        35.82624270481469,
        37.97979328040046,
        35.748706595022334,
        33.546123761371284,
        31.58857507425713,
        50.9967274202586,
        19.710181818239956,
        49.47796666856418,
        57.924918658771354,
        38.86475805366406,
        43.789232254869084,
        36.24923907443824,
        37.436266051093554,
        36.7644412390179,
        35.620689024304134,
        33.1206358709775,
        45.29708718762092,
        41.88651279419467,
        31.654782835558343,
        36.43309240791437,
        44.01612747189812,
        37.7119613723482,
        41.113001710866754,
        48.63566654985542,
        34.64513606040906,
        37.59104259757956,
        37.305294141375754,
        31.268939828464895,
        51.50892589542528,
        37.01952130411215,
        37.75309331042649,
        42.304960218090365,
        36.732863629109346,
        37.225706525941675,
        43.49840622125612,
        26.946673210557996,
        38.50157603798837,
        39.18942861697268,
        43.39811751218031,
        36.056207476350615,
        42.01195025323211,
        35.851998748769134,
        40.40507213185215,
        36.04953651014984,
        31.909726580111847,
        26.379297634400082,
        41.5312123813615,
        48.28267358244934,
        40.74513134313826,
        54.295157160070346,
        29.83435977507894,
        53.72534833900323,
        46.693336993691055,
        44.14814280151543,
        38.03789314315399,
        39.649167152130225,
        43.57291805601722,
        28.49468913566956,
        37.26660355213871,
        41.164553308257126,
        23.883525364267886,
        37.16373437296638,
        36.34555568880316,
        47.268091625242874,
        37.99032578929381,
        42.85746292339793
    ]
}