{
    "Est_name": "ANN",
    "Run": 49,
    "Seed": 1291,
    "Est_params": {
        "activation": "logistic",
        "hidden_layer_sizes": [
            20,
            77
        ],
        "solver": "adam",
        "alpha": 0.6575748381843134,
        "learning_rate_init": 0.5446067608694148
    },
    "R2": 0.48718192825731776,
    "R": 0.720894368878628,
    "MAPE": 0.20006114036078543,
    "RMSE": 7.825346184923173,
    "y_test": [
        26.5,
        37.0,
        56.38,
        32.5,
        57.0,
        26.5,
        43.66,
        23.9,
        45.5,
        30.0,
        46.25,
        23.0,
        35.0,
        27.5,
        42.66,
        32.91,
        53.9,
        41.5,
        53.5,
        34.62,
        45.8,
        30.25,
        39.61,
        37.5,
        31.59,
        47.0,
        33.85,
        27.7,
        54.0,
        23.33,
        31.8,
        48.7,
        33.25,
        55.5,
        34.5,
        20.8,
        50.75,
        56.0,
        24.5,
        28.0,
        56.25,
        21.5,
        28.0,
        41.8,
        18.52,
        22.73,
        48.0,
        42.35,
        49.5,
        27.12,
        29.5,
        58.59,
        34.5,
        41.04,
        48.0,
        40.75,
        31.75,
        54.2,
        34.5,
        52.5,
        37.6,
        36.0,
        45.0,
        34.5,
        43.0,
        30.5,
        59.0,
        28.5,
        41.25
    ],
    "y_pred": [
        33.6427308169412,
        39.79876680270023,
        41.18676264906019,
        35.840002604919846,
        53.69871238339169,
        32.490197808846446,
        36.66429506432126,
        33.189227231204235,
        39.341128056973936,
        37.082226923799006,
        49.96806194851351,
        34.50064220407144,
        29.31013591643732,
        36.35051867617559,
        37.402098091901095,
        36.808613754707196,
        44.75594955994704,
        36.37007484295893,
        46.927703696134415,
        36.224869193291454,
        45.23420106451476,
        37.36140954735782,
        32.52292058956711,
        39.81833433901583,
        34.46492741101899,
        45.071840104629,
        35.51542466970964,
        46.672393542824345,
        44.746187600849446,
        39.34660792001129,
        35.668106403389636,
        45.074632331562356,
        31.086808216256966,
        46.346521214877804,
        32.59342730057967,
        32.050783133101284,
        40.30948839370974,
        53.748542275167324,
        34.08091822678479,
        35.29716527786786,
        53.693786319021264,
        35.02110346493036,
        33.42322851290792,
        43.98391674916004,
        32.47241296559216,
        39.63754370355524,
        39.08311972950855,
        33.38450791043379,
        40.34564789737006,
        35.32209777936265,
        32.535555662297334,
        44.579075839680016,
        38.28987324681425,
        38.63916723965978,
        43.52675705511519,
        35.32359266477527,
        37.84176802166369,
        48.11270781145434,
        31.12626395734929,
        40.76884135727211,
        38.28792982545427,
        40.650057705352715,
        39.81985974436154,
        45.257726385773395,
        46.623439874070776,
        32.22905664954111,
        53.809600457892664,
        37.319203487567826,
        49.67207374836091
    ]
}