{
    "Est_name": "ANN",
    "Run": 37,
    "Seed": 1519,
    "Est_params": {
        "activation": "tanh",
        "hidden_layer_sizes": [
            98
        ],
        "solver": "adam",
        "alpha": 0.6903902645291147,
        "learning_rate_init": 0.1737076423921642
    },
    "R2": 0.5330108718104536,
    "R": 0.7376250343932663,
    "MAPE": 0.15857125626475432,
    "RMSE": 6.834632700268764,
    "y_test": [
        25.68,
        32.26,
        46.8,
        43.66,
        30.5,
        30.25,
        45.22,
        33.5,
        41.25,
        46.5,
        40.5,
        33.6,
        57.21,
        36.0,
        28.5,
        48.0,
        43.29,
        55.5,
        53.5,
        35.5,
        29.02,
        37.5,
        52.5,
        42.35,
        48.0,
        41.89,
        35.0,
        31.75,
        43.0,
        32.25,
        22.9,
        29.5,
        42.5,
        41.4,
        39.0,
        27.5,
        50.5,
        43.64,
        30.5,
        39.45,
        56.38,
        58.25,
        22.67,
        31.97,
        59.0,
        45.0,
        39.78,
        39.5,
        36.0,
        44.5,
        27.49,
        33.5,
        40.03,
        24.67,
        18.52,
        55.84,
        41.78,
        22.73,
        53.5,
        42.0,
        33.0,
        52.0,
        30.0,
        43.4,
        22.13,
        38.0,
        56.5,
        34.5,
        47.0
    ],
    "y_pred": [
        33.10631085900161,
        43.35173897431227,
        48.800182721408774,
        36.251938096353925,
        28.108306749066152,
        40.46358645210426,
        40.95877279109306,
        26.560551784522062,
        45.840225174059796,
        39.530246085920815,
        40.61955459439692,
        34.10978563747245,
        49.37682965362478,
        29.3879658967478,
        42.50257854176429,
        45.365430644642906,
        41.14544963362752,
        49.06174172587743,
        54.87665991054078,
        36.98831907422969,
        32.51542953767387,
        40.32059713237254,
        49.01158002721846,
        35.647440799529,
        47.62104580265019,
        42.140850736607355,
        35.9599582084207,
        39.85619449572591,
        49.34280452491448,
        32.53151448254361,
        33.30959163968193,
        34.10063960689128,
        43.96616061602753,
        50.32736291378386,
        37.702379795867934,
        38.119086384940196,
        45.144088716228495,
        38.55514208952987,
        34.60812531722032,
        35.973768585326816,
        36.28935008418424,
        57.086515487574786,
        31.580621957739517,
        44.1530747749114,
        51.7619256344984,
        47.662648962258416,
        36.69116522194989,
        37.68587274259352,
        33.73222378539879,
        44.4868004288848,
        41.92065910965944,
        32.61620934891495,
        43.7531691314264,
        36.138462664600404,
        33.712206586416094,
        47.45915496744489,
        36.82558035798366,
        37.779859826024534,
        49.58973793562701,
        41.185481936774295,
        34.76979276797772,
        49.18969870649313,
        34.53738768472621,
        37.019944779578445,
        30.348267997856766,
        37.333531875318,
        58.96191610778568,
        31.553858026114213,
        47.22647050091007
    ]
}