{
    "Est_name": "ANN",
    "Run": 48,
    "Seed": 6201,
    "Est_params": {
        "activation": "relu",
        "hidden_layer_sizes": [
            94
        ],
        "solver": "adam",
        "alpha": 0.9511738765404486,
        "learning_rate_init": 0.22024161098403036
    },
    "R2": 0.34843152137658195,
    "R": 0.6477969921533215,
    "MAPE": 0.12942705236437899,
    "RMSE": 7.126021909856768,
    "y_test": [
        49.7,
        42.0,
        30.0,
        37.0,
        49.5,
        39.5,
        33.0,
        39.0,
        48.0,
        34.5,
        55.5,
        32.57,
        39.5,
        54.25,
        48.0,
        34.8,
        32.5,
        55.84,
        30.5,
        40.75,
        57.27,
        46.8,
        52.5,
        34.5,
        49.0,
        21.75,
        39.8,
        31.7,
        33.95,
        60.25,
        35.0,
        54.0,
        39.3,
        44.95,
        45.0,
        44.6,
        43.5,
        40.39,
        57.96,
        46.7,
        39.5,
        45.23,
        37.6,
        42.56,
        41.0,
        45.25,
        57.1,
        33.5,
        43.29,
        56.5,
        33.5,
        33.0,
        26.5,
        36.5,
        40.12,
        31.5,
        45.0,
        29.0,
        43.5,
        29.02,
        58.5,
        41.75,
        44.75,
        44.5,
        42.2,
        45.22,
        40.75,
        57.5,
        52.0
    ],
    "y_pred": [
        43.23454892977127,
        41.39083535041536,
        35.453456040396226,
        43.20826370634256,
        46.89206979855717,
        38.323504442686705,
        38.143677224069805,
        46.69708635504097,
        50.72909423543313,
        45.84820273784163,
        43.28167587839927,
        38.59989004337544,
        41.95947584065032,
        42.01965318603894,
        48.47806421964428,
        36.42545132118713,
        40.08780518338577,
        52.78743834445126,
        37.200315358259054,
        43.148253505428094,
        50.61200706958526,
        48.94785576758131,
        47.03812073639617,
        48.682123495942534,
        51.055981353718536,
        32.38751236205531,
        52.32874985738384,
        35.61605229302882,
        36.69883438645934,
        47.97522348465164,
        35.553298648442684,
        41.31393998023553,
        42.189807693582544,
        43.395862683657334,
        43.124647665857445,
        50.59751851793476,
        43.72580783088232,
        43.74285989555971,
        49.85066487754346,
        63.39453178667896,
        39.337823364330426,
        43.395862683657334,
        37.267115506046494,
        37.257015655912284,
        38.937597892615166,
        37.81463187793756,
        41.5223313046963,
        33.9672159184762,
        42.39069518714698,
        48.61400863868491,
        26.76322599109313,
        35.04463047546951,
        28.222400658779627,
        44.66909015152399,
        40.45424750197192,
        37.5720543717384,
        43.111252425028475,
        33.754332629220954,
        24.767461814821182,
        30.453617811824813,
        60.35245203576175,
        51.71673643178104,
        42.899999968098456,
        40.868114952119456,
        43.650796188897935,
        40.006899950376365,
        45.52572757940031,
        74.89344214123861,
        51.734269179710836
    ]
}