{
    "Est_name": "ANN",
    "Run": 16,
    "Seed": 3811,
    "Est_params": {
        "activation": "tanh",
        "hidden_layer_sizes": [
            43
        ],
        "solver": "adam",
        "alpha": 0.3148972222243827,
        "learning_rate_init": 0.22454486461138937
    },
    "R2": 0.5515895903227843,
    "R": 0.7678366084144174,
    "MAPE": 0.09835962572875948,
    "RMSE": 5.263322830879366,
    "y_test": [
        30.0,
        53.5,
        49.5,
        36.0,
        46.0,
        49.9,
        32.83,
        33.46,
        38.0,
        42.3,
        40.39,
        32.25,
        32.91,
        31.75,
        33.25,
        49.7,
        46.0,
        51.0,
        48.0,
        35.0,
        33.5,
        47.0,
        42.25,
        43.64,
        40.5,
        30.0,
        35.5,
        50.2,
        29.0,
        55.5,
        53.5,
        52.5,
        15.11,
        47.3,
        29.5,
        37.0,
        48.0,
        39.12,
        41.95,
        43.66,
        53.25,
        43.76,
        53.5,
        56.38,
        38.78,
        51.0,
        41.04,
        39.0,
        40.0,
        46.0,
        42.0,
        37.25,
        39.0,
        39.78,
        48.0,
        34.5,
        41.5,
        35.0,
        45.0,
        36.5,
        41.8,
        39.21,
        35.0,
        41.0,
        39.5,
        36.0,
        33.04,
        33.95,
        29.6
    ],
    "y_pred": [
        32.671822552810845,
        49.344213390614094,
        48.698441630854774,
        36.64371916621536,
        43.63083582895657,
        49.13330891458925,
        33.01515738701195,
        39.403726556273575,
        39.826015631748824,
        36.14832666068306,
        40.9181869079467,
        35.63875229716416,
        37.0685299135693,
        35.2599294047789,
        29.1081680196632,
        45.507289605896595,
        44.93433665818308,
        40.89363972537629,
        47.25653377111191,
        36.3458435523933,
        29.96506511782351,
        36.840592409560415,
        42.81899019087386,
        44.233272282972386,
        42.20593042184025,
        29.652647580980688,
        36.17106307711793,
        36.59528627171777,
        30.811093566400686,
        46.138455612438925,
        44.7300652510526,
        54.90359950353866,
        18.744638225722735,
        49.249475928045264,
        34.09327192650224,
        44.2018039806673,
        37.38732794877014,
        42.30876883341434,
        36.62061315397218,
        33.848491938115785,
        46.07848646843986,
        41.43308241009696,
        56.327551782337366,
        43.321235540325105,
        35.708707915291,
        49.878960476988205,
        42.272647155876015,
        45.90698471820758,
        42.76262021523136,
        38.99336255019981,
        42.10213634259032,
        37.12418993268246,
        35.65657150904966,
        37.45318028088447,
        45.63928143282511,
        27.689109822281416,
        34.14166807680728,
        32.923773461281016,
        53.68172924352146,
        35.40261976279373,
        46.09022345216677,
        43.62255815216575,
        38.113520790636855,
        29.79174788258449,
        35.183433570734856,
        36.07702079081783,
        33.86436542430829,
        31.66560384872129,
        36.822474303381654
    ]
}