{
    "Est_name": "ANN",
    "Run": 10,
    "Seed": 9674,
    "Est_params": {
        "activation": "relu",
        "hidden_layer_sizes": [
            65
        ],
        "solver": "adam",
        "alpha": 0.3056826212276272,
        "learning_rate_init": 0.3314700587169211
    },
    "R2": 0.509033071070077,
    "R": 0.7178134954722294,
    "MAPE": 0.165684411051777,
    "RMSE": 7.547562384206294,
    "y_test": [
        50.2,
        34.0,
        38.0,
        56.0,
        43.5,
        57.96,
        20.8,
        42.3,
        34.62,
        28.5,
        39.0,
        42.2,
        30.0,
        45.25,
        41.23,
        33.41,
        32.83,
        45.02,
        22.73,
        15.11,
        57.8,
        31.53,
        56.0,
        32.25,
        26.5,
        44.0,
        38.78,
        33.0,
        48.0,
        45.5,
        41.0,
        58.59,
        38.82,
        40.03,
        29.5,
        26.5,
        41.52,
        42.03,
        52.5,
        39.12,
        50.8,
        53.5,
        49.9,
        47.0,
        48.0,
        58.0,
        36.5,
        53.5,
        57.0,
        52.0,
        45.0,
        33.5,
        37.5,
        18.52,
        56.25,
        40.0,
        59.0,
        48.0,
        34.5,
        31.75,
        56.5,
        37.5,
        53.25,
        45.22,
        28.5,
        31.25,
        23.0,
        46.0,
        46.25
    ],
    "y_pred": [
        40.1995193341168,
        32.625979420128346,
        37.69083078613866,
        51.15866048144734,
        28.576460037489632,
        48.728175906801525,
        31.178232337254112,
        31.751524228485028,
        40.3064824322339,
        34.68956621412631,
        49.260709533515076,
        37.45408490276517,
        36.67616032212212,
        39.47268186081037,
        48.43411719021376,
        34.718070869321295,
        39.4164449787674,
        40.201026839859466,
        41.28160105491776,
        16.097034198662076,
        33.10983683947115,
        41.16498612893636,
        51.488022322629966,
        38.626638796293925,
        39.037691452838565,
        50.98951821756225,
        33.01455751450344,
        36.226214583139246,
        40.810406170899064,
        40.27415650832391,
        37.59146213395346,
        49.2399803091559,
        40.52037820918258,
        41.60714748862567,
        36.123266563641906,
        25.20334948440187,
        43.348971069969636,
        36.93075275253696,
        51.932886213271644,
        44.84508357839779,
        40.823451580882086,
        45.8476372383944,
        41.13058658751436,
        39.89139036533638,
        54.54994633783747,
        53.795302376817304,
        36.734090613120905,
        57.110079031969384,
        51.93409946722221,
        49.44837748985247,
        37.878537616614544,
        24.05168197870787,
        31.09638278718606,
        30.010944344239423,
        54.995721982031085,
        40.06475107523357,
        52.82495837537651,
        46.774987334124916,
        31.516831987978204,
        39.30600687840959,
        54.94791128950569,
        43.915905788582094,
        51.406071806176854,
        34.92344954427588,
        41.70805717197835,
        33.77661072052811,
        28.10007780359191,
        52.115783056015026,
        41.441555703382605
    ]
}