{
    "Est_name": "ANN",
    "Run": 3,
    "Seed": 4506,
    "Est_params": {
        "activation": "tanh",
        "hidden_layer_sizes": [
            98
        ],
        "solver": "adam",
        "alpha": 0.5126328262934529,
        "learning_rate_init": 0.4871391538217865
    },
    "R2": 0.6773399392382331,
    "R": 0.825987780113824,
    "MAPE": 0.11252270694318672,
    "RMSE": 5.441836490915093,
    "y_test": [
        25.81,
        33.85,
        35.0,
        42.25,
        56.5,
        41.0,
        34.0,
        46.7,
        34.75,
        33.5,
        57.1,
        57.8,
        31.25,
        22.13,
        42.0,
        40.03,
        39.8,
        52.5,
        57.0,
        45.5,
        39.42,
        48.0,
        49.0,
        34.25,
        41.0,
        33.0,
        32.25,
        22.73,
        21.5,
        33.25,
        37.5,
        41.04,
        32.0,
        46.0,
        52.07,
        41.5,
        49.5,
        40.5,
        59.5,
        27.5,
        56.0,
        43.76,
        43.5,
        35.75,
        35.0,
        37.75,
        41.5,
        26.5,
        26.25,
        32.83,
        45.8,
        44.95,
        31.8,
        38.0,
        42.5,
        40.0,
        53.5,
        22.5,
        47.0,
        48.0,
        48.0,
        28.5,
        32.25,
        29.02,
        33.5,
        44.75,
        46.5,
        24.67,
        29.5
    ],
    "y_pred": [
        25.882647513402503,
        33.733044527264276,
        33.44995028125377,
        40.47606482014921,
        58.99409109177689,
        34.237308277618396,
        33.39217560063233,
        43.29721812044629,
        30.303991862153005,
        27.511604689300512,
        46.290226445869294,
        39.11391265845786,
        35.98435323418597,
        22.311109718667225,
        40.68722181092849,
        41.640529624368476,
        44.02476809084685,
        55.25532233095078,
        55.48303640484367,
        41.394675390706084,
        40.99446571169685,
        40.105556366149095,
        46.98562334438177,
        32.80648144461269,
        39.2485608433616,
        31.92273103717571,
        33.685538341685735,
        38.76632166797653,
        29.514963885665487,
        28.553625194997302,
        38.87320300691493,
        41.918512202450366,
        36.8918997194346,
        46.75744287976315,
        47.967190736511185,
        35.68866578049813,
        46.69086734050116,
        40.28810913728711,
        57.128998932195884,
        32.652920812975985,
        53.68777771828752,
        39.67164940933422,
        35.2821816048897,
        32.088277259468015,
        32.14561159718312,
        37.12955591851252,
        48.7588652562359,
        33.66724458996516,
        37.94675692235129,
        32.52848606560548,
        46.96690950085149,
        40.75246200430399,
        28.413531617959997,
        36.16942359602318,
        42.05073355252101,
        38.53557923384395,
        41.96326057767128,
        29.747198229374774,
        42.63052098423796,
        44.50693912994128,
        43.72180445000713,
        37.680270122300506,
        30.57352531326279,
        34.88406181381725,
        31.994077411776715,
        44.14667243599115,
        45.41594530423191,
        33.5568892130363,
        33.26428406986432
    ]
}