{
    "Est_name": "KNN",
    "Run": 21,
    "Seed": 3257,
    "Est_params": {
        "p": 1,
        "n_neighbors": 5,
        "weights": "distance"
    },
    "R2": 0.4618812729201187,
    "R": 0.693863484593643,
    "MAPE": 0.14067600646199396,
    "RMSE": 6.4948129999794535,
    "y_test": [
        40.87,
        57.8,
        35.5,
        43.5,
        40.0,
        35.0,
        44.5,
        49.0,
        43.29,
        46.0,
        57.0,
        23.9,
        42.66,
        44.75,
        42.3,
        52.0,
        21.75,
        41.5,
        42.29,
        42.2,
        46.7,
        42.0,
        49.0,
        35.25,
        33.04,
        38.61,
        28.0,
        45.0,
        33.0,
        40.52,
        39.45,
        36.0,
        39.5,
        31.67,
        33.0,
        45.23,
        41.4,
        39.5,
        32.26,
        45.5,
        29.6,
        35.75,
        48.0,
        39.5,
        34.0,
        20.5,
        31.8,
        43.0,
        31.47,
        50.2,
        28.0,
        45.8,
        36.0,
        40.0,
        26.5,
        55.84,
        40.5,
        43.0,
        22.04,
        33.46,
        34.5,
        60.25,
        24.5,
        34.8,
        23.33,
        47.3,
        43.76,
        42.56,
        23.0
    ],
    "y_pred": [
        25.6405415887116,
        49.75312379998908,
        36.38697732090594,
        26.395724848005628,
        41.106304934937384,
        34.61273885350318,
        41.993545706371194,
        57.21,
        35.88499022892267,
        40.20591137153124,
        53.07790699946236,
        33.32470382275457,
        36.28802417125172,
        37.61102356245763,
        41.97142857142857,
        50.488571428571426,
        34.48861565445545,
        48.7,
        41.85354609929078,
        53.520239342282665,
        43.93195181986005,
        40.259352859724956,
        43.760773693334116,
        36.36984817729398,
        33.617000000000004,
        35.90191794728016,
        30.106176641971196,
        50.47106445853598,
        31.405199879771562,
        35.35432401526655,
        42.47488275862068,
        35.69684208683191,
        34.79736698617503,
        35.06035091661213,
        38.91975481464894,
        44.95,
        43.26506197815207,
        40.9210724774315,
        39.65397307518656,
        48.079958819492106,
        29.726313733737943,
        44.15999902765184,
        41.057729472738416,
        41.190316261833026,
        38.08773628735022,
        32.34806606295174,
        34.44994595567095,
        46.676022804457745,
        36.47298180092508,
        45.32739079429554,
        29.40054525808965,
        39.54181463378302,
        41.642398953483884,
        43.16491629649882,
        35.6678950577773,
        47.612477194800626,
        36.44516129032259,
        49.413000000000004,
        26.38694054936133,
        42.28840440460075,
        43.77105702844044,
        50.44182693471272,
        26.232979620171566,
        36.57218572765291,
        43.59561232630613,
        47.98604197277076,
        39.29220915980607,
        42.669713617767385,
        25.067568899254344
    ]
}