{
    "Est_name": "KNN",
    "Run": 32,
    "Seed": 4552,
    "Est_params": {
        "p": 1,
        "n_neighbors": 4,
        "weights": "distance"
    },
    "R2": 0.5883089719125074,
    "R": 0.7684136001931063,
    "MAPE": 0.1140623560546445,
    "RMSE": 5.767031065696906,
    "y_test": [
        40.1,
        32.5,
        40.5,
        55.5,
        45.02,
        43.64,
        37.5,
        32.83,
        56.0,
        52.5,
        42.2,
        33.85,
        29.02,
        29.6,
        52.07,
        55.84,
        41.23,
        57.27,
        42.75,
        37.6,
        25.81,
        43.5,
        53.5,
        59.0,
        46.0,
        48.0,
        33.5,
        39.45,
        51.0,
        54.2,
        56.5,
        35.75,
        36.5,
        27.49,
        44.05,
        39.8,
        42.03,
        48.7,
        42.0,
        43.76,
        41.16,
        29.0,
        40.0,
        50.2,
        32.33,
        35.5,
        44.0,
        40.0,
        16.58,
        48.0,
        33.04,
        40.75,
        32.9,
        30.0,
        33.95,
        53.0,
        31.97,
        38.0,
        42.0,
        33.76,
        52.5,
        39.73,
        57.1,
        36.0,
        42.3,
        28.5,
        38.61,
        34.8,
        45.0
    ],
    "y_pred": [
        40.25901363842027,
        30.19398118515382,
        38.48392045736564,
        46.93784212467724,
        38.688751106904014,
        36.446267138716344,
        36.60288561738988,
        40.277852830679535,
        54.56521739130436,
        52.25,
        40.67625482004122,
        40.81087782604154,
        33.56434549878345,
        31.29869368893583,
        50.07192243274188,
        51.715201172316874,
        45.52013423222173,
        45.607463263727766,
        36.93743251862642,
        37.75108596770525,
        36.69534327498614,
        35.38151819035466,
        52.53730068863726,
        59.17647058823529,
        45.69073529411765,
        44.4418588221669,
        34.069519798567185,
        42.80434554973822,
        49.22874666666667,
        50.45375538876387,
        58.176470588235304,
        43.75223651101447,
        42.46599024687953,
        32.273391312655605,
        42.35543314163453,
        46.09044301853857,
        37.78328257191201,
        41.5,
        39.19660282522468,
        39.16421558101286,
        44.34940009929391,
        28.667639356392268,
        44.224401852593616,
        46.36202814983676,
        33.27304664839129,
        40.16954111533426,
        32.64800732012119,
        42.04325943212758,
        37.14891731589477,
        35.42956497171334,
        32.35714285714286,
        36.702310349370535,
        35.40172166427547,
        33.271936503102516,
        39.83366600684195,
        48.25171219112297,
        40.463336222873274,
        38.143831244809306,
        41.326747572815535,
        40.50099808670027,
        51.73516069362663,
        36.49464073236436,
        40.57277017517066,
        35.46850893495354,
        42.78307523545825,
        29.26220310153267,
        35.99741747024748,
        35.52141759132452,
        43.1274933124086
    ]
}