{
    "Est_name": "KNN",
    "Run": 18,
    "Seed": 9863,
    "Est_params": {
        "p": 1,
        "n_neighbors": 2,
        "weights": "uniform"
    },
    "R2": 0.5735366985406368,
    "R": 0.7891720632019743,
    "MAPE": 0.09854148164154514,
    "RMSE": 5.779459003817884,
    "y_test": [
        48.0,
        57.0,
        43.0,
        56.0,
        34.5,
        44.95,
        45.5,
        44.05,
        44.5,
        40.0,
        48.7,
        39.0,
        35.5,
        26.5,
        43.5,
        57.1,
        42.2,
        39.45,
        57.5,
        46.0,
        55.84,
        30.25,
        26.5,
        44.0,
        56.38,
        49.5,
        32.9,
        48.0,
        57.0,
        42.0,
        26.5,
        39.3,
        56.5,
        29.02,
        35.5,
        50.86,
        22.9,
        29.6,
        45.02,
        33.5,
        43.76,
        45.22,
        43.55,
        34.8,
        39.78,
        43.5,
        42.56,
        33.04,
        50.75,
        32.83,
        58.5,
        35.0,
        56.25,
        40.1,
        44.5,
        33.5,
        43.0,
        48.0,
        40.87,
        36.5,
        41.0,
        54.04,
        47.3,
        50.0,
        35.75,
        34.75,
        33.25,
        31.8,
        40.5
    ],
    "y_pred": [
        48.1,
        59.625,
        51.605000000000004,
        57.0,
        33.0,
        43.76,
        46.025000000000006,
        42.849999999999994,
        40.375,
        38.875,
        43.65,
        40.805,
        43.75,
        33.375,
        22.799999999999997,
        44.75,
        40.75,
        43.105000000000004,
        58.875,
        40.685,
        47.66,
        33.0,
        26.0,
        49.605000000000004,
        45.025,
        58.875,
        37.765,
        35.31,
        54.25,
        43.71,
        35.5,
        38.875,
        59.0,
        36.275,
        32.75,
        54.375,
        22.4,
        30.015,
        34.19,
        31.5,
        37.185,
        42.405,
        38.415,
        34.65,
        38.14,
        40.165,
        40.165,
        32.5,
        46.125,
        38.415,
        58.875,
        32.75,
        59.0,
        39.95,
        42.28,
        36.75,
        46.125,
        48.5,
        22.799999999999997,
        37.875,
        43.8,
        48.2,
        44.15,
        46.265,
        40.685,
        37.875,
        36.5,
        32.985,
        40.5
    ]
}