{
    "Est_name": "KNN",
    "Run": 40,
    "Seed": 5881,
    "Est_params": {
        "p": 1,
        "n_neighbors": 2,
        "weights": "distance"
    },
    "R2": 0.6589791869478494,
    "R": 0.8231608592011359,
    "MAPE": 0.0841377163627618,
    "RMSE": 5.263858383469462,
    "y_test": [
        35.25,
        57.8,
        48.0,
        58.0,
        39.0,
        39.78,
        42.56,
        36.0,
        53.0,
        43.0,
        31.7,
        56.5,
        45.0,
        43.07,
        31.47,
        40.75,
        40.5,
        50.0,
        25.68,
        53.5,
        32.83,
        51.0,
        31.67,
        59.0,
        42.56,
        38.0,
        41.89,
        50.2,
        33.6,
        30.0,
        41.5,
        36.0,
        27.4,
        35.25,
        49.5,
        53.5,
        32.5,
        46.0,
        53.25,
        43.55,
        44.6,
        25.81,
        56.0,
        34.25,
        29.0,
        33.5,
        48.0,
        40.52,
        33.46,
        44.95,
        42.0,
        22.04,
        38.82,
        32.25,
        46.0,
        42.2,
        34.75,
        22.9,
        42.0,
        62.5,
        43.5,
        42.66,
        43.5,
        39.73,
        41.16,
        37.5,
        35.0,
        33.5,
        35.5
    ],
    "y_pred": [
        33.844757750428414,
        53.63633622279602,
        46.939831021946944,
        57.62499999999999,
        40.42597471022129,
        38.14,
        41.54534954989466,
        35.5,
        55.208914464336466,
        51.605,
        35.733333333333334,
        56.75000000000001,
        40.391219210553444,
        38.32217539089055,
        37.691265597147954,
        42.78456502878775,
        34.88888888888889,
        47.93474281530295,
        29.94666666666667,
        49.625803941257686,
        34.04666666666666,
        22.12244889327506,
        37.273298662704306,
        57.62499999999999,
        42.335,
        37.44444444444445,
        40.8592948970739,
        44.94436269535214,
        39.59902912621359,
        30.520000000000003,
        34.66666666666667,
        32.99330357142857,
        38.029971724787934,
        37.42230160755295,
        38.48258115597783,
        55.5,
        32.5,
        42.37517850188238,
        53.18000000000001,
        37.211400832177524,
        43.599999999999994,
        28.400000000000002,
        54.75000000000001,
        32.0,
        31.09036144578313,
        36.63873873873874,
        55.23259722413082,
        40.01571428571428,
        40.85841602352077,
        45.23,
        38.34475775042842,
        22.269354838709678,
        39.99444444444445,
        35.78226277372262,
        36.35844323589396,
        39.41637168141593,
        37.563319595354066,
        22.473636363636363,
        41.11,
        58.87500000000001,
        45.555555555555564,
        36.57038590604027,
        41.76158397647924,
        38.503995880535534,
        42.59292400603925,
        35.35353406481246,
        33.49107142857142,
        31.909638554216862,
        37.75
    ]
}