{
    "Est_name": "KNN",
    "Run": 41,
    "Seed": 5635,
    "Est_params": {
        "p": 1,
        "n_neighbors": 2,
        "weights": "distance"
    },
    "R2": 0.5033802917927322,
    "R": 0.7600298645352449,
    "MAPE": 0.1151848712042555,
    "RMSE": 6.247582992990036,
    "y_test": [
        59.5,
        47.0,
        31.47,
        49.0,
        44.5,
        34.5,
        41.4,
        33.5,
        32.57,
        42.66,
        56.0,
        50.5,
        44.05,
        33.46,
        28.0,
        36.5,
        31.67,
        26.5,
        40.0,
        47.0,
        55.52,
        36.5,
        52.07,
        39.5,
        39.5,
        39.78,
        29.5,
        34.25,
        36.0,
        26.25,
        48.0,
        46.5,
        42.2,
        49.0,
        26.5,
        39.5,
        28.5,
        27.7,
        49.9,
        35.5,
        32.5,
        53.25,
        58.59,
        40.0,
        22.5,
        40.5,
        53.5,
        32.91,
        30.25,
        41.52,
        40.75,
        46.7,
        30.0,
        39.3,
        35.25,
        36.0,
        42.0,
        57.96,
        37.0,
        57.5,
        40.12,
        41.5,
        32.83,
        49.5,
        41.0,
        31.59,
        38.61,
        36.0,
        42.37
    ],
    "y_pred": [
        58.333333333333336,
        44.07996219281663,
        29.599999999999998,
        45.13464906548164,
        40.31551860649248,
        35.34595392793857,
        42.199999999999996,
        31.710843373493972,
        43.30499388004896,
        36.57038590604027,
        55.5,
        51.033333333333324,
        42.85,
        42.33565601631543,
        26.275,
        44.3964532491912,
        35.636568386568385,
        29.999999999999996,
        38.01301352385813,
        50.68550664259593,
        36.68263209530483,
        43.69449316360207,
        54.13600000000001,
        44.10364229410166,
        35.74739055927715,
        38.14,
        30.78915662650602,
        32.0,
        42.75059382422803,
        28.866666666666664,
        48.5,
        50.31449335740406,
        54.093333333333334,
        57.21,
        28.583333333333336,
        33.72222222222223,
        38.11060566675331,
        53.625,
        51.08,
        32.6983286552692,
        32.5,
        53.18000000000001,
        52.321523736600305,
        42.27777777777778,
        22.25,
        35.111111111111114,
        53.38653796431957,
        43.600116772823775,
        31.875,
        41.66173654266958,
        37.49638982685538,
        47.25,
        30.915,
        39.625,
        38.508548099004855,
        35.5,
        44.56583333333333,
        51.45953261351871,
        44.50636363636363,
        59.49999999999999,
        30.39526244952894,
        48.7,
        39.262364066193854,
        58.400000000000006,
        35.44736842105264,
        43.057806935332714,
        37.326127703398555,
        34.69879518072289,
        41.510909090909095
    ]
}