{
    "Est_name": "KNN",
    "Run": 42,
    "Seed": 9891,
    "Est_params": {
        "p": 1,
        "n_neighbors": 3,
        "weights": "distance"
    },
    "R2": 0.7507148790816036,
    "R": 0.8671960365701654,
    "MAPE": 0.09597071232611104,
    "RMSE": 4.639920448307862,
    "y_test": [
        45.5,
        48.7,
        38.61,
        38.0,
        42.0,
        39.5,
        54.04,
        46.7,
        32.5,
        56.25,
        23.0,
        47.0,
        30.0,
        58.5,
        39.0,
        33.0,
        25.81,
        40.75,
        39.78,
        42.03,
        23.33,
        43.47,
        41.23,
        51.5,
        37.5,
        40.1,
        22.67,
        50.0,
        33.04,
        41.89,
        35.0,
        53.5,
        44.6,
        32.25,
        20.8,
        40.75,
        30.0,
        46.8,
        41.16,
        42.3,
        57.5,
        32.25,
        59.0,
        37.25,
        30.0,
        45.22,
        42.0,
        35.0,
        56.0,
        45.02,
        54.25,
        57.5,
        23.9,
        32.43,
        33.6,
        39.17,
        33.95,
        37.5,
        41.5,
        32.83,
        50.8,
        50.86,
        43.4,
        42.75,
        49.9,
        42.0,
        35.3,
        48.0,
        35.5
    ],
    "y_pred": [
        44.85225955967556,
        41.5,
        35.56343367037477,
        38.93538461538461,
        45.05430635484266,
        33.69592150675852,
        48.752857142857145,
        45.916666666666664,
        41.578947368421055,
        58.54545454545454,
        24.1,
        46.34615384615385,
        32.96153846153846,
        56.37499999999999,
        38.794618847076315,
        31.5,
        35.795616505448756,
        42.07459018527693,
        37.24285714285715,
        36.98345914013784,
        42.747429829663496,
        37.96408270429931,
        43.63271624102238,
        49.76209034723826,
        34.760112347986365,
        38.5125,
        22.34597285067873,
        48.612290638682325,
        33.756,
        35.15225684040123,
        34.256499348513984,
        56.57692307692307,
        42.839999999999996,
        36.77566878980892,
        30.24351183765502,
        37.36630663313683,
        32.31876545936396,
        47.765961873699595,
        42.17220953359385,
        42.55,
        57.41666666666667,
        36.29126387397064,
        59.4,
        36.44571428571429,
        30.65230769230769,
        42.228421052631575,
        39.280745035390524,
        33.0394869577749,
        56.37499999999999,
        36.72661392801674,
        55.174587273714245,
        58.8,
        32.06846855983773,
        42.36916542515111,
        38.78851473241131,
        36.569546189376446,
        39.38270550700797,
        33.34645752235101,
        36.15384615384615,
        40.2097372810569,
        50.10746541082727,
        48.148207353277,
        44.5,
        37.605133008617464,
        50.10574874907299,
        39.61153846153846,
        33.9831445376867,
        50.765454545454546,
        32.56729549587299
    ]
}