{
    "Est_name": "KNN",
    "Run": 13,
    "Seed": 488,
    "Est_params": {
        "p": 1,
        "n_neighbors": 2,
        "weights": "uniform"
    },
    "R2": 0.5545671782744672,
    "R": 0.7657745263369824,
    "MAPE": 0.12511529496852697,
    "RMSE": 6.486314522666668,
    "y_test": [
        53.5,
        41.8,
        31.67,
        39.45,
        32.33,
        35.0,
        30.0,
        41.5,
        52.5,
        33.5,
        53.9,
        46.0,
        32.5,
        43.5,
        31.75,
        40.52,
        35.25,
        33.5,
        23.9,
        46.0,
        40.5,
        33.5,
        35.5,
        41.52,
        31.5,
        39.12,
        42.0,
        25.81,
        33.0,
        42.56,
        41.0,
        44.0,
        38.61,
        33.4,
        57.0,
        53.5,
        54.25,
        39.5,
        22.04,
        43.76,
        44.5,
        42.5,
        38.78,
        36.5,
        27.12,
        42.0,
        31.53,
        28.5,
        26.5,
        50.2,
        51.5,
        37.75,
        58.0,
        21.75,
        52.0,
        56.0,
        60.25,
        42.03,
        48.0,
        27.7,
        31.25,
        37.5,
        47.0,
        13.33,
        43.66,
        35.5,
        56.5,
        37.6,
        42.56
    ],
    "y_pred": [
        58.275000000000006,
        33.25,
        32.83,
        44.435,
        29.0,
        39.75,
        30.52,
        35.25,
        50.5,
        45.175,
        55.480000000000004,
        46.0,
        39.5,
        45.25,
        32.25,
        37.07,
        30.0,
        33.85,
        31.509999999999998,
        45.5,
        39.0,
        31.25,
        33.625,
        37.739999999999995,
        31.25,
        44.435,
        35.5,
        39.0,
        32.205,
        44.435,
        33.5,
        53.105000000000004,
        37.07,
        38.254999999999995,
        39.75,
        43.129999999999995,
        58.275000000000006,
        35.25,
        22.4,
        37.185,
        43.724999999999994,
        39.945,
        36.125,
        37.025,
        39.0,
        41.11,
        28.545,
        29.75,
        26.11,
        47.0,
        50.65,
        39.82,
        59.0,
        35.9,
        48.5,
        56.385000000000005,
        60.75,
        36.315,
        55.480000000000004,
        55.480000000000004,
        33.625,
        37.89,
        33.875,
        19.22,
        42.305,
        37.875,
        56.75,
        37.45,
        38.480000000000004
    ]
}