{
    "Est_name": "KNN",
    "Run": 7,
    "Seed": 1679,
    "Est_params": {
        "p": 1,
        "n_neighbors": 4,
        "weights": "distance"
    },
    "R2": 0.38033102178665656,
    "R": 0.6384709205750712,
    "MAPE": 0.16335229249320482,
    "RMSE": 8.076460232263072,
    "y_test": [
        32.33,
        52.07,
        44.0,
        32.25,
        26.5,
        56.0,
        26.5,
        34.75,
        32.43,
        39.3,
        51.0,
        22.73,
        49.5,
        36.0,
        37.5,
        29.5,
        40.39,
        32.0,
        24.67,
        56.5,
        23.33,
        56.0,
        44.6,
        40.75,
        51.0,
        45.8,
        39.0,
        59.0,
        29.02,
        36.0,
        39.5,
        42.56,
        48.0,
        38.78,
        51.5,
        39.12,
        35.5,
        57.5,
        40.0,
        30.5,
        53.0,
        16.58,
        58.5,
        45.23,
        41.89,
        39.0,
        42.56,
        43.0,
        20.5,
        38.0,
        57.8,
        35.0,
        41.04,
        27.5,
        48.0,
        31.5,
        45.25,
        55.84,
        26.5,
        49.0,
        39.12,
        33.4,
        30.0,
        35.25,
        33.0,
        29.02,
        54.04,
        34.62,
        41.75
    ],
    "y_pred": [
        30.14103642965913,
        49.19022371437567,
        49.77428571428572,
        35.553223388305845,
        30.261824252022436,
        43.17578690792194,
        26.54189045038212,
        35.939887566084046,
        42.33768874064835,
        38.82419190892458,
        49.22874666666667,
        43.51896026887052,
        48.85294117647058,
        35.46850893495354,
        36.95970594354671,
        31.768168744157144,
        41.05402298850574,
        33.42519330459857,
        44.07184421739799,
        45.328984532616005,
        42.2874666882811,
        54.94736842105263,
        42.56,
        42.15349003697467,
        22.34391634804217,
        44.85,
        39.033295075068686,
        57.82692307692307,
        43.281731719013656,
        42.21528286551096,
        41.16802919708029,
        39.79536489317996,
        48.272318588781516,
        34.86,
        50.45380430192605,
        40.774789915966394,
        33.37618518209584,
        54.28514752556719,
        38.00955414012739,
        31.77176470588235,
        48.25171219112297,
        42.99558178679133,
        56.5,
        44.95,
        41.87845127459633,
        39.20842029135242,
        42.39636363636364,
        50.91714285714286,
        30.42859903756874,
        49.46099892164049,
        51.5762755303221,
        42.770915042342985,
        40.8544189163316,
        39.862857985983176,
        45.09944272445821,
        32.35282819370697,
        43.69951263758514,
        43.899118929217735,
        33.062058789491964,
        44.946671054276926,
        43.50403162055335,
        39.10886786162885,
        38.40783474471478,
        32.017301615442385,
        33.77197080291971,
        34.32570741113106,
        48.63012581062427,
        40.89640755818744,
        46.711391887948636
    ]
}