{
    "Est_name": "KNN",
    "Run": 38,
    "Seed": 6224,
    "Est_params": {
        "p": 1,
        "n_neighbors": 3,
        "weights": "distance"
    },
    "R2": 0.41749857727043604,
    "R": 0.6843094907163485,
    "MAPE": 0.12778322819357366,
    "RMSE": 6.926134373744116,
    "y_test": [
        39.61,
        44.5,
        51.0,
        57.5,
        40.87,
        34.5,
        31.47,
        42.25,
        35.75,
        40.12,
        42.75,
        33.0,
        33.41,
        60.25,
        33.85,
        42.3,
        44.05,
        32.0,
        32.0,
        32.25,
        41.95,
        28.0,
        29.0,
        33.5,
        39.12,
        43.65,
        46.0,
        27.7,
        43.5,
        48.0,
        23.9,
        42.35,
        59.0,
        32.57,
        43.66,
        35.0,
        47.0,
        33.5,
        52.07,
        43.4,
        30.5,
        36.0,
        49.9,
        30.5,
        53.5,
        40.0,
        40.1,
        57.21,
        45.5,
        22.9,
        13.33,
        36.0,
        45.22,
        32.25,
        41.0,
        57.0,
        35.25,
        40.0,
        42.56,
        33.25,
        33.6,
        48.0,
        52.5,
        49.5,
        35.5,
        43.64,
        40.03,
        50.8,
        35.75
    ],
    "y_pred": [
        38.06756571798732,
        39.32710280373832,
        22.124380623058048,
        58.8,
        29.86523686416936,
        37.13152484617578,
        33.59942660550458,
        33.27884912056986,
        43.15739495868369,
        40.03137167974034,
        38.77550783517121,
        32.895,
        40.136469513075426,
        51.79134039613082,
        40.67951220053907,
        39.4875,
        42.5982251356275,
        35.46518987341772,
        33.009386146048435,
        37.971497919350774,
        37.03290201728077,
        29.208,
        28.7526432131462,
        35.54908127383488,
        41.84173913043478,
        41.818823529411766,
        42.66578249336871,
        55.28261487836409,
        35.88465776907065,
        47.48,
        31.896218882438834,
        44.39880262901022,
        52.55066757959604,
        38.205414012738856,
        36.81067906482466,
        35.37645095763204,
        47.962261039357756,
        46.4022126014463,
        51.38153846153847,
        44.5,
        27.507113073338243,
        33.60550971024384,
        50.59747297155453,
        32.01090909090909,
        54.0,
        40.0,
        38.09090909090909,
        49.0,
        47.03846153846154,
        22.37460032626427,
        22.660046735671074,
        40.99302069303294,
        41.770909090909086,
        36.29126387397064,
        32.18316831683169,
        58.55319148936171,
        32.021587274350395,
        42.28153846153846,
        38.65424984690754,
        45.34251983869733,
        35.9232690483718,
        53.74372509600264,
        51.66666666666667,
        42.512331256490135,
        30.937863269056482,
        37.14741696172652,
        36.3244604464191,
        50.89964373526017,
        43.50275413711584
    ]
}