{
    "Est_name": "KNN",
    "Run": 12,
    "Seed": 520,
    "Est_params": {
        "p": 1,
        "n_neighbors": 4,
        "weights": "distance"
    },
    "R2": 0.6662277956042342,
    "R": 0.833722649591551,
    "MAPE": 0.14180164374967047,
    "RMSE": 6.143538512651539,
    "y_test": [
        40.0,
        35.5,
        43.07,
        59.0,
        45.5,
        21.75,
        35.0,
        51.5,
        31.75,
        50.5,
        41.52,
        39.0,
        39.0,
        16.58,
        43.0,
        13.33,
        48.0,
        34.5,
        51.0,
        22.13,
        24.5,
        30.5,
        57.27,
        46.7,
        46.25,
        43.4,
        32.9,
        59.0,
        52.07,
        47.0,
        41.23,
        42.25,
        39.5,
        57.0,
        29.41,
        45.0,
        55.52,
        23.0,
        20.8,
        50.8,
        23.9,
        40.0,
        41.89,
        32.25,
        50.2,
        43.55,
        42.3,
        27.4,
        31.8,
        37.5,
        42.29,
        46.8,
        33.76,
        42.5,
        34.0,
        56.5,
        54.04,
        38.82,
        32.43,
        39.12,
        31.25,
        42.2,
        36.5,
        35.25,
        33.95,
        52.0,
        26.5,
        56.0,
        47.3
    ],
    "y_pred": [
        38.0095541401274,
        34.03128443308418,
        36.80891945372713,
        55.18925597144688,
        45.166633396546565,
        38.04916915236896,
        38.05339854276874,
        48.857353181975206,
        32.500159896476326,
        49.507390543057404,
        43.90701785379046,
        39.58123017233139,
        38.68780570883575,
        37.212363478651696,
        48.0072550843978,
        25.283182479052375,
        46.06257670638172,
        37.943706144628344,
        36.695159592058204,
        25.199508636547176,
        25.25,
        31.615725574526515,
        48.89184869472564,
        43.588956971096714,
        45.046218777104855,
        44.5,
        38.3271649512153,
        57.33823529411764,
        49.21666246221304,
        37.573320571168466,
        45.52013423222173,
        34.70280003536005,
        36.38397870975771,
        49.72147859232338,
        33.430672268907564,
        43.48166666666667,
        41.242976193637965,
        24.562644843568947,
        35.3527647127253,
        49.16258563517233,
        34.8991877069129,
        42.44513118678849,
        40.928281783183124,
        39.904550302829605,
        43.95854382480743,
        39.06019906439734,
        41.73333333333333,
        34.98658776573738,
        34.70585373199413,
        36.49011124957929,
        42.781506849315065,
        49.25706464546895,
        36.215033177905305,
        35.65474602647245,
        37.67247942734358,
        58.176470588235304,
        48.63012581062427,
        40.943350062735256,
        42.50719606644918,
        41.425769605415674,
        35.22836977082303,
        40.67625482004122,
        42.32093128796418,
        36.352412313156734,
        38.622419381314735,
        50.345714285714294,
        31.664101353288007,
        53.375,
        47.65779129443072
    ]
}