{
    "Est_name": "KNN",
    "Run": 46,
    "Seed": 8785,
    "Est_params": {
        "p": 1,
        "n_neighbors": 2,
        "weights": "uniform"
    },
    "R2": 0.8259060400245091,
    "R": 0.9120743212983872,
    "MAPE": 0.07562782650720759,
    "RMSE": 4.092934881234856,
    "y_test": [
        37.5,
        50.75,
        29.5,
        26.75,
        55.5,
        39.5,
        53.5,
        42.56,
        35.0,
        41.89,
        44.6,
        47.0,
        31.47,
        34.5,
        31.5,
        22.9,
        39.53,
        50.5,
        31.59,
        52.07,
        26.5,
        57.0,
        42.56,
        34.5,
        53.0,
        34.5,
        56.25,
        30.5,
        40.5,
        40.12,
        48.0,
        46.8,
        40.5,
        45.25,
        31.67,
        28.0,
        51.0,
        31.53,
        21.75,
        57.1,
        39.3,
        37.5,
        29.5,
        29.0,
        33.5,
        41.25,
        50.0,
        46.5,
        56.5,
        42.0,
        42.5,
        41.0,
        41.23,
        20.8,
        44.0,
        43.0,
        30.5,
        36.0,
        43.0,
        56.0,
        53.5,
        59.0,
        46.0,
        43.66,
        53.5,
        55.84,
        30.0,
        42.2,
        28.0
    ],
    "y_pred": [
        36.25,
        46.125,
        29.25,
        29.375,
        53.75,
        37.125,
        43.129999999999995,
        38.480000000000004,
        35.75,
        36.965,
        43.599999999999994,
        45.25,
        29.6,
        35.185,
        31.25,
        22.4,
        45.09,
        50.349999999999994,
        37.715,
        54.120000000000005,
        27.25,
        58.5,
        37.815,
        40.445,
        50.95,
        32.25,
        59.0,
        31.75,
        35.875,
        33.83,
        50.0,
        50.599999999999994,
        40.5,
        46.75,
        35.43,
        27.25,
        53.105000000000004,
        28.545,
        36.519999999999996,
        44.75,
        39.625,
        38.0,
        26.86,
        26.86,
        42.18,
        47.125,
        46.265,
        47.5,
        60.0,
        37.875,
        42.0,
        40.56,
        37.5,
        20.28,
        45.5,
        46.125,
        29.5,
        35.5,
        47.5,
        60.0,
        56.42,
        58.625,
        45.945,
        42.305,
        56.5,
        47.66,
        32.5,
        40.75,
        26.275
    ]
}