{
    "Est_name": "KNN",
    "Run": 8,
    "Seed": 8935,
    "Est_params": {
        "p": 1,
        "n_neighbors": 3,
        "weights": "distance"
    },
    "R2": 0.6207860665046586,
    "R": 0.8236728144006085,
    "MAPE": 0.13833072893084658,
    "RMSE": 5.78218669396025,
    "y_test": [
        43.07,
        33.76,
        49.0,
        48.7,
        43.65,
        45.22,
        39.45,
        26.5,
        43.4,
        20.5,
        48.0,
        33.0,
        33.5,
        43.0,
        33.41,
        22.9,
        39.5,
        43.64,
        29.41,
        31.47,
        53.5,
        42.5,
        35.0,
        22.73,
        33.4,
        48.0,
        31.97,
        56.0,
        33.95,
        62.5,
        27.5,
        39.21,
        32.9,
        33.25,
        39.53,
        48.5,
        54.25,
        27.4,
        50.5,
        23.9,
        27.49,
        27.5,
        43.5,
        35.5,
        40.1,
        41.0,
        42.03,
        56.38,
        45.02,
        39.78,
        40.75,
        47.0,
        31.67,
        29.5,
        41.23,
        25.68,
        35.0,
        38.61,
        36.0,
        43.76,
        39.0,
        39.42,
        35.25,
        22.67,
        40.03,
        58.0,
        32.5,
        47.0,
        22.5
    ],
    "y_pred": [
        37.50131178760954,
        38.93996815286624,
        54.210345191154325,
        41.5,
        40.187118644067795,
        40.866382978723394,
        41.54548895899054,
        29.613636363636367,
        44.5,
        32.43619718597898,
        53.74372509600264,
        38.49511111151198,
        38.92046790445275,
        44.85507491905903,
        39.21298511440633,
        28.752177568776858,
        36.30764331210191,
        35.51981113397352,
        32.616336633663366,
        36.31758157518857,
        54.0,
        41.3123076923077,
        34.727999999999994,
        39.17237573242517,
        40.366708131562184,
        45.34,
        37.6128108851157,
        58.5,
        40.60168215510314,
        58.900000000000006,
        44.121265730290816,
        43.82483814446364,
        38.08435329015563,
        38.2415101841231,
        43.962679045092834,
        54.8,
        50.75,
        36.48383693415027,
        50.58,
        38.0291526968091,
        30.452727272727277,
        36.50990099009901,
        50.708,
        42.48831216333045,
        40.769999999999996,
        43.67113995347128,
        39.26051626699251,
        52.57998734082058,
        36.85233105008775,
        37.885714285714286,
        37.99320412786308,
        39.72182284980744,
        36.85425983111701,
        28.329993174908477,
        43.63271624102238,
        34.87414200979722,
        35.575604505793876,
        38.276646476412346,
        34.635774391630655,
        38.59982270188108,
        38.96482955103645,
        42.17083940117668,
        36.71192394155115,
        27.058893875395984,
        47.050548359364505,
        58.214285714285715,
        30.660412067696836,
        47.962261039357756,
        22.7
    ]
}