{
    "Est_name": "KNN",
    "Run": 17,
    "Seed": 8279,
    "Est_params": {
        "p": 1,
        "n_neighbors": 3,
        "weights": "distance"
    },
    "R2": 0.5571089460019419,
    "R": 0.7489974673680071,
    "MAPE": 0.1400249839865228,
    "RMSE": 6.9672911717774975,
    "y_test": [
        52.5,
        51.0,
        45.8,
        41.5,
        56.5,
        30.0,
        34.5,
        39.5,
        26.5,
        33.5,
        26.5,
        54.0,
        27.12,
        35.75,
        15.11,
        32.57,
        23.0,
        33.85,
        34.25,
        39.0,
        33.5,
        40.52,
        57.27,
        48.0,
        43.76,
        44.05,
        37.5,
        62.5,
        38.82,
        55.5,
        58.5,
        49.7,
        49.0,
        32.0,
        48.0,
        30.0,
        39.5,
        52.07,
        48.0,
        41.89,
        33.46,
        32.25,
        46.0,
        35.0,
        39.17,
        53.0,
        43.47,
        33.5,
        57.8,
        42.0,
        57.5,
        40.0,
        53.25,
        22.04,
        56.0,
        42.35,
        20.5,
        46.0,
        45.5,
        36.5,
        31.59,
        29.02,
        48.5,
        38.61,
        33.4,
        33.0,
        45.23,
        42.56,
        23.33
    ],
    "y_pred": [
        51.98602785613541,
        22.391963551383515,
        44.93333333333334,
        38.21739130434783,
        50.900476966030716,
        31.304347826086953,
        41.749816167212295,
        42.474117647058826,
        25.349087978782784,
        35.54908127383488,
        32.80116443189838,
        45.88941475038159,
        37.62827843761479,
        45.58697629092371,
        28.22128153213569,
        39.14452972571621,
        24.1,
        41.81227880374924,
        30.125,
        38.96482955103645,
        30.912810460242316,
        34.58517610309341,
        51.66666666666668,
        50.765454545454546,
        32.748640973630835,
        43.400000000000006,
        35.345327859997845,
        59.31818181818181,
        41.61073394495413,
        51.92066043249562,
        56.37499999999999,
        34.40184011883469,
        51.67248904170175,
        35.46518987341772,
        45.34,
        32.31876545936396,
        33.27777777777778,
        51.38153846153847,
        54.81167289377281,
        41.81012349789629,
        43.780726607422906,
        36.180808529542425,
        42.568031965648856,
        35.575604505793876,
        39.00265839732138,
        48.61889175272339,
        40.83802657705819,
        38.06204407343358,
        52.85073488280867,
        39.375022378707406,
        47.87274520856821,
        42.9360063058329,
        49.13554003724395,
        22.345847066578774,
        54.57142857142858,
        42.13447559709242,
        34.025876680420076,
        42.50738179158077,
        44.85225955967556,
        37.48804795803672,
        40.88275751382531,
        33.93782110091743,
        57.61538461538461,
        33.88562139847409,
        40.391090230574434,
        32.416,
        44.95,
        35.60826953982051,
        42.64708525625455
    ]
}