{
    "Est_name": "KNN",
    "Run": 9,
    "Seed": 1424,
    "Est_params": {
        "p": 1,
        "n_neighbors": 3,
        "weights": "distance"
    },
    "R2": 0.7085527564154075,
    "R": 0.8419682998949705,
    "MAPE": 0.12418506577462557,
    "RMSE": 5.595566204360395,
    "y_test": [
        41.16,
        56.0,
        34.5,
        43.5,
        59.0,
        35.5,
        33.41,
        37.0,
        47.0,
        53.5,
        27.5,
        39.12,
        54.0,
        22.04,
        25.68,
        40.52,
        41.89,
        56.0,
        41.8,
        30.0,
        45.23,
        49.5,
        57.0,
        40.5,
        13.33,
        40.75,
        26.5,
        20.22,
        43.65,
        41.5,
        33.5,
        39.8,
        33.0,
        50.5,
        36.0,
        54.04,
        39.73,
        35.0,
        30.5,
        31.53,
        33.76,
        37.5,
        52.0,
        41.5,
        50.2,
        53.5,
        35.0,
        28.0,
        38.61,
        51.0,
        35.75,
        55.5,
        35.75,
        53.9,
        35.25,
        39.3,
        23.0,
        44.5,
        23.9,
        26.5,
        49.5,
        25.81,
        58.59,
        48.0,
        32.25,
        42.75,
        33.0,
        45.0,
        46.25
    ],
    "y_pred": [
        43.010593108626836,
        54.37499999999999,
        33.71462731731071,
        27.003754452842486,
        57.79545454545455,
        35.928046866240614,
        37.969675285628384,
        42.31307692307692,
        33.13250360172883,
        50.065571649795245,
        44.121265730290816,
        41.31702102871789,
        52.68916658702093,
        22.345847066578774,
        34.87414200979722,
        34.58517610309341,
        39.02907252147598,
        53.35714285714286,
        37.30170121583264,
        37.67310395494061,
        44.95,
        42.512331256490135,
        51.34601824968893,
        33.92079207920792,
        22.660046735671074,
        42.424318852258345,
        35.0,
        28.747661397460092,
        42.21875,
        36.15384615384615,
        35.946063863420804,
        46.136838553674856,
        37.336479379701636,
        50.58,
        33.51501381563202,
        48.752857142857145,
        39.34874082702388,
        36.53260869565217,
        27.542414894789026,
        28.536,
        38.93996815286624,
        38.0,
        51.403333333333336,
        48.7,
        46.175677566823715,
        53.349398844532345,
        34.727999999999994,
        27.5,
        33.88562139847409,
        52.083999999999996,
        43.50275413711584,
        54.379999999999995,
        39.40540356176188,
        52.913161490598235,
        36.71192394155115,
        35.58902343312031,
        24.1,
        39.32710280373832,
        32.06846855983773,
        24.56038421107874,
        58.65384615384616,
        35.795616505448756,
        55.17901341048234,
        42.25071853066244,
        36.29126387397064,
        36.24250289364876,
        35.29086956521739,
        42.524648210562205,
        42.59091751621873
    ]
}