{
    "Est_name": "KNN",
    "Run": 50,
    "Seed": 9044,
    "Est_params": {
        "p": 1,
        "n_neighbors": 4,
        "weights": "distance"
    },
    "R2": 0.48832849640715226,
    "R": 0.7131656066627167,
    "MAPE": 0.13474576949336028,
    "RMSE": 6.633640119639813,
    "y_test": [
        24.5,
        40.0,
        59.0,
        33.0,
        54.04,
        41.16,
        42.3,
        34.5,
        43.29,
        42.2,
        62.5,
        44.5,
        27.5,
        33.04,
        40.03,
        40.0,
        40.1,
        48.0,
        33.85,
        49.5,
        45.22,
        33.41,
        34.0,
        46.25,
        39.17,
        48.7,
        41.5,
        31.47,
        41.0,
        45.8,
        30.5,
        50.5,
        35.0,
        36.0,
        58.0,
        32.0,
        42.75,
        31.8,
        34.75,
        57.0,
        35.25,
        44.75,
        47.0,
        22.9,
        31.75,
        41.89,
        30.0,
        49.7,
        46.0,
        45.02,
        39.73,
        38.0,
        22.67,
        39.12,
        27.4,
        42.0,
        20.8,
        43.5,
        51.0,
        47.3,
        53.5,
        38.0,
        41.25,
        51.0,
        45.5,
        18.52,
        33.25,
        39.53,
        26.75
    ],
    "y_pred": [
        24.916666666666668,
        43.03596921248527,
        57.16176470588235,
        33.78134453781513,
        53.96231377976085,
        42.90720575922492,
        42.72,
        40.39881335229452,
        33.643275116196214,
        52.95161234375799,
        58.5,
        41.95299804049641,
        52.718372563435175,
        33.54,
        40.36838557062634,
        38.0095541401274,
        39.21071428571429,
        51.035,
        39.92439259786637,
        58.5,
        42.483703404020986,
        38.36658559051508,
        37.67247942734358,
        45.427458489038514,
        37.912586433447935,
        41.5,
        37.17647058823529,
        38.64676402945356,
        41.8146875,
        40.06461910519951,
        31.9375,
        50.501770989215125,
        37.76096702473082,
        37.30340844213168,
        57.46875000000001,
        36.632902306213495,
        36.93743251862642,
        32.338118374918686,
        36.73191311273069,
        53.44444444444445,
        37.26150632752971,
        36.94664514982975,
        39.820091825531485,
        25.359520301819366,
        33.14163956781706,
        44.04938105277028,
        33.271936503102516,
        36.55762155251307,
        36.11976650575168,
        37.52725655779859,
        37.33098192466885,
        41.93791666666666,
        26.738628297269226,
        41.425769605415674,
        38.684541363461044,
        40.143782234957015,
        38.11484085556734,
        51.589999999999996,
        49.22874666666667,
        44.814520036714704,
        55.421456683904026,
        38.938744887840166,
        41.963609048573446,
        36.435232871679666,
        40.34327214538774,
        37.183545801696226,
        38.38908216414617,
        43.67288849682109,
        33.67184788157223
    ]
}