{
    "Est_name": "KNN",
    "Run": 16,
    "Seed": 3811,
    "Est_params": {
        "p": 1,
        "n_neighbors": 2,
        "weights": "distance"
    },
    "R2": 0.21701234952761495,
    "R": 0.6322122953953117,
    "MAPE": 0.11739870015227544,
    "RMSE": 6.9550398361206645,
    "y_test": [
        30.0,
        53.5,
        49.5,
        36.0,
        46.0,
        49.9,
        32.83,
        33.46,
        38.0,
        42.3,
        40.39,
        32.25,
        32.91,
        31.75,
        33.25,
        49.7,
        46.0,
        51.0,
        48.0,
        35.0,
        33.5,
        47.0,
        42.25,
        43.64,
        40.5,
        30.0,
        35.5,
        50.2,
        29.0,
        55.5,
        53.5,
        52.5,
        15.11,
        47.3,
        29.5,
        37.0,
        48.0,
        39.12,
        41.95,
        43.66,
        53.25,
        43.76,
        53.5,
        56.38,
        38.78,
        51.0,
        41.04,
        39.0,
        40.0,
        46.0,
        42.0,
        37.25,
        39.0,
        39.78,
        48.0,
        34.5,
        41.5,
        35.0,
        45.0,
        36.5,
        41.8,
        39.21,
        35.0,
        41.0,
        39.5,
        36.0,
        33.04,
        33.95,
        29.6
    ],
    "y_pred": [
        40.7680126682502,
        49.625803941257686,
        47.277777777777786,
        42.17703349282297,
        36.35844323589396,
        50.599999999999994,
        39.262364066193854,
        42.33565601631543,
        52.5,
        42.075,
        40.455555555555556,
        30.500000000000004,
        37.03355446355446,
        32.25,
        38.71145610278373,
        30.19226529487415,
        44.960329918850604,
        22.291970293779745,
        47.199999999999996,
        36.55555555555556,
        31.780598711633193,
        30.976341463414638,
        28.388008075370124,
        39.00644553644554,
        35.70260270477163,
        34.27777777777778,
        32.6983286552692,
        40.8272987241531,
        26.598901098901095,
        49.30012589928058,
        54.0,
        56.33333333333334,
        18.33,
        44.15,
        29.249999999999996,
        43.07333333333334,
        45.720394483396255,
        40.12222222222223,
        39.083789907312045,
        38.19121474712463,
        52.99666666666667,
        31.351555209953347,
        56.6,
        55.851851727608185,
        34.5,
        53.105000000000004,
        41.957,
        40.42597471022129,
        42.290772924765605,
        44.41788338581926,
        38.34475775042842,
        34.333333333333336,
        38.6407051029261,
        36.388888888888886,
        49.333333333333336,
        32.25,
        34.66666666666667,
        40.03438377137025,
        52.785714285714285,
        43.69449316360207,
        38.82226378040616,
        52.5,
        38.683955404750364,
        32.72222222222223,
        42.36528906065147,
        35.5,
        34.0,
        37.19197379197379,
        30.015
    ]
}