{
    "Est_name": "KNN",
    "Run": 49,
    "Seed": 1291,
    "Est_params": {
        "p": 1,
        "n_neighbors": 5,
        "weights": "distance"
    },
    "R2": 0.5637686760621452,
    "R": 0.7813682610735272,
    "MAPE": 0.17482735597436427,
    "RMSE": 7.217392472335362,
    "y_test": [
        26.5,
        37.0,
        56.38,
        32.5,
        57.0,
        26.5,
        43.66,
        23.9,
        45.5,
        30.0,
        46.25,
        23.0,
        35.0,
        27.5,
        42.66,
        32.91,
        53.9,
        41.5,
        53.5,
        34.62,
        45.8,
        30.25,
        39.61,
        37.5,
        31.59,
        47.0,
        33.85,
        27.7,
        54.0,
        23.33,
        31.8,
        48.7,
        33.25,
        55.5,
        34.5,
        20.8,
        50.75,
        56.0,
        24.5,
        28.0,
        56.25,
        21.5,
        28.0,
        41.8,
        18.52,
        22.73,
        48.0,
        42.35,
        49.5,
        27.12,
        29.5,
        58.59,
        34.5,
        41.04,
        48.0,
        40.75,
        31.75,
        54.2,
        34.5,
        52.5,
        37.6,
        36.0,
        45.0,
        34.5,
        43.0,
        30.5,
        59.0,
        28.5,
        41.25
    ],
    "y_pred": [
        35.83163576677526,
        42.35579400620048,
        50.14926723077679,
        40.82720736036801,
        56.47512437810944,
        31.52021221179422,
        38.130401319208204,
        33.32470382275457,
        42.37274948323731,
        33.15599327691159,
        45.482487588960474,
        25.726299985197404,
        37.945538865895614,
        35.592783505154635,
        37.81593868457384,
        40.83580100921025,
        51.533795598378376,
        36.346820809248555,
        51.61187696046798,
        41.098275703805164,
        41.10402457545216,
        36.70566337148145,
        37.010299939260236,
        37.80055025793341,
        39.425518942341895,
        38.029318162844554,
        39.16599777744088,
        45.90395605609338,
        51.80097914860715,
        42.77583478147834,
        32.60044801352494,
        41.5,
        38.58406312123324,
        49.80849760255727,
        33.549203602790925,
        39.92441178278476,
        54.25,
        55.555555555555564,
        27.60515920461835,
        31.950522014659168,
        56.659574468085104,
        25.2820647107428,
        30.216842105263154,
        36.50071305506607,
        40.47002179080632,
        39.87984463397585,
        41.585459432899185,
        39.47284452403919,
        41.9538586351562,
        39.50671972072923,
        31.046015259319297,
        49.851686661740786,
        43.895644697764645,
        41.36192494882548,
        46.90679627217156,
        43.01811914389518,
        36.10138601855865,
        50.82718373388593,
        34.46022774209537,
        44.907548736600994,
        37.975,
        35.04036856798034,
        43.01688973886244,
        38.69710186761926,
        50.05250000000001,
        28.075177630809456,
        57.050000000000004,
        36.25166724223232,
        40.959813767808946
    ]
}