{
    "Est_name": "KNN",
    "Run": 34,
    "Seed": 3527,
    "Est_params": {
        "p": 1,
        "n_neighbors": 6,
        "weights": "distance"
    },
    "R2": 0.4337106670994133,
    "R": 0.6591315073942576,
    "MAPE": 0.1431958302681259,
    "RMSE": 7.410537065009118,
    "y_test": [
        38.0,
        26.5,
        31.75,
        48.0,
        41.95,
        50.2,
        25.81,
        43.07,
        37.5,
        31.67,
        46.11,
        47.0,
        57.5,
        41.5,
        40.75,
        35.75,
        33.0,
        44.05,
        13.33,
        33.85,
        34.0,
        42.2,
        34.75,
        30.0,
        55.5,
        29.5,
        39.45,
        39.5,
        42.5,
        20.8,
        55.5,
        41.0,
        35.3,
        29.6,
        33.5,
        26.25,
        41.78,
        58.5,
        37.75,
        33.5,
        43.66,
        60.25,
        52.5,
        24.5,
        59.0,
        42.5,
        34.5,
        33.04,
        50.8,
        45.25,
        57.0,
        30.0,
        31.7,
        33.5,
        44.5,
        53.5,
        52.5,
        45.0,
        39.0,
        40.52,
        35.0,
        34.5,
        56.5,
        30.0,
        38.0,
        34.25,
        35.0,
        43.5,
        48.0
    ],
    "y_pred": [
        45.872633108232684,
        27.969065736527764,
        36.69755460619859,
        38.411515319584716,
        37.71376404151495,
        41.1492016337342,
        37.80523879619668,
        38.15566219348286,
        36.76106121105045,
        36.35953847799349,
        45.65862800799314,
        34.21421066384096,
        51.35147328654395,
        48.7,
        42.9716566467179,
        43.864399247870594,
        38.3647948847749,
        42.430622091590934,
        27.96734538581251,
        39.03938865839037,
        41.308707369000345,
        44.19286503551295,
        35.974065121585866,
        37.79790986659767,
        47.505849036412684,
        30.786898573399935,
        40.27951670393451,
        40.74330931871573,
        43.306425811735686,
        34.96284924531302,
        49.00362787083339,
        34.91324921135647,
        37.62941500720254,
        31.274468497524104,
        37.604783821658856,
        31.096359611221924,
        41.237963890685954,
        56.57262569832403,
        40.335268083979805,
        33.98804188341806,
        38.45608242354786,
        40.03403183323788,
        43.59754977515955,
        25.35297393169444,
        32.67804506488255,
        41.715083482622724,
        39.221544707536324,
        32.36260869565218,
        50.583585790942834,
        43.08254403691888,
        32.696224185486344,
        33.97063829787234,
        37.100117096507795,
        37.03603121425197,
        40.58562439462471,
        51.03713216833608,
        50.97104687198105,
        40.91474617586845,
        42.32904629836349,
        36.07430809979816,
        36.45825987989532,
        42.45379067305159,
        57.282608695652186,
        40.4282184441688,
        39.88158192090395,
        37.86804771404808,
        36.231792774315146,
        45.378939243674125,
        41.553791616070846
    ]
}