{
    "Est_name": "KNN",
    "Run": 2,
    "Seed": 409,
    "Est_params": {
        "p": 1,
        "n_neighbors": 5,
        "weights": "distance"
    },
    "R2": 0.5720281196070243,
    "R": 0.7574184747043777,
    "MAPE": 0.1325527201756397,
    "RMSE": 6.05843153061742,
    "y_test": [
        35.0,
        39.0,
        48.0,
        31.5,
        31.75,
        54.25,
        49.9,
        39.5,
        47.3,
        48.0,
        13.33,
        43.5,
        57.21,
        38.82,
        45.0,
        32.26,
        31.47,
        35.3,
        34.5,
        29.41,
        31.7,
        39.0,
        55.5,
        55.5,
        46.5,
        60.25,
        53.9,
        40.75,
        34.8,
        35.25,
        33.5,
        35.5,
        42.29,
        41.0,
        43.29,
        56.0,
        56.5,
        46.0,
        46.8,
        56.0,
        43.29,
        56.0,
        36.0,
        38.0,
        32.25,
        27.5,
        42.5,
        33.41,
        46.0,
        46.25,
        41.25,
        33.95,
        30.5,
        48.5,
        42.0,
        43.0,
        38.78,
        48.0,
        26.5,
        50.2,
        35.5,
        33.25,
        34.5,
        34.0,
        35.0,
        43.47,
        21.75,
        35.0,
        48.0
    ],
    "y_pred": [
        35.45367550659875,
        39.847038717039744,
        34.13537875553923,
        31.903751039385956,
        33.74243575573363,
        50.75,
        50.53790230415599,
        38.88277910042752,
        45.506120973935275,
        42.84534534344175,
        27.371242603991046,
        27.157686909145117,
        49.0,
        40.814572047670644,
        36.402153236448974,
        35.57145099523534,
        35.7276536039226,
        37.52429858918932,
        34.493742244810655,
        34.16874322860238,
        39.39204556409354,
        39.0311960782554,
        51.62789232370511,
        49.80849760255727,
        48.64322613972544,
        54.70913586673608,
        51.19215270254972,
        42.295847582572144,
        39.3592827557925,
        36.36984817729398,
        37.96592236665457,
        32.58843340961968,
        42.231318681318676,
        43.45576811931231,
        33.56004448834275,
        57.64285714285716,
        53.561729009231094,
        43.35066379700834,
        49.26689787933655,
        53.857142857142854,
        37.42078208764059,
        41.672576695951086,
        43.36879125938368,
        46.73874996794832,
        38.10409241914326,
        35.01432664756446,
        37.94150812246824,
        39.368642342362875,
        38.58723424724156,
        40.52550618267042,
        34.75588804103586,
        38.04870915449495,
        31.79405069718392,
        55.27777777777778,
        40.88005902036724,
        46.22393051558022,
        35.60917620879884,
        40.462396930307285,
        36.46803900325027,
        42.59816235690214,
        39.683218031302005,
        37.39076531767482,
        31.24983501079743,
        38.08773628735022,
        42.57925403861119,
        36.63940210225089,
        33.52490686106924,
        34.73600821692687,
        41.488584081847264
    ]
}