{
    "Est_name": "KNN",
    "Run": 22,
    "Seed": 8928,
    "Est_params": {
        "p": 1,
        "n_neighbors": 5,
        "weights": "distance"
    },
    "R2": 0.4058972447152396,
    "R": 0.6413176257956914,
    "MAPE": 0.11516385401439873,
    "RMSE": 5.78892937947525,
    "y_test": [
        33.4,
        43.64,
        44.6,
        35.75,
        45.5,
        37.0,
        39.5,
        29.02,
        48.0,
        24.5,
        47.0,
        32.91,
        35.25,
        45.8,
        41.0,
        42.25,
        32.25,
        43.07,
        32.0,
        39.0,
        33.76,
        40.0,
        51.0,
        50.8,
        33.5,
        46.0,
        36.0,
        45.25,
        30.25,
        40.1,
        55.52,
        34.5,
        43.0,
        40.03,
        52.5,
        30.5,
        29.41,
        41.95,
        45.5,
        29.6,
        34.8,
        31.25,
        45.0,
        50.2,
        38.82,
        52.5,
        37.5,
        34.5,
        31.75,
        34.75,
        46.0,
        40.5,
        42.86,
        57.27,
        42.29,
        31.67,
        55.5,
        39.8,
        39.5,
        33.04,
        35.5,
        26.5,
        53.5,
        43.5,
        33.5,
        35.0,
        47.0,
        42.03,
        36.0
    ],
    "y_pred": [
        38.74151572077659,
        38.81693261353978,
        46.13956972580796,
        43.87950994741401,
        47.025782171401175,
        42.35579400620048,
        35.703256124385376,
        33.974663502783386,
        32.62497630939806,
        24.575000000000003,
        36.549167387515084,
        36.18454245218049,
        37.49931774913829,
        42.28200331354412,
        42.695703316732924,
        33.12717317952763,
        40.0523526091443,
        38.27420983769291,
        32.55397661022745,
        43.54105230399596,
        39.251473835108314,
        39.86823366887767,
        50.91714285714285,
        50.61393098159498,
        38.30260031428304,
        41.96996201040196,
        41.08238183310554,
        44.53468806153875,
        38.43467699207051,
        40.2078947368421,
        42.68640525514984,
        43.67803264054565,
        46.676022804457745,
        35.239910785799175,
        43.90185691532233,
        27.613704476350353,
        34.895398773006136,
        38.518857263656216,
        41.85697961727646,
        29.140000000000004,
        37.118263473053894,
        33.411383588834255,
        40.69688095904091,
        43.670172289329734,
        40.814572047670644,
        50.262731398036536,
        38.089947438087336,
        43.213332526749056,
        37.63948799085588,
        36.151646820046864,
        45.48485239852399,
        34.71337579617835,
        36.400067268210115,
        45.01530203493029,
        42.670879120879114,
        37.05560693833359,
        46.320226604845004,
        42.41594607738965,
        42.447771379419756,
        32.847500000000004,
        44.27257284668472,
        37.074491892132244,
        51.27156052671128,
        41.07037911495291,
        36.745587726046395,
        36.51703225806452,
        33.70329802080275,
        36.18748943577141,
        36.60111622609728
    ]
}