{
    "Est_name": "KNN",
    "Run": 37,
    "Seed": 1519,
    "Est_params": {
        "p": 1,
        "n_neighbors": 3,
        "weights": "distance"
    },
    "R2": 0.6297913980113854,
    "R": 0.8174546562271732,
    "MAPE": 0.13475851177176587,
    "RMSE": 6.085342799233304,
    "y_test": [
        25.68,
        32.26,
        46.8,
        43.66,
        30.5,
        30.25,
        45.22,
        33.5,
        41.25,
        46.5,
        40.5,
        33.6,
        57.21,
        36.0,
        28.5,
        48.0,
        43.29,
        55.5,
        53.5,
        35.5,
        29.02,
        37.5,
        52.5,
        42.35,
        48.0,
        41.89,
        35.0,
        31.75,
        43.0,
        32.25,
        22.9,
        29.5,
        42.5,
        41.4,
        39.0,
        27.5,
        50.5,
        43.64,
        30.5,
        39.45,
        56.38,
        58.25,
        22.67,
        31.97,
        59.0,
        45.0,
        39.78,
        39.5,
        36.0,
        44.5,
        27.49,
        33.5,
        40.03,
        24.67,
        18.52,
        55.84,
        41.78,
        22.73,
        53.5,
        42.0,
        33.0,
        52.0,
        30.0,
        43.4,
        22.13,
        38.0,
        56.5,
        34.5,
        47.0
    ],
    "y_pred": [
        36.962255410295064,
        39.155940561605426,
        49.491160096721586,
        39.68073448416237,
        27.507113073338243,
        31.90384615384616,
        41.83846153846154,
        39.93202006996032,
        45.00382436260624,
        47.761847251309405,
        37.576011614837014,
        40.02518303584885,
        49.0,
        33.60550971024384,
        28.646000000000004,
        48.68421052631578,
        35.99815347565841,
        53.5,
        55.65384615384615,
        35.928046866240614,
        37.69313652210569,
        35.345327859997845,
        51.66666666666667,
        43.986335251622386,
        47.48,
        41.81012349789629,
        38.164434245035594,
        32.34090909090909,
        46.8,
        36.77566878980892,
        30.320176148582842,
        30.837345406360424,
        37.88012734174115,
        42.919999999999995,
        39.07287283954354,
        44.121265730290816,
        50.58,
        35.51981113397352,
        32.007999999999996,
        42.513202846975084,
        52.57998734082058,
        58.78571428571428,
        30.877210513983265,
        38.779048990256555,
        59.4,
        52.65384615384615,
        37.885714285714286,
        43.09630069574071,
        42.182153899789526,
        41.49118403330477,
        30.224285714285717,
        30.912810460242316,
        44.233079135158164,
        43.8707102598038,
        29.024926320562233,
        50.29992547895923,
        41.88219512195122,
        44.18852319138525,
        51.502798659934406,
        45.05430635484266,
        34.20307692307693,
        49.0,
        33.65384615384615,
        44.5,
        26.156519974880442,
        50.50340444847935,
        58.214285714285715,
        31.56015452538631,
        39.72182284980744
    ]
}