{
    "Est_name": "KNN",
    "Run": 15,
    "Seed": 3582,
    "Est_params": {
        "p": 1,
        "n_neighbors": 4,
        "weights": "distance"
    },
    "R2": 0.5916093564421302,
    "R": 0.7726346151343492,
    "MAPE": 0.12571017590843422,
    "RMSE": 5.865883124145612,
    "y_test": [
        56.0,
        46.11,
        58.5,
        33.0,
        54.04,
        47.0,
        41.0,
        40.0,
        42.5,
        38.0,
        31.59,
        41.23,
        40.52,
        33.41,
        38.78,
        53.5,
        31.8,
        34.5,
        27.12,
        33.5,
        56.25,
        57.1,
        35.0,
        44.0,
        43.65,
        40.5,
        32.25,
        41.8,
        39.3,
        28.0,
        50.75,
        18.52,
        43.64,
        50.5,
        43.4,
        41.89,
        39.8,
        40.39,
        56.38,
        52.0,
        41.16,
        27.5,
        41.89,
        53.5,
        40.1,
        35.0,
        59.0,
        34.5,
        39.12,
        45.8,
        33.0,
        43.5,
        46.0,
        57.96,
        44.6,
        26.75,
        35.25,
        41.95,
        25.81,
        34.5,
        42.0,
        43.66,
        26.5,
        33.0,
        29.02,
        27.7,
        52.5,
        36.0,
        39.5
    ],
    "y_pred": [
        53.375,
        44.92551797739165,
        56.5,
        37.89164650339491,
        48.91467813465474,
        37.573320571168466,
        45.13096041414357,
        39.39947717284569,
        35.65474602647245,
        34.66406528750694,
        38.78092919569153,
        45.52013423222173,
        36.66342871214567,
        36.17420405029903,
        34.86,
        52.53730068863726,
        30.52329133510168,
        37.91587422496277,
        40.99713643311519,
        33.84793615463693,
        57.55555555555556,
        46.81246056524067,
        42.43988232929424,
        32.172737090510736,
        42.194444444444436,
        36.767542960304034,
        35.48396130677733,
        36.40776626965587,
        37.77502336812588,
        29.313711680790195,
        54.25,
        29.18911847733251,
        36.446267138716344,
        50.501770989215125,
        44.5,
        36.8870817202762,
        44.12608867911641,
        40.906722689075636,
        52.04154059011263,
        50.345714285714294,
        42.455956820698454,
        46.01399526152309,
        44.049381052770265,
        48.382245416334314,
        39.77499999999999,
        40.65453604822317,
        57.699999999999996,
        30.935978279372282,
        42.63392881654622,
        44.85,
        32.01333333333333,
        51.589999999999996,
        37.31596129658013,
        54.22181513685259,
        44.97718508997429,
        33.655038829691165,
        34.08577572628574,
        37.88648922249835,
        39.63124462338189,
        41.262565249167736,
        44.97120584153964,
        38.30596906438617,
        30.936461095646802,
        37.0953425216265,
        34.6836117100996,
        42.52463905445185,
        51.73516069362663,
        35.46850893495354,
        41.85584430948813
    ]
}