{
    "Est_name": "KNN",
    "Run": 31,
    "Seed": 5574,
    "Est_params": {
        "p": 1,
        "n_neighbors": 4,
        "weights": "distance"
    },
    "R2": 0.600271055734859,
    "R": 0.7758610129558029,
    "MAPE": 0.12951021367535404,
    "RMSE": 5.897338034841863,
    "y_test": [
        48.0,
        39.5,
        26.5,
        41.04,
        38.82,
        36.5,
        37.5,
        30.0,
        18.52,
        50.5,
        34.25,
        42.2,
        16.58,
        49.0,
        42.0,
        13.33,
        39.5,
        42.5,
        41.23,
        39.0,
        22.67,
        44.6,
        52.5,
        32.25,
        27.4,
        48.7,
        42.56,
        50.2,
        41.95,
        47.0,
        45.5,
        40.75,
        33.5,
        45.0,
        42.75,
        56.5,
        43.47,
        42.25,
        55.5,
        43.5,
        44.95,
        39.0,
        42.03,
        35.5,
        32.5,
        33.4,
        45.25,
        43.5,
        40.5,
        49.5,
        48.0,
        53.25,
        41.0,
        53.5,
        39.8,
        32.0,
        43.64,
        33.5,
        30.25,
        53.5,
        30.0,
        58.59,
        40.75,
        33.41,
        49.0,
        32.0,
        51.0,
        48.0,
        26.5
    ],
    "y_pred": [
        53.04415080553086,
        34.1218487394958,
        35.94585287564876,
        40.8544189163316,
        40.513218390804596,
        37.16355228865904,
        37.124080057183704,
        32.97322297859836,
        31.450374063773975,
        50.501770989215125,
        34.19527820316488,
        42.13333013334036,
        32.129345209288736,
        57.21,
        40.34817250206514,
        25.283182479052375,
        41.14742762199067,
        41.1207299270073,
        40.60920229014429,
        38.96693344566133,
        25.881533386956136,
        44.61691899070385,
        53.0010936798313,
        38.53823250309293,
        36.31537085352218,
        41.5,
        42.39636363636364,
        46.36202814983676,
        38.39157130734644,
        40.34620330682288,
        44.966704827323035,
        42.306118991604855,
        30.68923027239385,
        42.669636363636364,
        37.26366112042111,
        58.17647058823529,
        35.23443237733137,
        34.70280003536005,
        46.94181739933683,
        30.19651615385055,
        45.23,
        38.2945640677888,
        36.526738430469706,
        40.16954111533426,
        30.12429679185039,
        39.212993078226425,
        43.69951263758514,
        51.589999999999996,
        38.48095011533639,
        58.5,
        33.002143895234546,
        50.49977591217307,
        38.38160583941606,
        53.13975465827307,
        44.680217478876834,
        35.09997663187413,
        34.98369490169966,
        39.35023931041906,
        34.045287267933645,
        48.382245416334314,
        33.271936503102516,
        53.030348337035285,
        43.321475237331086,
        39.95846360879296,
        50.46779116907656,
        32.561693009697166,
        37.67584133392004,
        48.94541797519562,
        26.333333333333332
    ]
}