{
    "Est_name": "KNN",
    "Run": 47,
    "Seed": 2045,
    "Est_params": {
        "p": 1,
        "n_neighbors": 2,
        "weights": "distance"
    },
    "R2": 0.5569728725296634,
    "R": 0.7528014319771162,
    "MAPE": 0.1272993706709999,
    "RMSE": 6.368883918787282,
    "y_test": [
        47.3,
        35.25,
        32.83,
        20.22,
        53.5,
        27.5,
        45.0,
        53.25,
        29.6,
        22.67,
        37.0,
        33.25,
        35.0,
        40.0,
        42.0,
        25.68,
        22.13,
        45.5,
        37.75,
        32.5,
        55.52,
        55.5,
        52.5,
        30.0,
        49.7,
        53.0,
        51.0,
        39.21,
        46.0,
        40.75,
        43.0,
        21.5,
        26.5,
        35.0,
        39.5,
        35.5,
        39.45,
        53.5,
        42.29,
        44.5,
        44.75,
        49.0,
        33.0,
        27.12,
        30.0,
        42.03,
        47.0,
        41.0,
        48.0,
        22.9,
        39.3,
        32.26,
        40.0,
        42.35,
        39.0,
        57.96,
        48.0,
        33.0,
        56.38,
        50.5,
        43.65,
        52.5,
        28.0,
        30.0,
        41.95,
        44.95,
        42.56,
        44.5,
        34.75
    ],
    "y_pred": [
        44.15,
        33.55684493777329,
        39.262364066193854,
        28.64901349948079,
        51.22222487853783,
        38.482913440661996,
        47.050000000000004,
        52.99666666666667,
        30.015,
        32.53976105137396,
        43.07333333333334,
        38.71145610278373,
        35.69879518072289,
        42.290772924765605,
        41.5,
        35.47276292335116,
        26.838744113029826,
        41.40716547901821,
        40.157602820211515,
        42.94117647058823,
        36.68263209530483,
        49.30012589928058,
        44.55883626913082,
        36.38888888888889,
        32.00019425226184,
        45.585040911951886,
        35.207803487152596,
        52.5,
        42.260617856964615,
        38.5,
        50.33826841858282,
        22.666666666666668,
        31.500000000000004,
        44.18448139350752,
        42.36528906065147,
        31.44937242412889,
        43.44666666666667,
        55.34044200626958,
        42.016666666666666,
        40.35928143712575,
        37.387751060820364,
        57.21,
        31.769999999999996,
        39.86542359461599,
        34.84730974309259,
        35.43260067114093,
        45.611111111111114,
        44.058590657165475,
        51.50778236448536,
        22.9,
        39.625,
        43.04009117918246,
        38.01301352385813,
        44.86213776722091,
        38.6407051029261,
        56.24500000000001,
        48.099999999999994,
        38.01838292568936,
        54.61946996466431,
        50.35,
        42.17,
        54.16666666666667,
        28.249999999999996,
        30.915,
        38.12983356449376,
        45.23,
        38.88772510106579,
        40.31551860649248,
        36.04739729522838
    ]
}