{
    "Est_name": "KNN",
    "Run": 35,
    "Seed": 5514,
    "Est_params": {
        "p": 1,
        "n_neighbors": 5,
        "weights": "distance"
    },
    "R2": 0.57046550206392,
    "R": 0.7607594673432508,
    "MAPE": 0.12399667742514185,
    "RMSE": 5.902354200879085,
    "y_test": [
        46.0,
        42.2,
        53.9,
        40.5,
        32.43,
        43.29,
        20.8,
        48.7,
        51.0,
        48.0,
        54.2,
        32.5,
        30.0,
        32.25,
        37.0,
        38.0,
        43.0,
        29.0,
        31.8,
        32.5,
        57.0,
        31.25,
        36.0,
        22.9,
        34.62,
        35.0,
        49.5,
        27.4,
        62.5,
        37.5,
        48.0,
        44.75,
        57.0,
        36.5,
        42.29,
        32.33,
        33.0,
        32.9,
        47.0,
        36.5,
        45.25,
        25.81,
        43.0,
        37.6,
        33.85,
        56.5,
        41.0,
        29.5,
        42.0,
        34.8,
        37.25,
        31.7,
        47.0,
        39.0,
        35.25,
        39.73,
        43.0,
        57.27,
        30.5,
        28.5,
        44.0,
        42.25,
        55.5,
        40.39,
        39.5,
        43.65,
        35.5,
        26.5,
        45.5
    ],
    "y_pred": [
        37.79891240993534,
        52.49500668126366,
        51.40582280761909,
        38.75587250778285,
        42.942168752847756,
        39.26614602597704,
        28.146863713931126,
        41.5,
        33.125006804560265,
        46.90679627217156,
        52.452654231831694,
        40.18906399813558,
        39.29215918926881,
        37.653268834319476,
        40.53955422469115,
        47.235982002152284,
        48.72973660487447,
        29.852695623454856,
        32.50294594941716,
        29.39233097226733,
        54.00000000000001,
        33.411383588834255,
        44.26237497158354,
        24.36550892208802,
        41.098275703805164,
        33.093240014810554,
        44.18511498610059,
        37.716159254549524,
        54.968361916026026,
        35.14714979628228,
        50.71324667593333,
        40.85004960010479,
        49.088065341868166,
        41.40447069703344,
        42.670879120879114,
        31.604195529203615,
        34.69273885350319,
        38.28751742404428,
        47.268235606664874,
        39.94981065278588,
        44.10275707720522,
        38.88741428993093,
        50.9275,
        41.1414578282177,
        36.90107691970622,
        53.91054857854872,
        42.976222781636885,
        31.60775424711961,
        39.81242183996086,
        40.228116336664165,
        35.59,
        39.82391389997664,
        36.80073798924076,
        39.98633824447914,
        37.10821702898241,
        38.2493687497937,
        48.56886659285067,
        46.669152903569525,
        24.837396707144013,
        28.69,
        48.42750000000001,
        33.45576670224003,
        48.39984222737819,
        40.81830985915493,
        34.79736698617503,
        42.0551923076923,
        40.220313059551316,
        24.033627394532303,
        48.079958819492106
    ]
}