{
    "Est_name": "KNN",
    "Run": 1,
    "Seed": 1824,
    "Est_params": {
        "p": 1,
        "n_neighbors": 4,
        "weights": "distance"
    },
    "R2": 0.6172641420509244,
    "R": 0.8079373908176921,
    "MAPE": 0.1252954245769008,
    "RMSE": 5.561946326510642,
    "y_test": [
        43.64,
        31.7,
        22.67,
        39.12,
        35.75,
        28.0,
        34.5,
        35.5,
        45.0,
        21.75,
        30.0,
        33.0,
        37.25,
        46.0,
        42.75,
        34.5,
        45.02,
        43.4,
        15.11,
        57.8,
        50.2,
        35.0,
        42.2,
        45.22,
        48.0,
        48.0,
        29.0,
        29.02,
        30.0,
        46.11,
        53.25,
        43.0,
        30.0,
        27.12,
        40.75,
        39.12,
        41.5,
        42.2,
        33.0,
        35.75,
        48.5,
        59.0,
        41.95,
        36.5,
        43.66,
        26.25,
        38.61,
        34.8,
        33.85,
        32.91,
        25.68,
        48.0,
        43.29,
        56.5,
        45.0,
        31.5,
        42.3,
        50.75,
        56.0,
        49.0,
        49.0,
        33.95,
        51.0,
        33.25,
        44.5,
        41.78,
        39.21,
        40.39,
        31.97
    ],
    "y_pred": [
        39.84577949823174,
        38.84449511111768,
        25.881533386956136,
        41.425769605415674,
        41.77725468126637,
        26.97285714285714,
        43.40204248593789,
        34.03128443308418,
        43.1274933124086,
        28.4833057945627,
        32.754213544753334,
        36.72966298663568,
        36.2608,
        44.120489710723746,
        37.26366112042111,
        36.847127166218854,
        37.52725655779859,
        44.5,
        26.867045206772755,
        50.62579098261629,
        46.36202814983676,
        34.43821774589945,
        42.81070895506244,
        42.5327027027027,
        44.4418588221669,
        48.94541797519562,
        29.50392227856764,
        38.44746003024766,
        39.92275531336153,
        44.018476761645275,
        50.49977591217307,
        47.62917123854331,
        32.11599999999999,
        41.452776319470686,
        37.354864290122286,
        42.88688073394495,
        48.7,
        53.54344033579269,
        33.77197080291971,
        44.833889544795746,
        57.01492537313433,
        57.33823529411764,
        39.707210597621554,
        42.571917944509984,
        38.46966318065359,
        29.127599999999997,
        35.99741747024748,
        39.03608643146727,
        36.203163866948486,
        36.417102259979,
        38.719147442671776,
        51.38999999999999,
        38.73905447687048,
        57.09374999999999,
        50.86297881762492,
        31.66762970603211,
        41.73333333333333,
        54.25,
        54.12800000000001,
        57.21,
        41.448437330666096,
        35.89997330070085,
        37.67584133392004,
        37.63920029305583,
        41.67766244136141,
        40.852252141982866,
        44.142153776360324,
        40.906722689075636,
        35.74751983583874
    ]
}