{
    "arquivo": "E-n23-k3",
    "media_distancia": 682.9106563573405,
    "desvio_padrao_distancia": 43.44131186797289,
    "minimo_distancia": 618.6450054828338,
    "maximo_distancia": 760.8647433258826,
    "media_tempo": 27.438150823116302,
    "desvio_padrao_tempo": 1.3631992381561842,
    "execucao_melhor_rota": 18,
    "capacidade_veiculo": 4500,
    "resultados_execucoes": [
        {
            "execucao": 1,
            "distancia": 704.7309536038501,
            "rota": [
                1,
                13,
                7,
                2,
                3,
                4,
                17,
                16,
                18,
                15,
                31,
                10,
                6,
                5,
                9,
                26,
                22,
                1,
                11,
                14,
                1,
                12,
                8,
                19,
                20,
                30,
                23,
                21,
                1
            ],
            "tempo_execucao": 28.13653874397278,
            "carga_por_rota": [
                3969,
                4350,
                1870
            ]
        },
        {
            "execucao": 2,
            "distancia": 690.2522532520559,
            "rota": [
                1,
                13,
                12,
                14,
                10,
                6,
                5,
                9,
                8,
                25,
                22,
                20,
                19,
                1,
                21,
                23,
                18,
                31,
                2,
                3,
                15,
                16,
                17,
                4,
                32,
                7,
                1,
                11,
                1
            ],
            "tempo_execucao": 28.429750680923462,
            "carga_por_rota": [
                4070,
                2019,
                4100
            ]
        },
        {
            "execucao": 3,
            "distancia": 729.9418256039831,
            "rota": [
                1,
                13,
                12,
                8,
                9,
                5,
                6,
                10,
                14,
                29,
                3,
                4,
                17,
                16,
                18,
                15,
                31,
                23,
                1,
                11,
                7,
                2,
                1,
                19,
                21,
                20,
                27,
                22,
                1
            ],
            "tempo_execucao": 28.774422883987427,
            "carga_por_rota": [
                4394,
                4400,
                1395
            ]
        },
        {
            "execucao": 4,
            "distancia": 672.4217186682382,
            "rota": [
                1,
                13,
                12,
                7,
                2,
                3,
                4,
                17,
                16,
                18,
                15,
                31,
                19,
                1,
                11,
                14,
                1,
                20,
                21,
                23,
                30,
                22,
                9,
                26,
                5,
                6,
                10,
                8,
                1
            ],
            "tempo_execucao": 27.69442915916443,
            "carga_por_rota": [
                2089,
                4350,
                3750
            ]
        },
        {
            "execucao": 5,
            "distancia": 647.2364595608707,
            "rota": [
                1,
                13,
                12,
                14,
                10,
                6,
                5,
                9,
                8,
                1,
                11,
                1,
                20,
                23,
                21,
                30,
                18,
                15,
                16,
                17,
                4,
                3,
                2,
                7,
                29,
                22,
                19,
                1
            ],
            "tempo_execucao": 24.203509092330933,
            "carga_por_rota": [
                3175,
                4100,
                2914
            ]
        },
        {
            "execucao": 6,
            "distancia": 685.5910336722475,
            "rota": [
                1,
                13,
                3,
                4,
                17,
                16,
                18,
                15,
                31,
                12,
                14,
                10,
                6,
                5,
                9,
                26,
                22,
                8,
                1,
                23,
                21,
                20,
                27,
                19,
                1,
                11,
                7,
                2,
                1
            ],
            "tempo_execucao": 28.05995535850525,
            "carga_por_rota": [
                4494,
                1295,
                4400
            ]
        },
        {
            "execucao": 7,
            "distancia": 625.5504247847397,
            "rota": [
                1,
                13,
                10,
                14,
                7,
                2,
                17,
                3,
                4,
                32,
                16,
                15,
                18,
                23,
                21,
                30,
                20,
                19,
                1,
                22,
                5,
                6,
                9,
                26,
                8,
                1,
                11,
                12,
                1
            ],
            "tempo_execucao": 27.607001543045044,
            "carga_por_rota": [
                4389,
                1475,
                4325
            ]
        },
        {
            "execucao": 8,
            "distancia": 722.82190535817,
            "rota": [
                1,
                13,
                11,
                3,
                1,
                12,
                8,
                6,
                5,
                9,
                10,
                14,
                29,
                7,
                2,
                4,
                17,
                16,
                18,
                15,
                31,
                19,
                1,
                21,
                23,
                20,
                27,
                22,
                1
            ],
            "tempo_execucao": 27.9381160736084,
            "carga_por_rota": [
                4484,
                4355,
                1350
            ]
        },
        {
            "execucao": 9,
            "distancia": 760.8647433258826,
            "rota": [
                1,
                13,
                12,
                14,
                10,
                6,
                5,
                9,
                8,
                1,
                11,
                7,
                2,
                1,
                22,
                20,
                27,
                15,
                17,
                16,
                18,
                30,
                23,
                21,
                19,
                4,
                32,
                3,
                1
            ],
            "tempo_execucao": 27.933396339416504,