{
    "arquivo": "E-n23-k3",
    "media_distancia": 546.6538354456513,
    "desvio_padrao_distancia": 24.521620790576712,
    "minimo_distancia": 518.7818759351892,
    "maximo_distancia": 599.323732229229,
    "media_tempo": 108.02123847007752,
    "desvio_padrao_tempo": 1.7981929534629761,
    "execucao_melhor_rota": 8,
    "resultados_execucoes": [
        {
            "execucao": 1,
            "distancia": 527.3200432882536,
            "rota": [
                1,
                28,
                25,
                22,
                24,
                19,
                27,
                20,
                21,
                30,
                23,
                18,
                31,
                15,
                16,
                17,
                4,
                32,
                3,
                2,
                7,
                29,
                12,
                14,
                11,
                10,
                6,
                5,
                26,
                9,
                8,
                13,
                1
            ],
            "tempo_execucao": 105.30888438224792
        },
        {
            "execucao": 2,
            "distancia": 538.0985038413962,
            "rota": [
                1,
                13,
                12,
                8,
                24,
                22,
                25,
                9,
                26,
                5,
                6,
                10,
                11,
                14,
                29,
                7,
                2,
                3,
                32,
                4,
                17,
                16,
                15,
                31,
                18,
                23,
                30,
                21,
                20,
                27,
                19,
                28,
                1
            ],
            "tempo_execucao": 109.17868185043335
        },
        {
            "execucao": 3,
            "distancia": 525.194061982287,
            "rota": [
                1,
                12,
                14,
                11,
                10,
                6,
                5,
                26,
                9,
                8,
                25,
                22,
                24,
                19,
                27,
                20,
                21,
                30,
                23,
                18,
                31,
                15,
                16,
                17,
                4,
                32,
                3,
                2,
                7,
                29,
                13,
                28,
                1
            ],
            "tempo_execucao": 106.51289343833923
        },
        {
            "execucao": 4,
            "distancia": 530.0804602678221,
            "rota": [
                1,
                13,
                8,
                9,
                26,
                5,
                6,
                10,
                11,
                14,
                12,
                29,
                7,
                2,
                3,
                32,
                4,
                17,
                16,
                15,
                31,
                18,
                23,
                30,
                21,
                20,
                27,
                24,
                22,
                25,
                19,
                28,
                1
            ],
            "tempo_execucao": 105.5249011516571
        },
        {
            "execucao": 5,
            "distancia": 558.0123291905531,
            "rota": [
                1,
                13,
                17,
                16,
                4,
                32,
                3,
                2,
                7,
                29,
                12,
                14,
                11,
                10,
                6,
                5,
                26,
                9,
                8,
                25,
                22,
                24,
                19,
                27,
                20,
                21,
                30,
                23,
                18,
                15,
                31,
                28,
                1
            ],
            "tempo_execucao": 106.31174874305725
        },
        {
            "execucao": 6,
            "distancia": 534.7283154713642,
            "rota": [
                1,
                24,
                22,
                25,
                8,
                9,
                26,
                5,
                6,
                10,
                11,
                14,
                12,
                13,
                29,
                7,
                2,
                3,
                32,
                4,
                17,
                16,
                15,
                31,
                18,
                23,
                30,
                21,
                20,
                27,
                19,
                28,
                1
            ],
            "tempo_execucao": 105.34370875358582
        },
        {
            "execucao": 7,
            "distancia": 572.0429245326497,
            "rota": [
                1,
                28,
                19,
                31,
                15,
                4,
                32,
                17,
                16,
                18,
                23,
                30,
                21,
                20,
                27,
                24,
                22,
                25,
                8,
                9,
                26,
                5,
                6,
                10,
                11,
                14,
                12,
                29,
                7,
                2,
                3,
                13,
                1
            ],
            "tempo_execucao": 110.12016034126282
        },
        {
            "execucao": 8,
            "distancia": 518.7818759351892,
            "rota": [
                1,
                28,
                19,
                27,
                20,
                21,
                30,
                23,
                18,
                31,
                15,
                16,
                17,
                4,
                32,
                3,
                2,
                7,
                29,
                12,
                14,
                11,
                10,
                6,
                5,
                26,
                9,
                8,
                25,
                22,
                24,
                13,
                1
            ],
            "tempo_execucao": 106.29151725769043
        },
        {
            "execucao": 9,
            "distancia": 518.7818759351892,
            "rota": [
                1,
                28,
                19,
                27,
                20,
                21,
                30,
                23,
                18,
                31,
                15,
                16,
                17,
                4,
                32,
                3,
                2,
                7,
                29,
                12,
                14,
                11,
                10,
                6,
                5,
                26,
                9,
                8,
                25,
                22,
                24,
                13,
                1
            ],
            "tempo_execucao": 110.20016503334045
        },
        {
            "execucao": 10,
            "distancia": 552.5679673575262,