{
    "arquivo": "E-n23-k3",
    "media_distancia": 543.046346252416,
    "desvio_padrao_distancia": 23.135806024291135,
    "minimo_distancia": 518.7818759351892,
    "maximo_distancia": 591.5891724782628,
    "media_tempo": 119.66076846122742,
    "desvio_padrao_tempo": 1.0738570646330663,
    "execucao_melhor_rota": 2,
    "resultados_execucoes": [
        {
            "execucao": 1,
            "distancia": 523.719575579129,
            "rota": [
                1,
                28,
                19,
                27,
                20,
                21,
                30,
                23,
                18,
                31,
                15,
                16,
                17,
                4,
                32,
                3,
                2,
                7,
                29,
                12,
                14,
                11,
                10,
                9,
                26,
                6,
                5,
                22,
                24,
                25,
                8,
                13,
                1
            ],
            "tempo_execucao": 119.05211448669434
        },
        {
            "execucao": 2,
            "distancia": 518.7818759351892,
            "rota": [
                1,
                28,
                19,
                27,
                20,
                21,
                30,
                23,
                18,
                31,
                15,
                16,
                17,
                4,
                32,
                3,
                2,
                7,
                29,
                12,
                14,
                11,
                10,
                6,
                5,
                26,
                9,
                8,
                25,
                22,
                24,
                13,
                1
            ],
            "tempo_execucao": 120.08840870857239
        },
        {
            "execucao": 3,
            "distancia": 558.2524944032318,
            "rota": [
                1,
                28,
                31,
                3,
                7,
                2,
                32,
                4,
                17,
                16,
                15,
                18,
                23,
                30,
                21,
                20,
                27,
                19,
                24,
                22,
                25,
                8,
                9,
                26,
                5,
                6,
                10,
                11,
                14,
                29,
                12,
                13,
                1
            ],
            "tempo_execucao": 121.72279238700867
        },
        {
            "execucao": 4,
            "distancia": 559.4250604609085,
            "rota": [
                1,
                28,
                19,
                27,
                20,
                24,
                22,
                25,
                8,
                9,
                26,
                5,
                6,
                10,
                11,
                14,
                7,
                2,
                3,
                32,
                4,
                17,
                16,
                18,
                23,
                30,
                21,
                31,
                15,
                29,
                12,
                13,
                1
            ],
            "tempo_execucao": 119.22005200386047
        },
        {
            "execucao": 5,
            "distancia": 565.5445717687196,
            "rota": [
                1,
                13,
                12,
                29,
                7,
                14,
                11,
                10,
                6,
                5,
                26,
                9,
                8,
                25,
                22,
                24,
                27,
                20,
                21,
                30,
                23,
                18,
                16,
                17,
                4,
                32,
                2,
                3,
                15,
                31,
                19,
                28,
                1
            ],
            "tempo_execucao": 118.29628276824951
        },
        {
            "execucao": 6,
            "distancia": 544.3626349070241,
            "rota": [
                1,
                8,
                10,
                6,
                5,
                26,
                9,
                25,
                22,
                24,
                19,
                27,
                20,
                21,
                30,
                23,
                18,
                31,
                15,
                16,
                17,
                4,
                32,
                3,
                2,
                7,
                29,
                14,
                11,
                12,
                13,
                28,
                1
            ],
            "tempo_execucao": 118.89090347290039
        },
        {
            "execucao": 7,
            "distancia": 518.7818759351892,
            "rota": [
                1,
                28,
                19,
                27,
                20,
                21,
                30,
                23,
                18,
                31,
                15,
                16,
                17,
                4,
                32,
                3,
                2,
                7,
                29,
                12,
                14,
                11,
                10,
                6,
                5,
                26,
                9,
                8,
                25,
                22,
                24,
                13,
                1
            ],
            "tempo_execucao": 121.01268863677979
        },
        {
            "execucao": 8,
            "distancia": 527.3200432882536,
            "rota": [
                1,
                28,
                25,
                22,
                24,
                19,
                27,
                20,
                21,
                30,
                23,
                18,
                31,
                15,
                16,
                17,
                4,
                32,
                3,
                2,
                7,
                29,
                12,
                14,
                11,
                10,
                6,
                5,
                26,
                9,
                8,
                13,
                1
            ],
            "tempo_execucao": 119.71314358711243
        },
        {
            "execucao": 9,
            "distancia": 558.6908812077436,
            "rota": [
                1,
                13,
                29,
                7,
                2,
                3,
                32,
                4,
                17,
                16,
                15,
                31,
                18,
                23,
                30,
                21,
                20,
                27,
                24,
                22,
                25,
                9,
                26,
                5,
                6,
                10,
                11,
                14,
                12,
                8,
                19,
                28,
                1
            ],
            "tempo_execucao": 119.82686495780945
        },
        {
            "execucao": 10,
            "distancia": 532.6014583306339,