{
    "arquivo": "E-n23-k3",
    "media_distancia": 605.9746048046919,
    "desvio_padrao_distancia": 30.74233192772304,
    "minimo_distancia": 546.1606246548718,
    "maximo_distancia": 652.4393094723932,
    "media_tempo": 24.702398014068603,
    "desvio_padrao_tempo": 2.2481990528091464,
    "execucao_melhor_rota": 13,
    "capacidade_veiculo": 4500,
    "resultados_execucoes": [
        {
            "execucao": 1,
            "distancia": 617.5552323793038,
            "rota": [
                1,
                23,
                18,
                15,
                31,
                16,
                17,
                4,
                3,
                2,
                1,
                11,
                19,
                1,
                20,
                13,
                8,
                22,
                5,
                6,
                9,
                10,
                14,
                12,
                7,
                1,
                21,
                1
            ],
            "tempo_execucao": 29.19520902633667,
            "carga_por_rota": [
                1344,
                4220,
                4125,
                500
            ]
        },
        {
            "execucao": 2,
            "distancia": 590.1032740598653,
            "rota": [
                1,
                14,
                11,
                1,
                6,
                13,
                7,
                2,
                3,
                4,
                17,
                16,
                18,
                23,
                15,
                21,
                20,
                19,
                22,
                5,
                9,
                1,
                8,
                12,
                10,
                1
            ],
            "tempo_execucao": 27.383694410324097,
            "carga_por_rota": [
                4350,
                4164,
                1675
            ]
        },
        {
            "execucao": 3,
            "distancia": 593.5015833392804,
            "rota": [
                1,
                11,
                14,
                1,
                18,
                13,
                28,
                20,
                21,
                23,
                30,
                15,
                16,
                17,
                4,
                3,
                2,
                7,
                12,
                10,
                1,
                8,
                19,
                22,
                25,
                6,
                5,
                9,
                1
            ],
            "tempo_execucao": 24.43021059036255,
            "carga_por_rota": [
                4350,
                4244,
                1595
            ]
        },
        {
            "execucao": 4,
            "distancia": 640.215189008069,
            "rota": [
                1,
                13,
                12,
                14,
                10,
                8,
                9,
                6,
                5,
                26,
                22,
                27,
                23,
                30,
                18,
                15,
                2,
                7,
                1,
                16,
                19,
                20,
                27,
                21,
                17,
                4,
                3,
                1,
                11,
                1
            ],
            "tempo_execucao": 27.05443525314331,
            "carga_por_rota": [
                4475,
                1614,
                4100
            ]
        },
        {
            "execucao": 5,
            "distancia": 629.258434925491,
            "rota": [
                1,
                7,
                11,
                1,
                10,
                12,
                8,
                9,
                6,
                14,
                29,
                2,
                3,
                4,
                16,
                17,
                15,
                18,
                31,
                23,
                21,
                1,
                20,
                19,
                22,
                25,
                13,
                5,
                1
            ],
            "tempo_execucao": 26.860281705856323,
            "carga_por_rota": [
                4275,
                4219,
                1695
            ]
        },
        {
            "execucao": 6,
            "distancia": 652.4393094723932,
            "rota": [
                1,
                18,
                15,
                1,
                11,
                12,
                7,
                1,
                14,
                10,
                6,
                5,
                2,
                3,
                4,
                17,
                16,
                23,
                21,
                20,
                19,
                22,
                8,
                1,
                9,
                13,
                1
            ],
            "tempo_execucao": 23.331305503845215,
            "carga_por_rota": [
                750,
                4500,
                4489,
                450
            ]
        },
        {
            "execucao": 7,
            "distancia": 617.3084990960776,
            "rota": [
                1,
                11,
                14,
                1,
                6,
                28,
                23,
                21,
                20,
                19,
                22,
                5,
                9,
                8,
                12,
                7,
                2,
                3,
                4,
                16,
                17,
                18,
                15,
                1,
                13,
                10,
                1
            ],
            "tempo_execucao": 26.605480670928955,
            "carga_por_rota": [
                4350,
                4439,
                1400
            ]
        },
        {
            "execucao": 8,
            "distancia": 609.8431281641848,
            "rota": [
                1,
                13,
                3,
                4,
                17,
                16,
                21,
                30,
                23,
                18,
                15,
                2,
                7,
                12,
                14,
                10,
                8,
                1,
                6,
                9,
                5,
                22,
                25,
                20,
                19,
                1,
                11,
                1
            ],
            "tempo_execucao": 26.259137868881226,
            "carga_por_rota": [
                4244,
                1845,
                4100
            ]
        },
        {
            "execucao": 9,
            "distancia": 624.4466627502618,
            "rota": [
                1,
                19,
                21,
                18,
                16,
                15,
                31,
                17,
                4,
                12,
                10,
                6,
                5,
                9,
                26,
                22,
                8,
                1,
                23,
                30,
                11,
                1,
                20,
                3,
                32,
                2,
                7,
                14,
                13,
                1
            ],
            "tempo_execucao": 22.952230215072632,