{
    "Est_name": "XGB",
    "Run": 24,
    "Seed": 3611,
    "Est_params": {
        "learning_rate": 0.658,
        "n_estimators": 83,
        "max_depth": 4,
        "reg_lambda": 5.0
    },
    "R2": 0.8786113038415434,
    "R": 0.9409142003463442,
    "MAPE": 0.06739695215099799,
    "RMSE": 3.440055507294029,
    "y_test": [
        26.5,
        41.0,
        44.5,
        42.0,
        39.5,
        33.5,
        35.0,
        48.0,
        37.5,
        57.27,
        41.5,
        57.0,
        37.6,
        32.91,
        45.5,
        21.75,
        30.5,
        26.5,
        29.6,
        48.0,
        53.9,
        29.5,
        26.75,
        44.6,
        39.3,
        13.33,
        40.0,
        35.0,
        22.13,
        35.0,
        46.8,
        35.0,
        47.0,
        48.0,
        33.04,
        49.9,
        53.25,
        26.5,
        41.16,
        38.0,
        56.25,
        33.4,
        40.75,
        16.58,
        53.5,
        38.61,
        27.49,
        45.23,
        56.0,
        39.73,
        43.64,
        31.25,
        22.04,
        28.5,
        41.78,
        33.76,
        49.5,
        29.5,
        31.75,
        32.57,
        31.7,
        47.3,
        40.12,
        45.0,
        33.5,
        46.7,
        52.07,
        35.5,
        34.5
    ],
    "y_pred": [
        27.975906372070312,
        40.38815689086914,
        49.27507019042969,
        40.88994598388672,
        34.82635498046875,
        34.397945404052734,
        33.09024429321289,
        48.118099212646484,
        35.73955154418945,
        55.370086669921875,
        48.35891342163086,
        57.38070297241211,
        37.88419723510742,
        34.490020751953125,
        48.47188949584961,
        21.602441787719727,
        31.00807762145996,
        28.624643325805664,
        30.65098762512207,
        48.201053619384766,
        53.20726776123047,
        29.253433227539062,
        31.850217819213867,
        45.22550964355469,
        39.67904281616211,
        17.313203811645508,
        43.06403350830078,
        38.77137756347656,
        19.95475196838379,
        34.84858703613281,
        48.799442291259766,
        35.16603088378906,
        43.36174774169922,
        43.285587310791016,
        31.513471603393555,
        49.06612014770508,
        53.55725860595703,
        30.2310791015625,
        42.02638244628906,
        39.70201110839844,
        60.96449661254883,
        32.01042556762695,
        36.874698638916016,
        37.53824996948242,
        51.74763107299805,
        39.824485778808594,
        30.82792091369629,
        43.330013275146484,
        57.47202682495117,
        40.58559036254883,
        43.62784957885742,
        32.37991714477539,
        21.337974548339844,
        29.642223358154297,
        42.52849197387695,
        32.57674789428711,
        50.69545364379883,
        29.546918869018555,
        31.38299560546875,
        32.042911529541016,
        36.926666259765625,
        46.947608947753906,
        39.084938049316406,
        45.81401824951172,
        33.256072998046875,
        43.52230453491211,
        55.20437240600586,
        37.226478576660156,
        35.626094818115234
    ]
}