{
    "Est_name": "XGB",
    "Run": 21,
    "Seed": 3257,
    "Est_params": {
        "learning_rate": 0.512,
        "n_estimators": 99,
        "max_depth": 3,
        "reg_lambda": 3.253
    },
    "R2": 0.8198370754100767,
    "R": 0.921188559059615,
    "MAPE": 0.06604338377284522,
    "RMSE": 3.7580305802170573,
    "y_test": [
        40.87,
        57.8,
        35.5,
        43.5,
        40.0,
        35.0,
        44.5,
        49.0,
        43.29,
        46.0,
        57.0,
        23.9,
        42.66,
        44.75,
        42.3,
        52.0,
        21.75,
        41.5,
        42.29,
        42.2,
        46.7,
        42.0,
        49.0,
        35.25,
        33.04,
        38.61,
        28.0,
        45.0,
        33.0,
        40.52,
        39.45,
        36.0,
        39.5,
        31.67,
        33.0,
        45.23,
        41.4,
        39.5,
        32.26,
        45.5,
        29.6,
        35.75,
        48.0,
        39.5,
        34.0,
        20.5,
        31.8,
        43.0,
        31.47,
        50.2,
        28.0,
        45.8,
        36.0,
        40.0,
        26.5,
        55.84,
        40.5,
        43.0,
        22.04,
        33.46,
        34.5,
        60.25,
        24.5,
        34.8,
        23.33,
        47.3,
        43.76,
        42.56,
        23.0
    ],
    "y_pred": [
        27.895837783813477,
        46.60857009887695,
        33.83771896362305,
        30.090621948242188,
        39.511817932128906,
        35.64051818847656,
        41.8434944152832,
        50.87471008300781,
        43.65693664550781,
        49.37759780883789,
        59.3262939453125,
        23.616443634033203,
        42.21054458618164,
        45.70734786987305,
        42.61281204223633,
        50.375518798828125,
        20.32398223876953,
        47.228580474853516,
        39.99142074584961,
        49.76918411254883,
        45.59261703491211,
        40.085655212402344,
        42.30670166015625,
        34.58305358886719,
        31.548017501831055,
        38.847286224365234,
        30.202035903930664,
        49.98350524902344,
        30.911001205444336,
        40.68162536621094,
        38.29212951660156,
        33.70508575439453,
        39.677711486816406,
        31.312219619750977,
        34.248897552490234,
        42.664085388183594,
        42.80327606201172,
        37.40420150756836,
        31.07893943786621,
        46.62882614135742,
        28.122325897216797,
        35.595088958740234,
        49.61598587036133,
        39.88985824584961,
        33.33061218261719,
        19.880178451538086,
        29.20969009399414,
        40.99345016479492,
        27.93269157409668,
        47.18086624145508,
        25.618074417114258,
        45.61819839477539,
        38.76872634887695,
        42.593624114990234,
        29.252315521240234,
        57.00727081298828,
        38.528480529785156,
        49.19261932373047,
        19.60184669494629,
        32.590938568115234,
        35.440250396728516,
        59.627723693847656,
        27.90209197998047,
        33.396183013916016,
        13.16763973236084,
        46.93198776245117,
        40.211463928222656,
        41.80337905883789,
        26.289630889892578
    ]
}