{
    "Est_name": "XGB",
    "Run": 23,
    "Seed": 6873,
    "Est_params": {
        "learning_rate": 0.371,
        "n_estimators": 51,
        "max_depth": 6,
        "reg_lambda": 3.711
    },
    "R2": 0.8203306226062287,
    "R": 0.9107839158096421,
    "MAPE": 0.07319988188609788,
    "RMSE": 3.8296374410816183,
    "y_test": [
        22.5,
        44.5,
        35.5,
        29.5,
        41.5,
        60.25,
        37.25,
        39.45,
        43.07,
        28.0,
        51.0,
        39.12,
        44.75,
        26.75,
        42.0,
        23.0,
        41.23,
        24.67,
        20.22,
        32.9,
        35.5,
        32.91,
        40.75,
        49.0,
        56.5,
        42.0,
        40.39,
        44.0,
        40.5,
        32.5,
        56.0,
        48.0,
        43.47,
        40.0,
        49.5,
        43.55,
        39.78,
        33.0,
        35.5,
        46.7,
        46.0,
        27.7,
        51.0,
        27.5,
        32.26,
        39.5,
        43.29,
        26.5,
        46.0,
        30.0,
        29.0,
        40.75,
        37.6,
        30.0,
        35.0,
        57.0,
        33.95,
        34.5,
        29.02,
        49.9,
        41.5,
        31.75,
        41.0,
        28.0,
        53.5,
        46.5,
        42.56,
        53.5,
        40.5
    ],
    "y_pred": [
        24.737327575683594,
        41.82731246948242,
        34.64546203613281,
        33.365882873535156,
        47.55281066894531,
        59.8275032043457,
        42.75767135620117,
        41.19145584106445,
        42.66590881347656,
        33.39945983886719,
        46.45066452026367,
        44.39854049682617,
        46.03837966918945,
        31.817907333374023,
        41.19850158691406,
        24.737327575683594,
        46.03335952758789,
        24.49231719970703,
        32.54545974731445,
        33.25004196166992,
        36.420780181884766,
        34.090003967285156,
        47.34328842163086,
        42.695823669433594,
        57.87266540527344,
        39.71521759033203,
        42.32344055175781,
        43.18248748779297,
        39.735836029052734,
        30.363771438598633,
        56.90652084350586,
        46.43872833251953,
        42.13235855102539,
        39.54008102416992,
        50.5910758972168,
        43.038185119628906,
        38.19517517089844,
        32.26667404174805,
        37.23726272583008,
        45.6951789855957,
        47.01887130737305,
        32.887577056884766,
        48.508792877197266,
        30.50118064880371,
        31.56982421875,
        37.602352142333984,
        44.049285888671875,
        26.142236709594727,
        50.57099533081055,
        29.598546981811523,
        33.24006271362305,
        38.06620788574219,
        37.85197830200195,
        31.62801170349121,
        34.88001251220703,
        54.29899215698242,
        33.01368713378906,
        33.05094528198242,
        47.62574768066406,
        50.127010345458984,
        41.022789001464844,
        33.87556076049805,
        39.14717102050781,
        30.40183448791504,
        53.55162811279297,
        40.87022399902344,
        42.23478317260742,
        52.549442291259766,
        36.762420654296875
    ]
}