{
    "Est_name": "XGB",
    "Run": 14,
    "Seed": 1535,
    "Est_params": {
        "learning_rate": 0.667,
        "n_estimators": 100,
        "max_depth": 3,
        "reg_lambda": 4.533
    },
    "R2": 0.8896567069775676,
    "R": 0.945711544726507,
    "MAPE": 0.06257756389750563,
    "RMSE": 3.4705643294475346,
    "y_test": [
        32.25,
        58.59,
        52.5,
        47.0,
        54.0,
        28.0,
        21.75,
        40.12,
        42.0,
        40.0,
        47.3,
        42.29,
        44.0,
        40.0,
        42.0,
        56.0,
        25.81,
        16.58,
        30.5,
        43.64,
        33.4,
        23.33,
        32.5,
        44.05,
        55.84,
        37.6,
        41.0,
        33.04,
        42.56,
        41.0,
        33.76,
        39.17,
        24.67,
        46.0,
        49.0,
        58.5,
        39.12,
        54.2,
        31.59,
        42.37,
        58.25,
        32.0,
        33.0,
        35.5,
        56.5,
        50.2,
        40.5,
        41.16,
        48.0,
        20.8,
        59.0,
        37.75,
        30.0,
        34.75,
        41.8,
        42.35,
        29.41,
        49.5,
        46.0,
        39.42,
        34.62,
        45.5,
        23.0,
        53.5,
        26.5,
        41.89,
        31.7,
        59.5,
        27.5
    ],
    "y_pred": [
        32.37529754638672,
        57.162715911865234,
        54.82487487792969,
        48.863094329833984,
        51.78640365600586,
        29.548484802246094,
        21.73195457458496,
        39.456886291503906,
        43.6329231262207,
        39.66244125366211,
        45.3933219909668,
        39.5930061340332,
        50.29265594482422,
        40.85433578491211,
        40.40935516357422,
        57.29929733276367,
        28.46623992919922,
        38.70021438598633,
        30.924795150756836,
        44.352088928222656,
        33.871124267578125,
        15.498368263244629,
        33.93743896484375,
        43.744503021240234,
        57.276493072509766,
        37.087039947509766,
        41.63642501831055,
        31.2130184173584,
        43.388816833496094,
        39.264408111572266,
        34.18728256225586,
        39.45612716674805,
        23.959447860717773,
        45.75320816040039,
        47.369140625,
        55.66737747192383,
        44.13250732421875,
        53.31587600708008,
        32.79084396362305,
        43.07883071899414,
        58.14878845214844,
        34.81739807128906,
        33.637855529785156,
        38.78513717651367,
        57.877803802490234,
        47.73004150390625,
        41.44068145751953,
        41.58243179321289,
        49.38731002807617,
        21.11731719970703,
        58.14878845214844,
        39.98488998413086,
        31.370107650756836,
        33.08205795288086,
        39.83778762817383,
        39.67808151245117,
        29.123783111572266,
        48.09164810180664,
        51.66261672973633,
        39.696929931640625,
        34.91877365112305,
        47.48860549926758,
        25.290782928466797,
        54.69742965698242,
        25.847702026367188,
        41.86622619628906,
        36.48664474487305,
        58.6905517578125,
        32.37492752075195
    ]
}