{
    "Est_name": "XGB",
    "Run": 42,
    "Seed": 9891,
    "Est_params": {
        "learning_rate": 0.983,
        "n_estimators": 51,
        "max_depth": 10,
        "reg_lambda": 3.441
    },
    "R2": 0.9114610880548194,
    "R": 0.9606716660453543,
    "MAPE": 0.054926505738787,
    "RMSE": 2.765218451621279,
    "y_test": [
        45.5,
        48.7,
        38.61,
        38.0,
        42.0,
        39.5,
        54.04,
        46.7,
        32.5,
        56.25,
        23.0,
        47.0,
        30.0,
        58.5,
        39.0,
        33.0,
        25.81,
        40.75,
        39.78,
        42.03,
        23.33,
        43.47,
        41.23,
        51.5,
        37.5,
        40.1,
        22.67,
        50.0,
        33.04,
        41.89,
        35.0,
        53.5,
        44.6,
        32.25,
        20.8,
        40.75,
        30.0,
        46.8,
        41.16,
        42.3,
        57.5,
        32.25,
        59.0,
        37.25,
        30.0,
        45.22,
        42.0,
        35.0,
        56.0,
        45.02,
        54.25,
        57.5,
        23.9,
        32.43,
        33.6,
        39.17,
        33.95,
        37.5,
        41.5,
        32.83,
        50.8,
        50.86,
        43.4,
        42.75,
        49.9,
        42.0,
        35.3,
        48.0,
        35.5
    ],
    "y_pred": [
        48.34404373168945,
        41.50520706176758,
        39.859493255615234,
        38.28181838989258,
        40.984947204589844,
        36.446109771728516,
        52.02580642700195,
        45.02880096435547,
        33.595149993896484,
        59.171714782714844,
        26.818998336791992,
        47.195438385009766,
        28.343202590942383,
        56.66667556762695,
        47.369686126708984,
        30.23954200744629,
        27.988096237182617,
        43.05025100708008,
        37.80784606933594,
        40.184661865234375,
        16.36895179748535,
        42.838802337646484,
        43.90861511230469,
        49.16118240356445,
        31.845882415771484,
        37.62248229980469,
        20.562137603759766,
        52.234127044677734,
        30.184118270874023,
        42.610008239746094,
        36.13233184814453,
        54.22928237915039,
        41.41904830932617,
        31.757997512817383,
        19.467477798461914,
        37.69445037841797,
        31.2124080657959,
        44.08987808227539,
        40.96407699584961,
        42.22056579589844,
        56.62126541137695,
        34.264892578125,
        57.00086975097656,
        42.50361251831055,
        29.56117820739746,
        41.671295166015625,
        45.52045440673828,
        27.9790096282959,
        56.916465759277344,
        44.33512496948242,
        58.188419342041016,
        60.97185516357422,
        24.523662567138672,
        32.316650390625,
        34.14259719848633,
        42.21472930908203,
        32.90122985839844,
        35.015106201171875,
        41.55921936035156,
        33.490360260009766,
        50.53274917602539,
        50.60543441772461,
        44.50210189819336,
        42.049217224121094,
        50.279998779296875,
        40.422264099121094,
        31.894750595092773,
        47.99980545043945,
        35.71529769897461
    ]
}