{
    "Est_name": "XGB",
    "Run": 6,
    "Seed": 2286,
    "Est_params": {
        "learning_rate": 0.37,
        "n_estimators": 44,
        "max_depth": 6,
        "reg_lambda": 0.001
    },
    "R2": 0.9237917536962669,
    "R": 0.9636092909335676,
    "MAPE": 0.053661107278198686,
    "RMSE": 2.6372642643065722,
    "y_test": [
        51.0,
        39.12,
        31.8,
        45.5,
        40.5,
        44.5,
        35.0,
        33.25,
        30.0,
        57.5,
        39.45,
        34.5,
        59.0,
        57.0,
        33.4,
        23.33,
        22.73,
        22.67,
        41.52,
        51.0,
        40.75,
        56.0,
        45.22,
        34.0,
        42.3,
        32.5,
        42.75,
        26.25,
        43.0,
        43.29,
        34.5,
        57.27,
        36.5,
        33.5,
        34.75,
        46.5,
        42.56,
        39.5,
        26.75,
        37.0,
        28.0,
        37.5,
        49.9,
        54.0,
        45.0,
        56.5,
        42.2,
        42.0,
        39.0,
        52.0,
        41.78,
        43.4,
        41.0,
        55.52,
        52.07,
        29.5,
        31.97,
        26.5,
        24.67,
        29.0,
        45.5,
        45.0,
        42.5,
        54.2,
        40.0,
        39.8,
        43.47,
        22.04,
        44.0
    ],
    "y_pred": [
        49.160831451416016,
        43.65823745727539,
        29.03314971923828,
        46.873844146728516,
        38.030433654785156,
        40.73939895629883,
        34.43821716308594,
        34.06857681274414,
        29.992990493774414,
        58.818885803222656,
        42.01993179321289,
        35.12518310546875,
        59.79602813720703,
        60.248661041259766,
        34.00981521606445,
        15.330399513244629,
        25.627355575561523,
        24.039525985717773,
        39.38457489013672,
        49.50738525390625,
        39.90700149536133,
        56.062156677246094,
        40.982452392578125,
        35.080814361572266,
        42.328365325927734,
        30.52100944519043,
        41.24436569213867,
        28.613231658935547,
        47.29944610595703,
        44.03226089477539,
        32.383792877197266,
        55.777557373046875,
        41.649715423583984,
        32.84514236450195,
        31.75641441345215,
        43.49202346801758,
        42.98604202270508,
        39.71652603149414,
        30.5325984954834,
        41.99479293823242,
        29.93899154663086,
        39.752052307128906,
        48.92747497558594,
        53.84139633178711,
        44.77861404418945,
        57.088462829589844,
        49.1370735168457,
        43.98726272583008,
        44.87419509887695,
        50.23161315917969,
        41.273197174072266,
        40.73939895629883,
        35.42287063598633,
        55.939212799072266,
        52.885414123535156,
        30.345970153808594,
        32.10755920410156,
        28.455873489379883,
        25.186513900756836,
        31.118183135986328,
        45.82023239135742,
        49.13399124145508,
        43.2393913269043,
        54.222904205322266,
        43.43590545654297,
        41.449974060058594,
        42.81990432739258,
        21.129684448242188,
        43.93954849243164
    ]
}