{
    "Est_name": "XGB",
    "Run": 50,
    "Seed": 9044,
    "Est_params": {
        "learning_rate": 0.348,
        "n_estimators": 79,
        "max_depth": 6,
        "reg_lambda": 0.158
    },
    "R2": 0.851462087697008,
    "R": 0.9239370701030545,
    "MAPE": 0.059166565400412714,
    "RMSE": 3.574167895583464,
    "y_test": [
        24.5,
        40.0,
        59.0,
        33.0,
        54.04,
        41.16,
        42.3,
        34.5,
        43.29,
        42.2,
        62.5,
        44.5,
        27.5,
        33.04,
        40.03,
        40.0,
        40.1,
        48.0,
        33.85,
        49.5,
        45.22,
        33.41,
        34.0,
        46.25,
        39.17,
        48.7,
        41.5,
        31.47,
        41.0,
        45.8,
        30.5,
        50.5,
        35.0,
        36.0,
        58.0,
        32.0,
        42.75,
        31.8,
        34.75,
        57.0,
        35.25,
        44.75,
        47.0,
        22.9,
        31.75,
        41.89,
        30.0,
        49.7,
        46.0,
        45.02,
        39.73,
        38.0,
        22.67,
        39.12,
        27.4,
        42.0,
        20.8,
        43.5,
        51.0,
        47.3,
        53.5,
        38.0,
        41.25,
        51.0,
        45.5,
        18.52,
        33.25,
        39.53,
        26.75
    ],
    "y_pred": [
        26.51820945739746,
        43.67923355102539,
        57.78300094604492,
        32.05512237548828,
        52.91122055053711,
        40.31027603149414,
        41.32929229736328,
        39.3627815246582,
        45.04079818725586,
        49.183231353759766,
        60.17210388183594,
        43.16239929199219,
        49.59764099121094,
        31.247570037841797,
        43.05247116088867,
        40.42274856567383,
        35.785343170166016,
        51.30422592163086,
        32.96223449707031,
        50.73076248168945,
        41.147220611572266,
        32.439884185791016,
        34.39745330810547,
        46.65972900390625,
        39.91728591918945,
        41.60771179199219,
        41.27576446533203,
        28.600261688232422,
        42.54789352416992,
        42.67865753173828,
        31.65353775024414,
        49.93006134033203,
        34.319576263427734,
        33.230003356933594,
        57.84832000732422,
        32.179542541503906,
        41.1761360168457,
        28.815757751464844,
        31.547985076904297,
        55.894744873046875,
        34.62128829956055,
        47.21364974975586,
        47.22628402709961,
        23.744539260864258,
        31.947471618652344,
        45.307132720947266,
        28.733680725097656,
        50.32339859008789,
        46.547847747802734,
        45.18351745605469,
        40.44087600708008,
        37.79302215576172,
        23.338289260864258,
        39.541744232177734,
        30.973493576049805,
        40.17438507080078,
        21.817338943481445,
        43.41941833496094,
        48.74127960205078,
        42.10176086425781,
        52.07933807373047,
        36.149452209472656,
        43.12813949584961,
        51.29491424560547,
        46.001644134521484,
        22.39927864074707,
        34.13044738769531,
        41.28547668457031,
        31.377548217773438
    ]
}