{
    "Est_name": "XGB",
    "Run": 48,
    "Seed": 6201,
    "Est_params": {
        "learning_rate": 0.424,
        "n_estimators": 36,
        "max_depth": 6,
        "reg_lambda": 0.023
    },
    "R2": 0.8245644044076215,
    "R": 0.9128235809710904,
    "MAPE": 0.055485653017601735,
    "RMSE": 3.6976515101747705,
    "y_test": [
        49.7,
        42.0,
        30.0,
        37.0,
        49.5,
        39.5,
        33.0,
        39.0,
        48.0,
        34.5,
        55.5,
        32.57,
        39.5,
        54.25,
        48.0,
        34.8,
        32.5,
        55.84,
        30.5,
        40.75,
        57.27,
        46.8,
        52.5,
        34.5,
        49.0,
        21.75,
        39.8,
        31.7,
        33.95,
        60.25,
        35.0,
        54.0,
        39.3,
        44.95,
        45.0,
        44.6,
        43.5,
        40.39,
        57.96,
        46.7,
        39.5,
        45.23,
        37.6,
        42.56,
        41.0,
        45.25,
        57.1,
        33.5,
        43.29,
        56.5,
        33.5,
        33.0,
        26.5,
        36.5,
        40.12,
        31.5,
        45.0,
        29.0,
        43.5,
        29.02,
        58.5,
        41.75,
        44.75,
        44.5,
        42.2,
        45.22,
        40.75,
        57.5,
        52.0
    ],
    "y_pred": [
        51.319942474365234,
        41.202842712402344,
        28.277019500732422,
        41.68788528442383,
        49.85477828979492,
        37.70749282836914,
        33.65577697753906,
        42.39558410644531,
        48.30788040161133,
        38.580810546875,
        52.44758605957031,
        32.30073547363281,
        39.5599365234375,
        54.885128021240234,
        48.30788040161133,
        39.6817741394043,
        36.04792785644531,
        55.5345458984375,
        30.608537673950195,
        43.35902786254883,
        54.990440368652344,
        42.189762115478516,
        55.62514877319336,
        41.832088470458984,
        57.10710144042969,
        21.12298011779785,
        41.375003814697266,
        39.6817741394043,
        33.16151428222656,
        59.21189880371094,
        34.54262161254883,
        55.72600173950195,
        39.078819274902344,
        41.93422317504883,
        48.83552932739258,
        42.78581237792969,
        43.09391784667969,
        41.683143615722656,
        57.676578521728516,
        47.27054214477539,
        39.82548141479492,
        41.93422317504883,
        39.853179931640625,
        40.65531539916992,
        40.5162467956543,
        42.79557418823242,
        53.39149475097656,
        35.112361907958984,
        43.273006439208984,
        56.85459518432617,
        32.80972671508789,
        31.453519821166992,
        26.968868255615234,
        41.41708755493164,
        42.68129348754883,
        31.485292434692383,
        42.35597229003906,
        32.6992301940918,
        22.56069564819336,
        27.39910125732422,
        56.88522720336914,
        44.499324798583984,
        44.5662956237793,
        43.182857513427734,
        41.727378845214844,
        40.595367431640625,
        41.509761810302734,
        57.19575119018555,
        53.080413818359375
    ]
}