{
    "Est_name": "XGB",
    "Run": 35,
    "Seed": 5514,
    "Est_params": {
        "learning_rate": 0.658,
        "n_estimators": 81,
        "max_depth": 9,
        "reg_lambda": 0.943
    },
    "R2": 0.8514831711746566,
    "R": 0.931659455523465,
    "MAPE": 0.0720642170748288,
    "RMSE": 3.4706760336793963,
    "y_test": [
        46.0,
        42.2,
        53.9,
        40.5,
        32.43,
        43.29,
        20.8,
        48.7,
        51.0,
        48.0,
        54.2,
        32.5,
        30.0,
        32.25,
        37.0,
        38.0,
        43.0,
        29.0,
        31.8,
        32.5,
        57.0,
        31.25,
        36.0,
        22.9,
        34.62,
        35.0,
        49.5,
        27.4,
        62.5,
        37.5,
        48.0,
        44.75,
        57.0,
        36.5,
        42.29,
        32.33,
        33.0,
        32.9,
        47.0,
        36.5,
        45.25,
        25.81,
        43.0,
        37.6,
        33.85,
        56.5,
        41.0,
        29.5,
        42.0,
        34.8,
        37.25,
        31.7,
        47.0,
        39.0,
        35.25,
        39.73,
        43.0,
        57.27,
        30.5,
        28.5,
        44.0,
        42.25,
        55.5,
        40.39,
        39.5,
        43.65,
        35.5,
        26.5,
        45.5
    ],
    "y_pred": [
        46.52853775024414,
        53.79982376098633,
        58.01095962524414,
        38.622459411621094,
        35.58774185180664,
        42.3821907043457,
        20.781049728393555,
        41.5020637512207,
        49.3101692199707,
        50.43928527832031,
        53.184818267822266,
        35.39158630371094,
        30.891752243041992,
        33.30717468261719,
        40.7668342590332,
        42.47344970703125,
        48.35853576660156,
        33.08517837524414,
        29.006418228149414,
        32.194793701171875,
        54.88748550415039,
        25.140993118286133,
        37.04598617553711,
        28.54203987121582,
        34.072940826416016,
        33.584075927734375,
        48.185855865478516,
        30.647871017456055,
        60.26266098022461,
        39.58244705200195,
        52.51689910888672,
        44.11019515991211,
        59.00175857543945,
        39.89610290527344,
        40.81112289428711,
        32.00635528564453,
        31.768016815185547,
        34.7338981628418,
        50.76657485961914,
        33.17852783203125,
        43.675479888916016,
        29.34518051147461,
        45.77249526977539,
        40.09979248046875,
        31.50684928894043,
        57.16188049316406,
        39.331668853759766,
        32.27984619140625,
        40.40926742553711,
        38.75975799560547,
        44.20774841308594,
        38.75975799560547,
        50.06293869018555,
        36.90517807006836,
        33.312652587890625,
        39.36813735961914,
        46.42879104614258,
        53.72880172729492,
        26.283048629760742,
        27.019380569458008,
        52.82796859741211,
        42.51285934448242,
        54.43625259399414,
        39.56733703613281,
        40.07270812988281,
        39.20543670654297,
        39.00054931640625,
        27.23466682434082,
        46.866943359375
    ]
}