{
    "Est_name": "XGB",
    "Run": 19,
    "Seed": 434,
    "Est_params": {
        "learning_rate": 0.253,
        "n_estimators": 89,
        "max_depth": 6,
        "reg_lambda": 2.494
    },
    "R2": 0.9225631623242233,
    "R": 0.9607478390102188,
    "MAPE": 0.05966880458594006,
    "RMSE": 2.737073412908803,
    "y_test": [
        13.33,
        47.3,
        31.7,
        39.21,
        22.73,
        60.25,
        33.0,
        33.5,
        41.5,
        32.57,
        56.0,
        42.29,
        27.4,
        37.5,
        22.9,
        39.3,
        54.25,
        36.0,
        34.5,
        32.9,
        41.0,
        29.5,
        57.0,
        50.5,
        41.5,
        40.1,
        31.47,
        42.0,
        45.5,
        22.5,
        35.0,
        44.5,
        33.04,
        35.25,
        52.5,
        40.0,
        42.2,
        27.12,
        59.0,
        36.5,
        57.27,
        24.67,
        48.0,
        18.52,
        50.0,
        32.33,
        40.03,
        30.0,
        31.25,
        34.75,
        32.43,
        26.5,
        39.45,
        42.37,
        43.5,
        30.5,
        39.73,
        50.86,
        38.0,
        33.0,
        26.5,
        40.0,
        54.0,
        42.25,
        35.75,
        38.78,
        42.56,
        32.5,
        43.66
    ],
    "y_pred": [
        14.961650848388672,
        47.98747253417969,
        35.0377311706543,
        42.562721252441406,
        31.491098403930664,
        59.99280548095703,
        33.145076751708984,
        31.525123596191406,
        48.285335540771484,
        33.12588119506836,
        57.242897033691406,
        40.40788650512695,
        29.143253326416016,
        37.019378662109375,
        24.524463653564453,
        39.37910079956055,
        49.93495178222656,
        32.93113327026367,
        32.215267181396484,
        33.439002990722656,
        35.3941764831543,
        27.41690444946289,
        54.92131042480469,
        49.973854064941406,
        41.040645599365234,
        36.97393798828125,
        29.822891235351562,
        42.5184326171875,
        45.694976806640625,
        23.64291763305664,
        33.526527404785156,
        42.64059066772461,
        30.357580184936523,
        34.42283248901367,
        52.021244049072266,
        41.406768798828125,
        48.713958740234375,
        27.17620086669922,
        58.3392448425293,
        41.982872009277344,
        56.04596710205078,
        29.647531509399414,
        44.780521392822266,
        21.56600570678711,
        49.271976470947266,
        29.390960693359375,
        44.089439392089844,
        31.367664337158203,
        28.850797653198242,
        32.49642562866211,
        36.06640625,
        27.46467399597168,
        37.423439025878906,
        43.18455505371094,
        42.95664978027344,
        30.945045471191406,
        40.781410217285156,
        52.62826156616211,
        38.500038146972656,
        32.80778884887695,
        28.938589096069336,
        40.596134185791016,
        54.560020446777344,
        45.055233001708984,
        35.16264724731445,
        36.707801818847656,
        41.87629318237305,
        35.365047454833984,
        37.30152130126953
    ]
}