{
    "Est_name": "XGB",
    "Run": 36,
    "Seed": 1674,
    "Est_params": {
        "learning_rate": 0.789,
        "n_estimators": 91,
        "max_depth": 10,
        "reg_lambda": 0.789
    },
    "R2": 0.731671335652514,
    "R": 0.8647439143102013,
    "MAPE": 0.08474808828933589,
    "RMSE": 4.766388638798506,
    "y_test": [
        48.0,
        58.5,
        51.5,
        50.2,
        26.75,
        31.75,
        50.75,
        40.12,
        33.41,
        42.25,
        26.5,
        42.0,
        48.0,
        29.02,
        41.89,
        48.0,
        43.29,
        39.45,
        42.56,
        32.33,
        48.7,
        37.6,
        41.25,
        45.0,
        33.0,
        39.12,
        22.13,
        31.67,
        36.0,
        57.5,
        59.0,
        35.75,
        46.5,
        49.0,
        40.5,
        45.5,
        44.0,
        43.4,
        43.55,
        37.75,
        43.5,
        42.5,
        22.9,
        30.25,
        30.0,
        52.5,
        53.25,
        47.0,
        47.0,
        39.5,
        15.11,
        39.21,
        32.0,
        43.29,
        33.25,
        44.75,
        43.64,
        41.0,
        44.95,
        41.75,
        56.38,
        41.5,
        49.9,
        39.53,
        20.8,
        55.84,
        27.5,
        40.0,
        41.95
    ],
    "y_pred": [
        47.072261810302734,
        55.96480178833008,
        50.603271484375,
        47.108421325683594,
        35.603965759277344,
        36.22903060913086,
        54.245906829833984,
        44.73869323730469,
        33.23283004760742,
        40.33491516113281,
        32.52665710449219,
        41.04298400878906,
        47.701576232910156,
        31.156675338745117,
        41.049800872802734,
        48.835262298583984,
        41.987361907958984,
        33.62184524536133,
        43.72855758666992,
        31.385211944580078,
        46.50719451904297,
        34.751121520996094,
        30.061756134033203,
        42.52827835083008,
        33.46649932861328,
        43.6502571105957,
        28.528579711914062,
        32.213043212890625,
        40.030277252197266,
        57.10615921020508,
        59.011409759521484,
        34.972747802734375,
        43.8189811706543,
        57.20879364013672,
        41.430606842041016,
        51.119346618652344,
        56.886539459228516,
        44.50045394897461,
        44.27014923095703,
        37.84026336669922,
        46.03931427001953,
        39.8973274230957,
        23.6391658782959,
        36.4237060546875,
        28.902851104736328,
        52.280399322509766,
        55.697288513183594,
        46.62157440185547,
        48.74592590332031,
        38.49626159667969,
        23.472721099853516,
        37.7604866027832,
        31.7640323638916,
        40.87038040161133,
        34.77183532714844,
        45.41091537475586,
        43.9185905456543,
        41.77878189086914,
        45.227352142333984,
        46.57062530517578,
        40.220008850097656,
        46.50719451904297,
        50.49024200439453,
        44.484840393066406,
        21.77664566040039,
        55.52055358886719,
        46.3340950012207,
        39.93839645385742,
        42.219093322753906
    ]
}