{
    "Est_name": "XGB",
    "Run": 3,
    "Seed": 4506,
    "Est_params": {
        "learning_rate": 0.383,
        "n_estimators": 100,
        "max_depth": 2,
        "reg_lambda": 0.034
    },
    "R2": 0.755437070966793,
    "R": 0.8722539105431891,
    "MAPE": 0.07772189831917416,
    "RMSE": 4.737706976812354,
    "y_test": [
        25.81,
        33.85,
        35.0,
        42.25,
        56.5,
        41.0,
        34.0,
        46.7,
        34.75,
        33.5,
        57.1,
        57.8,
        31.25,
        22.13,
        42.0,
        40.03,
        39.8,
        52.5,
        57.0,
        45.5,
        39.42,
        48.0,
        49.0,
        34.25,
        41.0,
        33.0,
        32.25,
        22.73,
        21.5,
        33.25,
        37.5,
        41.04,
        32.0,
        46.0,
        52.07,
        41.5,
        49.5,
        40.5,
        59.5,
        27.5,
        56.0,
        43.76,
        43.5,
        35.75,
        35.0,
        37.75,
        41.5,
        26.5,
        26.25,
        32.83,
        45.8,
        44.95,
        31.8,
        38.0,
        42.5,
        40.0,
        53.5,
        22.5,
        47.0,
        48.0,
        48.0,
        28.5,
        32.25,
        29.02,
        33.5,
        44.75,
        46.5,
        24.67,
        29.5
    ],
    "y_pred": [
        28.622047424316406,
        34.87142562866211,
        38.15156936645508,
        41.996395111083984,
        57.42062759399414,
        33.62129211425781,
        32.72981643676758,
        47.29069900512695,
        32.82368087768555,
        35.251766204833984,
        51.219139099121094,
        40.482418060302734,
        32.98953628540039,
        20.78412437438965,
        41.968650817871094,
        42.35551834106445,
        43.56489944458008,
        52.14789581298828,
        59.46369552612305,
        46.5503044128418,
        40.16298294067383,
        40.20077896118164,
        49.162715911865234,
        33.73198699951172,
        41.4442024230957,
        32.72981643676758,
        32.63402557373047,
        33.59193801879883,
        22.359359741210938,
        34.712623596191406,
        37.069366455078125,
        41.14067077636719,
        34.0013427734375,
        46.320613861083984,
        59.854366302490234,
        38.7534294128418,
        48.65544509887695,
        39.23767852783203,
        57.788143157958984,
        31.11894989013672,
        56.386775970458984,
        39.77690124511719,
        37.40223693847656,
        35.57191848754883,
        34.059017181396484,
        48.56388854980469,
        46.52651596069336,
        25.125518798828125,
        31.58896255493164,
        33.798404693603516,
        46.5298957824707,
        42.3136100769043,
        30.4518985748291,
        38.122127532958984,
        41.63462829589844,
        39.0781135559082,
        54.6212043762207,
        25.452911376953125,
        44.24050521850586,
        46.411865234375,
        47.70806121826172,
        31.58896255493164,
        30.895721435546875,
        51.34236526489258,
        30.623281478881836,
        45.89674377441406,
        44.840824127197266,
        31.372465133666992,
        29.89548110961914
    ]
}