{
    "Est_name": "XGB",
    "Run": 31,
    "Seed": 5574,
    "Est_params": {
        "learning_rate": 0.832,
        "n_estimators": 64,
        "max_depth": 4,
        "reg_lambda": 5.0
    },
    "R2": 0.8200784329091173,
    "R": 0.9086898164263495,
    "MAPE": 0.07586544414950216,
    "RMSE": 3.9565334018409826,
    "y_test": [
        48.0,
        39.5,
        26.5,
        41.04,
        38.82,
        36.5,
        37.5,
        30.0,
        18.52,
        50.5,
        34.25,
        42.2,
        16.58,
        49.0,
        42.0,
        13.33,
        39.5,
        42.5,
        41.23,
        39.0,
        22.67,
        44.6,
        52.5,
        32.25,
        27.4,
        48.7,
        42.56,
        50.2,
        41.95,
        47.0,
        45.5,
        40.75,
        33.5,
        45.0,
        42.75,
        56.5,
        43.47,
        42.25,
        55.5,
        43.5,
        44.95,
        39.0,
        42.03,
        35.5,
        32.5,
        33.4,
        45.25,
        43.5,
        40.5,
        49.5,
        48.0,
        53.25,
        41.0,
        53.5,
        39.8,
        32.0,
        43.64,
        33.5,
        30.25,
        53.5,
        30.0,
        58.59,
        40.75,
        33.41,
        49.0,
        32.0,
        51.0,
        48.0,
        26.5
    ],
    "y_pred": [
        49.52351760864258,
        40.00232696533203,
        24.541109085083008,
        42.03144454956055,
        38.440826416015625,
        39.46473693847656,
        38.484867095947266,
        28.370744705200195,
        25.873130798339844,
        52.03971481323242,
        32.37983703613281,
        43.85236358642578,
        37.53841781616211,
        54.13424301147461,
        46.2265625,
        14.533853530883789,
        34.01002502441406,
        41.54629898071289,
        47.910491943359375,
        32.82159423828125,
        21.36606788635254,
        43.32570266723633,
        54.12647247314453,
        33.064308166503906,
        29.91947364807129,
        43.40501022338867,
        40.90516662597656,
        47.91932678222656,
        42.49683380126953,
        47.97147750854492,
        46.97734832763672,
        43.3603630065918,
        34.91098403930664,
        41.872745513916016,
        41.08171081542969,
        56.870323181152344,
        41.584373474121094,
        41.889503479003906,
        52.026222229003906,
        44.57779312133789,
        42.879459381103516,
        50.33143997192383,
        40.73357391357422,
        36.8126335144043,
        33.955726623535156,
        34.02956008911133,
        43.91964340209961,
        48.90708923339844,
        36.687076568603516,
        49.14836120605469,
        48.28822326660156,
        52.73895263671875,
        41.30208206176758,
        52.994998931884766,
        43.259395599365234,
        33.868350982666016,
        43.786930084228516,
        33.13920974731445,
        31.280742645263672,
        53.58576202392578,
        28.8215389251709,
        54.306549072265625,
        38.39020538330078,
        33.45050811767578,
        56.63290786743164,
        34.02798843383789,
        47.85124206542969,
        45.29561996459961,
        27.674989700317383
    ]
}