{
    "Est_name": "XGB",
    "Run": 22,
    "Seed": 8928,
    "Est_params": {
        "learning_rate": 0.483,
        "n_estimators": 63,
        "max_depth": 4,
        "reg_lambda": 3.177
    },
    "R2": 0.9006561413258228,
    "R": 0.9498342261562726,
    "MAPE": 0.0464567624099708,
    "RMSE": 2.367216507246324,
    "y_test": [
        33.4,
        43.64,
        44.6,
        35.75,
        45.5,
        37.0,
        39.5,
        29.02,
        48.0,
        24.5,
        47.0,
        32.91,
        35.25,
        45.8,
        41.0,
        42.25,
        32.25,
        43.07,
        32.0,
        39.0,
        33.76,
        40.0,
        51.0,
        50.8,
        33.5,
        46.0,
        36.0,
        45.25,
        30.25,
        40.1,
        55.52,
        34.5,
        43.0,
        40.03,
        52.5,
        30.5,
        29.41,
        41.95,
        45.5,
        29.6,
        34.8,
        31.25,
        45.0,
        50.2,
        38.82,
        52.5,
        37.5,
        34.5,
        31.75,
        34.75,
        46.0,
        40.5,
        42.86,
        57.27,
        42.29,
        31.67,
        55.5,
        39.8,
        39.5,
        33.04,
        35.5,
        26.5,
        53.5,
        43.5,
        33.5,
        35.0,
        47.0,
        42.03,
        36.0
    ],
    "y_pred": [
        33.76875305175781,
        43.870704650878906,
        43.84395980834961,
        38.53007125854492,
        47.46736145019531,
        42.94062423706055,
        37.47807312011719,
        32.339439392089844,
        46.68324279785156,
        28.0073299407959,
        46.550498962402344,
        34.75333023071289,
        34.83918762207031,
        46.1449089050293,
        40.338584899902344,
        46.460182189941406,
        31.13908576965332,
        41.74736022949219,
        34.279388427734375,
        40.69965744018555,
        33.82115173339844,
        41.03826141357422,
        49.58852767944336,
        50.6931037902832,
        33.84249496459961,
        42.68062210083008,
        37.925331115722656,
        45.05432891845703,
        32.00623321533203,
        37.01254653930664,
        56.507389068603516,
        34.56623077392578,
        44.83299255371094,
        46.55847930908203,
        55.19493103027344,
        29.625703811645508,
        29.585508346557617,
        40.629756927490234,
        46.695011138916016,
        28.016510009765625,
        32.6855354309082,
        31.41219711303711,
        42.55021286010742,
        43.739017486572266,
        36.72473907470703,
        55.11722183227539,
        35.644229888916016,
        40.33894729614258,
        33.891578674316406,
        31.624300003051758,
        43.594730377197266,
        42.02201843261719,
        41.007598876953125,
        54.8847770690918,
        39.89485168457031,
        31.531099319458008,
        54.93452453613281,
        43.16598129272461,
        40.76458740234375,
        31.252588272094727,
        37.1231803894043,
        25.794185638427734,
        54.7905387878418,
        43.621604919433594,
        35.51382064819336,
        34.98203659057617,
        42.35673522949219,
        42.00008773803711,
        35.51382064819336
    ]
}