{
    "Est_name": "XGB",
    "Run": 20,
    "Seed": 9195,
    "Est_params": {
        "learning_rate": 0.535,
        "n_estimators": 34,
        "max_depth": 8,
        "reg_lambda": 4.999
    },
    "R2": 0.8865039480370848,
    "R": 0.9451193256617102,
    "MAPE": 0.06839512118245089,
    "RMSE": 3.2675634272898777,
    "y_test": [
        41.95,
        30.5,
        59.5,
        36.0,
        32.91,
        46.11,
        29.5,
        41.23,
        28.0,
        26.5,
        43.5,
        31.67,
        55.5,
        59.0,
        23.33,
        35.0,
        31.97,
        39.12,
        32.0,
        41.0,
        42.29,
        44.5,
        44.75,
        22.5,
        42.56,
        42.5,
        31.47,
        52.5,
        21.75,
        39.17,
        31.53,
        56.5,
        27.5,
        34.5,
        41.8,
        52.5,
        22.9,
        41.4,
        35.75,
        32.5,
        34.5,
        28.5,
        45.02,
        51.0,
        60.25,
        32.83,
        40.5,
        42.25,
        26.5,
        24.5,
        39.73,
        41.89,
        30.5,
        29.02,
        22.67,
        31.25,
        42.35,
        32.43,
        37.6,
        33.5,
        21.5,
        35.0,
        36.0,
        49.5,
        33.0,
        51.5,
        32.33,
        29.5,
        26.25
    ],
    "y_pred": [
        42.74857711791992,
        31.165388107299805,
        58.30095291137695,
        38.56760787963867,
        34.080787658691406,
        46.801692962646484,
        28.821043014526367,
        49.109317779541016,
        22.562721252441406,
        27.58924102783203,
        42.58306121826172,
        28.26462173461914,
        56.843414306640625,
        58.3942756652832,
        15.868186950683594,
        35.288330078125,
        31.33268165588379,
        39.71261215209961,
        32.64707946777344,
        38.28874206542969,
        40.4017448425293,
        44.88768005371094,
        46.484615325927734,
        23.523990631103516,
        43.15391540527344,
        42.848087310791016,
        28.248960494995117,
        54.101890563964844,
        22.054203033447266,
        40.843666076660156,
        29.880748748779297,
        57.455665588378906,
        37.986881256103516,
        35.65825271606445,
        45.73572540283203,
        51.833011627197266,
        18.783540725708008,
        40.22453308105469,
        37.58692169189453,
        32.60445022583008,
        35.89583969116211,
        38.44698715209961,
        44.6296501159668,
        46.665958404541016,
        58.966060638427734,
        33.502723693847656,
        38.66182327270508,
        40.96800994873047,
        29.710113525390625,
        26.610689163208008,
        40.2680778503418,
        42.09357452392578,
        31.165388107299805,
        31.10411262512207,
        19.933340072631836,
        35.54617691040039,
        41.129703521728516,
        33.33758544921875,
        35.0971565246582,
        32.909000396728516,
        23.612407684326172,
        36.52687072753906,
        39.49065399169922,
        49.06961441040039,
        32.906715393066406,
        49.51957702636719,
        27.83074951171875,
        27.746417999267578,
        38.44698715209961
    ]
}