{
    "Est_name": "XGB",
    "Run": 49,
    "Seed": 1291,
    "Est_params": {
        "learning_rate": 0.405,
        "n_estimators": 88,
        "max_depth": 3,
        "reg_lambda": 0.107
    },
    "R2": 0.901747799526757,
    "R": 0.949848211241184,
    "MAPE": 0.07032468912478612,
    "RMSE": 3.4252560456434984,
    "y_test": [
        26.5,
        37.0,
        56.38,
        32.5,
        57.0,
        26.5,
        43.66,
        23.9,
        45.5,
        30.0,
        46.25,
        23.0,
        35.0,
        27.5,
        42.66,
        32.91,
        53.9,
        41.5,
        53.5,
        34.62,
        45.8,
        30.25,
        39.61,
        37.5,
        31.59,
        47.0,
        33.85,
        27.7,
        54.0,
        23.33,
        31.8,
        48.7,
        33.25,
        55.5,
        34.5,
        20.8,
        50.75,
        56.0,
        24.5,
        28.0,
        56.25,
        21.5,
        28.0,
        41.8,
        18.52,
        22.73,
        48.0,
        42.35,
        49.5,
        27.12,
        29.5,
        58.59,
        34.5,
        41.04,
        48.0,
        40.75,
        31.75,
        54.2,
        34.5,
        52.5,
        37.6,
        36.0,
        45.0,
        34.5,
        43.0,
        30.5,
        59.0,
        28.5,
        41.25
    ],
    "y_pred": [
        30.2022705078125,
        42.389583587646484,
        43.5388298034668,
        36.04631042480469,
        52.72221755981445,
        28.014930725097656,
        37.46730422973633,
        23.802419662475586,
        46.38538360595703,
        31.253538131713867,
        46.658416748046875,
        24.97238540649414,
        36.27066421508789,
        30.099275588989258,
        41.3481330871582,
        36.32188415527344,
        57.276710510253906,
        40.49134063720703,
        52.95341873168945,
        36.3092155456543,
        44.73542785644531,
        35.73102951049805,
        30.755598068237305,
        35.87266159057617,
        34.316184997558594,
        47.68678283691406,
        35.57460403442383,
        33.938053131103516,
        49.173667907714844,
        16.749523162841797,
        30.53447723388672,
        44.371070861816406,
        33.824180603027344,
        55.756526947021484,
        32.607303619384766,
        20.317142486572266,
        50.51866149902344,
        56.80078125,
        28.893238067626953,
        30.555932998657227,
        57.987083435058594,
        21.903114318847656,
        30.256559371948242,
        46.32625961303711,
        18.478099822998047,
        26.61504554748535,
        50.470062255859375,
        38.83310317993164,
        48.736793518066406,
        26.947763442993164,
        28.90283966064453,
        56.15220642089844,
        36.732139587402344,
        41.60329055786133,
        46.91114044189453,
        40.54615783691406,
        36.01404571533203,
        53.419002532958984,
        35.721527099609375,
        51.22747039794922,
        37.975772857666016,
        34.08708953857422,
        43.549034118652344,
        40.385498046875,
        48.443424224853516,
        26.977140426635742,
        58.93490982055664,
        30.830699920654297,
        36.63943862915039
    ]
}