{
    "Est_name": "XGB",
    "Run": 33,
    "Seed": 2547,
    "Est_params": {
        "learning_rate": 0.266,
        "n_estimators": 94,
        "max_depth": 5,
        "reg_lambda": 2.494
    },
    "R2": 0.818421065275373,
    "R": 0.9047052886765029,
    "MAPE": 0.0789689775716492,
    "RMSE": 4.235320762613555,
    "y_test": [
        34.8,
        48.0,
        40.75,
        48.0,
        35.5,
        44.0,
        22.13,
        46.7,
        26.5,
        35.25,
        43.07,
        62.5,
        42.0,
        43.5,
        43.5,
        40.0,
        39.5,
        16.58,
        26.5,
        40.03,
        43.5,
        39.61,
        30.25,
        40.1,
        59.5,
        35.75,
        42.56,
        46.0,
        32.26,
        33.5,
        31.75,
        42.0,
        39.8,
        42.0,
        57.96,
        40.5,
        57.27,
        52.07,
        40.0,
        22.9,
        27.7,
        27.49,
        32.83,
        31.47,
        49.0,
        30.0,
        38.0,
        59.0,
        32.57,
        21.75,
        41.95,
        31.25,
        53.9,
        35.0,
        27.4,
        39.78,
        44.75,
        43.55,
        46.25,
        48.0,
        46.5,
        49.0,
        22.5,
        41.78,
        27.5,
        31.25,
        55.84,
        37.5,
        51.0
    ],
    "y_pred": [
        32.64788055419922,
        38.4271125793457,
        38.99936294555664,
        46.79096603393555,
        39.27668380737305,
        42.3494987487793,
        21.658517837524414,
        44.29432678222656,
        30.78615379333496,
        34.28814697265625,
        42.05877685546875,
        58.5684928894043,
        43.0756950378418,
        33.60337448120117,
        42.94889831542969,
        41.28738021850586,
        40.02197265625,
        39.51605224609375,
        29.785022735595703,
        42.96831512451172,
        43.403682708740234,
        29.867568969726562,
        35.04148864746094,
        35.76987838745117,
        59.01744079589844,
        34.93271255493164,
        43.43122482299805,
        51.27836608886719,
        31.656005859375,
        36.07163619995117,
        34.55532455444336,
        41.308170318603516,
        41.44257354736328,
        43.013858795166016,
        56.89744186401367,
        38.51170349121094,
        55.45920181274414,
        54.98698425292969,
        43.52259063720703,
        22.6437931060791,
        31.029708862304688,
        24.41519546508789,
        33.7757568359375,
        29.425153732299805,
        53.721954345703125,
        32.40202713012695,
        38.87969207763672,
        57.77503967285156,
        32.3543815612793,
        22.470308303833008,
        41.53981399536133,
        29.125295639038086,
        51.334693908691406,
        35.747894287109375,
        29.029788970947266,
        39.635032653808594,
        45.58797073364258,
        43.447601318359375,
        45.268245697021484,
        42.27233123779297,
        38.715389251708984,
        43.3886604309082,
        23.434595108032227,
        41.7926025390625,
        30.4173583984375,
        32.9388427734375,
        57.03721237182617,
        36.28015899658203,
        48.994144439697266
    ]
}