{
    "Est_name": "XGB",
    "Run": 18,
    "Seed": 9863,
    "Est_params": {
        "learning_rate": 0.395,
        "n_estimators": 85,
        "max_depth": 4,
        "reg_lambda": 3.549
    },
    "R2": 0.8505719304291908,
    "R": 0.9256195195570294,
    "MAPE": 0.05357429502931308,
    "RMSE": 3.4210738402486096,
    "y_test": [
        48.0,
        57.0,
        43.0,
        56.0,
        34.5,
        44.95,
        45.5,
        44.05,
        44.5,
        40.0,
        48.7,
        39.0,
        35.5,
        26.5,
        43.5,
        57.1,
        42.2,
        39.45,
        57.5,
        46.0,
        55.84,
        30.25,
        26.5,
        44.0,
        56.38,
        49.5,
        32.9,
        48.0,
        57.0,
        42.0,
        26.5,
        39.3,
        56.5,
        29.02,
        35.5,
        50.86,
        22.9,
        29.6,
        45.02,
        33.5,
        43.76,
        45.22,
        43.55,
        34.8,
        39.78,
        43.5,
        42.56,
        33.04,
        50.75,
        32.83,
        58.5,
        35.0,
        56.25,
        40.1,
        44.5,
        33.5,
        43.0,
        48.0,
        40.87,
        36.5,
        41.0,
        54.04,
        47.3,
        50.0,
        35.75,
        34.75,
        33.25,
        31.8,
        40.5
    ],
    "y_pred": [
        49.022640228271484,
        59.06217956542969,
        47.156429290771484,
        56.172889709472656,
        36.08064651489258,
        42.435279846191406,
        46.747005462646484,
        43.45710372924805,
        42.92505645751953,
        40.55760955810547,
        43.97007369995117,
        42.834388732910156,
        36.8437614440918,
        29.868755340576172,
        32.075538635253906,
        54.52610397338867,
        43.08320236206055,
        41.04471206665039,
        57.80854415893555,
        46.100242614746094,
        55.356529235839844,
        32.55634689331055,
        27.560243606567383,
        51.47859191894531,
        44.373313903808594,
        47.89463424682617,
        32.84058380126953,
        48.1400260925293,
        55.07148361206055,
        39.908695220947266,
        27.637508392333984,
        41.435482025146484,
        57.76118087768555,
        31.701749801635742,
        37.42277908325195,
        50.738834381103516,
        24.028751373291016,
        28.317726135253906,
        44.26238250732422,
        31.707834243774414,
        40.937644958496094,
        41.86144256591797,
        43.154457092285156,
        32.64373779296875,
        40.17778396606445,
        41.973121643066406,
        41.907447814941406,
        30.416397094726562,
        51.22570037841797,
        34.759490966796875,
        56.22559356689453,
        37.3001823425293,
        58.660823822021484,
        37.22671890258789,
        42.3643684387207,
        35.94388198852539,
        43.2242546081543,
        48.20072937011719,
        26.17386245727539,
        40.04222106933594,
        39.212493896484375,
        49.448699951171875,
        45.30619812011719,
        50.08842086791992,
        35.09796905517578,
        32.55447769165039,
        33.73284912109375,
        32.38912582397461,
        38.90056228637695
    ]
}