{
    "Est_name": "XGB",
    "Run": 32,
    "Seed": 4552,
    "Est_params": {
        "learning_rate": 0.555,
        "n_estimators": 28,
        "max_depth": 4,
        "reg_lambda": 0.028
    },
    "R2": 0.7297352186656634,
    "R": 0.8570587362703482,
    "MAPE": 0.07463440428379225,
    "RMSE": 4.672629187133671,
    "y_test": [
        40.1,
        32.5,
        40.5,
        55.5,
        45.02,
        43.64,
        37.5,
        32.83,
        56.0,
        52.5,
        42.2,
        33.85,
        29.02,
        29.6,
        52.07,
        55.84,
        41.23,
        57.27,
        42.75,
        37.6,
        25.81,
        43.5,
        53.5,
        59.0,
        46.0,
        48.0,
        33.5,
        39.45,
        51.0,
        54.2,
        56.5,
        35.75,
        36.5,
        27.49,
        44.05,
        39.8,
        42.03,
        48.7,
        42.0,
        43.76,
        41.16,
        29.0,
        40.0,
        50.2,
        32.33,
        35.5,
        44.0,
        40.0,
        16.58,
        48.0,
        33.04,
        40.75,
        32.9,
        30.0,
        33.95,
        53.0,
        31.97,
        38.0,
        42.0,
        33.76,
        52.5,
        39.73,
        57.1,
        36.0,
        42.3,
        28.5,
        38.61,
        34.8,
        45.0
    ],
    "y_pred": [
        40.1220703125,
        32.96354293823242,
        41.735870361328125,
        52.62315368652344,
        44.56000518798828,
        44.29087448120117,
        39.21512222290039,
        33.456932067871094,
        54.84830093383789,
        53.28569412231445,
        41.78483581542969,
        33.89826202392578,
        29.23347282409668,
        27.092864990234375,
        51.738487243652344,
        55.0492057800293,
        47.238162994384766,
        52.059814453125,
        40.260948181152344,
        37.968902587890625,
        29.619585037231445,
        43.23927307128906,
        54.955692291259766,
        57.01642608642578,
        44.60628128051758,
        47.717899322509766,
        30.42633628845215,
        38.17085266113281,
        47.5892333984375,
        52.709903717041016,
        56.70783233642578,
        34.22231674194336,
        41.466941833496094,
        21.979888916015625,
        44.71086502075195,
        42.30185317993164,
        39.8658447265625,
        44.11454772949219,
        43.29442596435547,
        39.60267639160156,
        41.15729522705078,
        32.53927230834961,
        43.45285415649414,
        46.424034118652344,
        32.758724212646484,
        40.37874221801758,
        44.72190856933594,
        40.372535705566406,
        49.85947036743164,
        45.928829193115234,
        30.690690994262695,
        40.019100189208984,
        32.8410530090332,
        29.570077896118164,
        34.23249053955078,
        50.90478515625,
        30.77703094482422,
        35.82005310058594,
        41.464111328125,
        34.25581741333008,
        55.94160079956055,
        36.21435546875,
        52.68162155151367,
        33.731414794921875,
        41.85833740234375,
        27.092864990234375,
        36.2183837890625,
        32.06810760498047,
        44.2412223815918
    ]
}