{
    "Est_name": "XGB",
    "Run": 47,
    "Seed": 2045,
    "Est_params": {
        "learning_rate": 0.557,
        "n_estimators": 65,
        "max_depth": 8,
        "reg_lambda": 0.197
    },
    "R2": 0.8230215207332434,
    "R": 0.9084616244404244,
    "MAPE": 0.060556623847019445,
    "RMSE": 4.025394074609138,
    "y_test": [
        47.3,
        35.25,
        32.83,
        20.22,
        53.5,
        27.5,
        45.0,
        53.25,
        29.6,
        22.67,
        37.0,
        33.25,
        35.0,
        40.0,
        42.0,
        25.68,
        22.13,
        45.5,
        37.75,
        32.5,
        55.52,
        55.5,
        52.5,
        30.0,
        49.7,
        53.0,
        51.0,
        39.21,
        46.0,
        40.75,
        43.0,
        21.5,
        26.5,
        35.0,
        39.5,
        35.5,
        39.45,
        53.5,
        42.29,
        44.5,
        44.75,
        49.0,
        33.0,
        27.12,
        30.0,
        42.03,
        47.0,
        41.0,
        48.0,
        22.9,
        39.3,
        32.26,
        40.0,
        42.35,
        39.0,
        57.96,
        48.0,
        33.0,
        56.38,
        50.5,
        43.65,
        52.5,
        28.0,
        30.0,
        41.95,
        44.95,
        42.56,
        44.5,
        34.75
    ],
    "y_pred": [
        45.06095504760742,
        34.08859634399414,
        34.76984786987305,
        26.42455291748047,
        52.10200119018555,
        40.0633544921875,
        45.892242431640625,
        54.26054763793945,
        28.499853134155273,
        22.67551612854004,
        41.858421325683594,
        33.71099090576172,
        35.46379089355469,
        45.00553512573242,
        38.99848175048828,
        29.811918258666992,
        22.575340270996094,
        47.26026153564453,
        45.20140838623047,
        34.127471923828125,
        55.51133728027344,
        56.40796661376953,
        50.68086242675781,
        28.574241638183594,
        49.08112716674805,
        44.499778747558594,
        52.59419250488281,
        42.43799591064453,
        48.22615051269531,
        38.592376708984375,
        48.264347076416016,
        22.38269805908203,
        29.03618812561035,
        36.428890228271484,
        35.99814987182617,
        36.179691314697266,
        40.915096282958984,
        51.89907455444336,
        41.33140563964844,
        44.33677673339844,
        46.43453598022461,
        57.20689392089844,
        31.443288803100586,
        27.34794044494629,
        29.924169540405273,
        41.189300537109375,
        47.183109283447266,
        40.23492431640625,
        44.07774353027344,
        23.575143814086914,
        41.3104248046875,
        31.086502075195312,
        40.449790954589844,
        41.04924392700195,
        34.80168914794922,
        57.79124450683594,
        48.29690170288086,
        34.046409606933594,
        34.73641586303711,
        49.82953643798828,
        39.30849838256836,
        54.4927978515625,
        30.040058135986328,
        29.50153160095215,
        41.70533752441406,
        45.22435760498047,
        43.533329010009766,
        44.65986251831055,
        34.550987243652344
    ]
}