{
    "Est_name": "XGB",
    "Run": 17,
    "Seed": 8279,
    "Est_params": {
        "learning_rate": 0.436,
        "n_estimators": 74,
        "max_depth": 7,
        "reg_lambda": 4.888
    },
    "R2": 0.890796348209033,
    "R": 0.9474778079967199,
    "MAPE": 0.04983537557091071,
    "RMSE": 3.459665313477943,
    "y_test": [
        52.5,
        51.0,
        45.8,
        41.5,
        56.5,
        30.0,
        34.5,
        39.5,
        26.5,
        33.5,
        26.5,
        54.0,
        27.12,
        35.75,
        15.11,
        32.57,
        23.0,
        33.85,
        34.25,
        39.0,
        33.5,
        40.52,
        57.27,
        48.0,
        43.76,
        44.05,
        37.5,
        62.5,
        38.82,
        55.5,
        58.5,
        49.7,
        49.0,
        32.0,
        48.0,
        30.0,
        39.5,
        52.07,
        48.0,
        41.89,
        33.46,
        32.25,
        46.0,
        35.0,
        39.17,
        53.0,
        43.47,
        33.5,
        57.8,
        42.0,
        57.5,
        40.0,
        53.25,
        22.04,
        56.0,
        42.35,
        20.5,
        46.0,
        45.5,
        36.5,
        31.59,
        29.02,
        48.5,
        38.61,
        33.4,
        33.0,
        45.23,
        42.56,
        23.33
    ],
    "y_pred": [
        53.590702056884766,
        40.29575729370117,
        45.833763122558594,
        39.86211395263672,
        58.557640075683594,
        28.051393508911133,
        36.32432556152344,
        40.35599899291992,
        27.70355987548828,
        36.02106857299805,
        25.278980255126953,
        54.00593185424805,
        27.073909759521484,
        36.1773796081543,
        12.953012466430664,
        33.04410934448242,
        24.18428611755371,
        34.2139778137207,
        31.27974510192871,
        35.749107360839844,
        33.68623733520508,
        41.23052215576172,
        55.734893798828125,
        48.06199645996094,
        40.52338790893555,
        42.7752799987793,
        37.929264068603516,
        59.9849967956543,
        39.097137451171875,
        53.585872650146484,
        56.4073600769043,
        49.04901885986328,
        40.431884765625,
        33.97013854980469,
        47.5460205078125,
        30.75574493408203,
        40.21517562866211,
        53.1983757019043,
        47.4962158203125,
        45.315982818603516,
        33.43275451660156,
        29.573034286499023,
        46.419166564941406,
        34.40485382080078,
        39.750675201416016,
        48.34867858886719,
        43.390464782714844,
        32.349365234375,
        39.30409622192383,
        40.13872146606445,
        58.65878677368164,
        42.28498840332031,
        55.03330612182617,
        21.945913314819336,
        54.724647521972656,
        39.678401947021484,
        21.666563034057617,
        49.996944427490234,
        47.20074462890625,
        39.08156967163086,
        32.48575210571289,
        30.53079605102539,
        47.188785552978516,
        40.001522064208984,
        34.04545211791992,
        32.62858200073242,
        44.31834030151367,
        41.79802322387695,
        12.963152885437012
    ]
}