{
    "Est_name": "XGB",
    "Run": 13,
    "Seed": 488,
    "Est_params": {
        "learning_rate": 0.392,
        "n_estimators": 93,
        "max_depth": 3,
        "reg_lambda": 4.799
    },
    "R2": 0.923899405465537,
    "R": 0.9617420632991558,
    "MAPE": 0.05932409280577538,
    "RMSE": 2.6810253554499957,
    "y_test": [
        53.5,
        41.8,
        31.67,
        39.45,
        32.33,
        35.0,
        30.0,
        41.5,
        52.5,
        33.5,
        53.9,
        46.0,
        32.5,
        43.5,
        31.75,
        40.52,
        35.25,
        33.5,
        23.9,
        46.0,
        40.5,
        33.5,
        35.5,
        41.52,
        31.5,
        39.12,
        42.0,
        25.81,
        33.0,
        42.56,
        41.0,
        44.0,
        38.61,
        33.4,
        57.0,
        53.5,
        54.25,
        39.5,
        22.04,
        43.76,
        44.5,
        42.5,
        38.78,
        36.5,
        27.12,
        42.0,
        31.53,
        28.5,
        26.5,
        50.2,
        51.5,
        37.75,
        58.0,
        21.75,
        52.0,
        56.0,
        60.25,
        42.03,
        48.0,
        27.7,
        31.25,
        37.5,
        47.0,
        13.33,
        43.66,
        35.5,
        56.5,
        37.6,
        42.56
    ],
    "y_pred": [
        54.36293029785156,
        45.282527923583984,
        31.56160545349121,
        37.10188293457031,
        30.726736068725586,
        36.825111389160156,
        31.40393829345703,
        39.722320556640625,
        54.26484680175781,
        34.90065383911133,
        56.1260871887207,
        44.13108825683594,
        35.536216735839844,
        42.5323486328125,
        33.53083038330078,
        39.58666229248047,
        35.62934112548828,
        36.09500503540039,
        25.026653289794922,
        46.767822265625,
        40.821800231933594,
        31.522449493408203,
        36.4903564453125,
        44.96834182739258,
        33.0588264465332,
        44.02217102050781,
        44.558631896972656,
        30.627456665039062,
        31.643550872802734,
        40.705318450927734,
        35.29230499267578,
        50.91408920288086,
        40.09014892578125,
        32.75856399536133,
        58.81813430786133,
        55.310115814208984,
        56.26234817504883,
        37.89531707763672,
        20.659128189086914,
        40.150474548339844,
        41.85160446166992,
        41.995872497558594,
        35.97285461425781,
        39.960784912109375,
        30.924959182739258,
        41.155216217041016,
        32.45706558227539,
        30.671722412109375,
        25.442922592163086,
        46.147911071777344,
        49.20625686645508,
        42.4633674621582,
        57.59623718261719,
        22.252382278442383,
        47.486663818359375,
        54.92805862426758,
        59.29710388183594,
        39.7035026550293,
        45.7473258972168,
        33.257118225097656,
        28.758750915527344,
        36.14863586425781,
        45.857479095458984,
        16.062082290649414,
        37.19831085205078,
        40.337554931640625,
        57.698097229003906,
        37.46662902832031,
        42.75519561767578
    ]
}