{
    "Est_name": "XGB",
    "Run": 37,
    "Seed": 1519,
    "Est_params": {
        "learning_rate": 0.411,
        "n_estimators": 86,
        "max_depth": 10,
        "reg_lambda": 3.081
    },
    "R2": 0.8307858993764856,
    "R": 0.9124644433335457,
    "MAPE": 0.06671408050392319,
    "RMSE": 4.114149510174985,
    "y_test": [
        25.68,
        32.26,
        46.8,
        43.66,
        30.5,
        30.25,
        45.22,
        33.5,
        41.25,
        46.5,
        40.5,
        33.6,
        57.21,
        36.0,
        28.5,
        48.0,
        43.29,
        55.5,
        53.5,
        35.5,
        29.02,
        37.5,
        52.5,
        42.35,
        48.0,
        41.89,
        35.0,
        31.75,
        43.0,
        32.25,
        22.9,
        29.5,
        42.5,
        41.4,
        39.0,
        27.5,
        50.5,
        43.64,
        30.5,
        39.45,
        56.38,
        58.25,
        22.67,
        31.97,
        59.0,
        45.0,
        39.78,
        39.5,
        36.0,
        44.5,
        27.49,
        33.5,
        40.03,
        24.67,
        18.52,
        55.84,
        41.78,
        22.73,
        53.5,
        42.0,
        33.0,
        52.0,
        30.0,
        43.4,
        22.13,
        38.0,
        56.5,
        34.5,
        47.0
    ],
    "y_pred": [
        30.96393585205078,
        30.674068450927734,
        41.69795608520508,
        37.82978820800781,
        30.82520294189453,
        32.364593505859375,
        42.80482864379883,
        34.66811752319336,
        36.257320404052734,
        39.034149169921875,
        40.63804244995117,
        33.669132232666016,
        49.003231048583984,
        35.00061798095703,
        26.656335830688477,
        47.56251907348633,
        44.202003479003906,
        53.19843292236328,
        55.63182830810547,
        36.3104133605957,
        32.204566955566406,
        37.245582580566406,
        52.37294006347656,
        42.49179458618164,
        47.21045684814453,
        44.989200592041016,
        34.69458770751953,
        33.33129119873047,
        45.99696350097656,
        32.62986373901367,
        17.083820343017578,
        30.256515502929688,
        43.811397552490234,
        39.96269989013672,
        35.32990646362305,
        45.951072692871094,
        49.99222946166992,
        45.00339889526367,
        30.499282836914062,
        36.40786361694336,
        37.64837646484375,
        59.502140045166016,
        18.79444122314453,
        30.486886978149414,
        56.99938201904297,
        49.833404541015625,
        39.92559814453125,
        37.75836944580078,
        37.87655258178711,
        45.804508209228516,
        31.043275833129883,
        33.644569396972656,
        42.54452133178711,
        25.134029388427734,
        20.643001556396484,
        55.59748458862305,
        42.01420593261719,
        27.155208587646484,
        53.65262222290039,
        41.693294525146484,
        35.40357208251953,
        50.5931282043457,
        28.147716522216797,
        44.49273681640625,
        22.6860294342041,
        39.12228012084961,
        57.3139533996582,
        32.97840118408203,
        47.56663131713867
    ]
}