{
    "Est_name": "XGB",
    "Run": 2,
    "Seed": 409,
    "Est_params": {
        "learning_rate": 0.313,
        "n_estimators": 30,
        "max_depth": 6,
        "reg_lambda": 0.016
    },
    "R2": 0.8795406077139617,
    "R": 0.938586773826808,
    "MAPE": 0.057028807057764044,
    "RMSE": 3.2142001759558054,
    "y_test": [
        35.0,
        39.0,
        48.0,
        31.5,
        31.75,
        54.25,
        49.9,
        39.5,
        47.3,
        48.0,
        13.33,
        43.5,
        57.21,
        38.82,
        45.0,
        32.26,
        31.47,
        35.3,
        34.5,
        29.41,
        31.7,
        39.0,
        55.5,
        55.5,
        46.5,
        60.25,
        53.9,
        40.75,
        34.8,
        35.25,
        33.5,
        35.5,
        42.29,
        41.0,
        43.29,
        56.0,
        56.5,
        46.0,
        46.8,
        56.0,
        43.29,
        56.0,
        36.0,
        38.0,
        32.25,
        27.5,
        42.5,
        33.41,
        46.0,
        46.25,
        41.25,
        33.95,
        30.5,
        48.5,
        42.0,
        43.0,
        38.78,
        48.0,
        26.5,
        50.2,
        35.5,
        33.25,
        34.5,
        34.0,
        35.0,
        43.47,
        21.75,
        35.0,
        48.0
    ],
    "y_pred": [
        30.74789047241211,
        35.04796600341797,
        44.589290618896484,
        31.30341339111328,
        32.436885833740234,
        50.113033294677734,
        49.646881103515625,
        40.931549072265625,
        44.02350616455078,
        48.492130279541016,
        15.444902420043945,
        34.705528259277344,
        48.822750091552734,
        39.687469482421875,
        45.26106643676758,
        32.15001678466797,
        29.251480102539062,
        35.6012077331543,
        36.28346633911133,
        30.201324462890625,
        37.677284240722656,
        44.28292465209961,
        52.017433166503906,
        54.83115768432617,
        46.413963317871094,
        60.76176834106445,
        51.66057205200195,
        50.59556579589844,
        37.677284240722656,
        34.06165313720703,
        32.3421630859375,
        36.475040435791016,
        40.14369201660156,
        40.04080581665039,
        41.82621765136719,
        57.477596282958984,
        56.93140411376953,
        44.71611022949219,
        35.43246078491211,
        54.74275207519531,
        45.15520477294922,
        56.21627426147461,
        39.497520446777344,
        40.921016693115234,
        33.258888244628906,
        30.267112731933594,
        45.32661056518555,
        31.98430633544922,
        45.26106643676758,
        46.59303283691406,
        36.41820526123047,
        32.35464859008789,
        31.4044246673584,
        45.67720413208008,
        41.085018157958984,
        42.93938064575195,
        38.7088508605957,
        44.912513732910156,
        31.295772552490234,
        46.798336029052734,
        37.21852111816406,
        34.470497131347656,
        32.80835723876953,
        33.236114501953125,
        36.5385856628418,
        42.23207092285156,
        22.221654891967773,
        37.489097595214844,
        48.77168273925781
    ]
}