{
    "Est_name": "XGB",
    "Run": 40,
    "Seed": 5881,
    "Est_params": {
        "learning_rate": 0.385,
        "n_estimators": 97,
        "max_depth": 4,
        "reg_lambda": 4.582
    },
    "R2": 0.9193716517442143,
    "R": 0.9606395967881098,
    "MAPE": 0.04702129068726425,
    "RMSE": 2.5595147428413485,
    "y_test": [
        35.25,
        57.8,
        48.0,
        58.0,
        39.0,
        39.78,
        42.56,
        36.0,
        53.0,
        43.0,
        31.7,
        56.5,
        45.0,
        43.07,
        31.47,
        40.75,
        40.5,
        50.0,
        25.68,
        53.5,
        32.83,
        51.0,
        31.67,
        59.0,
        42.56,
        38.0,
        41.89,
        50.2,
        33.6,
        30.0,
        41.5,
        36.0,
        27.4,
        35.25,
        49.5,
        53.5,
        32.5,
        46.0,
        53.25,
        43.55,
        44.6,
        25.81,
        56.0,
        34.25,
        29.0,
        33.5,
        48.0,
        40.52,
        33.46,
        44.95,
        42.0,
        22.04,
        38.82,
        32.25,
        46.0,
        42.2,
        34.75,
        22.9,
        42.0,
        62.5,
        43.5,
        42.66,
        43.5,
        39.73,
        41.16,
        37.5,
        35.0,
        33.5,
        35.5
    ],
    "y_pred": [
        33.684078216552734,
        46.86772537231445,
        43.80130386352539,
        56.41315841674805,
        44.4510612487793,
        38.86375427246094,
        41.516510009765625,
        36.72265625,
        46.807899475097656,
        49.7248420715332,
        34.98126220703125,
        55.73549270629883,
        43.09193420410156,
        43.31290817260742,
        29.596521377563477,
        37.904972076416016,
        40.68418884277344,
        48.72603988647461,
        29.20264434814453,
        54.51792526245117,
        32.94325637817383,
        51.72895050048828,
        30.015012741088867,
        58.639923095703125,
        41.25045394897461,
        36.963706970214844,
        44.739070892333984,
        46.53746032714844,
        34.71115493774414,
        32.1329345703125,
        41.74821472167969,
        32.76581573486328,
        28.045394897460938,
        34.726966857910156,
        51.04690933227539,
        53.67836380004883,
        31.93011474609375,
        43.438392639160156,
        54.43540573120117,
        42.584861755371094,
        43.130130767822266,
        28.40204620361328,
        54.148372650146484,
        32.7239990234375,
        31.199264526367188,
        31.233152389526367,
        46.77511978149414,
        37.88479232788086,
        34.47637939453125,
        43.27992248535156,
        39.484188079833984,
        21.30491065979004,
        36.6522216796875,
        31.227848052978516,
        46.595149993896484,
        43.126617431640625,
        31.803573608398438,
        22.20926284790039,
        43.181060791015625,
        59.23088836669922,
        41.57208251953125,
        41.23535919189453,
        45.15065002441406,
        42.42184829711914,
        41.256805419921875,
        39.22198486328125,
        33.927974700927734,
        31.750442504882812,
        36.596038818359375
    ]
}