{
    "Est_name": "XGB",
    "Run": 43,
    "Seed": 4333,
    "Est_params": {
        "learning_rate": 0.544,
        "n_estimators": 68,
        "max_depth": 9,
        "reg_lambda": 0.029
    },
    "R2": 0.8451618535264984,
    "R": 0.9193654044965549,
    "MAPE": 0.07102856726620553,
    "RMSE": 4.014922120741001,
    "y_test": [
        42.2,
        24.67,
        57.27,
        16.58,
        33.04,
        20.22,
        31.59,
        40.87,
        39.5,
        55.84,
        35.0,
        31.97,
        47.0,
        42.86,
        44.95,
        20.5,
        35.0,
        50.86,
        41.5,
        33.0,
        43.66,
        25.81,
        47.3,
        42.0,
        38.0,
        18.52,
        41.4,
        37.75,
        54.04,
        43.29,
        56.5,
        45.25,
        39.73,
        58.59,
        33.85,
        62.5,
        43.5,
        33.5,
        26.5,
        59.0,
        34.8,
        50.75,
        45.02,
        43.47,
        46.7,
        43.65,
        53.5,
        52.5,
        32.26,
        45.0,
        29.0,
        35.25,
        38.61,
        45.0,
        51.5,
        54.2,
        36.0,
        39.21,
        38.0,
        30.0,
        42.5,
        42.56,
        43.07,
        56.0,
        41.75,
        34.75,
        46.87,
        55.5,
        33.0
    ],
    "y_pred": [
        43.474395751953125,
        24.304765701293945,
        55.42660140991211,
        42.56178665161133,
        31.36286735534668,
        27.704301834106445,
        31.814037322998047,
        35.26839828491211,
        38.68840026855469,
        55.52028274536133,
        35.58424377441406,
        29.56570053100586,
        52.62629699707031,
        40.82575988769531,
        45.221710205078125,
        21.31702995300293,
        33.98930358886719,
        53.1889533996582,
        40.69318389892578,
        30.799951553344727,
        37.94626235961914,
        25.527406692504883,
        45.67387390136719,
        41.35929489135742,
        36.99439239501953,
        20.791955947875977,
        39.719058990478516,
        40.4381103515625,
        48.17820739746094,
        43.945106506347656,
        55.34209060668945,
        44.87084197998047,
        39.92869186401367,
        55.32612991333008,
        33.693321228027344,
        60.25016403198242,
        41.487545013427734,
        34.08295440673828,
        27.387357711791992,
        57.7243766784668,
        31.700531005859375,
        54.24482727050781,
        44.408851623535156,
        42.459075927734375,
        47.522701263427734,
        37.87644958496094,
        53.48857116699219,
        53.2617073059082,
        30.777284622192383,
        43.754798889160156,
        33.2861328125,
        32.44158935546875,
        39.206031799316406,
        47.31364059448242,
        54.1927490234375,
        51.24208068847656,
        34.19646453857422,
        45.86983108520508,
        39.54323196411133,
        28.80756187438965,
        43.998050689697266,
        41.490089416503906,
        42.05849838256836,
        55.53496170043945,
        43.38721466064453,
        34.37981033325195,
        45.69991683959961,
        53.38099670410156,
        31.845399856567383
    ]
}