{
    "Est_name": "XGB",
    "Run": 26,
    "Seed": 9654,
    "Est_params": {
        "learning_rate": 0.431,
        "n_estimators": 44,
        "max_depth": 10,
        "reg_lambda": 1.36
    },
    "R2": 0.7920867520868181,
    "R": 0.892389126308681,
    "MAPE": 0.06924293462952448,
    "RMSE": 4.316252487814892,
    "y_test": [
        48.0,
        39.78,
        56.0,
        48.0,
        41.5,
        34.62,
        32.0,
        20.8,
        33.0,
        39.12,
        47.0,
        42.03,
        49.5,
        40.12,
        44.05,
        41.95,
        33.25,
        43.5,
        41.5,
        30.0,
        32.0,
        48.0,
        58.0,
        23.9,
        51.5,
        57.27,
        32.9,
        46.25,
        53.5,
        38.0,
        46.87,
        59.0,
        39.5,
        50.2,
        46.0,
        23.0,
        43.5,
        51.0,
        33.95,
        42.2,
        58.59,
        56.0,
        16.58,
        42.56,
        43.64,
        35.0,
        40.39,
        34.5,
        37.25,
        51.0,
        26.5,
        49.7,
        33.5,
        46.7,
        35.0,
        40.5,
        37.5,
        44.6,
        36.0,
        22.04,
        33.5,
        32.5,
        30.25,
        31.7,
        48.0,
        39.45,
        33.76,
        35.0,
        33.41
    ],
    "y_pred": [
        45.321044921875,
        37.94010925292969,
        55.160179138183594,
        49.42793273925781,
        38.631736755371094,
        34.89828872680664,
        35.287689208984375,
        20.421709060668945,
        34.62803268432617,
        40.960269927978516,
        47.101985931396484,
        41.623191833496094,
        50.18894577026367,
        42.6657829284668,
        43.22285079956055,
        42.94070053100586,
        33.44240188598633,
        38.63673400878906,
        48.69340133666992,
        28.977283477783203,
        33.93323516845703,
        50.89960479736328,
        58.36185073852539,
        23.595947265625,
        50.587005615234375,
        55.65243911743164,
        33.697540283203125,
        44.80666732788086,
        53.878631591796875,
        38.84986114501953,
        46.22275161743164,
        57.31077194213867,
        39.732234954833984,
        47.19256591796875,
        49.7014045715332,
        27.18097686767578,
        41.653194427490234,
        48.79121780395508,
        32.57905197143555,
        42.41679763793945,
        57.734249114990234,
        56.85179138183594,
        47.50615310668945,
        43.48394012451172,
        43.396766662597656,
        36.203330993652344,
        42.05545425415039,
        35.29142761230469,
        39.46827697753906,
        44.55773162841797,
        27.001502990722656,
        52.18700408935547,
        32.52602767944336,
        43.52401351928711,
        37.83794403076172,
        37.33174514770508,
        36.22645950317383,
        43.60995101928711,
        34.071022033691406,
        21.148067474365234,
        32.658111572265625,
        30.32176971435547,
        31.727792739868164,
        34.80973434448242,
        49.42793273925781,
        42.81293869018555,
        33.5616340637207,
        32.769474029541016,
        33.45671844482422
    ]
}