{
    "Est_name": "XGB",
    "Run": 44,
    "Seed": 711,
    "Est_params": {
        "learning_rate": 0.394,
        "n_estimators": 96,
        "max_depth": 4,
        "reg_lambda": 2.682
    },
    "R2": 0.865864004492859,
    "R": 0.930608172263209,
    "MAPE": 0.060487493036757274,
    "RMSE": 3.4586361771065928,
    "y_test": [
        35.5,
        22.5,
        22.73,
        29.02,
        18.52,
        20.5,
        41.0,
        32.25,
        41.0,
        53.0,
        46.0,
        33.0,
        30.0,
        47.0,
        37.0,
        45.22,
        45.0,
        34.5,
        42.25,
        34.62,
        44.5,
        37.5,
        40.0,
        55.5,
        34.5,
        45.23,
        56.25,
        38.0,
        56.38,
        58.25,
        46.11,
        42.03,
        55.84,
        26.5,
        42.56,
        27.7,
        29.6,
        25.81,
        34.5,
        41.78,
        37.75,
        26.5,
        46.0,
        43.55,
        30.0,
        37.5,
        29.5,
        30.0,
        48.0,
        41.04,
        42.56,
        39.12,
        46.87,
        39.45,
        39.17,
        35.0,
        42.56,
        41.89,
        59.5,
        39.53,
        54.0,
        36.5,
        31.47,
        43.47,
        44.5,
        57.0,
        42.66,
        35.0,
        49.5
    ],
    "y_pred": [
        34.667171478271484,
        23.64487075805664,
        27.808841705322266,
        36.29140853881836,
        20.737977981567383,
        21.704566955566406,
        41.05351257324219,
        30.679325103759766,
        38.159603118896484,
        46.47019577026367,
        45.64318084716797,
        33.7406005859375,
        30.563154220581055,
        43.15573501586914,
        41.85243225097656,
        40.37865447998047,
        45.225791931152344,
        43.27558135986328,
        41.67351531982422,
        34.220237731933594,
        46.53608703613281,
        36.88290786743164,
        39.96324157714844,
        56.3878059387207,
        35.04367446899414,
        43.37956237792969,
        57.89690399169922,
        40.37622833251953,
        39.96525573730469,
        60.061519622802734,
        44.541717529296875,
        39.74616622924805,
        51.11473083496094,
        25.99238395690918,
        42.79670333862305,
        31.838869094848633,
        27.984346389770508,
        27.097166061401367,
        39.39579391479492,
        40.33073806762695,
        43.13467025756836,
        27.4129638671875,
        53.39060592651367,
        43.171600341796875,
        31.502422332763672,
        35.8804817199707,
        31.39244842529297,
        29.385345458984375,
        45.4225959777832,
        40.70386505126953,
        40.99938201904297,
        40.831565856933594,
        44.73259353637695,
        35.3123893737793,
        40.26520538330078,
        36.38901901245117,
        39.66472625732422,
        41.232627868652344,
        59.74472427368164,
        42.531776428222656,
        55.81893539428711,
        40.17059326171875,
        28.92007827758789,
        42.01890563964844,
        42.946353912353516,
        56.592979431152344,
        42.472320556640625,
        35.729976654052734,
        49.90559768676758
    ]
}