{
    "Est_name": "XGB",
    "Run": 28,
    "Seed": 106,
    "Est_params": {
        "learning_rate": 0.304,
        "n_estimators": 91,
        "max_depth": 5,
        "reg_lambda": 0.988
    },
    "R2": 0.7975531429804306,
    "R": 0.8964559905548435,
    "MAPE": 0.07594854694204205,
    "RMSE": 4.477911758981372,
    "y_test": [
        43.0,
        34.0,
        42.56,
        40.1,
        30.0,
        49.5,
        43.07,
        53.5,
        53.25,
        46.11,
        37.5,
        45.0,
        41.04,
        56.5,
        32.5,
        48.0,
        31.97,
        54.0,
        57.0,
        32.25,
        35.0,
        59.5,
        47.3,
        16.58,
        41.16,
        49.0,
        58.5,
        31.75,
        39.0,
        15.11,
        34.5,
        57.8,
        39.8,
        35.5,
        41.95,
        33.5,
        45.8,
        43.5,
        37.5,
        47.0,
        53.5,
        33.76,
        35.0,
        47.0,
        52.5,
        23.9,
        44.6,
        41.0,
        30.0,
        24.67,
        57.27,
        33.0,
        28.0,
        41.89,
        30.5,
        59.0,
        28.5,
        54.25,
        33.5,
        53.0,
        43.64,
        44.5,
        38.82,
        41.0,
        40.03,
        43.0,
        48.5,
        43.65,
        40.52
    ],
    "y_pred": [
        42.385677337646484,
        33.99785614013672,
        43.465694427490234,
        37.293182373046875,
        30.528141021728516,
        47.04754638671875,
        42.201419830322266,
        53.643890380859375,
        55.0556640625,
        43.5338249206543,
        36.25014114379883,
        42.78369903564453,
        41.27096176147461,
        57.21187973022461,
        34.05070877075195,
        47.07337951660156,
        31.13709831237793,
        47.40028762817383,
        53.97152328491211,
        31.9273681640625,
        36.54079818725586,
        57.18048858642578,
        44.13359451293945,
        33.93356704711914,
        42.297462463378906,
        55.677459716796875,
        55.975860595703125,
        32.95038986206055,
        34.850868225097656,
        21.462568283081055,
        33.53377151489258,
        44.11229705810547,
        41.612098693847656,
        36.020320892333984,
        40.780635833740234,
        31.24530601501465,
        44.84019470214844,
        30.93907928466797,
        35.76707077026367,
        35.71180725097656,
        54.660465240478516,
        32.74583435058594,
        37.7921257019043,
        46.56174087524414,
        55.07524490356445,
        27.477293014526367,
        41.57212829589844,
        40.59996032714844,
        33.115535736083984,
        27.659521102905273,
        55.88493728637695,
        33.69051742553711,
        28.332027435302734,
        41.23019027709961,
        30.743589401245117,
        57.25715255737305,
        30.263383865356445,
        48.15619659423828,
        32.18124771118164,
        37.936805725097656,
        44.25814437866211,
        43.451351165771484,
        38.8028564453125,
        39.703224182128906,
        43.31431198120117,
        47.966243743896484,
        47.15704345703125,
        41.9426383972168,
        40.242984771728516
    ]
}