{
    "Est_name": "XGB",
    "Run": 15,
    "Seed": 3582,
    "Est_params": {
        "learning_rate": 0.202,
        "n_estimators": 87,
        "max_depth": 8,
        "reg_lambda": 2.5
    },
    "R2": 0.8746702252797055,
    "R": 0.9353357560050866,
    "MAPE": 0.05603226797831149,
    "RMSE": 3.2495456566672405,
    "y_test": [
        56.0,
        46.11,
        58.5,
        33.0,
        54.04,
        47.0,
        41.0,
        40.0,
        42.5,
        38.0,
        31.59,
        41.23,
        40.52,
        33.41,
        38.78,
        53.5,
        31.8,
        34.5,
        27.12,
        33.5,
        56.25,
        57.1,
        35.0,
        44.0,
        43.65,
        40.5,
        32.25,
        41.8,
        39.3,
        28.0,
        50.75,
        18.52,
        43.64,
        50.5,
        43.4,
        41.89,
        39.8,
        40.39,
        56.38,
        52.0,
        41.16,
        27.5,
        41.89,
        53.5,
        40.1,
        35.0,
        59.0,
        34.5,
        39.12,
        45.8,
        33.0,
        43.5,
        46.0,
        57.96,
        44.6,
        26.75,
        35.25,
        41.95,
        25.81,
        34.5,
        42.0,
        43.66,
        26.5,
        33.0,
        29.02,
        27.7,
        52.5,
        36.0,
        39.5
    ],
    "y_pred": [
        54.4371223449707,
        43.111228942871094,
        56.39109802246094,
        33.860374450683594,
        51.92393493652344,
        46.94586944580078,
        39.9362678527832,
        39.48271942138672,
        43.26559829711914,
        35.32578659057617,
        32.47766876220703,
        43.32063674926758,
        37.30511474609375,
        31.821943283081055,
        38.10060119628906,
        53.964447021484375,
        31.655479431152344,
        40.82788848876953,
        30.342222213745117,
        31.381500244140625,
        59.161624908447266,
        52.578643798828125,
        37.68108367919922,
        43.21867752075195,
        40.549400329589844,
        40.033531188964844,
        31.317224502563477,
        44.409996032714844,
        38.59174728393555,
        23.717330932617188,
        52.883975982666016,
        19.566951751708984,
        44.30949401855469,
        50.26092529296875,
        43.97535705566406,
        37.61186218261719,
        41.446495056152344,
        42.328617095947266,
        39.41398239135742,
        52.09668731689453,
        42.90654754638672,
        35.88401794433594,
        44.94213104248047,
        53.86509323120117,
        36.87480163574219,
        36.14375305175781,
        59.2844123840332,
        33.63399887084961,
        39.62968063354492,
        45.08388900756836,
        31.44584083557129,
        43.54598617553711,
        45.811893463134766,
        58.16579055786133,
        42.62477493286133,
        30.77163314819336,
        33.037818908691406,
        41.27128982543945,
        29.33953094482422,
        38.837398529052734,
        39.769866943359375,
        36.81193542480469,
        26.869264602661133,
        34.493492126464844,
        30.625852584838867,
        31.2496395111084,
        54.49720001220703,
        37.91337966918945,
        39.066184997558594
    ]
}