{
    "Est_name": "XGB",
    "Run": 9,
    "Seed": 1424,
    "Est_params": {
        "learning_rate": 0.538,
        "n_estimators": 100,
        "max_depth": 5,
        "reg_lambda": 4.154
    },
    "R2": 0.927604165198423,
    "R": 0.9638619973700533,
    "MAPE": 0.05754042410798081,
    "RMSE": 2.7888223645812924,
    "y_test": [
        41.16,
        56.0,
        34.5,
        43.5,
        59.0,
        35.5,
        33.41,
        37.0,
        47.0,
        53.5,
        27.5,
        39.12,
        54.0,
        22.04,
        25.68,
        40.52,
        41.89,
        56.0,
        41.8,
        30.0,
        45.23,
        49.5,
        57.0,
        40.5,
        13.33,
        40.75,
        26.5,
        20.22,
        43.65,
        41.5,
        33.5,
        39.8,
        33.0,
        50.5,
        36.0,
        54.04,
        39.73,
        35.0,
        30.5,
        31.53,
        33.76,
        37.5,
        52.0,
        41.5,
        50.2,
        53.5,
        35.0,
        28.0,
        38.61,
        51.0,
        35.75,
        55.5,
        35.75,
        53.9,
        35.25,
        39.3,
        23.0,
        44.5,
        23.9,
        26.5,
        49.5,
        25.81,
        58.59,
        48.0,
        32.25,
        42.75,
        33.0,
        45.0,
        46.25
    ],
    "y_pred": [
        42.88886642456055,
        57.11088562011719,
        34.080291748046875,
        36.07625961303711,
        57.92287826538086,
        38.05717468261719,
        27.416719436645508,
        41.16400146484375,
        45.360389709472656,
        53.29801559448242,
        32.421268463134766,
        39.32041549682617,
        51.909881591796875,
        21.182207107543945,
        26.844398498535156,
        41.01449203491211,
        44.80132293701172,
        54.81843948364258,
        45.44655990600586,
        31.746532440185547,
        44.324642181396484,
        49.541954040527344,
        59.06493377685547,
        40.046485900878906,
        15.752052307128906,
        45.04737091064453,
        31.928020477294922,
        28.210323333740234,
        40.28749084472656,
        39.81355667114258,
        33.30663299560547,
        41.992515563964844,
        30.52814292907715,
        50.208370208740234,
        33.819923400878906,
        47.67548751831055,
        41.802223205566406,
        36.73711395263672,
        30.546035766601562,
        31.729324340820312,
        33.84424591064453,
        34.76029586791992,
        51.84149932861328,
        48.4780387878418,
        45.605770111083984,
        53.838951110839844,
        39.14137649536133,
        30.148618698120117,
        41.29206466674805,
        47.96761703491211,
        33.67262649536133,
        56.99786376953125,
        36.54860305786133,
        52.336727142333984,
        35.587467193603516,
        39.24568176269531,
        23.966609954833984,
        44.860748291015625,
        23.54151725769043,
        26.791494369506836,
        49.35750961303711,
        30.154369354248047,
        57.57223129272461,
        46.743980407714844,
        30.41777992248535,
        42.4385871887207,
        34.209896087646484,
        45.25945281982422,
        44.70276641845703
    ]
}