{
    "Est_name": "XGB",
    "Run": 5,
    "Seed": 3657,
    "Est_params": {
        "learning_rate": 0.447,
        "n_estimators": 66,
        "max_depth": 5,
        "reg_lambda": 1.449
    },
    "R2": 0.8290731673809825,
    "R": 0.9147280771526546,
    "MAPE": 0.07249587889762149,
    "RMSE": 4.234617080261226,
    "y_test": [
        46.5,
        34.62,
        32.5,
        59.0,
        49.0,
        58.0,
        57.27,
        33.0,
        58.25,
        35.5,
        44.75,
        36.5,
        42.5,
        39.73,
        38.78,
        45.5,
        42.2,
        33.04,
        46.0,
        32.0,
        31.53,
        42.5,
        48.0,
        43.0,
        39.12,
        37.5,
        30.0,
        31.67,
        29.6,
        15.11,
        37.6,
        44.95,
        56.0,
        49.9,
        41.0,
        30.5,
        33.76,
        43.0,
        41.0,
        38.0,
        16.58,
        33.5,
        45.5,
        37.5,
        26.25,
        30.0,
        44.5,
        22.67,
        32.9,
        34.5,
        39.0,
        54.04,
        42.03,
        52.07,
        53.5,
        52.5,
        27.4,
        50.75,
        23.33,
        40.39,
        40.5,
        38.0,
        56.5,
        37.5,
        35.75,
        23.9,
        62.5,
        43.5,
        25.81
    ],
    "y_pred": [
        39.84545135498047,
        33.73545837402344,
        31.513965606689453,
        58.53364944458008,
        38.10877227783203,
        56.252113342285156,
        56.069305419921875,
        32.95912170410156,
        60.22154235839844,
        34.16432189941406,
        44.7667236328125,
        33.5767936706543,
        43.09245300292969,
        41.882511138916016,
        37.46187973022461,
        47.470664978027344,
        41.01436233520508,
        31.36496925354004,
        51.624603271484375,
        33.012516021728516,
        29.95777702331543,
        42.27684783935547,
        52.63680648803711,
        52.36061477661133,
        38.17737579345703,
        38.31269073486328,
        30.404430389404297,
        30.595726013183594,
        28.72384262084961,
        13.2498779296875,
        36.822139739990234,
        44.01033401489258,
        53.48562240600586,
        50.37749481201172,
        41.6695442199707,
        31.863094329833984,
        32.47331619262695,
        46.86542510986328,
        40.05165100097656,
        38.05369567871094,
        42.99855041503906,
        35.981449127197266,
        46.58574676513672,
        36.050357818603516,
        28.72384262084961,
        28.93523406982422,
        43.003875732421875,
        21.754013061523438,
        33.93855285644531,
        34.196380615234375,
        36.37299346923828,
        52.02845001220703,
        43.04316329956055,
        52.865116119384766,
        52.188480377197266,
        54.33982467651367,
        29.758941650390625,
        52.15800476074219,
        13.932406425476074,
        42.509761810302734,
        38.95352554321289,
        39.143585205078125,
        55.94416809082031,
        38.42039108276367,
        34.76667404174805,
        24.07158660888672,
        59.76930618286133,
        41.786285400390625,
        28.35314178466797
    ]
}