{
    "Est_name": "XGB",
    "Run": 4,
    "Seed": 4012,
    "Est_params": {
        "learning_rate": 0.473,
        "n_estimators": 76,
        "max_depth": 9,
        "reg_lambda": 3.858
    },
    "R2": 0.7974524628398881,
    "R": 0.8943797792393555,
    "MAPE": 0.07467914993135183,
    "RMSE": 4.0457740551486046,
    "y_test": [
        35.3,
        49.9,
        31.25,
        27.5,
        37.75,
        27.12,
        33.85,
        25.81,
        53.25,
        43.55,
        32.25,
        41.0,
        33.0,
        33.04,
        32.0,
        42.25,
        38.78,
        27.5,
        40.5,
        44.5,
        59.5,
        35.0,
        36.0,
        46.0,
        13.33,
        39.45,
        60.25,
        52.5,
        47.0,
        34.5,
        50.75,
        31.47,
        32.5,
        42.56,
        32.25,
        31.53,
        56.38,
        41.16,
        41.89,
        39.12,
        36.5,
        43.65,
        41.25,
        23.0,
        43.76,
        58.0,
        42.3,
        27.49,
        42.0,
        34.5,
        42.37,
        45.0,
        43.5,
        42.2,
        46.87,
        44.6,
        33.0,
        44.5,
        42.2,
        51.0,
        31.8,
        22.9,
        43.5,
        32.5,
        40.0,
        42.86,
        51.5,
        45.02,
        41.78
    ],
    "y_pred": [
        33.307716369628906,
        50.33936309814453,
        31.67747688293457,
        44.35407257080078,
        43.90498733520508,
        27.06639862060547,
        33.86666488647461,
        29.7603816986084,
        55.840087890625,
        43.39007568359375,
        32.245182037353516,
        40.30280303955078,
        29.846895217895508,
        29.87183952331543,
        33.4287223815918,
        39.79668045043945,
        38.13389205932617,
        31.794662475585938,
        41.906883239746094,
        43.38941192626953,
        58.74785614013672,
        34.280784606933594,
        34.2877311706543,
        47.737586975097656,
        15.337804794311523,
        38.783103942871094,
        59.31016540527344,
        51.83334732055664,
        46.212005615234375,
        39.78009796142578,
        54.1690673828125,
        27.639209747314453,
        31.99138641357422,
        43.62753677368164,
        32.49720001220703,
        30.593738555908203,
        43.67329406738281,
        43.418853759765625,
        44.78572082519531,
        42.80682373046875,
        39.000709533691406,
        42.80682373046875,
        35.549644470214844,
        28.23845672607422,
        41.225589752197266,
        58.39053726196289,
        43.44682693481445,
        30.59267234802246,
        42.88858413696289,
        35.78852081298828,
        42.80494689941406,
        42.94485855102539,
        50.19200897216797,
        48.729576110839844,
        45.879905700683594,
        41.814517974853516,
        34.38881301879883,
        42.86748504638672,
        37.6165885925293,
        45.97589111328125,
        29.11578369140625,
        26.575510025024414,
        31.979717254638672,
        35.7594108581543,
        44.911651611328125,
        43.13780212402344,
        44.883689880371094,
        43.947479248046875,
        41.40919876098633
    ]
}