{
    "Est_name": "XGB",
    "Run": 1,
    "Seed": 1824,
    "Est_params": {
        "learning_rate": 0.508,
        "n_estimators": 83,
        "max_depth": 5,
        "reg_lambda": 1.188
    },
    "R2": 0.8262451894870262,
    "R": 0.9149780809888267,
    "MAPE": 0.07028136046392625,
    "RMSE": 3.7475344670738924,
    "y_test": [
        43.64,
        31.7,
        22.67,
        39.12,
        35.75,
        28.0,
        34.5,
        35.5,
        45.0,
        21.75,
        30.0,
        33.0,
        37.25,
        46.0,
        42.75,
        34.5,
        45.02,
        43.4,
        15.11,
        57.8,
        50.2,
        35.0,
        42.2,
        45.22,
        48.0,
        48.0,
        29.0,
        29.02,
        30.0,
        46.11,
        53.25,
        43.0,
        30.0,
        27.12,
        40.75,
        39.12,
        41.5,
        42.2,
        33.0,
        35.75,
        48.5,
        59.0,
        41.95,
        36.5,
        43.66,
        26.25,
        38.61,
        34.8,
        33.85,
        32.91,
        25.68,
        48.0,
        43.29,
        56.5,
        45.0,
        31.5,
        42.3,
        50.75,
        56.0,
        49.0,
        49.0,
        33.95,
        51.0,
        33.25,
        44.5,
        41.78,
        39.21,
        40.39,
        31.97
    ],
    "y_pred": [
        44.923805236816406,
        38.28062438964844,
        22.009065628051758,
        39.328243255615234,
        38.44155502319336,
        32.54097366333008,
        35.427940368652344,
        33.5155143737793,
        43.739627838134766,
        21.789628982543945,
        32.74575424194336,
        34.26618194580078,
        40.048397064208984,
        41.1055908203125,
        40.97502899169922,
        41.88567352294922,
        46.32299041748047,
        44.25052261352539,
        16.80199432373047,
        42.72757339477539,
        47.17374038696289,
        34.06003952026367,
        47.37184524536133,
        42.63902282714844,
        46.856895446777344,
        47.58380126953125,
        27.917688369750977,
        32.1450309753418,
        35.5139045715332,
        45.53351974487305,
        52.99494171142578,
        47.599517822265625,
        33.2615966796875,
        32.315223693847656,
        38.45639419555664,
        43.706844329833984,
        48.43974685668945,
        50.07401657104492,
        33.150760650634766,
        34.40741729736328,
        47.75636672973633,
        57.931304931640625,
        42.18071746826172,
        33.46744918823242,
        37.73389434814453,
        28.54209327697754,
        38.983009338378906,
        38.28062438964844,
        32.79084777832031,
        33.33164596557617,
        30.414180755615234,
        48.852989196777344,
        44.71650695800781,
        57.42072677612305,
        47.49262237548828,
        31.49236297607422,
        44.32563018798828,
        52.695064544677734,
        57.3349494934082,
        56.618019104003906,
        41.53067398071289,
        33.547489166259766,
        52.77355194091797,
        30.670883178710938,
        46.853275299072266,
        40.650360107421875,
        45.1235466003418,
        41.86442184448242,
        31.899892807006836
    ]
}