{
    "Est_name": "XGB",
    "Run": 34,
    "Seed": 3527,
    "Est_params": {
        "learning_rate": 0.375,
        "n_estimators": 98,
        "max_depth": 4,
        "reg_lambda": 4.999
    },
    "R2": 0.9157083086062949,
    "R": 0.9572174438155953,
    "MAPE": 0.055782287501896864,
    "RMSE": 2.8590574196034,
    "y_test": [
        38.0,
        26.5,
        31.75,
        48.0,
        41.95,
        50.2,
        25.81,
        43.07,
        37.5,
        31.67,
        46.11,
        47.0,
        57.5,
        41.5,
        40.75,
        35.75,
        33.0,
        44.05,
        13.33,
        33.85,
        34.0,
        42.2,
        34.75,
        30.0,
        55.5,
        29.5,
        39.45,
        39.5,
        42.5,
        20.8,
        55.5,
        41.0,
        35.3,
        29.6,
        33.5,
        26.25,
        41.78,
        58.5,
        37.75,
        33.5,
        43.66,
        60.25,
        52.5,
        24.5,
        59.0,
        42.5,
        34.5,
        33.04,
        50.8,
        45.25,
        57.0,
        30.0,
        31.7,
        33.5,
        44.5,
        53.5,
        52.5,
        45.0,
        39.0,
        40.52,
        35.0,
        34.5,
        56.5,
        30.0,
        38.0,
        34.25,
        35.0,
        43.5,
        48.0
    ],
    "y_pred": [
        37.65584945678711,
        27.342166900634766,
        32.7564582824707,
        44.10080337524414,
        41.148658752441406,
        42.26146697998047,
        29.04343032836914,
        42.1102409362793,
        36.3799934387207,
        32.247013092041016,
        48.860897064208984,
        40.16701126098633,
        60.00279235839844,
        47.30238723754883,
        46.191490173339844,
        35.413185119628906,
        34.1766471862793,
        43.00271224975586,
        15.678446769714355,
        35.70273208618164,
        33.727779388427734,
        43.7153434753418,
        32.614501953125,
        30.269765853881836,
        53.5483283996582,
        31.111093521118164,
        36.38119888305664,
        38.80270767211914,
        45.62516403198242,
        20.88926124572754,
        56.81322479248047,
        33.5223388671875,
        33.22209930419922,
        29.832956314086914,
        31.89573097229004,
        29.832956314086914,
        41.69441604614258,
        56.45079040527344,
        42.094871520996094,
        31.0367488861084,
        38.10518264770508,
        59.74479675292969,
        51.97981262207031,
        27.342166900634766,
        58.95026397705078,
        41.51504135131836,
        41.82034683227539,
        31.277496337890625,
        49.3782958984375,
        45.570899963378906,
        59.051753997802734,
        31.20653533935547,
        35.754173278808594,
        36.056610107421875,
        46.906639099121094,
        53.82432556152344,
        54.79267501831055,
        44.69477462768555,
        38.96267318725586,
        40.122650146484375,
        36.14794921875,
        38.8394660949707,
        57.350154876708984,
        29.252981185913086,
        38.07882308959961,
        32.18706130981445,
        38.59334182739258,
        43.58362579345703,
        43.82362747192383
    ]
}