{
    "Est_name": "XGB",
    "Run": 10,
    "Seed": 9674,
    "Est_params": {
        "learning_rate": 0.689,
        "n_estimators": 80,
        "max_depth": 6,
        "reg_lambda": 4.81
    },
    "R2": 0.8803445818539574,
    "R": 0.9397832154459117,
    "MAPE": 0.060631117625318656,
    "RMSE": 3.726033678497244,
    "y_test": [
        50.2,
        34.0,
        38.0,
        56.0,
        43.5,
        57.96,
        20.8,
        42.3,
        34.62,
        28.5,
        39.0,
        42.2,
        30.0,
        45.25,
        41.23,
        33.41,
        32.83,
        45.02,
        22.73,
        15.11,
        57.8,
        31.53,
        56.0,
        32.25,
        26.5,
        44.0,
        38.78,
        33.0,
        48.0,
        45.5,
        41.0,
        58.59,
        38.82,
        40.03,
        29.5,
        26.5,
        41.52,
        42.03,
        52.5,
        39.12,
        50.8,
        53.5,
        49.9,
        47.0,
        48.0,
        58.0,
        36.5,
        53.5,
        57.0,
        52.0,
        45.0,
        33.5,
        37.5,
        18.52,
        56.25,
        40.0,
        59.0,
        48.0,
        34.5,
        31.75,
        56.5,
        37.5,
        53.25,
        45.22,
        28.5,
        31.25,
        23.0,
        46.0,
        46.25
    ],
    "y_pred": [
        40.80352020263672,
        32.84206008911133,
        42.7238655090332,
        58.40574645996094,
        35.419124603271484,
        55.267086029052734,
        21.985456466674805,
        41.9770622253418,
        34.47010040283203,
        29.739940643310547,
        42.55390167236328,
        41.939659118652344,
        29.3953914642334,
        43.75032424926758,
        43.80421829223633,
        30.91461753845215,
        33.392452239990234,
        44.20784378051758,
        28.68181037902832,
        14.521495819091797,
        43.657413482666016,
        30.969709396362305,
        56.7342643737793,
        32.2669677734375,
        26.46628189086914,
        51.02788543701172,
        37.22956848144531,
        33.44786071777344,
        45.97917556762695,
        45.262603759765625,
        28.369159698486328,
        54.178035736083984,
        38.14599609375,
        43.05049133300781,
        31.168611526489258,
        26.99062156677246,
        39.08921813964844,
        40.71148681640625,
        56.16305160522461,
        39.75071716308594,
        49.386024475097656,
        52.56444549560547,
        49.65068817138672,
        36.97939682006836,
        47.670074462890625,
        57.09532928466797,
        39.50263977050781,
        55.82319641113281,
        58.22954559326172,
        48.49595642089844,
        42.55522537231445,
        32.65224838256836,
        37.31652069091797,
        24.15598487854004,
        58.61491775512695,
        42.3775520324707,
        58.31858825683594,
        49.90247344970703,
        33.4044075012207,
        31.305683135986328,
        58.957000732421875,
        36.56715393066406,
        54.502830505371094,
        43.172115325927734,
        26.34926986694336,
        30.671234130859375,
        26.85410499572754,
        42.958255767822266,
        46.66022491455078
    ]
}