{
    "Est_name": "XGB",
    "Run": 29,
    "Seed": 2615,
    "Est_params": {
        "learning_rate": 0.602,
        "n_estimators": 91,
        "max_depth": 5,
        "reg_lambda": 1.378
    },
    "R2": 0.8999741850424775,
    "R": 0.9503544723506482,
    "MAPE": 0.056043899133038116,
    "RMSE": 2.9696557684194778,
    "y_test": [
        57.0,
        35.5,
        34.0,
        48.0,
        40.39,
        20.5,
        22.73,
        25.81,
        27.4,
        32.91,
        43.55,
        40.1,
        47.0,
        51.0,
        48.0,
        36.0,
        48.0,
        22.13,
        44.05,
        46.0,
        30.0,
        41.52,
        28.0,
        33.76,
        44.75,
        32.0,
        49.7,
        39.12,
        49.0,
        54.25,
        39.5,
        20.8,
        46.87,
        41.78,
        35.75,
        36.0,
        42.5,
        29.5,
        53.0,
        57.96,
        37.75,
        46.5,
        38.78,
        31.7,
        35.0,
        39.0,
        27.12,
        39.21,
        44.95,
        53.25,
        35.25,
        33.5,
        50.0,
        42.0,
        43.64,
        21.5,
        39.42,
        46.0,
        40.52,
        53.5,
        41.0,
        42.86,
        43.0,
        54.0,
        56.5,
        34.62,
        57.21,
        43.29,
        43.5
    ],
    "y_pred": [
        59.04230499267578,
        35.07456970214844,
        33.15800094604492,
        46.29033660888672,
        41.83881378173828,
        21.918848037719727,
        28.059953689575195,
        32.5563850402832,
        32.53366470336914,
        34.0233154296875,
        43.46345138549805,
        37.594051361083984,
        47.13088607788086,
        47.97981262207031,
        50.815399169921875,
        37.523193359375,
        47.695003509521484,
        21.634355545043945,
        43.27238464355469,
        46.777587890625,
        32.105628967285156,
        47.96635818481445,
        26.89308738708496,
        33.370704650878906,
        46.42985534667969,
        34.38302230834961,
        48.94480895996094,
        43.71053695678711,
        50.105838775634766,
        50.70758819580078,
        37.31400680541992,
        21.892148971557617,
        47.4354362487793,
        41.16967010498047,
        35.52450180053711,
        33.91342544555664,
        40.585208892822266,
        29.802101135253906,
        47.76254653930664,
        58.00773239135742,
        42.24397277832031,
        47.193931579589844,
        37.82295608520508,
        34.840206146240234,
        36.094871520996094,
        43.17837142944336,
        33.32891845703125,
        48.36573028564453,
        44.40308380126953,
        53.0415153503418,
        31.473115921020508,
        33.301910400390625,
        48.38629150390625,
        42.264991760253906,
        44.46738052368164,
        22.309171676635742,
        40.73335647583008,
        42.91030502319336,
        40.87540817260742,
        55.69514846801758,
        38.759925842285156,
        43.2828483581543,
        45.991607666015625,
        46.28523254394531,
        57.113136291503906,
        34.594207763671875,
        50.105838775634766,
        43.42056655883789,
        42.00515365600586
    ]
}