{
    "Est_name": "XGB",
    "Run": 30,
    "Seed": 6924,
    "Est_params": {
        "learning_rate": 0.155,
        "n_estimators": 100,
        "max_depth": 5,
        "reg_lambda": 0.093
    },
    "R2": 0.9142103799916976,
    "R": 0.9566080940916449,
    "MAPE": 0.06329628841502638,
    "RMSE": 3.2679753953089374,
    "y_test": [
        46.0,
        18.52,
        46.8,
        42.0,
        27.4,
        46.0,
        41.4,
        40.5,
        57.27,
        39.3,
        42.03,
        38.0,
        51.0,
        34.5,
        22.9,
        22.73,
        53.5,
        52.0,
        42.3,
        31.53,
        13.33,
        33.0,
        45.5,
        35.0,
        39.5,
        49.7,
        28.0,
        22.04,
        55.5,
        39.42,
        57.8,
        45.0,
        31.67,
        40.0,
        37.0,
        43.5,
        42.0,
        34.5,
        57.0,
        39.45,
        42.25,
        47.3,
        23.33,
        32.0,
        49.5,
        44.05,
        25.68,
        62.5,
        41.04,
        33.5,
        39.73,
        56.0,
        33.41,
        59.0,
        27.12,
        35.25,
        26.5,
        43.07,
        25.81,
        60.25,
        32.5,
        56.5,
        49.0,
        48.0,
        22.13,
        37.5,
        41.75,
        38.82,
        57.5
    ],
    "y_pred": [
        50.65821075439453,
        18.69078254699707,
        37.67886734008789,
        42.59327697753906,
        31.119468688964844,
        45.32047653198242,
        40.587677001953125,
        38.59579086303711,
        55.0574951171875,
        39.00396728515625,
        42.45814514160156,
        39.34596252441406,
        47.564002990722656,
        36.51106643676758,
        21.580699920654297,
        29.651782989501953,
        53.110721588134766,
        48.497276306152344,
        41.24062728881836,
        30.069299697875977,
        15.212591171264648,
        31.615169525146484,
        45.66194152832031,
        36.18229675292969,
        40.04752731323242,
        49.84162139892578,
        20.690082550048828,
        21.25999641418457,
        52.06405258178711,
        39.91875076293945,
        45.998355865478516,
        43.621463775634766,
        31.511428833007812,
        42.952999114990234,
        44.0702018737793,
        42.61765670776367,
        44.65848159790039,
        33.50381088256836,
        52.44953918457031,
        36.86957931518555,
        43.177852630615234,
        44.13002395629883,
        15.983255386352539,
        33.801841735839844,
        49.4204216003418,
        41.75099182128906,
        30.83311653137207,
        57.25251388549805,
        41.2715950012207,
        36.1612663269043,
        41.99163818359375,
        56.84475326538086,
        32.390159606933594,
        57.09259033203125,
        28.873807907104492,
        34.55642318725586,
        28.82369041442871,
        42.49165344238281,
        29.524169921875,
        57.063499450683594,
        34.834754943847656,
        57.47595977783203,
        52.055477142333984,
        47.24086380004883,
        21.50449562072754,
        37.62840270996094,
        46.14917755126953,
        39.77932357788086,
        57.766334533691406
    ]
}