{
    "Est_name": "XGB",
    "Run": 38,
    "Seed": 6224,
    "Est_params": {
        "learning_rate": 0.417,
        "n_estimators": 87,
        "max_depth": 5,
        "reg_lambda": 1.335
    },
    "R2": 0.90424407339004,
    "R": 0.9510906285354405,
    "MAPE": 0.054419122775526824,
    "RMSE": 2.8081819880515826,
    "y_test": [
        39.61,
        44.5,
        51.0,
        57.5,
        40.87,
        34.5,
        31.47,
        42.25,
        35.75,
        40.12,
        42.75,
        33.0,
        33.41,
        60.25,
        33.85,
        42.3,
        44.05,
        32.0,
        32.0,
        32.25,
        41.95,
        28.0,
        29.0,
        33.5,
        39.12,
        43.65,
        46.0,
        27.7,
        43.5,
        48.0,
        23.9,
        42.35,
        59.0,
        32.57,
        43.66,
        35.0,
        47.0,
        33.5,
        52.07,
        43.4,
        30.5,
        36.0,
        49.9,
        30.5,
        53.5,
        40.0,
        40.1,
        57.21,
        45.5,
        22.9,
        13.33,
        36.0,
        45.22,
        32.25,
        41.0,
        57.0,
        35.25,
        40.0,
        42.56,
        33.25,
        33.6,
        48.0,
        52.5,
        49.5,
        35.5,
        43.64,
        40.03,
        50.8,
        35.75
    ],
    "y_pred": [
        31.14203453063965,
        45.52880096435547,
        48.87974166870117,
        61.52898025512695,
        41.34945297241211,
        44.85411834716797,
        30.034521102905273,
        43.55108642578125,
        37.20786666870117,
        40.681846618652344,
        41.22220993041992,
        31.500518798828125,
        35.18376541137695,
        59.42792892456055,
        34.56251907348633,
        40.124507904052734,
        43.78125,
        33.74154281616211,
        34.490806579589844,
        33.792694091796875,
        43.084815979003906,
        28.9601993560791,
        32.87739562988281,
        35.930519104003906,
        39.59444808959961,
        39.59444808959961,
        42.84636688232422,
        32.32106018066406,
        40.51595687866211,
        47.77016830444336,
        23.7459774017334,
        40.96791076660156,
        57.10449981689453,
        32.53915023803711,
        38.36830139160156,
        36.234527587890625,
        50.45329666137695,
        35.04306411743164,
        53.73167419433594,
        44.32657241821289,
        28.165725708007812,
        33.85891342163086,
        48.24435043334961,
        30.554603576660156,
        51.98447799682617,
        40.39364242553711,
        37.59343719482422,
        48.97815704345703,
        45.880619049072266,
        25.092836380004883,
        15.935988426208496,
        38.7954216003418,
        42.39095687866211,
        31.85129165649414,
        36.080169677734375,
        55.660194396972656,
        32.04477310180664,
        41.78583908081055,
        41.11220169067383,
        35.31135559082031,
        34.173126220703125,
        46.958133697509766,
        52.87970733642578,
        49.727455139160156,
        34.43151092529297,
        44.22294998168945,
        42.257320404052734,
        48.24916076660156,
        34.6353759765625
    ]
}