{
    "Est_name": "XGB",
    "Run": 8,
    "Seed": 8935,
    "Est_params": {
        "learning_rate": 0.954,
        "n_estimators": 99,
        "max_depth": 3,
        "reg_lambda": 4.953
    },
    "R2": 0.8929336135472191,
    "R": 0.9451837592199097,
    "MAPE": 0.06124100101226945,
    "RMSE": 3.0723913904664757,
    "y_test": [
        43.07,
        33.76,
        49.0,
        48.7,
        43.65,
        45.22,
        39.45,
        26.5,
        43.4,
        20.5,
        48.0,
        33.0,
        33.5,
        43.0,
        33.41,
        22.9,
        39.5,
        43.64,
        29.41,
        31.47,
        53.5,
        42.5,
        35.0,
        22.73,
        33.4,
        48.0,
        31.97,
        56.0,
        33.95,
        62.5,
        27.5,
        39.21,
        32.9,
        33.25,
        39.53,
        48.5,
        54.25,
        27.4,
        50.5,
        23.9,
        27.49,
        27.5,
        43.5,
        35.5,
        40.1,
        41.0,
        42.03,
        56.38,
        45.02,
        39.78,
        40.75,
        47.0,
        31.67,
        29.5,
        41.23,
        25.68,
        35.0,
        38.61,
        36.0,
        43.76,
        39.0,
        39.42,
        35.25,
        22.67,
        40.03,
        58.0,
        32.5,
        47.0,
        22.5
    ],
    "y_pred": [
        43.87310028076172,
        34.18605041503906,
        51.991085052490234,
        44.049713134765625,
        41.61735153198242,
        40.723716735839844,
        36.558109283447266,
        24.95248794555664,
        43.452999114990234,
        21.005138397216797,
        51.190677642822266,
        32.51875686645508,
        31.431232452392578,
        44.58548355102539,
        33.071449279785156,
        25.96590232849121,
        34.70444107055664,
        43.3364143371582,
        29.070852279663086,
        32.711875915527344,
        54.794761657714844,
        41.55160903930664,
        34.850608825683594,
        29.590431213378906,
        32.53182601928711,
        48.415672302246094,
        30.155092239379883,
        57.19274139404297,
        30.52288818359375,
        58.953163146972656,
        34.97773742675781,
        41.1053581237793,
        33.440162658691406,
        34.7767448425293,
        44.07424545288086,
        49.69063949584961,
        50.299560546875,
        31.37586212158203,
        49.188446044921875,
        25.710830688476562,
        23.810754776000977,
        29.640790939331055,
        44.609130859375,
        38.06035232543945,
        35.13716125488281,
        40.917274475097656,
        40.508026123046875,
        45.336116790771484,
        44.917049407958984,
        36.874053955078125,
        36.47100830078125,
        44.90364074707031,
        30.26880645751953,
        29.9293212890625,
        49.98847198486328,
        28.126802444458008,
        35.0375862121582,
        39.85194778442383,
        35.28824996948242,
        40.74468231201172,
        35.04603576660156,
        38.882972717285156,
        33.96206283569336,
        20.930980682373047,
        42.794647216796875,
        58.421722412109375,
        32.232120513916016,
        47.24761199951172,
        24.025068283081055
    ]
}