{
    "Est_name": "XGB",
    "Run": 11,
    "Seed": 6912,
    "Est_params": {
        "learning_rate": 0.622,
        "n_estimators": 98,
        "max_depth": 3,
        "reg_lambda": 1.15
    },
    "R2": 0.8920408005747291,
    "R": 0.9449951054631965,
    "MAPE": 0.05657519941545624,
    "RMSE": 3.2619038041788526,
    "y_test": [
        48.0,
        40.0,
        37.5,
        48.7,
        43.76,
        26.5,
        26.5,
        32.9,
        25.81,
        39.12,
        50.86,
        37.5,
        34.8,
        42.86,
        40.75,
        43.07,
        42.56,
        53.25,
        45.0,
        47.0,
        32.83,
        36.0,
        34.5,
        20.5,
        57.96,
        26.25,
        48.0,
        32.0,
        45.02,
        47.3,
        35.0,
        39.53,
        45.5,
        30.0,
        43.4,
        40.0,
        36.5,
        57.1,
        55.5,
        43.0,
        42.5,
        40.5,
        58.59,
        53.5,
        41.78,
        46.11,
        41.0,
        44.05,
        30.0,
        34.5,
        33.0,
        15.11,
        46.8,
        57.27,
        43.5,
        43.66,
        43.64,
        41.8,
        41.5,
        23.0,
        48.5,
        58.5,
        34.5,
        54.2,
        45.5,
        59.0,
        29.5,
        22.5,
        56.0
    ],
    "y_pred": [
        49.95895767211914,
        44.16465759277344,
        35.960853576660156,
        42.7767219543457,
        40.65755844116211,
        27.23527717590332,
        25.592100143432617,
        32.754032135009766,
        27.383455276489258,
        38.992374420166016,
        53.28472900390625,
        37.19594955444336,
        32.44361114501953,
        41.63705825805664,
        38.099571228027344,
        42.37295150756836,
        44.376922607421875,
        54.71287155151367,
        43.98904800415039,
        45.95714569091797,
        33.385799407958984,
        35.554359436035156,
        39.90999984741211,
        20.944128036499023,
        54.712730407714844,
        29.504241943359375,
        49.64683532714844,
        35.21790313720703,
        44.77253723144531,
        38.64760208129883,
        34.18834686279297,
        44.07530975341797,
        47.35189437866211,
        31.288894653320312,
        43.47169494628906,
        41.025856018066406,
        39.25659942626953,
        52.22968673706055,
        52.3506965637207,
        53.59971237182617,
        44.64260482788086,
        38.59901809692383,
        54.350887298583984,
        54.13367462158203,
        41.789363861083984,
        46.99275588989258,
        34.39545822143555,
        43.12290954589844,
        31.261215209960938,
        34.97967529296875,
        31.917724609375,
        17.682758331298828,
        35.108516693115234,
        55.774200439453125,
        42.00714111328125,
        36.13055419921875,
        43.86760711669922,
        41.43136215209961,
        40.2159309387207,
        25.00330352783203,
        49.53501510620117,
        56.83917236328125,
        35.89577102661133,
        51.1435546875,
        47.058006286621094,
        58.47135925292969,
        30.37177085876465,
        25.00330352783203,
        54.05462646484375
    ]
}