{
    "Est_name": "XGB",
    "Run": 46,
    "Seed": 8785,
    "Est_params": {
        "learning_rate": 0.476,
        "n_estimators": 81,
        "max_depth": 7,
        "reg_lambda": 0.127
    },
    "R2": 0.9254127750941229,
    "R": 0.9634680752618012,
    "MAPE": 0.0519801359422847,
    "RMSE": 2.679015384701945,
    "y_test": [
        37.5,
        50.75,
        29.5,
        26.75,
        55.5,
        39.5,
        53.5,
        42.56,
        35.0,
        41.89,
        44.6,
        47.0,
        31.47,
        34.5,
        31.5,
        22.9,
        39.53,
        50.5,
        31.59,
        52.07,
        26.5,
        57.0,
        42.56,
        34.5,
        53.0,
        34.5,
        56.25,
        30.5,
        40.5,
        40.12,
        48.0,
        46.8,
        40.5,
        45.25,
        31.67,
        28.0,
        51.0,
        31.53,
        21.75,
        57.1,
        39.3,
        37.5,
        29.5,
        29.0,
        33.5,
        41.25,
        50.0,
        46.5,
        56.5,
        42.0,
        42.5,
        41.0,
        41.23,
        20.8,
        44.0,
        43.0,
        30.5,
        36.0,
        43.0,
        56.0,
        53.5,
        59.0,
        46.0,
        43.66,
        53.5,
        55.84,
        30.0,
        42.2,
        28.0
    ],
    "y_pred": [
        37.895782470703125,
        54.23057556152344,
        30.819286346435547,
        29.74062728881836,
        53.743377685546875,
        38.535797119140625,
        54.0938835144043,
        43.500404357910156,
        36.04585266113281,
        41.57416534423828,
        43.41008377075195,
        47.57575607299805,
        29.752403259277344,
        35.239742279052734,
        31.348247528076172,
        23.276004791259766,
        44.68288803100586,
        49.900760650634766,
        31.283031463623047,
        54.014488220214844,
        30.939666748046875,
        54.855159759521484,
        41.82657241821289,
        37.74641036987305,
        47.039878845214844,
        32.081661224365234,
        58.99271774291992,
        30.571144104003906,
        39.15797805786133,
        43.53315353393555,
        50.55802917480469,
        44.363067626953125,
        39.60337829589844,
        44.824554443359375,
        31.909536361694336,
        30.001934051513672,
        48.324363708496094,
        29.985624313354492,
        23.818395614624023,
        54.143394470214844,
        40.07833480834961,
        34.39727020263672,
        29.41502571105957,
        32.54167175292969,
        32.04426956176758,
        45.80146789550781,
        50.847469329833984,
        46.08627700805664,
        57.499759674072266,
        42.18299102783203,
        41.32691955566406,
        40.24243927001953,
        45.91747283935547,
        23.194332122802734,
        53.17608642578125,
        44.14519500732422,
        29.21932029724121,
        33.51659393310547,
        45.99932861328125,
        57.55756759643555,
        54.443641662597656,
        56.999237060546875,
        47.02075958251953,
        37.74401092529297,
        55.49740982055664,
        55.5203971862793,
        31.519502639770508,
        40.54221725463867,
        20.26891326904297
    ]
}