{
    "Est_name": "XGB",
    "Run": 45,
    "Seed": 7527,
    "Est_params": {
        "learning_rate": 0.632,
        "n_estimators": 100,
        "max_depth": 6,
        "reg_lambda": 2.962
    },
    "R2": 0.864458584984348,
    "R": 0.9301445501727091,
    "MAPE": 0.05142034021239184,
    "RMSE": 3.237357597218212,
    "y_test": [
        30.5,
        29.6,
        48.0,
        39.8,
        40.87,
        34.5,
        34.5,
        57.21,
        32.9,
        48.7,
        42.0,
        40.75,
        41.23,
        51.5,
        48.0,
        26.5,
        41.4,
        35.75,
        39.12,
        35.0,
        29.02,
        42.03,
        46.0,
        34.5,
        41.25,
        57.96,
        49.5,
        49.7,
        35.0,
        50.5,
        29.5,
        32.25,
        42.75,
        46.0,
        40.5,
        56.5,
        60.25,
        44.5,
        43.65,
        57.27,
        33.5,
        48.0,
        42.29,
        30.5,
        43.29,
        33.5,
        43.55,
        49.0,
        56.38,
        28.5,
        22.73,
        42.25,
        40.0,
        34.62,
        44.05,
        22.04,
        39.21,
        35.3,
        30.0,
        34.5,
        47.3,
        43.0,
        56.0,
        39.3,
        52.5,
        32.43,
        43.5,
        42.56,
        33.5
    ],
    "y_pred": [
        31.1730899810791,
        29.826278686523438,
        52.09773635864258,
        43.51482009887695,
        30.895708084106445,
        43.03187561035156,
        35.72684860229492,
        47.6656494140625,
        33.01602554321289,
        41.535072326660156,
        41.60430908203125,
        41.3490104675293,
        40.39984893798828,
        47.81943130493164,
        51.952484130859375,
        26.03165626525879,
        43.669986724853516,
        36.39299774169922,
        41.92184066772461,
        39.742431640625,
        29.4449462890625,
        41.34690856933594,
        54.271484375,
        33.616111755371094,
        38.51681137084961,
        54.97087097167969,
        49.620018005371094,
        49.52427291870117,
        37.45679473876953,
        49.56821060180664,
        29.368005752563477,
        30.65228271484375,
        41.70899963378906,
        44.67000198364258,
        39.685523986816406,
        56.88689422607422,
        59.351104736328125,
        43.353858947753906,
        41.92184066772461,
        55.35024642944336,
        33.73482894897461,
        44.977622985839844,
        39.76511764526367,
        31.417692184448242,
        45.37537384033203,
        32.67150115966797,
        44.05463790893555,
        47.6656494140625,
        49.404258728027344,
        26.932907104492188,
        24.68876838684082,
        43.16962814331055,
        43.50203323364258,
        34.50162887573242,
        43.72184753417969,
        20.722265243530273,
        44.99741744995117,
        35.315792083740234,
        30.546621322631836,
        36.44899368286133,
        39.68836212158203,
        42.968868255615234,
        54.37515640258789,
        38.73517608642578,
        53.227413177490234,
        34.03262710571289,
        41.942012786865234,
        42.46455764770508,
        35.417625427246094
    ]
}