{
    "Est_name": "XGB",
    "Run": 12,
    "Seed": 520,
    "Est_params": {
        "learning_rate": 0.208,
        "n_estimators": 85,
        "max_depth": 6,
        "reg_lambda": 3.078
    },
    "R2": 0.792725785728696,
    "R": 0.8934878521269368,
    "MAPE": 0.0782970581505459,
    "RMSE": 4.84134620705752,
    "y_test": [
        40.0,
        35.5,
        43.07,
        59.0,
        45.5,
        21.75,
        35.0,
        51.5,
        31.75,
        50.5,
        41.52,
        39.0,
        39.0,
        16.58,
        43.0,
        13.33,
        48.0,
        34.5,
        51.0,
        22.13,
        24.5,
        30.5,
        57.27,
        46.7,
        46.25,
        43.4,
        32.9,
        59.0,
        52.07,
        47.0,
        41.23,
        42.25,
        39.5,
        57.0,
        29.41,
        45.0,
        55.52,
        23.0,
        20.8,
        50.8,
        23.9,
        40.0,
        41.89,
        32.25,
        50.2,
        43.55,
        42.3,
        27.4,
        31.8,
        37.5,
        42.29,
        46.8,
        33.76,
        42.5,
        34.0,
        56.5,
        54.04,
        38.82,
        32.43,
        39.12,
        31.25,
        42.2,
        36.5,
        35.25,
        33.95,
        52.0,
        26.5,
        56.0,
        47.3
    ],
    "y_pred": [
        40.43736267089844,
        33.83315658569336,
        42.52685546875,
        60.197940826416016,
        46.568443298339844,
        20.801097869873047,
        35.560455322265625,
        47.774784088134766,
        31.38519859313965,
        49.70350646972656,
        42.999420166015625,
        43.24281692504883,
        35.20918655395508,
        51.39699935913086,
        47.73377227783203,
        16.819561004638672,
        46.454193115234375,
        41.35892105102539,
        46.31725311279297,
        22.050512313842773,
        27.528139114379883,
        30.693004608154297,
        55.79353332519531,
        44.865203857421875,
        45.584598541259766,
        43.525691986083984,
        33.70767593383789,
        58.11796188354492,
        53.7391357421875,
        46.18989562988281,
        48.823116302490234,
        40.382843017578125,
        38.7801628112793,
        60.197940826416016,
        26.75145721435547,
        44.552284240722656,
        57.541282653808594,
        25.0401668548584,
        19.910579681396484,
        49.46919631958008,
        25.81842803955078,
        40.55589294433594,
        44.478363037109375,
        31.418685913085938,
        46.6071891784668,
        43.36699676513672,
        43.54133987426758,
        29.85809898376465,
        29.43609619140625,
        38.76181411743164,
        39.92063522338867,
        41.295841217041016,
        33.83419418334961,
        42.45907974243164,
        34.266719818115234,
        57.49082946777344,
        51.809940338134766,
        37.94078826904297,
        34.49619674682617,
        40.06671905517578,
        31.532583236694336,
        42.294281005859375,
        41.654720306396484,
        35.07781219482422,
        32.98573303222656,
        50.15207290649414,
        27.317720413208008,
        54.42525863647461,
        43.88998794555664
    ]
}