{
    "Est_name": "XGB",
    "Run": 27,
    "Seed": 4557,
    "Est_params": {
        "learning_rate": 0.376,
        "n_estimators": 43,
        "max_depth": 10,
        "reg_lambda": 1.78
    },
    "R2": 0.8635639851123689,
    "R": 0.9298578373018785,
    "MAPE": 0.07008147104530953,
    "RMSE": 3.636604484197716,
    "y_test": [
        48.0,
        39.78,
        39.61,
        39.5,
        40.12,
        53.5,
        46.5,
        53.9,
        33.5,
        33.25,
        34.5,
        50.5,
        32.25,
        44.5,
        56.38,
        35.25,
        29.0,
        51.0,
        23.0,
        15.11,
        45.8,
        40.5,
        29.5,
        36.0,
        58.0,
        31.8,
        28.5,
        35.0,
        35.5,
        43.0,
        42.03,
        48.5,
        42.2,
        49.7,
        48.0,
        52.5,
        33.41,
        25.81,
        39.0,
        41.23,
        54.2,
        33.85,
        41.78,
        32.91,
        43.4,
        27.49,
        30.25,
        20.8,
        38.0,
        48.0,
        33.5,
        26.5,
        22.04,
        30.0,
        52.5,
        31.47,
        44.05,
        45.25,
        43.0,
        43.29,
        42.3,
        57.0,
        54.25,
        26.5,
        51.0,
        43.0,
        49.5,
        25.68,
        32.83
    ],
    "y_pred": [
        46.481353759765625,
        37.8199462890625,
        29.96220588684082,
        38.3388786315918,
        42.41032409667969,
        52.43215560913086,
        44.25487518310547,
        52.32819366455078,
        35.18208312988281,
        35.29770278930664,
        38.83897399902344,
        50.02882385253906,
        30.117685317993164,
        43.68871307373047,
        41.547428131103516,
        32.98281478881836,
        30.928911209106445,
        46.344520568847656,
        23.898082733154297,
        21.579988479614258,
        44.490196228027344,
        38.730308532714844,
        36.384281158447266,
        35.70502853393555,
        58.348426818847656,
        29.642152786254883,
        36.04731750488281,
        33.73130416870117,
        34.797149658203125,
        49.47243118286133,
        41.204742431640625,
        45.199462890625,
        36.90947341918945,
        49.69947052001953,
        46.38634490966797,
        55.34020233154297,
        33.71168899536133,
        27.71132469177246,
        38.69650650024414,
        51.42161560058594,
        52.331695556640625,
        34.668880462646484,
        41.582942962646484,
        33.70527267456055,
        44.41899490356445,
        31.086950302124023,
        31.8927001953125,
        19.82565689086914,
        38.76570510864258,
        48.52021408081055,
        32.21629333496094,
        31.11177635192871,
        21.84392547607422,
        35.342323303222656,
        50.56133270263672,
        29.537763595581055,
        43.50682830810547,
        45.37216567993164,
        46.63780212402344,
        44.65753936767578,
        41.970882415771484,
        55.7702522277832,
        55.76548767089844,
        31.441858291625977,
        50.21047592163086,
        46.134681701660156,
        46.65091323852539,
        29.25107765197754,
        33.30183792114258
    ]
}