{
    "Est_name": "XGB",
    "Run": 16,
    "Seed": 3811,
    "Est_params": {
        "learning_rate": 0.355,
        "n_estimators": 67,
        "max_depth": 4,
        "reg_lambda": 4.454
    },
    "R2": 0.8547518694078375,
    "R": 0.9263189266062746,
    "MAPE": 0.052711469060033656,
    "RMSE": 2.995555990306216,
    "y_test": [
        30.0,
        53.5,
        49.5,
        36.0,
        46.0,
        49.9,
        32.83,
        33.46,
        38.0,
        42.3,
        40.39,
        32.25,
        32.91,
        31.75,
        33.25,
        49.7,
        46.0,
        51.0,
        48.0,
        35.0,
        33.5,
        47.0,
        42.25,
        43.64,
        40.5,
        30.0,
        35.5,
        50.2,
        29.0,
        55.5,
        53.5,
        52.5,
        15.11,
        47.3,
        29.5,
        37.0,
        48.0,
        39.12,
        41.95,
        43.66,
        53.25,
        43.76,
        53.5,
        56.38,
        38.78,
        51.0,
        41.04,
        39.0,
        40.0,
        46.0,
        42.0,
        37.25,
        39.0,
        39.78,
        48.0,
        34.5,
        41.5,
        35.0,
        45.0,
        36.5,
        41.8,
        39.21,
        35.0,
        41.0,
        39.5,
        36.0,
        33.04,
        33.95,
        29.6
    ],
    "y_pred": [
        32.03801727294922,
        53.983211517333984,
        48.9979133605957,
        38.56332778930664,
        45.66975402832031,
        49.26548385620117,
        33.0789794921875,
        33.196319580078125,
        39.442142486572266,
        42.735530853271484,
        41.746402740478516,
        31.815420150756836,
        35.2924690246582,
        32.79578399658203,
        33.63264465332031,
        49.07961654663086,
        51.14417266845703,
        47.02922439575195,
        46.87693405151367,
        35.252967834472656,
        32.761871337890625,
        43.02475357055664,
        40.717830657958984,
        45.20493698120117,
        39.468994140625,
        30.893095016479492,
        36.636234283447266,
        43.04489517211914,
        27.664020538330078,
        56.277130126953125,
        53.36334991455078,
        54.826812744140625,
        17.73111343383789,
        45.138065338134766,
        30.81914710998535,
        42.72520446777344,
        43.11640167236328,
        39.745426177978516,
        41.62126922607422,
        37.18965148925781,
        55.30992889404297,
        41.14189529418945,
        55.040618896484375,
        44.83856201171875,
        35.263771057128906,
        49.84159851074219,
        40.85818862915039,
        45.442386627197266,
        42.82472610473633,
        44.81397247314453,
        39.507484436035156,
        38.3299560546875,
        36.31489562988281,
        35.081321716308594,
        49.798824310302734,
        33.5899772644043,
        39.52604675292969,
        35.57364273071289,
        50.34650802612305,
        34.16652297973633,
        43.23172378540039,
        43.86933135986328,
        36.998268127441406,
        35.19987106323242,
        38.86942672729492,
        34.949066162109375,
        32.10308074951172,
        32.62578582763672,
        28.735618591308594
    ]
}