{
    "Est_name": "XGB",
    "Run": 41,
    "Seed": 5635,
    "Est_params": {
        "learning_rate": 0.417,
        "n_estimators": 86,
        "max_depth": 7,
        "reg_lambda": 4.903
    },
    "R2": 0.8823752156561223,
    "R": 0.942710715030212,
    "MAPE": 0.05598843561010022,
    "RMSE": 3.040531302748363,
    "y_test": [
        59.5,
        47.0,
        31.47,
        49.0,
        44.5,
        34.5,
        41.4,
        33.5,
        32.57,
        42.66,
        56.0,
        50.5,
        44.05,
        33.46,
        28.0,
        36.5,
        31.67,
        26.5,
        40.0,
        47.0,
        55.52,
        36.5,
        52.07,
        39.5,
        39.5,
        39.78,
        29.5,
        34.25,
        36.0,
        26.25,
        48.0,
        46.5,
        42.2,
        49.0,
        26.5,
        39.5,
        28.5,
        27.7,
        49.9,
        35.5,
        32.5,
        53.25,
        58.59,
        40.0,
        22.5,
        40.5,
        53.5,
        32.91,
        30.25,
        41.52,
        40.75,
        46.7,
        30.0,
        39.3,
        35.25,
        36.0,
        42.0,
        57.96,
        37.0,
        57.5,
        40.12,
        41.5,
        32.83,
        49.5,
        41.0,
        31.59,
        38.61,
        36.0,
        42.37
    ],
    "y_pred": [
        58.572906494140625,
        46.568641662597656,
        30.11275863647461,
        40.618865966796875,
        45.4877815246582,
        42.822574615478516,
        40.28099060058594,
        31.44816017150879,
        31.417755126953125,
        42.74650192260742,
        57.716163635253906,
        50.2557258605957,
        43.967185974121094,
        34.3378791809082,
        27.643339157104492,
        40.340877532958984,
        31.911142349243164,
        29.91168212890625,
        40.39494323730469,
        48.06724548339844,
        55.38167190551758,
        34.119110107421875,
        53.62649917602539,
        35.07262420654297,
        38.599365234375,
        38.65835952758789,
        30.735759735107422,
        32.11089324951172,
        39.14326477050781,
        28.569101333618164,
        46.964149475097656,
        45.16295623779297,
        49.92867660522461,
        56.77423095703125,
        25.50090217590332,
        34.665836334228516,
        30.20697784423828,
        34.168853759765625,
        50.018470764160156,
        37.50343704223633,
        30.76222801208496,
        53.04930877685547,
        56.0481071472168,
        42.14554977416992,
        22.9827880859375,
        39.0166015625,
        52.50587463378906,
        32.06802749633789,
        31.62434196472168,
        40.66219711303711,
        39.09125518798828,
        45.69575881958008,
        32.17342758178711,
        38.47860336303711,
        34.822288513183594,
        39.033897399902344,
        45.28374099731445,
        55.17592239379883,
        44.631370544433594,
        60.99281692504883,
        41.69796371459961,
        48.49067687988281,
        34.106201171875,
        48.845252990722656,
        36.39362335205078,
        31.74394416809082,
        38.22736740112305,
        33.98863220214844,
        43.59103012084961
    ]
}