{
    "Est_name": "XGB",
    "Run": 39,
    "Seed": 1584,
    "Est_params": {
        "learning_rate": 0.265,
        "n_estimators": 98,
        "max_depth": 5,
        "reg_lambda": 3.491
    },
    "R2": 0.8010690223920276,
    "R": 0.8986012075166302,
    "MAPE": 0.08226160624307097,
    "RMSE": 4.606090372336224,
    "y_test": [
        23.0,
        45.0,
        39.42,
        43.5,
        41.75,
        42.0,
        41.78,
        49.0,
        50.5,
        52.5,
        16.58,
        40.5,
        43.64,
        41.23,
        56.0,
        37.0,
        40.87,
        39.5,
        31.53,
        54.2,
        37.5,
        54.25,
        57.27,
        44.0,
        47.0,
        33.5,
        25.68,
        54.04,
        33.0,
        43.5,
        42.56,
        53.0,
        40.03,
        43.66,
        41.8,
        22.73,
        62.5,
        26.5,
        29.02,
        32.5,
        33.5,
        42.0,
        53.5,
        59.5,
        26.5,
        43.29,
        38.82,
        46.0,
        50.0,
        58.25,
        22.04,
        46.0,
        49.5,
        54.0,
        29.02,
        42.66,
        32.26,
        31.75,
        43.47,
        46.25,
        56.0,
        30.5,
        59.0,
        33.5,
        49.9,
        43.65,
        42.75,
        31.97,
        26.75
    ],
    "y_pred": [
        27.127309799194336,
        42.72013473510742,
        39.679019927978516,
        44.699440002441406,
        46.30498123168945,
        44.45877456665039,
        40.60270309448242,
        43.618228912353516,
        48.663265228271484,
        53.06275939941406,
        42.98706817626953,
        37.99427795410156,
        43.984779357910156,
        44.26724624633789,
        56.35165786743164,
        42.93574523925781,
        45.1297607421875,
        41.90006637573242,
        32.43043518066406,
        51.53615188598633,
        35.771427154541016,
        50.4498176574707,
        55.76840591430664,
        43.940860748291016,
        45.767635345458984,
        36.10858917236328,
        29.687089920043945,
        50.21927261352539,
        32.15132522583008,
        46.33112335205078,
        44.81077575683594,
        48.33012771606445,
        43.2333984375,
        37.48544692993164,
        45.59230041503906,
        26.761260986328125,
        59.35795974731445,
        28.947843551635742,
        47.79597854614258,
        32.06858825683594,
        34.04258346557617,
        43.640010833740234,
        52.851783752441406,
        58.76809310913086,
        25.206148147583008,
        44.356300354003906,
        39.15209197998047,
        45.72301483154297,
        48.71342086791992,
        59.3203239440918,
        21.22296714782715,
        46.73175048828125,
        49.35774230957031,
        55.02171325683594,
        31.8792667388916,
        42.4517936706543,
        31.027381896972656,
        32.95315933227539,
        42.20414352416992,
        45.33037567138672,
        55.4770622253418,
        31.87887191772461,
        58.529415130615234,
        32.92405700683594,
        48.04493713378906,
        40.37577819824219,
        41.007015228271484,
        29.902605056762695,
        29.486467361450195
    ]
}