{
    "Est_name": "XGB",
    "Run": 25,
    "Seed": 7359,
    "Est_params": {
        "learning_rate": 0.672,
        "n_estimators": 100,
        "max_depth": 4,
        "reg_lambda": 4.056
    },
    "R2": 0.8079797856346125,
    "R": 0.902190392593969,
    "MAPE": 0.07881205181115378,
    "RMSE": 4.63759196730587,
    "y_test": [
        29.41,
        26.5,
        58.25,
        43.5,
        20.5,
        22.5,
        32.83,
        46.87,
        37.5,
        45.0,
        21.5,
        43.29,
        57.96,
        40.5,
        42.5,
        50.75,
        35.25,
        54.0,
        29.6,
        59.5,
        18.52,
        43.07,
        40.52,
        39.42,
        57.8,
        48.0,
        27.5,
        31.59,
        34.8,
        56.5,
        43.0,
        40.75,
        32.57,
        45.23,
        35.75,
        48.7,
        23.0,
        52.0,
        49.5,
        40.5,
        32.0,
        42.25,
        29.5,
        34.5,
        42.86,
        35.3,
        50.86,
        54.25,
        34.5,
        48.0,
        34.0,
        31.53,
        36.0,
        41.16,
        53.5,
        49.0,
        39.5,
        57.5,
        35.25,
        41.78,
        55.5,
        16.58,
        35.0,
        33.0,
        55.5,
        27.4,
        33.5,
        40.0,
        39.3
    ],
    "y_pred": [
        29.452205657958984,
        28.009366989135742,
        59.4345588684082,
        42.84166717529297,
        21.1353759765625,
        25.512466430664062,
        33.80234146118164,
        45.1447639465332,
        37.544639587402344,
        43.073543548583984,
        22.222524642944336,
        44.42621612548828,
        54.149658203125,
        39.43104934692383,
        45.070228576660156,
        51.48857116699219,
        30.647682189941406,
        60.35013198852539,
        28.359960556030273,
        59.36683654785156,
        16.941051483154297,
        42.3106803894043,
        40.07719039916992,
        40.9697380065918,
        38.01689529418945,
        45.68330383300781,
        34.550411224365234,
        33.344146728515625,
        32.208526611328125,
        58.28575134277344,
        43.71368408203125,
        50.921348571777344,
        33.5960693359375,
        43.600582122802734,
        34.004638671875,
        43.38338088989258,
        25.512466430664062,
        51.48939514160156,
        49.329429626464844,
        41.609397888183594,
        35.009029388427734,
        43.64924240112305,
        30.328874588012695,
        33.41879653930664,
        42.064754486083984,
        33.450889587402344,
        49.1939582824707,
        59.67900848388672,
        40.27485656738281,
        47.554344177246094,
        33.428829193115234,
        29.183103561401367,
        38.089561462402344,
        42.25883865356445,
        51.8980712890625,
        54.86111068725586,
        36.08058166503906,
        60.50835418701172,
        37.05222702026367,
        42.12110137939453,
        56.70669174194336,
        40.4419059753418,
        36.718482971191406,
        32.558773040771484,
        53.226890563964844,
        31.370996475219727,
        30.899438858032227,
        42.503604888916016,
        39.0622673034668
    ]
}