{
    "Est_name": "XGB",
    "Run": 7,
    "Seed": 1679,
    "Est_params": {
        "learning_rate": 0.274,
        "n_estimators": 100,
        "max_depth": 5,
        "reg_lambda": 0.0
    },
    "R2": 0.7872248041140164,
    "R": 0.8939018753984266,
    "MAPE": 0.09084160756202107,
    "RMSE": 4.73262050372887,
    "y_test": [
        32.33,
        52.07,
        44.0,
        32.25,
        26.5,
        56.0,
        26.5,
        34.75,
        32.43,
        39.3,
        51.0,
        22.73,
        49.5,
        36.0,
        37.5,
        29.5,
        40.39,
        32.0,
        24.67,
        56.5,
        23.33,
        56.0,
        44.6,
        40.75,
        51.0,
        45.8,
        39.0,
        59.0,
        29.02,
        36.0,
        39.5,
        42.56,
        48.0,
        38.78,
        51.5,
        39.12,
        35.5,
        57.5,
        40.0,
        30.5,
        53.0,
        16.58,
        58.5,
        45.23,
        41.89,
        39.0,
        42.56,
        43.0,
        20.5,
        38.0,
        57.8,
        35.0,
        41.04,
        27.5,
        48.0,
        31.5,
        45.25,
        55.84,
        26.5,
        49.0,
        39.12,
        33.4,
        30.0,
        35.25,
        33.0,
        29.02,
        54.04,
        34.62,
        41.75
    ],
    "y_pred": [
        34.085697174072266,
        50.79779815673828,
        53.03389358520508,
        29.829959869384766,
        30.220348358154297,
        54.09513854980469,
        30.60962677001953,
        32.47071075439453,
        34.88833236694336,
        38.058834075927734,
        48.62749099731445,
        27.096485137939453,
        49.654781341552734,
        35.12379837036133,
        38.24171829223633,
        30.88349723815918,
        41.883785247802734,
        34.6057014465332,
        26.890382766723633,
        57.335899353027344,
        14.724364280700684,
        54.28508377075195,
        42.75041961669922,
        41.278560638427734,
        50.137718200683594,
        44.87068176269531,
        40.91962814331055,
        57.51351547241211,
        45.90232467651367,
        41.87898635864258,
        39.225135803222656,
        43.575904846191406,
        47.617801666259766,
        37.64686584472656,
        58.888572692871094,
        39.513858795166016,
        37.4659309387207,
        60.176692962646484,
        40.547908782958984,
        31.21978187561035,
        47.96356201171875,
        38.4759521484375,
        54.70996856689453,
        44.31338119506836,
        44.841007232666016,
        36.72148132324219,
        40.721778869628906,
        46.23708724975586,
        21.416837692260742,
        42.793678283691406,
        46.56951141357422,
        38.215885162353516,
        41.40583801269531,
        38.645172119140625,
        47.172550201416016,
        32.3892936706543,
        43.528751373291016,
        55.54924774169922,
        27.440622329711914,
        47.15676498413086,
        43.7594108581543,
        33.6999397277832,
        33.628414154052734,
        34.70695495605469,
        32.6511344909668,
        30.253171920776367,
        53.386962890625,
        34.61886978149414,
        44.628074645996094
    ]
}