{
    "arquivo": "E-n23-k3",
    "media_distancia": 627.7678528953462,
    "desvio_padrao_distancia": 44.59986960896845,
    "minimo_distancia": 559.6257079916916,
    "maximo_distancia": 728.2046119803133,
    "media_tempo": 68.48306875228882,
    "desvio_padrao_tempo": 20.45798008185622,
    "resultados_execucoes": [
        {
            "execucao": 1,
            "distancia": 634.4248047360282,
            "rota": [
                1,
                28,
                13,
                12,
                7,
                3,
                17,
                16,
                15,
                31,
                19,
                25,
                22,
                24,
                27,
                20,
                21,
                30,
                23,
                18,
                4,
                32,
                2,
                29,
                14,
                11,
                10,
                6,
                5,
                26,
                9,
                8,
                1
            ],
            "tempo_execucao": 83.50002670288086
        },
        {
            "execucao": 2,
            "distancia": 685.555823634757,
            "rota": [
                1,
                13,
                12,
                29,
                14,
                11,
                10,
                9,
                26,
                6,
                5,
                22,
                20,
                21,
                30,
                23,
                18,
                31,
                19,
                27,
                24,
                25,
                8,
                7,
                2,
                3,
                32,
                4,
                17,
                16,
                15,
                28,
                1
            ],
            "tempo_execucao": 46.08198070526123
        },
        {
            "execucao": 3,
            "distancia": 650.1745964837847,
            "rota": [
                1,
                28,
                21,
                30,
                23,
                20,
                27,
                19,
                8,
                9,
                26,
                5,
                6,
                10,
                11,
                14,
                29,
                3,
                17,
                16,
                18,
                15,
                31,
                4,
                32,
                2,
                7,
                12,
                13,
                25,
                22,
                24,
                1
            ],
            "tempo_execucao": 55.80189800262451
        },
        {
            "execucao": 4,
            "distancia": 700.1993067680747,
            "rota": [
                1,
                11,
                14,
                13,
                28,
                27,
                20,
                21,
                30,
                23,
                18,
                15,
                31,
                8,
                9,
                26,
                5,
                6,
                10,
                29,
                3,
                17,
                16,
                4,
                32,
                2,
                7,
                12,
                25,
                22,
                24,
                19,
                1
            ],
            "tempo_execucao": 46.593501329422
        },
        {
            "execucao": 5,
            "distancia": 593.747968605232,
            "rota": [
                1,
                13,
                12,
                29,
                14,
                11,
                10,
                6,
                5,
                26,
                9,
                8,
                28,
                31,
                15,
                3,
                7,
                2,
                32,
                4,
                17,
                16,
                18,
                23,
                30,
                21,
                20,
                27,
                19,
                24,
                22,
                25,
                1
            ],
            "tempo_execucao": 102.40192341804504
        },
        {
            "execucao": 6,
            "distancia": 665.0199711552682,
            "rota": [
                1,
                13,
                12,
                2,
                32,
                4,
                3,
                30,
                21,
                19,
                24,
                22,
                25,
                8,
                9,
                26,
                5,
                6,
                10,
                11,
                14,
                29,
                7,
                31,
                15,
                17,
                16,
                18,
                23,
                20,
                27,
                28,
                1
            ],
            "tempo_execucao": 42.725778102874756
        },
        {
            "execucao": 7,
            "distancia": 626.9886485597548,
            "rota": [
                1,
                28,
                21,
                30,
                23,
                19,
                25,
                22,
                24,
                27,
                20,
                31,
                15,
                18,
                16,
                17,
                4,
                32,
                3,
                2,
                7,
                29,
                13,
                12,
                14,
                11,
                10,
                6,
                5,
                26,
                9,
                8,
                1
            ],
            "tempo_execucao": 72.54610776901245
        },
        {
            "execucao": 8,
            "distancia": 624.6432627953832,
            "rota": [
                1,
                28,
                18,
                23,
                30,
                21,
                19,
                25,
                22,
                24,
                27,
                20,
                31,
                15,
                16,
                17,
                4,
                32,
                3,
                2,
                7,
                29,
                8,
                9,
                26,
                5,
                6,
                10,
                11,
                14,
                12,
                13,
                1
            ],
            "tempo_execucao": 84.76053786277771
        },
        {
            "execucao": 9,
            "distancia": 728.2046119803133,
            "rota": [
                1,
                12,
                29,
                7,
                3,
                15,
                18,
                16,
                17,
                4,
                32,
                2,
                14,
                9,
                8,
                25,
                22,
                24,
                28,
                31,
                23,
                30,
                21,
                20,
                27,
                19,
                13,
                11,
                10,
                6,
                5,
                26,
                1
            ],
            "tempo_execucao": 47.25755524635315
        },
        {
            "execucao": 10,
            "distancia": 586.8178944443246,