{
    "arquivo": "E-n23-k3",
    "media_distancia": 604.0378689296052,
    "desvio_padrao_distancia": 59.1647527147415,
    "minimo_distancia": 518.7818759351893,
    "maximo_distancia": 724.6997639096003,
    "media_tempo": 160.97449024915696,
    "desvio_padrao_tempo": 0.7253035169323419,
    "resultados_execucoes": [
        {
            "execucao": 1,
            "distancia": 555.0058215680272,
            "rota": [
                1,
                28,
                19,
                27,
                20,
                24,
                22,
                25,
                8,
                9,
                26,
                5,
                6,
                10,
                11,
                14,
                12,
                29,
                7,
                2,
                32,
                4,
                15,
                31,
                21,
                30,
                23,
                18,
                16,
                17,
                3,
                13,
                1
            ],
            "tempo_execucao": 161.20439791679382
        },
        {
            "execucao": 2,
            "distancia": 536.4543354481668,
            "rota": [
                1,
                28,
                19,
                27,
                20,
                21,
                30,
                23,
                18,
                31,
                15,
                16,
                17,
                4,
                32,
                3,
                2,
                7,
                29,
                8,
                25,
                24,
                22,
                5,
                6,
                26,
                9,
                10,
                11,
                14,
                12,
                13,
                1
            ],
            "tempo_execucao": 161.88555932044983
        },
        {
            "execucao": 3,
            "distancia": 617.1909968518536,
            "rota": [
                1,
                29,
                7,
                2,
                3,
                32,
                4,
                17,
                16,
                15,
                31,
                18,
                23,
                30,
                21,
                12,
                14,
                11,
                10,
                13,
                28,
                19,
                27,
                20,
                24,
                22,
                25,
                5,
                6,
                26,
                9,
                8,
                1
            ],
            "tempo_execucao": 161.63301181793213
        },
        {
            "execucao": 4,
            "distancia": 724.6997639096003,
            "rota": [
                1,
                2,
                17,
                16,
                15,
                31,
                18,
                23,
                30,
                21,
                19,
                28,
                13,
                25,
                5,
                6,
                10,
                11,
                14,
                29,
                7,
                32,
                4,
                3,
                12,
                8,
                9,
                26,
                22,
                24,
                20,
                27,
                1
            ],
            "tempo_execucao": 160.39319157600403
        },
        {
            "execucao": 5,
            "distancia": 595.9418354910019,
            "rota": [
                1,
                28,
                17,
                4,
                3,
                29,
                14,
                11,
                10,
                6,
                5,
                26,
                9,
                8,
                25,
                22,
                24,
                19,
                27,
                20,
                21,
                30,
                23,
                18,
                31,
                15,
                16,
                32,
                2,
                7,
                12,
                13,
                1
            ],
            "tempo_execucao": 161.9269962310791
        },
        {
            "execucao": 6,
            "distancia": 624.9727513867897,
            "rota": [
                1,
                28,
                21,
                30,
                23,
                20,
                27,
                24,
                22,
                5,
                6,
                26,
                9,
                10,
                11,
                14,
                29,
                12,
                8,
                25,
                19,
                31,
                15,
                18,
                16,
                17,
                4,
                32,
                3,
                2,
                7,
                13,
                1
            ],
            "tempo_execucao": 161.09236550331116
        },
        {
            "execucao": 7,
            "distancia": 577.9673618293399,
            "rota": [
                1,
                13,
                31,
                15,
                18,
                16,
                17,
                4,
                32,
                3,
                2,
                7,
                29,
                12,
                9,
                26,
                5,
                6,
                10,
                11,
                14,
                8,
                25,
                22,
                24,
                27,
                20,
                23,
                30,
                21,
                19,
                28,
                1
            ],
            "tempo_execucao": 160.76139044761658
        },
        {
            "execucao": 8,
            "distancia": 601.8532349916455,
            "rota": [
                1,
                8,
                9,
                26,
                5,
                6,
                10,
                11,
                14,
                29,
                3,
                17,
                16,
                4,
                32,
                2,
                7,
                12,
                13,
                25,
                22,
                24,
                19,
                27,
                20,
                21,
                30,
                23,
                18,
                15,
                31,
                28,
                1
            ],
            "tempo_execucao": 160.30668425559998
        },
        {
            "execucao": 9,
            "distancia": 584.390867234768,
            "rota": [
                1,
                9,
                26,
                5,
                6,
                10,
                11,
                14,
                8,
                25,
                22,
                24,
                20,
                27,
                19,
                31,
                15,
                21,
                30,
                23,
                18,
                16,
                17,
                4,
                32,
                3,
                2,
                7,
                29,
                12,
                13,
                28,
                1
            ],
            "tempo_execucao": 159.95411610603333
        },
        {
            "execucao": 10,
            "distancia": 527.3200432882536,