{
    "arquivo": "E-n23-k3",
    "media_distancia": 616.4871860485073,
    "desvio_padrao_distancia": 45.46639947913522,
    "minimo_distancia": 536.3298969396317,
    "maximo_distancia": 707.5802918080824,
    "media_tempo": 130.82687079906464,
    "desvio_padrao_tempo": 0.6799478088962836,
    "resultados_execucoes": [
        {
            "execucao": 1,
            "distancia": 620.4001791206069,
            "rota": [
                1,
                25,
                22,
                24,
                27,
                20,
                31,
                15,
                18,
                16,
                17,
                4,
                32,
                3,
                2,
                7,
                29,
                12,
                14,
                11,
                10,
                6,
                5,
                26,
                9,
                8,
                13,
                28,
                21,
                30,
                23,
                19,
                1
            ],
            "tempo_execucao": 131.36341738700867
        },
        {
            "execucao": 2,
            "distancia": 631.7082551418579,
            "rota": [
                1,
                13,
                12,
                14,
                11,
                10,
                8,
                9,
                6,
                5,
                26,
                25,
                22,
                24,
                19,
                31,
                15,
                18,
                23,
                30,
                21,
                20,
                27,
                28,
                29,
                7,
                2,
                32,
                4,
                16,
                17,
                3,
                1
            ],
            "tempo_execucao": 131.70882439613342
        },
        {
            "execucao": 3,
            "distancia": 536.3298969396317,
            "rota": [
                1,
                28,
                13,
                12,
                29,
                14,
                11,
                10,
                6,
                5,
                26,
                9,
                8,
                25,
                22,
                24,
                19,
                27,
                20,
                23,
                30,
                21,
                31,
                15,
                18,
                16,
                17,
                4,
                32,
                3,
                2,
                7,
                1
            ],
            "tempo_execucao": 132.27523565292358
        },
        {
            "execucao": 4,
            "distancia": 652.4341076861278,
            "rota": [
                1,
                9,
                26,
                6,
                5,
                25,
                22,
                24,
                8,
                10,
                11,
                14,
                7,
                2,
                32,
                4,
                18,
                23,
                30,
                21,
                20,
                27,
                19,
                31,
                15,
                16,
                17,
                3,
                29,
                12,
                13,
                28,
                1
            ],
            "tempo_execucao": 130.16942191123962
        },
        {
            "execucao": 5,
            "distancia": 592.1973832097867,
            "rota": [
                1,
                28,
                21,
                30,
                23,
                18,
                15,
                31,
                17,
                16,
                4,
                32,
                3,
                2,
                7,
                29,
                12,
                25,
                22,
                24,
                20,
                27,
                19,
                8,
                26,
                9,
                5,
                6,
                10,
                11,
                14,
                13,
                1
            ],
            "tempo_execucao": 131.00164532661438
        },
        {
            "execucao": 6,
            "distancia": 590.0614135010098,
            "rota": [
                1,
                27,
                20,
                28,
                13,
                12,
                29,
                14,
                11,
                10,
                6,
                5,
                26,
                9,
                8,
                25,
                22,
                24,
                19,
                21,
                30,
                23,
                18,
                31,
                15,
                16,
                17,
                4,
                32,
                3,
                2,
                7,
                1
            ],
            "tempo_execucao": 131.36788082122803
        },
        {
            "execucao": 7,
            "distancia": 683.617149878409,
            "rota": [
                1,
                24,
                22,
                25,
                8,
                14,
                12,
                3,
                16,
                18,
                23,
                30,
                21,
                20,
                27,
                13,
                9,
                26,
                6,
                5,
                10,
                11,
                29,
                7,
                2,
                32,
                4,
                17,
                15,
                31,
                19,
                28,
                1
            ],
            "tempo_execucao": 131.1428198814392
        },
        {
            "execucao": 8,
            "distancia": 652.5989565104263,
            "rota": [
                1,
                13,
                28,
                27,
                20,
                21,
                30,
                23,
                18,
                32,
                3,
                2,
                29,
                12,
                8,
                9,
                26,
                5,
                6,
                10,
                11,
                14,
                7,
                4,
                17,
                16,
                15,
                31,
                19,
                24,
                22,
                25,
                1
            ],
            "tempo_execucao": 130.14220094680786
        },
        {
            "execucao": 9,
            "distancia": 637.7068828341114,
            "rota": [
                1,
                13,
                7,
                3,
                15,
                31,
                21,
                30,
                23,
                18,
                16,
                17,
                4,
                32,
                2,
                29,
                12,
                25,
                22,
                24,
                20,
                27,
                19,
                8,
                9,
                26,
                5,
                6,
                10,
                11,
                14,
                28,
                1
            ],
            "tempo_execucao": 130.75633239746094
        },
        {
            "execucao": 10,
            "distancia": 581.7684044682795,