{
    "arquivo": "E-n23-k3",
    "media_distancia": 613.5591122530893,
    "desvio_padrao_distancia": 19.836732614488326,
    "minimo_distancia": 590.8971809019531,
    "maximo_distancia": 662.5830005176244,
    "media_tempo": 26.073736786842346,
    "desvio_padrao_tempo": 0.6067069012289927,
    "execucao_melhor_rota": 2,
    "capacidade_veiculo": 4500,
    "resultados_execucoes": [
        {
            "execucao": 1,
            "distancia": 591.5698976695851,
            "rota": [
                1,
                8,
                22,
                5,
                6,
                9,
                26,
                10,
                12,
                13,
                1,
                11,
                14,
                1,
                7,
                2,
                3,
                4,
                17,
                16,
                18,
                15,
                31,
                23,
                21,
                20,
                19,
                1
            ],
            "tempo_execucao": 26.5054612159729,
            "carga_por_rota": [
                3100,
                4350,
                2739
            ]
        },
        {
            "execucao": 2,
            "distancia": 590.8971809019531,
            "rota": [
                1,
                19,
                20,
                23,
                21,
                31,
                15,
                18,
                16,
                17,
                4,
                3,
                2,
                7,
                12,
                13,
                1,
                11,
                14,
                1,
                22,
                5,
                6,
                9,
                26,
                10,
                8,
                1
            ],
            "tempo_execucao": 25.9981632232666,
            "carga_por_rota": [
                3264,
                4350,
                2575
            ]
        },
        {
            "execucao": 3,
            "distancia": 618.5064724613533,
            "rota": [
                1,
                19,
                20,
                22,
                25,
                8,
                9,
                5,
                6,
                10,
                12,
                13,
                1,
                11,
                14,
                1,
                21,
                23,
                18,
                15,
                31,
                16,
                17,
                4,
                3,
                2,
                7,
                1
            ],
            "tempo_execucao": 24.856176614761353,
            "carga_por_rota": [
                3820,
                4350,
                2019
            ]
        },
        {
            "execucao": 4,
            "distancia": 623.54769261359,
            "rota": [
                1,
                14,
                7,
                2,
                3,
                4,
                16,
                17,
                15,
                31,
                18,
                21,
                23,
                20,
                27,
                19,
                1,
                11,
                13,
                1,
                12,
                10,
                6,
                5,
                9,
                8,
                25,
                22,
                1
            ],
            "tempo_execucao": 25.06392192840576,
            "carga_por_rota": [
                2989,
                4400,
                2800
            ]
        },
        {
            "execucao": 5,
            "distancia": 614.2683562088015,
            "rota": [
                1,
                22,
                5,
                6,
                9,
                26,
                10,
                8,
                1,
                11,
                14,
                1,
                13,
                12,
                7,
                3,
                2,
                4,
                17,
                16,
                15,
                31,
                18,
                21,
                23,
                20,
                27,
                19,
                1
            ],
            "tempo_execucao": 25.85640788078308,
            "carga_por_rota": [
                2575,
                4350,
                3264
            ]
        },
        {
            "execucao": 6,
            "distancia": 591.5698976695851,
            "rota": [
                1,
                8,
                22,
                5,
                6,
                9,
                26,
                10,
                12,
                13,
                1,
                11,
                14,
                1,
                7,
                2,
                3,
                4,
                17,
                16,
                18,
                15,
                31,
                23,
                21,
                20,
                19,
                1
            ],
            "tempo_execucao": 26.586329460144043,
            "carga_por_rota": [
                3100,
                4350,
                2739
            ]
        },
        {
            "execucao": 7,
            "distancia": 595.4283123484629,
            "rota": [
                1,
                19,
                20,
                23,
                21,
                30,
                18,
                15,
                17,
                16,
                4,
                3,
                2,
                7,
                29,
                12,
                13,
                1,
                11,
                14,
                1,
                22,
                5,
                6,
                9,
                26,
                10,
                8,
                1
            ],
            "tempo_execucao": 25.859720706939697,
            "carga_por_rota": [
                3264,
                4350,
                2575
            ]
        },
        {
            "execucao": 8,
            "distancia": 618.5064724613532,
            "rota": [
                1,
                21,
                23,
                18,
                15,
                31,
                16,
                17,
                4,
                3,
                2,
                7,
                1,
                11,
                14,
                1,
                13,
                12,
                10,
                6,
                5,
                9,
                8,
                25,
                22,
                20,
                19,
                1
            ],
            "tempo_execucao": 24.9633150100708,
            "carga_por_rota": [
                2019,
                4350,
                3820
            ]
        },
        {
            "execucao": 9,
            "distancia": 620.3694679562155,
            "rota": [
                1,
                13,
                12,
                7,
                2,
                3,
                15,
                16,
                17,
                4,
                32,
                18,
                23,
                21,
                20,
                27,
                19,
                1,
                11,
                14,
                1,
                22,
                5,
                6,
                9,
                26,
                10,
                8,
                1
            ],
            "tempo_execucao": 27.09738278388977,