{
    "Est_name": "EN",
    "Run": 38,
    "Seed": 6224,
    "Est_params": {
        "alpha": 2.0,
        "l1_ratio": 1.0
    },
    "R2": 0.09126433596227324,
    "R": 0.336392046170609,
    "MAPE": 0.1906128298904339,
    "RMSE": 8.650898252916324,
    "y_test": [
        39.61,
        44.5,
        51.0,
        57.5,
        40.87,
        34.5,
        31.47,
        42.25,
        35.75,
        40.12,
        42.75,
        33.0,
        33.41,
        60.25,
        33.85,
        42.3,
        44.05,
        32.0,
        32.0,
        32.25,
        41.95,
        28.0,
        29.0,
        33.5,
        39.12,
        43.65,
        46.0,
        27.7,
        43.5,
        48.0,
        23.9,
        42.35,
        59.0,
        32.57,
        43.66,
        35.0,
        47.0,
        33.5,
        52.07,
        43.4,
        30.5,
        36.0,
        49.9,
        30.5,
        53.5,
        40.0,
        40.1,
        57.21,
        45.5,
        22.9,
        13.33,
        36.0,
        45.22,
        32.25,
        41.0,
        57.0,
        35.25,
        40.0,
        42.56,
        33.25,
        33.6,
        48.0,
        52.5,
        49.5,
        35.5,
        43.64,
        40.03,
        50.8,
        35.75
    ],
    "y_pred": [
        38.94934982505865,
        38.90735322750512,
        41.33357799300999,
        42.60516157470236,
        33.15375731126346,
        44.194120279476095,
        34.55510385197028,
        38.85190321116827,
        33.90808764229653,
        39.41477454751314,
        38.638690197532696,
        39.44124560103085,
        34.13522589460032,
        43.43854121839106,
        35.80198518197773,
        37.201610970053075,
        37.48304663822551,
        33.63757933495269,
        33.294650163878956,
        33.62023900186467,
        35.21585009918004,
        38.19117613549779,
        37.38980028868785,
        38.06053766564614,
        42.7390032103728,
        42.22401631763716,
        39.82810994232506,
        44.69228619368785,
        37.24059394012771,
        41.0909934730065,
        42.42570769267415,
        38.10336509386941,
        43.85523104023541,
        36.953757576619495,
        35.74939346551535,
        35.30433862233011,
        39.50569776376011,
        42.37372942149497,
        52.09188654549814,
        37.764482306397944,
        30.794511232812837,
        39.04021084674015,
        42.31225741548048,
        39.8579354228752,
        45.225660052796734,
        37.242439217499125,
        36.92017530188064,
        40.390981278669926,
        40.57411251488253,
        42.70714336084659,
        45.34391154938186,
        37.269985450180705,
        41.70902942490151,
        37.142849902018646,
        34.71791157306495,
        48.515493472035786,
        36.41998693463901,
        38.00505472363253,
        35.28369751777871,
        43.22345779450879,
        34.96860553828902,
        39.096466736902876,
        40.20783532032025,
        39.93732701297641,
        36.13855126646658,
        37.78383644884484,
        38.570467542995836,
        42.054763969112656,
        36.072493489321566
    ]
}