{
    "Est_name": "EN",
    "Run": 50,
    "Seed": 9044,
    "Est_params": {
        "alpha": 2.0,
        "l1_ratio": 0.06440152368260757
    },
    "R2": 0.2468719541187019,
    "R": 0.4979865746879231,
    "MAPE": 0.18133066540101214,
    "RMSE": 8.048050670628975,
    "y_test": [
        24.5,
        40.0,
        59.0,
        33.0,
        54.04,
        41.16,
        42.3,
        34.5,
        43.29,
        42.2,
        62.5,
        44.5,
        27.5,
        33.04,
        40.03,
        40.0,
        40.1,
        48.0,
        33.85,
        49.5,
        45.22,
        33.41,
        34.0,
        46.25,
        39.17,
        48.7,
        41.5,
        31.47,
        41.0,
        45.8,
        30.5,
        50.5,
        35.0,
        36.0,
        58.0,
        32.0,
        42.75,
        31.8,
        34.75,
        57.0,
        35.25,
        44.75,
        47.0,
        22.9,
        31.75,
        41.89,
        30.0,
        49.7,
        46.0,
        45.02,
        39.73,
        38.0,
        22.67,
        39.12,
        27.4,
        42.0,
        20.8,
        43.5,
        51.0,
        47.3,
        53.5,
        38.0,
        41.25,
        51.0,
        45.5,
        18.52,
        33.25,
        39.53,
        26.75
    ],
    "y_pred": [
        38.71305213762694,
        36.052076906082796,
        50.472058205725126,
        34.66229996185093,
        48.409132057108316,
        41.60669555717,
        37.488607162362115,
        36.1382562191568,
        39.72700873082439,
        47.54286096379132,
        44.56141034775574,
        36.97758980386284,
        40.085352187142846,
        39.579323230943935,
        38.18900689894213,
        38.57184415184759,
        37.23258202540185,
        41.10338500137475,
        36.22687224380958,
        61.871191591204855,
        42.36860795869731,
        35.360601150492585,
        33.60464564865748,
        46.525238880684896,
        35.00822703945108,
        45.38631770310584,
        37.16235676699788,
        34.58347752017218,
        36.111318710545845,
        45.81945324976434,
        40.01245877760243,
        39.47370943175559,
        39.53383195226351,
        39.10069640560501,
        50.39314347846309,
        34.195610649840056,
        39.51702997242663,
        34.32745238321191,
        34.88477133345883,
        45.82577774220154,
        34.628746196498554,
        37.018933299655885,
        39.420297213002144,
        42.32231459228001,
        38.75471187656864,
        36.0324039832838,
        35.71333801830296,
        40.71970385297764,
        36.38870137584324,
        36.644726512803516,
        34.889557617704654,
        35.095435508509425,
        41.814372991261806,
        38.551445064143245,
        34.839502657132456,
        42.80174350535581,
        40.36396905677387,
        46.354973459381405,
        42.40279164135024,
        44.95318215644734,
        41.36673328495301,
        36.14633337817048,
        45.6589677873679,
        40.798618580239676,
        39.70382065094122,
        39.93083351011537,
        41.67134223391905,
        36.80047939416461,
        37.45530523659315
    ]
}