{
    "Est_name": "EN",
    "Run": 47,
    "Seed": 2045,
    "Est_params": {
        "alpha": 1.0000000000000027e-06,
        "l1_ratio": 0.0
    },
    "R2": 0.10378270676836321,
    "R": 0.32743519494764434,
    "MAPE": 0.21702529377101326,
    "RMSE": 9.058469644930305,
    "y_test": [
        47.3,
        35.25,
        32.83,
        20.22,
        53.5,
        27.5,
        45.0,
        53.25,
        29.6,
        22.67,
        37.0,
        33.25,
        35.0,
        40.0,
        42.0,
        25.68,
        22.13,
        45.5,
        37.75,
        32.5,
        55.52,
        55.5,
        52.5,
        30.0,
        49.7,
        53.0,
        51.0,
        39.21,
        46.0,
        40.75,
        43.0,
        21.5,
        26.5,
        35.0,
        39.5,
        35.5,
        39.45,
        53.5,
        42.29,
        44.5,
        44.75,
        49.0,
        33.0,
        27.12,
        30.0,
        42.03,
        47.0,
        41.0,
        48.0,
        22.9,
        39.3,
        32.26,
        40.0,
        42.35,
        39.0,
        57.96,
        48.0,
        33.0,
        56.38,
        50.5,
        43.65,
        52.5,
        28.0,
        30.0,
        41.95,
        44.95,
        42.56,
        44.5,
        34.75
    ],
    "y_pred": [
        43.87777372703556,
        38.50130411136499,
        36.225534209811485,
        36.65996433102235,
        41.74825404124793,
        39.335235875768575,
        40.81709524653269,
        46.34138151513933,
        46.06128519833505,
        41.967286155479634,
        43.980449082574744,
        42.36876866239662,
        39.91896260174824,
        34.8656860131901,
        43.30220468852447,
        34.000375254841074,
        41.626263627557904,
        38.852721610538914,
        33.79170698909597,
        37.99840675297447,
        46.709720292768196,
        46.907900348212856,
        39.27383657110416,
        36.93546974866152,
        40.32863385140373,
        41.56884203619527,
        40.25039346555626,
        44.99536946461597,
        45.64652040666602,
        41.65627788619308,
        46.77955807281306,
        38.25704629008994,
        32.506751368220776,
        37.3156461301177,
        37.356584709226766,
        38.25716488775196,
        41.71437375028066,
        40.61521637510089,
        34.38588421503646,
        35.86179645590127,
        37.20533962972625,
        42.81392624129842,
        40.52312162238402,
        36.18260846397066,
        36.74912729704418,
        35.291115636358946,
        38.62907735218317,
        38.10580922154697,
        39.48217870895385,
        42.421982859375284,
        40.20086061058555,
        46.676631876131175,
        38.90192410667295,
        37.53929038847345,
        37.11244548561374,
        43.87712612740059,
        41.79365214098479,
        35.33934553358838,
        38.41407559598053,
        39.75874885838553,
        43.302108120323346,
        45.45475094657218,
        39.673343372773736,
        38.359520830242914,
        35.516611941510725,
        35.295277622827754,
        35.90229311194953,
        38.2862027774654,
        34.45044709105436
    ]
}