{
    "Est_name": "EN",
    "Run": 35,
    "Seed": 5514,
    "Est_params": {
        "alpha": 2.0,
        "l1_ratio": 0.0
    },
    "R2": 0.33714180290926477,
    "R": 0.6234001977120714,
    "MAPE": 0.15239029266554216,
    "RMSE": 7.332238089086514,
    "y_test": [
        46.0,
        42.2,
        53.9,
        40.5,
        32.43,
        43.29,
        20.8,
        48.7,
        51.0,
        48.0,
        54.2,
        32.5,
        30.0,
        32.25,
        37.0,
        38.0,
        43.0,
        29.0,
        31.8,
        32.5,
        57.0,
        31.25,
        36.0,
        22.9,
        34.62,
        35.0,
        49.5,
        27.4,
        62.5,
        37.5,
        48.0,
        44.75,
        57.0,
        36.5,
        42.29,
        32.33,
        33.0,
        32.9,
        47.0,
        36.5,
        45.25,
        25.81,
        43.0,
        37.6,
        33.85,
        56.5,
        41.0,
        29.5,
        42.0,
        34.8,
        37.25,
        31.7,
        47.0,
        39.0,
        35.25,
        39.73,
        43.0,
        57.27,
        30.5,
        28.5,
        44.0,
        42.25,
        55.5,
        40.39,
        39.5,
        43.65,
        35.5,
        26.5,
        45.5
    ],
    "y_pred": [
        36.514507509228885,
        46.97009918775479,
        43.88034595015239,
        36.9188314335537,
        39.621952212931575,
        36.22925957259838,
        39.95389283082845,
        44.95156249155797,
        40.697231360926274,
        41.27205431294635,
        48.924064431309866,
        37.61806968310459,
        36.50482327491266,
        34.70163611501732,
        42.70259712981619,
        38.48828804520166,
        38.97996350198012,
        38.26028851406117,
        34.66965351111014,
        32.63473861815311,
        45.21696821003052,
        34.17370492567753,
        37.4818058966902,
        42.01284376225581,
        36.67035112193936,
        37.10173334074406,
        39.80225330152097,
        35.07614025962667,
        43.48156250257517,
        37.56110926026509,
        40.419477916388345,
        37.07609222999739,
        44.21429946890833,
        40.32804800085324,
        36.087474266572684,
        38.28520278777129,
        35.11049164479514,
        35.19012742590609,
        41.178562566989875,
        37.0286924684496,
        40.261245085675824,
        36.01633196402389,
        41.019186565275746,
        37.06606241866498,
        36.18185981105059,
        42.993071191686404,
        38.45878851846774,
        37.42994074153922,
        38.86257406818692,
        36.86281904440671,
        41.04897800169557,
        36.65957567014844,
        42.50366916197987,
        36.512344685037164,
        35.150687547455064,
        34.860096381762084,
        44.6418691157554,
        45.35026090757491,
        32.146247307264346,
        45.90880338510603,
        41.425673313792274,
        38.77353598183216,
        44.861769596686145,
        38.55943034775045,
        37.61056611870073,
        42.228855582294386,
        37.39710013552062,
        31.65775599637557,
        39.28426246389828
    ]
}