{
    "Est_name": "EN",
    "Run": 17,
    "Seed": 8279,
    "Est_params": {
        "alpha": 1.0000000068363372e-06,
        "l1_ratio": 0.0
    },
    "R2": 0.30808706982957723,
    "R": 0.5883406327125763,
    "MAPE": 0.19695579220228818,
    "RMSE": 8.708457364038871,
    "y_test": [
        52.5,
        51.0,
        45.8,
        41.5,
        56.5,
        30.0,
        34.5,
        39.5,
        26.5,
        33.5,
        26.5,
        54.0,
        27.12,
        35.75,
        15.11,
        32.57,
        23.0,
        33.85,
        34.25,
        39.0,
        33.5,
        40.52,
        57.27,
        48.0,
        43.76,
        44.05,
        37.5,
        62.5,
        38.82,
        55.5,
        58.5,
        49.7,
        49.0,
        32.0,
        48.0,
        30.0,
        39.5,
        52.07,
        48.0,
        41.89,
        33.46,
        32.25,
        46.0,
        35.0,
        39.17,
        53.0,
        43.47,
        33.5,
        57.8,
        42.0,
        57.5,
        40.0,
        53.25,
        22.04,
        56.0,
        42.35,
        20.5,
        46.0,
        45.5,
        36.5,
        31.59,
        29.02,
        48.5,
        38.61,
        33.4,
        33.0,
        45.23,
        42.56,
        23.33
    ],
    "y_pred": [
        44.250051631059506,
        40.36127510188834,
        44.99368300449651,
        36.85729347847831,
        42.56842334575672,
        35.840784641422886,
        36.649587261191286,
        37.57721954288702,
        31.19044995670968,
        39.34820973765927,
        35.91007179516512,
        43.51101827319641,
        35.99352094785334,
        36.45069108569188,
        40.17668999224897,
        37.049719399628366,
        37.89501714167177,
        36.138993055225306,
        38.03854293956128,
        36.26060495198009,
        37.91436874559148,
        34.28831776726351,
        45.64602316104819,
        38.67178380544357,
        38.83148247371489,
        38.085777161359545,
        37.79186488379306,
        43.277913727222106,
        38.28670992435241,
        44.64784398205832,
        61.60642906881567,
        40.67297313235491,
        43.56101872118016,
        34.32929291500981,
        47.14065954968585,
        38.51774396893157,
        37.5667838599437,
        50.20611970367115,
        38.87140058217097,
        36.77695526601286,
        36.25179491019247,
        37.329052558095896,
        36.72614715468797,
        36.80433402691337,
        35.831722830628806,
        40.67305674733487,
        37.12627929312505,
        34.412993836704494,
        39.400441673281165,
        39.296939967256066,
        42.92316853648941,
        36.867729161421636,
        44.22704239811742,
        40.74496466003877,
        44.527014801811156,
        37.81497363665947,
        41.454455041504154,
        44.347706857166656,
        38.94697391383411,
        39.1841381122889,
        36.54146498110065,
        34.84061911445436,
        47.48108784269211,
        33.90712695336772,
        35.63073863669759,
        40.02348828606793,
        37.174747617011676,
        35.506062567256606,
        37.33872846638742
    ]
}