{
    "Est_name": "EN",
    "Run": 8,
    "Seed": 8935,
    "Est_params": {
        "alpha": 2.0,
        "l1_ratio": 1.0
    },
    "R2": 0.13719991785320107,
    "R": 0.4087868882037017,
    "MAPE": 0.20081835460026892,
    "RMSE": 8.721778553475657,
    "y_test": [
        43.07,
        33.76,
        49.0,
        48.7,
        43.65,
        45.22,
        39.45,
        26.5,
        43.4,
        20.5,
        48.0,
        33.0,
        33.5,
        43.0,
        33.41,
        22.9,
        39.5,
        43.64,
        29.41,
        31.47,
        53.5,
        42.5,
        35.0,
        22.73,
        33.4,
        48.0,
        31.97,
        56.0,
        33.95,
        62.5,
        27.5,
        39.21,
        32.9,
        33.25,
        39.53,
        48.5,
        54.25,
        27.4,
        50.5,
        23.9,
        27.49,
        27.5,
        43.5,
        35.5,
        40.1,
        41.0,
        42.03,
        56.38,
        45.02,
        39.78,
        40.75,
        47.0,
        31.67,
        29.5,
        41.23,
        25.68,
        35.0,
        38.61,
        36.0,
        43.76,
        39.0,
        39.42,
        35.25,
        22.67,
        40.03,
        58.0,
        32.5,
        47.0,
        22.5
    ],
    "y_pred": [
        36.50041757739923,
        36.749483041511986,
        45.578379137248334,
        45.295013933070564,
        42.58004791614039,
        42.11475833241495,
        40.8237003542974,
        36.691714595633286,
        37.89281117326203,
        42.864651916981266,
        40.58751966669309,
        36.2182581610229,
        34.99313547966899,
        39.62615425445406,
        35.27818565806109,
        43.21949553293218,
        41.29390908177809,
        37.96020333797752,
        34.785067383877916,
        34.84098575462659,
        46.35565534408847,
        38.94329149662267,
        40.025102211195865,
        42.43929589386327,
        36.103954052453204,
        45.91374796982312,
        48.53030121049701,
        49.289769692608104,
        35.63866446872777,
        44.52919504186329,
        40.823298586180684,
        44.582159252351126,
        35.45842506339443,
        43.328371098968404,
        37.91230006486142,
        47.998711714490554,
        41.11040457263785,
        35.101052300982886,
        41.54620596617946,
        42.95942898657587,
        47.29125654165071,
        37.31199728731763,
        46.667953116361,
        36.64053550835652,
        37.11261153419312,
        39.242637638866164,
        35.55832678707576,
        40.38550275912351,
        37.31467434891874,
        40.08658109814005,
        41.03384253542178,
        42.31248351087894,
        34.34760649061022,
        38.04194036241,
        43.08051554236471,
        34.060786115557676,
        37.81306946385855,
        34.5638306102229,
        39.04631491271484,
        39.52768781725827,
        36.816847826640824,
        40.81874579537582,
        34.92720018290535,
        42.75420594920674,
        39.007554724545656,
        50.06069457801305,
        32.15970640270146,
        41.288405612268356,
        37.50690326436274
    ]
}