{
    "Est_name": "EN",
    "Run": 4,
    "Seed": 4012,
    "Est_params": {
        "alpha": 1e-06,
        "l1_ratio": 0.0
    },
    "R2": 0.0915291297076487,
    "R": 0.36880530725667954,
    "MAPE": 0.19683131976940532,
    "RMSE": 8.568279893138744,
    "y_test": [
        35.3,
        49.9,
        31.25,
        27.5,
        37.75,
        27.12,
        33.85,
        25.81,
        53.25,
        43.55,
        32.25,
        41.0,
        33.0,
        33.04,
        32.0,
        42.25,
        38.78,
        27.5,
        40.5,
        44.5,
        59.5,
        35.0,
        36.0,
        46.0,
        13.33,
        39.45,
        60.25,
        52.5,
        47.0,
        34.5,
        50.75,
        31.47,
        32.5,
        42.56,
        32.25,
        31.53,
        56.38,
        41.16,
        41.89,
        39.12,
        36.5,
        43.65,
        41.25,
        23.0,
        43.76,
        58.0,
        42.3,
        27.49,
        42.0,
        34.5,
        42.37,
        45.0,
        43.5,
        42.2,
        46.87,
        44.6,
        33.0,
        44.5,
        42.2,
        51.0,
        31.8,
        22.9,
        43.5,
        32.5,
        40.0,
        42.86,
        51.5,
        45.02,
        41.78
    ],
    "y_pred": [
        36.494301141811796,
        39.84240692393311,
        33.3565147781049,
        39.907675329898595,
        33.571686135513,
        36.39239846699168,
        35.72435212393276,
        35.48726030435684,
        46.337144200186245,
        35.65909288428302,
        37.95756410243543,
        34.91224210294692,
        40.10490152774912,
        39.82992412413992,
        33.9064695853233,
        38.25305683533384,
        40.96134682743347,
        36.99690325661706,
        36.8021318048151,
        37.931659175679044,
        62.54004434689703,
        35.00637919976009,
        39.25617645948172,
        44.9713963227684,
        41.05301310651856,
        41.357318785825655,
        45.961411035537786,
        39.27220765652255,
        42.59042100678125,
        35.99544316990775,
        39.950529377585426,
        34.144335936306305,
        31.583842062179016,
        35.011752351163636,
        34.17187342817854,
        47.32706006224537,
        39.22813603769526,
        41.77837477828632,
        34.783875189102446,
        43.362366562897286,
        39.96833677996864,
        42.90979748157987,
        45.15940334630059,
        38.455037106093926,
        38.59221769586527,
        50.547495592898684,
        37.25333745461618,
        47.39489223435166,
        43.00718320748085,
        35.93514607061972,
        37.21157158003723,
        39.61020045626647,
        47.097892954091606,
        48.744009914780925,
        35.43334024453756,
        47.133757824340094,
        33.457149133093694,
        36.012151717383716,
        40.632388853753795,
        37.52301196886233,
        33.80517507577487,
        42.56228152669453,
        31.312722175069823,
        37.36000026173721,
        34.92205097455037,
        35.86962088051335,
        39.50298011294505,
        36.11166196560043,
        36.759002498719816
    ]
}