{
    "Est_name": "EN",
    "Run": 30,
    "Seed": 6924,
    "Est_params": {
        "alpha": 2.0,
        "l1_ratio": 1.0
    },
    "R2": 0.20978506335428193,
    "R": 0.46683577492979556,
    "MAPE": 0.2384789416336261,
    "RMSE": 9.91822652853179,
    "y_test": [
        46.0,
        18.52,
        46.8,
        42.0,
        27.4,
        46.0,
        41.4,
        40.5,
        57.27,
        39.3,
        42.03,
        38.0,
        51.0,
        34.5,
        22.9,
        22.73,
        53.5,
        52.0,
        42.3,
        31.53,
        13.33,
        33.0,
        45.5,
        35.0,
        39.5,
        49.7,
        28.0,
        22.04,
        55.5,
        39.42,
        57.8,
        45.0,
        31.67,
        40.0,
        37.0,
        43.5,
        42.0,
        34.5,
        57.0,
        39.45,
        42.25,
        47.3,
        23.33,
        32.0,
        49.5,
        44.05,
        25.68,
        62.5,
        41.04,
        33.5,
        39.73,
        56.0,
        33.41,
        59.0,
        27.12,
        35.25,
        26.5,
        43.07,
        25.81,
        60.25,
        32.5,
        56.5,
        49.0,
        48.0,
        22.13,
        37.5,
        41.75,
        38.82,
        57.5
    ],
    "y_pred": [
        45.99861396791157,
        39.18048637567105,
        43.201664242311445,
        40.82767387953653,
        35.50421112426745,
        44.276611211294025,
        47.14869244711529,
        36.967001299825995,
        45.265782814526204,
        39.085755327907,
        35.190653183018156,
        36.73233708064309,
        41.11898864745095,
        36.840494967144544,
        42.80454050052753,
        42.057404190957996,
        45.29132890519715,
        39.540177365529416,
        37.396880884311805,
        46.36643621997332,
        45.00403532042954,
        39.35052000983812,
        40.704489690345696,
        37.09551190827001,
        38.00545237730994,
        41.87271034334492,
        38.00866912843417,
        41.548703298553356,
        45.54037434172032,
        41.42135512511231,
        41.0892684058008,
        38.44091793807991,
        33.55310282778619,
        38.230929790144764,
        43.18889952795728,
        36.60643848186978,
        42.39949388699652,
        33.46902738602201,
        49.66383036561377,
        40.03127696411421,
        39.5934984066676,
        43.99106988327222,
        38.6887901927434,
        34.25843302698278,
        62.60323858340009,
        37.64592632083498,
        34.50802937817474,
        42.676332886838054,
        37.91019300198652,
        38.42372951342136,
        34.75257043814345,
        49.5792917028313,
        34.721323480785415,
        43.46573852779883,
        36.684921279347705,
        35.442871799192794,
        33.07465487631049,
        36.33138172006499,
        35.51670062634848,
        43.071035707318444,
        38.012197908428945,
        52.73691426667436,
        45.25366425109708,
        37.96136608360788,
        41.782347429153205,
        39.419911259514066,
        44.76769194147985,
        39.88995964448616,
        67.33967242916471
    ]
}