{
    "Est_name": "EN",
    "Run": 23,
    "Seed": 6873,
    "Est_params": {
        "alpha": 1.000000002031516e-06,
        "l1_ratio": 0.0
    },
    "R2": 0.19569315258387388,
    "R": 0.45030562597963697,
    "MAPE": 0.1892836859308736,
    "RMSE": 8.102732696090552,
    "y_test": [
        22.5,
        44.5,
        35.5,
        29.5,
        41.5,
        60.25,
        37.25,
        39.45,
        43.07,
        28.0,
        51.0,
        39.12,
        44.75,
        26.75,
        42.0,
        23.0,
        41.23,
        24.67,
        20.22,
        32.9,
        35.5,
        32.91,
        40.75,
        49.0,
        56.5,
        42.0,
        40.39,
        44.0,
        40.5,
        32.5,
        56.0,
        48.0,
        43.47,
        40.0,
        49.5,
        43.55,
        39.78,
        33.0,
        35.5,
        46.7,
        46.0,
        27.7,
        51.0,
        27.5,
        32.26,
        39.5,
        43.29,
        26.5,
        46.0,
        30.0,
        29.0,
        40.75,
        37.6,
        30.0,
        35.0,
        57.0,
        33.95,
        34.5,
        29.02,
        49.9,
        41.5,
        31.75,
        41.0,
        28.0,
        53.5,
        46.5,
        42.56,
        53.5,
        40.5
    ],
    "y_pred": [
        38.91834787836912,
        38.4893662556059,
        39.826676142654726,
        38.177429226235105,
        46.776560171632134,
        44.057121090448284,
        41.37787407356895,
        41.90998012120372,
        35.47920284152564,
        38.464651294342396,
        40.99628818205259,
        43.30636255822547,
        36.7506432591611,
        38.961177709327536,
        42.312518591349196,
        39.0241417945131,
        43.24975708723835,
        41.560922480045164,
        38.25306346205445,
        35.31144859746497,
        39.29800464183952,
        36.43281548055174,
        42.61344469420107,
        50.81483337913182,
        43.73973934201636,
        38.95767536567678,
        37.80724504568295,
        37.441242752163284,
        39.72118030641542,
        32.65350632767485,
        46.4728758561778,
        42.51970929694413,
        36.05574321348079,
        39.29360751514651,
        40.35712755849573,
        35.84415538119284,
        40.34204704952138,
        33.95803804208359,
        38.87043185057061,
        47.69627124373312,
        40.2912948945634,
        46.43726932141762,
        42.096533632368235,
        35.78501611794821,
        47.07203281828146,
        36.11906226683721,
        39.789281028370716,
        38.74958987703959,
        45.29003743511433,
        35.36184045337231,
        38.98032481350293,
        40.56753163556721,
        37.634220673068086,
        37.13811726407913,
        39.02378055538689,
        45.312780409040535,
        35.03643304352998,
        32.865094159962794,
        35.75510940274502,
        38.78282860837854,
        36.54663505810612,
        39.59594120619138,
        37.984468593230915,
        39.34152354294501,
        45.73595607361643,
        41.355477515145196,
        35.90758310283988,
        46.356214538885034,
        36.33284866247166
    ]
}