{
    "Est_name": "EN",
    "Run": 29,
    "Seed": 2615,
    "Est_params": {
        "alpha": 1.0000000000091865e-06,
        "l1_ratio": 0.0
    },
    "R2": 0.14751946978139052,
    "R": 0.4097629371787633,
    "MAPE": 0.20139523579056712,
    "RMSE": 8.669464960581125,
    "y_test": [
        57.0,
        35.5,
        34.0,
        48.0,
        40.39,
        20.5,
        22.73,
        25.81,
        27.4,
        32.91,
        43.55,
        40.1,
        47.0,
        51.0,
        48.0,
        36.0,
        48.0,
        22.13,
        44.05,
        46.0,
        30.0,
        41.52,
        28.0,
        33.76,
        44.75,
        32.0,
        49.7,
        39.12,
        49.0,
        54.25,
        39.5,
        20.8,
        46.87,
        41.78,
        35.75,
        36.0,
        42.5,
        29.5,
        53.0,
        57.96,
        37.75,
        46.5,
        38.78,
        31.7,
        35.0,
        39.0,
        27.12,
        39.21,
        44.95,
        53.25,
        35.25,
        33.5,
        50.0,
        42.0,
        43.64,
        21.5,
        39.42,
        46.0,
        40.52,
        53.5,
        41.0,
        42.86,
        43.0,
        54.0,
        56.5,
        34.62,
        57.21,
        43.29,
        43.5
    ],
    "y_pred": [
        45.401807360995384,
        40.0447081662208,
        33.84505295234598,
        43.42097659078999,
        38.00443065395494,
        41.56339245133399,
        41.21048783176335,
        34.986973247912516,
        34.95016468420085,
        37.12126555364908,
        35.89345283331417,
        37.42209400218824,
        38.34139063171002,
        40.14455491635471,
        40.09072133382323,
        36.985126402092575,
        41.005594837283425,
        41.08706041475174,
        37.89315618404622,
        36.132219279412936,
        39.4709807653971,
        46.79741874329842,
        36.87334726658169,
        35.98091696522797,
        36.71673215968714,
        33.4787261382653,
        40.33954378589008,
        43.15414816807488,
        41.42282343660994,
        39.673492734496726,
        42.38214360886067,
        39.56523929715393,
        35.89668818848395,
        37.22555493610087,
        35.98415232039775,
        39.57656358808923,
        37.3927955576545,
        38.87150042076174,
        41.506665672661185,
        44.32058630601107,
        34.39912452252722,
        38.29293070731043,
        40.98975013366318,
        36.71550072940127,
        35.453228367455296,
        42.12941670939691,
        35.93556832196805,
        44.501485918658894,
        36.00627749977488,
        44.94926684205029,
        38.38583730050057,
        37.26396407594494,
        38.731368370780764,
        42.87160414541271,
        37.03380142173528,
        37.47282761121704,
        39.93187463032815,
        40.95176125475196,
        33.89529967913411,
        47.3297287969297,
        35.340226448381536,
        36.203780731936696,
        46.085180796363396,
        45.643607107986696,
        43.736679732512,
        36.45521450225573,
        41.42282343660994,
        35.70169931894858,
        36.726744506261156
    ]
}