{
    "Est_name": "EN",
    "Run": 15,
    "Seed": 3582,
    "Est_params": {
        "alpha": 2.0,
        "l1_ratio": 0.0
    },
    "R2": 0.3597837616228017,
    "R": 0.6086571296909407,
    "MAPE": 0.15608218254701095,
    "RMSE": 7.344442861057932,
    "y_test": [
        56.0,
        46.11,
        58.5,
        33.0,
        54.04,
        47.0,
        41.0,
        40.0,
        42.5,
        38.0,
        31.59,
        41.23,
        40.52,
        33.41,
        38.78,
        53.5,
        31.8,
        34.5,
        27.12,
        33.5,
        56.25,
        57.1,
        35.0,
        44.0,
        43.65,
        40.5,
        32.25,
        41.8,
        39.3,
        28.0,
        50.75,
        18.52,
        43.64,
        50.5,
        43.4,
        41.89,
        39.8,
        40.39,
        56.38,
        52.0,
        41.16,
        27.5,
        41.89,
        53.5,
        40.1,
        35.0,
        59.0,
        34.5,
        39.12,
        45.8,
        33.0,
        43.5,
        46.0,
        57.96,
        44.6,
        26.75,
        35.25,
        41.95,
        25.81,
        34.5,
        42.0,
        43.66,
        26.5,
        33.0,
        29.02,
        27.7,
        52.5,
        36.0,
        39.5
    ],
    "y_pred": [
        45.107603805340844,
        45.55414511220541,
        61.362195221284175,
        35.58964721994941,
        47.930939768724755,
        39.14236036354357,
        37.962923839873774,
        38.948443402228634,
        38.188711452984165,
        35.92285230068801,
        35.94523539588717,
        41.72077138017673,
        34.6815427883703,
        35.161826231062165,
        40.904065994661956,
        45.54875079020089,
        34.41371440849434,
        44.66597499609904,
        36.74525015620266,
        40.44981240528931,
        50.53215540601052,
        47.74510878485009,
        37.61377919389487,
        37.42519589308951,
        42.81713212099994,
        39.392528460281824,
        34.68500177578247,
        43.017754917371796,
        40.04883550815452,
        37.60370955283409,
        40.010889401235765,
        39.58362878361898,
        36.8954253190344,
        39.39533662183371,
        38.22156042532601,
        35.15836724365,
        47.1529102387791,
        37.74775099546466,
        39.269393914816874,
        41.33794016793177,
        41.62507098280069,
        39.75980789432464,
        36.000872380873176,
        41.95885172753552,
        37.555432838246226,
        36.66013028333547,
        50.31011287698392,
        32.65875455067753,
        38.39718835871987,
        45.850116682240795,
        39.929137115885766,
        46.220272699285196,
        36.23911827116171,
        44.93135586638272,
        46.284381201086894,
        37.44973501359936,
        38.74604195161621,
        35.19245348460273,
        35.791601245643264,
        35.90295070317265,
        38.91657275043317,
        35.203423126881134,
        33.41832462571892,
        33.38886300809765,
        34.19167187946775,
        45.20657833238817,
        45.326708261174296,
        39.57181082050239,
        36.34703576122584
    ]
}