{
    "Est_name": "EN",
    "Run": 49,
    "Seed": 1291,
    "Est_params": {
        "alpha": 2.0,
        "l1_ratio": 1.0
    },
    "R2": 0.22765078148308937,
    "R": 0.5640954673266732,
    "MAPE": 0.2524345519394819,
    "RMSE": 9.603482612785344,
    "y_test": [
        26.5,
        37.0,
        56.38,
        32.5,
        57.0,
        26.5,
        43.66,
        23.9,
        45.5,
        30.0,
        46.25,
        23.0,
        35.0,
        27.5,
        42.66,
        32.91,
        53.9,
        41.5,
        53.5,
        34.62,
        45.8,
        30.25,
        39.61,
        37.5,
        31.59,
        47.0,
        33.85,
        27.7,
        54.0,
        23.33,
        31.8,
        48.7,
        33.25,
        55.5,
        34.5,
        20.8,
        50.75,
        56.0,
        24.5,
        28.0,
        56.25,
        21.5,
        28.0,
        41.8,
        18.52,
        22.73,
        48.0,
        42.35,
        49.5,
        27.12,
        29.5,
        58.59,
        34.5,
        41.04,
        48.0,
        40.75,
        31.75,
        54.2,
        34.5,
        52.5,
        37.6,
        36.0,
        45.0,
        34.5,
        43.0,
        30.5,
        59.0,
        28.5,
        41.25
    ],
    "y_pred": [
        36.61116358419588,
        43.506087649517205,
        40.01560246948602,
        38.88079103171712,
        48.59374054739523,
        33.749435603440645,
        36.932673793217646,
        42.8662812731055,
        40.60848128297905,
        39.767687832603684,
        45.0922212336968,
        38.85286801878408,
        40.80658585091441,
        37.980595135804904,
        37.164044720279634,
        38.52832420888834,
        43.395893690611956,
        38.38851850694125,
        41.18311279064842,
        38.07184702501867,
        44.75551225739996,
        39.05026930897729,
        40.665398168649666,
        40.12720607613548,
        37.663923653882314,
        42.38172027687552,
        37.61536984114899,
        45.3802961058278,
        46.33272133271845,
        39.10910346410086,
        35.36039153608712,
        44.299035073530284,
        42.889147860403405,
        46.54553315577289,
        33.38829042430172,
        41.26093520775475,
        41.016404654115405,
        49.10181957377637,
        39.08110661071892,
        38.85473346486433,
        50.2516128405358,
        38.396390834914406,
        39.53758379458859,
        42.28673654940477,
        40.80445802388507,
        42.392603475065336,
        41.92935902185476,
        38.53092695161443,
        40.55992747024573,
        37.56941877114176,
        38.98067711543571,
        44.3088480583513,
        37.835008125998584,
        38.209326063761395,
        41.20373799539143,
        37.785488687320054,
        38.59379212510761,
        48.095149164561825,
        41.063239124924706,
        40.54272685607524,
        37.31478390507341,
        39.653528278095315,
        37.268449379212704,
        45.10729914748191,
        42.42817621581484,
        32.47533605656238,
        50.01477394151571,
        40.68064220034303,
        44.179266865957445
    ]
}