{
    "Est_name": "EN",
    "Run": 25,
    "Seed": 7359,
    "Est_params": {
        "alpha": 2.0,
        "l1_ratio": 0.0
    },
    "R2": 0.11773729668269584,
    "R": 0.4056981035339566,
    "MAPE": 0.23765617783274226,
    "RMSE": 9.940724096589587,
    "y_test": [
        29.41,
        26.5,
        58.25,
        43.5,
        20.5,
        22.5,
        32.83,
        46.87,
        37.5,
        45.0,
        21.5,
        43.29,
        57.96,
        40.5,
        42.5,
        50.75,
        35.25,
        54.0,
        29.6,
        59.5,
        18.52,
        43.07,
        40.52,
        39.42,
        57.8,
        48.0,
        27.5,
        31.59,
        34.8,
        56.5,
        43.0,
        40.75,
        32.57,
        45.23,
        35.75,
        48.7,
        23.0,
        52.0,
        49.5,
        40.5,
        32.0,
        42.25,
        29.5,
        34.5,
        42.86,
        35.3,
        50.86,
        54.25,
        34.5,
        48.0,
        34.0,
        31.53,
        36.0,
        41.16,
        53.5,
        49.0,
        39.5,
        57.5,
        35.25,
        41.78,
        55.5,
        16.58,
        35.0,
        33.0,
        55.5,
        27.4,
        33.5,
        40.0,
        39.3
    ],
    "y_pred": [
        33.59912420427452,
        39.640848042188615,
        65.83799709415399,
        36.39158274489898,
        40.86579950281883,
        38.9230278960722,
        35.3724025448422,
        36.43073973244721,
        41.63416317930355,
        36.141305861912265,
        38.683754514033396,
        36.030506943466044,
        44.72110893746276,
        36.050389818890885,
        37.79990664977063,
        39.90269853087898,
        38.849930869077504,
        43.26146022871194,
        45.69849504898925,
        66.3165438582316,
        38.95161244650838,
        35.50656764870966,
        34.50056423883426,
        39.11832630712284,
        39.466278772396244,
        38.467058238646146,
        39.05786765338482,
        35.85094930891981,
        38.41592918921695,
        44.12964927738845,
        38.03866096384528,
        41.41307947914102,
        36.423798485396375,
        36.18046284946049,
        36.439786922698886,
        45.579957055901055,
        39.162301278111,
        42.11534660093007,
        64.40235680192116,
        39.7678674096845,
        33.632593697433286,
        38.1220757914194,
        38.34722837387969,
        32.113577488547236,
        35.985114412787276,
        38.57583195623993,
        45.74179255038638,
        42.30436670055672,
        46.86417694223342,
        44.02953365724051,
        33.95451251131799,
        45.7063264464989,
        36.53698766193688,
        42.49413515970488,
        39.97747885094325,
        42.59389336500768,
        41.72121145354318,
        44.36892265942726,
        34.11114046151089,
        36.89329805922231,
        46.698886078541605,
        49.61673171891314,
        37.204139250812396,
        40.597941570343835,
        45.87418842830355,
        34.62750765159271,
        37.01997216168176,
        35.51331126058496,
        40.28557116131034
    ]
}