{
    "Est_name": "EN",
    "Run": 3,
    "Seed": 4506,
    "Est_params": {
        "alpha": 1.000000002217677e-06,
        "l1_ratio": 0.0
    },
    "R2": 0.24683989986265165,
    "R": 0.5049470479963368,
    "MAPE": 0.19159817230871148,
    "RMSE": 8.314124721943791,
    "y_test": [
        25.81,
        33.85,
        35.0,
        42.25,
        56.5,
        41.0,
        34.0,
        46.7,
        34.75,
        33.5,
        57.1,
        57.8,
        31.25,
        22.13,
        42.0,
        40.03,
        39.8,
        52.5,
        57.0,
        45.5,
        39.42,
        48.0,
        49.0,
        34.25,
        41.0,
        33.0,
        32.25,
        22.73,
        21.5,
        33.25,
        37.5,
        41.04,
        32.0,
        46.0,
        52.07,
        41.5,
        49.5,
        40.5,
        59.5,
        27.5,
        56.0,
        43.76,
        43.5,
        35.75,
        35.0,
        37.75,
        41.5,
        26.5,
        26.25,
        32.83,
        45.8,
        44.95,
        31.8,
        38.0,
        42.5,
        40.0,
        53.5,
        22.5,
        47.0,
        48.0,
        48.0,
        28.5,
        32.25,
        29.02,
        33.5,
        44.75,
        46.5,
        24.67,
        29.5
    ],
    "y_pred": [
        35.55818917849167,
        35.7843279622863,
        37.76999995877334,
        38.821235986417285,
        52.37171242364622,
        35.763651710155926,
        34.22943189359224,
        49.125851614461716,
        35.288775992976966,
        41.462780755828696,
        48.48615907631333,
        40.359627182858134,
        34.579372981271916,
        41.51628944103684,
        42.93064236616296,
        38.609367166540345,
        48.63402203247356,
        45.10197306480053,
        45.57738213374752,
        39.939079002487766,
        40.29620965381512,
        38.36157524020677,
        41.77603629876827,
        39.01036548471112,
        35.84247782879281,
        33.805694253838354,
        38.37881306095068,
        41.71080067257169,
        37.57991445065382,
        42.24546315035634,
        40.90536773772731,
        36.81689947904682,
        33.45327683153677,
        41.35229865901438,
        53.11712286884385,
        37.02675655767682,
        39.62468008772766,
        39.6503709619472,
        62.96743173563512,
        39.89829619853899,
        43.68272486246619,
        39.03310480629423,
        37.41286930744599,
        34.65316953334613,
        35.708459596860465,
        34.638416373801405,
        46.10781233743178,
        37.11570821342979,
        46.85716370791815,
        35.46717445328596,
        46.73936476119223,
        36.47403025255325,
        34.40618404091297,
        34.89377189603202,
        37.73713510007414,
        36.156876743552914,
        46.17352622036283,
        37.895690662534044,
        38.993127663967215,
        39.88137902748694,
        43.6706935700496,
        46.89953747189353,
        34.046870148385025,
        35.28136464947163,
        34.20406960576508,
        36.782502764934875,
        39.42533527626799,
        41.922669492448634,
        37.041913789505585
    ]
}