{
    "Est_name": "EN",
    "Run": 34,
    "Seed": 3527,
    "Est_params": {
        "alpha": 2.0,
        "l1_ratio": 0.6884789671766075
    },
    "R2": 0.24544860496861076,
    "R": 0.49621551674444087,
    "MAPE": 0.19579750016999697,
    "RMSE": 8.554111493557487,
    "y_test": [
        38.0,
        26.5,
        31.75,
        48.0,
        41.95,
        50.2,
        25.81,
        43.07,
        37.5,
        31.67,
        46.11,
        47.0,
        57.5,
        41.5,
        40.75,
        35.75,
        33.0,
        44.05,
        13.33,
        33.85,
        34.0,
        42.2,
        34.75,
        30.0,
        55.5,
        29.5,
        39.45,
        39.5,
        42.5,
        20.8,
        55.5,
        41.0,
        35.3,
        29.6,
        33.5,
        26.25,
        41.78,
        58.5,
        37.75,
        33.5,
        43.66,
        60.25,
        52.5,
        24.5,
        59.0,
        42.5,
        34.5,
        33.04,
        50.8,
        45.25,
        57.0,
        30.0,
        31.7,
        33.5,
        44.5,
        53.5,
        52.5,
        45.0,
        39.0,
        40.52,
        35.0,
        34.5,
        56.5,
        30.0,
        38.0,
        34.25,
        35.0,
        43.5,
        48.0
    ],
    "y_pred": [
        38.63817073356421,
        38.1300444401737,
        39.639832861644265,
        39.07396292752426,
        35.175152843015894,
        41.25401075310815,
        35.90189379207901,
        35.75532836158736,
        37.217661364551404,
        33.635625802493976,
        44.916642298320475,
        42.16866875429347,
        42.73811361413217,
        45.8309572869736,
        42.87697825687695,
        34.69267535026115,
        36.300045517992935,
        37.76752199723358,
        42.73377640819655,
        35.79172722540771,
        34.2456562196723,
        40.6043401373432,
        35.363204046144425,
        36.48206931065047,
        46.028074977072805,
        37.19615199234711,
        40.478242138689765,
        38.19335277661636,
        38.65838806032493,
        40.1319481791406,
        45.23050504092671,
        35.29456954116607,
        36.05731032740847,
        46.69053992225662,
        34.21580132106544,
        46.60113609613885,
        37.28908579339434,
        61.30853261013986,
        36.19943612287359,
        38.59782157917949,
        35.57280562302167,
        43.31828913270364,
        40.36747035264982,
        37.839956680887965,
        43.60837689198937,
        39.18910316238716,
        44.02260403714277,
        39.000307718030896,
        40.96016368354799,
        40.97909013461079,
        43.898464651275106,
        34.87899467396673,
        36.64997417076145,
        38.456919177889,
        39.2385635788964,
        45.804565411778384,
        45.581055846483956,
        39.91295336134159,
        35.78439188242572,
        34.38820820053701,
        37.349855453896005,
        35.5608823171313,
        51.182354862290694,
        37.47781969642128,
        36.45282622090196,
        39.05965734307279,
        39.62265170913765,
        45.58717099420375,
        40.8069916225193
    ]
}