{
    "Est_name": "EN",
    "Run": 45,
    "Seed": 7527,
    "Est_params": {
        "alpha": 2.0,
        "l1_ratio": 1.0
    },
    "R2": 0.14636870312171713,
    "R": 0.402542552822546,
    "MAPE": 0.1706308761342417,
    "RMSE": 8.124372568054946,
    "y_test": [
        30.5,
        29.6,
        48.0,
        39.8,
        40.87,
        34.5,
        34.5,
        57.21,
        32.9,
        48.7,
        42.0,
        40.75,
        41.23,
        51.5,
        48.0,
        26.5,
        41.4,
        35.75,
        39.12,
        35.0,
        29.02,
        42.03,
        46.0,
        34.5,
        41.25,
        57.96,
        49.5,
        49.7,
        35.0,
        50.5,
        29.5,
        32.25,
        42.75,
        46.0,
        40.5,
        56.5,
        60.25,
        44.5,
        43.65,
        57.27,
        33.5,
        48.0,
        42.29,
        30.5,
        43.29,
        33.5,
        43.55,
        49.0,
        56.38,
        28.5,
        22.73,
        42.25,
        40.0,
        34.62,
        44.05,
        22.04,
        39.21,
        35.3,
        30.0,
        34.5,
        47.3,
        43.0,
        56.0,
        39.3,
        52.5,
        32.43,
        43.5,
        42.56,
        33.5
    ],
    "y_pred": [
        39.61339515731952,
        46.44893500054902,
        38.85501210047949,
        47.67589124842358,
        33.51803016420449,
        43.8177081710797,
        36.25308002978256,
        40.81000729689366,
        34.71294369161435,
        45.06923098653803,
        39.714919487983565,
        37.0917226209176,
        42.982555971797915,
        40.828233550382315,
        39.50667716595088,
        32.76280173811355,
        47.0242261829522,
        34.168842518371534,
        42.6640994658531,
        39.60083436097754,
        33.96462481342835,
        34.891878489102,
        45.16257456079561,
        32.59840024781355,
        44.385441530299666,
        44.41830089554735,
        39.930532548943276,
        41.23386267988605,
        37.23217919913538,
        41.08387525803408,
        37.118063457458575,
        37.76275399704615,
        38.850134692517265,
        40.36804360049342,
        38.198469627045874,
        51.646636594841404,
        43.712060597301566,
        37.675986730558385,
        42.15281605054958,
        46.01352583570444,
        34.20166027631083,
        40.04859935336571,
        36.5382766868058,
        31.295070116870775,
        39.7919393048438,
        38.613346158180775,
        36.195208620044774,
        40.81000729689366,
        39.8197073967459,
        46.3940395589334,
        41.668713580941244,
        38.78877721443408,
        37.067960567014204,
        36.52755723786065,
        37.401509522480296,
        41.392885862272955,
        44.105947387239276,
        35.24827624763454,
        38.635897559112436,
        39.91667628912355,
        44.41756592106664,
        45.371662755193384,
        44.578807245392035,
        39.124611900595355,
        43.927142179920644,
        39.61300450735615,
        37.60463558739345,
        40.989867569774674,
        41.6797189157583
    ]
}