{
    "Est_name": "EN",
    "Run": 42,
    "Seed": 9891,
    "Est_params": {
        "alpha": 2.0,
        "l1_ratio": 0.0
    },
    "R2": 0.3429776367538192,
    "R": 0.5862142424936834,
    "MAPE": 0.16669866077299442,
    "RMSE": 7.5327305343294775,
    "y_test": [
        45.5,
        48.7,
        38.61,
        38.0,
        42.0,
        39.5,
        54.04,
        46.7,
        32.5,
        56.25,
        23.0,
        47.0,
        30.0,
        58.5,
        39.0,
        33.0,
        25.81,
        40.75,
        39.78,
        42.03,
        23.33,
        43.47,
        41.23,
        51.5,
        37.5,
        40.1,
        22.67,
        50.0,
        33.04,
        41.89,
        35.0,
        53.5,
        44.6,
        32.25,
        20.8,
        40.75,
        30.0,
        46.8,
        41.16,
        42.3,
        57.5,
        32.25,
        59.0,
        37.25,
        30.0,
        45.22,
        42.0,
        35.0,
        56.0,
        45.02,
        54.25,
        57.5,
        23.9,
        32.43,
        33.6,
        39.17,
        33.95,
        37.5,
        41.5,
        32.83,
        50.8,
        50.86,
        43.4,
        42.75,
        49.9,
        42.0,
        35.3,
        48.0,
        35.5
    ],
    "y_pred": [
        39.398126845009145,
        45.113857170897994,
        34.753171290980724,
        35.67487326745104,
        38.98961734616313,
        37.64303460695426,
        47.44574423874372,
        48.23205954486065,
        37.724530454417604,
        51.03570010137315,
        38.53726945868183,
        39.69264182881623,
        35.317096473409535,
        63.566659550869886,
        42.5552559069057,
        39.723176986975474,
        35.927984796337526,
        36.715708442494005,
        40.397054605577246,
        35.555393801413004,
        37.80834068989256,
        36.74130132970666,
        42.321463363706016,
        39.00111340465952,
        38.82894213524791,
        37.34177649747657,
        41.75464710868528,
        39.51350458763963,
        39.525525732259865,
        35.70265129331655,
        39.381079410196435,
        46.15826954187826,
        45.90446218976043,
        35.05206321168465,
        40.340098088287874,
        40.283555525306454,
        38.90055373709998,
        44.323252152035565,
        41.68809635910264,
        37.58421206248633,
        65.14786958859476,
        37.51247666975523,
        44.47031338814193,
        41.56012573726521,
        37.40840730843826,
        42.501936361104775,
        42.31282034189594,
        37.32642571528448,
        50.002659517500966,
        36.8885588216102,
        42.91870312080982,
        43.877359623995105,
        42.05477154501028,
        39.72054974829538,
        35.98992572245062,
        35.07192784753583,
        35.30010822921233,
        37.24773209752304,
        36.797518985510266,
        35.695410738643545,
        39.13675340499321,
        45.51830050302846,
        38.06908319250584,
        39.0976479970128,
        39.40803340566059,
        42.89723887053599,
        36.457127078660605,
        40.642041683582775,
        37.91174046871915
    ]
}