{
    "Est_name": "EN",
    "Run": 11,
    "Seed": 6912,
    "Est_params": {
        "alpha": 1.0000000077369702e-06,
        "l1_ratio": 0.0
    },
    "R2": 0.3409339134938508,
    "R": 0.6045141093731463,
    "MAPE": 0.18794337220312243,
    "RMSE": 8.059457397605454,
    "y_test": [
        48.0,
        40.0,
        37.5,
        48.7,
        43.76,
        26.5,
        26.5,
        32.9,
        25.81,
        39.12,
        50.86,
        37.5,
        34.8,
        42.86,
        40.75,
        43.07,
        42.56,
        53.25,
        45.0,
        47.0,
        32.83,
        36.0,
        34.5,
        20.5,
        57.96,
        26.25,
        48.0,
        32.0,
        45.02,
        47.3,
        35.0,
        39.53,
        45.5,
        30.0,
        43.4,
        40.0,
        36.5,
        57.1,
        55.5,
        43.0,
        42.5,
        40.5,
        58.59,
        53.5,
        41.78,
        46.11,
        41.0,
        44.05,
        30.0,
        34.5,
        33.0,
        15.11,
        46.8,
        57.27,
        43.5,
        43.66,
        43.64,
        41.8,
        41.5,
        23.0,
        48.5,
        58.5,
        34.5,
        54.2,
        45.5,
        59.0,
        29.5,
        22.5,
        56.0
    ],
    "y_pred": [
        46.618380671009966,
        35.62017265303248,
        39.8729507398768,
        44.21905126388413,
        38.879460946957266,
        31.364285924421623,
        36.474623622331436,
        35.241125593980186,
        35.5319057420828,
        39.11085796266465,
        43.76561293629255,
        37.48698259282224,
        36.48012523927128,
        36.50834421334875,
        37.147143083259024,
        35.91185217658511,
        35.75905362358197,
        44.36210497305619,
        35.80470531180815,
        40.41397153089257,
        35.95331613859752,
        39.15281176908924,
        36.860016012448355,
        41.64792118806368,
        43.608815864392604,
        45.61376793114751,
        43.299229877270214,
        33.750254071476185,
        36.75324085217752,
        43.62255922712049,
        36.724889815610084,
        36.30179892610593,
        38.841984177029325,
        37.08998483666634,
        37.72285927501572,
        35.688157097900785,
        39.22681024286445,
        47.344565156874395,
        45.31086346826858,
        45.68519802432478,
        37.64900010350204,
        37.60565643389502,
        44.205307901156246,
        47.031576730071556,
        37.465431396794855,
        44.56090181798792,
        36.66121916751663,
        37.47431246786684,
        36.12839777884644,
        39.88844856472122,
        39.74035480808951,
        39.352279656966346,
        43.02606719035685,
        45.555089046583475,
        33.55543252092145,
        35.3010323455917,
        37.34973288894116,
        42.053653934261334,
        37.854203241043905,
        37.95087869779859,
        48.260559798589206,
        61.47338209486523,
        33.15376203471254,
        48.69223917898491,
        39.43847621379297,
        50.64652794564377,
        39.05351606273314,
        37.65263267941677,
        45.24210061978063
    ]
}