{
    "Est_name": "EN",
    "Run": 22,
    "Seed": 8928,
    "Est_params": {
        "alpha": 2.0,
        "l1_ratio": 0.020556862581303566
    },
    "R2": 0.2740975768267945,
    "R": 0.5421144728764332,
    "MAPE": 0.13394105560186417,
    "RMSE": 6.398918684920957,
    "y_test": [
        33.4,
        43.64,
        44.6,
        35.75,
        45.5,
        37.0,
        39.5,
        29.02,
        48.0,
        24.5,
        47.0,
        32.91,
        35.25,
        45.8,
        41.0,
        42.25,
        32.25,
        43.07,
        32.0,
        39.0,
        33.76,
        40.0,
        51.0,
        50.8,
        33.5,
        46.0,
        36.0,
        45.25,
        30.25,
        40.1,
        55.52,
        34.5,
        43.0,
        40.03,
        52.5,
        30.5,
        29.41,
        41.95,
        45.5,
        29.6,
        34.8,
        31.25,
        45.0,
        50.2,
        38.82,
        52.5,
        37.5,
        34.5,
        31.75,
        34.75,
        46.0,
        40.5,
        42.86,
        57.27,
        42.29,
        31.67,
        55.5,
        39.8,
        39.5,
        33.04,
        35.5,
        26.5,
        53.5,
        43.5,
        33.5,
        35.0,
        47.0,
        42.03,
        36.0
    ],
    "y_pred": [
        35.08636194216152,
        36.47064190998576,
        46.92259174131895,
        34.955961165609324,
        38.74618140537507,
        42.9120084283868,
        39.12131904055066,
        34.238215284802344,
        38.15965055025211,
        38.56855561447167,
        38.66626151713789,
        36.56623489870028,
        35.408012077939645,
        46.415980774433166,
        38.286988749975194,
        38.48765437245864,
        38.74200905161754,
        35.14739165325738,
        33.71267449223558,
        36.28088771119039,
        35.5929729090473,
        39.51880989832552,
        41.77366380146722,
        39.78365010986554,
        40.44620959742158,
        41.055468465174954,
        37.27376681620362,
        39.75940333914664,
        40.2618419522749,
        37.550077557924524,
        47.89678969396695,
        35.83359847564934,
        38.06450785758256,
        38.26162891629348,
        39.22743253857914,
        32.19284159157823,
        33.56304867642351,
        34.64078068637159,
        39.25279237226085,
        46.21777879113796,
        37.0980266455942,
        34.39479014416808,
        40.60341755284463,
        41.9595702898356,
        36.602714477738225,
        45.236987612155374,
        39.8443032805006,
        36.05486225502523,
        39.75523098538911,
        35.634037534104806,
        40.81500192225111,
        36.45235311280009,
        35.65400262014316,
        45.49707273779583,
        35.08288157708087,
        33.60648898562275,
        44.990461770910045,
        47.93581367509052,
        36.50691316735555,
        39.581777548243245,
        38.50558796455395,
        37.728787117845975,
        45.463013068320535,
        45.27104728163067,
        38.94020145583995,
        35.0029616888437,
        42.85571214263379,
        34.48415798656121,
        39.39225236817027
    ]
}