{
    "Est_name": "EN",
    "Run": 46,
    "Seed": 8785,
    "Est_params": {
        "alpha": 2.0,
        "l1_ratio": 1.0
    },
    "R2": 0.27397869719994694,
    "R": 0.5685860035212588,
    "MAPE": 0.18465580676302065,
    "RMSE": 8.358294419523569,
    "y_test": [
        37.5,
        50.75,
        29.5,
        26.75,
        55.5,
        39.5,
        53.5,
        42.56,
        35.0,
        41.89,
        44.6,
        47.0,
        31.47,
        34.5,
        31.5,
        22.9,
        39.53,
        50.5,
        31.59,
        52.07,
        26.5,
        57.0,
        42.56,
        34.5,
        53.0,
        34.5,
        56.25,
        30.5,
        40.5,
        40.12,
        48.0,
        46.8,
        40.5,
        45.25,
        31.67,
        28.0,
        51.0,
        31.53,
        21.75,
        57.1,
        39.3,
        37.5,
        29.5,
        29.0,
        33.5,
        41.25,
        50.0,
        46.5,
        56.5,
        42.0,
        42.5,
        41.0,
        41.23,
        20.8,
        44.0,
        43.0,
        30.5,
        36.0,
        43.0,
        56.0,
        53.5,
        59.0,
        46.0,
        43.66,
        53.5,
        55.84,
        30.0,
        42.2,
        28.0
    ],
    "y_pred": [
        37.043509467703984,
        40.58779656824839,
        39.533548322683345,
        37.61257235547965,
        45.095878843154246,
        40.33549094572814,
        41.646697410441085,
        36.036265346869605,
        39.130876067955526,
        35.73157021152062,
        45.687914845025674,
        39.760726738003015,
        35.03573352298793,
        36.46256012253634,
        34.0062523055917,
        41.92318070472819,
        38.4662748427513,
        39.84088180058145,
        36.06393856171481,
        49.27826252869238,
        38.46158521853881,
        48.073739240895016,
        36.14510512664331,
        35.550198800930964,
        41.865970844301955,
        33.17918247534632,
        49.71158105842841,
        39.702189963906875,
        38.447373882732606,
        39.08561971811982,
        39.81841610628455,
        44.03377518453491,
        36.252131008445275,
        40.36873252004478,
        34.40979890122404,
        38.66835267610015,
        41.05902085165262,
        45.50498346242124,
        40.38505187027283,
        46.61529125336181,
        39.09488620036007,
        38.69764912819475,
        37.47673640746476,
        38.339796857185185,
        37.89027132258745,
        45.2832347121261,
        39.65188695822931,
        39.165487919704944,
        42.090658305779506,
        38.39295399284576,
        39.059367270491904,
        38.21904335228875,
        43.13611581432837,
        39.971516955150136,
        40.8794633390347,
        40.01550412173083,
        32.35211264510094,
        38.98569052425546,
        40.41150853402516,
        41.883890848218165,
        40.8196275801957,
        42.91772813602489,
        36.738197554383916,
        36.0717906205449,
        45.07400409392405,
        48.10277867328269,
        37.61103757024698,
        40.40282831106953,
        38.29294357731527
    ]
}