{
    "Est_name": "EN",
    "Run": 16,
    "Seed": 3811,
    "Est_params": {
        "alpha": 1.3692798060223828,
        "l1_ratio": 0.0
    },
    "R2": 0.19187318659844665,
    "R": 0.47742498775306796,
    "MAPE": 0.15060652621496207,
    "RMSE": 7.06580949585757,
    "y_test": [
        30.0,
        53.5,
        49.5,
        36.0,
        46.0,
        49.9,
        32.83,
        33.46,
        38.0,
        42.3,
        40.39,
        32.25,
        32.91,
        31.75,
        33.25,
        49.7,
        46.0,
        51.0,
        48.0,
        35.0,
        33.5,
        47.0,
        42.25,
        43.64,
        40.5,
        30.0,
        35.5,
        50.2,
        29.0,
        55.5,
        53.5,
        52.5,
        15.11,
        47.3,
        29.5,
        37.0,
        48.0,
        39.12,
        41.95,
        43.66,
        53.25,
        43.76,
        53.5,
        56.38,
        38.78,
        51.0,
        41.04,
        39.0,
        40.0,
        46.0,
        42.0,
        37.25,
        39.0,
        39.78,
        48.0,
        34.5,
        41.5,
        35.0,
        45.0,
        36.5,
        41.8,
        39.21,
        35.0,
        41.0,
        39.5,
        36.0,
        33.04,
        33.95,
        29.6
    ],
    "y_pred": [
        36.74709622927256,
        42.17855244575769,
        39.56891115076093,
        36.998999237701405,
        36.16949090130335,
        40.500000761910286,
        35.3670060671209,
        35.61823898488299,
        37.95497022419815,
        37.29865503506459,
        38.49130598335456,
        37.384982871674715,
        36.926914051080445,
        38.59285686660031,
        42.0156353920882,
        40.776785145686524,
        45.05794459843028,
        40.64267352738016,
        43.21973645624237,
        35.47162099604058,
        38.392013407311424,
        42.208467385935755,
        38.32399453208273,
        37.00834058834437,
        38.61267345767258,
        34.950010838353364,
        37.404799462746986,
        41.341235190828726,
        37.78807640984863,
        46.05211806515568,
        45.650258675797424,
        44.29511401046007,
        39.861826480942135,
        44.59796223196135,
        39.24114779762664,
        43.21084792202642,
        40.87140981167229,
        38.81081023008979,
        34.96399198023412,
        35.10450678951102,
        45.448181067692886,
        38.558907221660945,
        46.71086200031125,
        39.32511204776916,
        40.509250481926564,
        42.01186246131678,
        36.775802972622515,
        42.112663532588634,
        36.183933736619295,
        40.401584432515854,
        38.74678507597894,
        41.10673234848703,
        35.805180753578256,
        40.03942510277013,
        39.5961144714656,
        32.14129706784439,
        36.509918822312905,
        34.876147458998744,
        43.087240015534476,
        36.69960360692127,
        42.72409295768977,
        44.4807801988352,
        37.35103322673535,
        35.30204482738731,
        36.04009344315647,
        39.09977434445726,
        39.31428674880563,
        34.7630690696581,
        46.34476123139829
    ]
}