{
    "Est_name": "EN",
    "Run": 43,
    "Seed": 4333,
    "Est_params": {
        "alpha": 1e-06,
        "l1_ratio": 0.0
    },
    "R2": 0.20153882316343785,
    "R": 0.45661173566747704,
    "MAPE": 0.2119943581042946,
    "RMSE": 9.117274819581038,
    "y_test": [
        42.2,
        24.67,
        57.27,
        16.58,
        33.04,
        20.22,
        31.59,
        40.87,
        39.5,
        55.84,
        35.0,
        31.97,
        47.0,
        42.86,
        44.95,
        20.5,
        35.0,
        50.86,
        41.5,
        33.0,
        43.66,
        25.81,
        47.3,
        42.0,
        38.0,
        18.52,
        41.4,
        37.75,
        54.04,
        43.29,
        56.5,
        45.25,
        39.73,
        58.59,
        33.85,
        62.5,
        43.5,
        33.5,
        26.5,
        59.0,
        34.8,
        50.75,
        45.02,
        43.47,
        46.7,
        43.65,
        53.5,
        52.5,
        32.26,
        45.0,
        29.0,
        35.25,
        38.61,
        45.0,
        51.5,
        54.2,
        36.0,
        39.21,
        38.0,
        30.0,
        42.5,
        42.56,
        43.07,
        56.0,
        41.75,
        34.75,
        46.87,
        55.5,
        33.0
    ],
    "y_pred": [
        40.29493256286698,
        41.56135568349565,
        46.29064310441615,
        49.27525847861029,
        39.52904438975657,
        36.60361909683614,
        35.81165565633427,
        42.10380140625877,
        37.11228942618853,
        48.70004521368064,
        37.45398948217683,
        47.16662713948056,
        41.35871490364808,
        35.786609857617506,
        35.52805337456055,
        41.10891603141874,
        34.78848728624388,
        44.952188111329555,
        36.666137761826334,
        34.10092179021899,
        34.467940996489006,
        35.650930252373364,
        44.97226893415882,
        42.62453936298354,
        37.90014114653903,
        39.324309373969946,
        46.75687559160761,
        33.73483256208164,
        48.59861133361868,
        39.34467311701892,
        51.47429892885846,
        39.77520074584214,
        34.44815486453092,
        45.13083189878306,
        35.83010822868894,
        44.74479887131639,
        36.01666269086816,
        40.297180411915605,
        33.00388062879509,
        50.13584393577187,
        37.53201035198773,
        39.79365331819682,
        36.137369606699494,
        36.128143320522156,
        47.69883983896862,
        42.63376564916088,
        46.19341496528297,
        46.153179326672515,
        46.72047547511836,
        35.4878177359501,
        37.92549237977046,
        38.39087851600169,
        34.002003200168716,
        44.243609437289926,
        39.35321704060074,
        49.49091466234307,
        40.42607543444272,
        44.74013171644836,
        34.17114580911928,
        35.309230196385066,
        37.99059408839335,
        35.976427052257705,
        35.340458193255316,
        46.736794768778346,
        46.21017182719525,
        34.38257126049213,
        36.0568983294786,
        46.23365060389341,
        33.72499414475709
    ]
}