{
    "Est_name": "EN",
    "Run": 39,
    "Seed": 1584,
    "Est_params": {
        "alpha": 1e-06,
        "l1_ratio": 0.0
    },
    "R2": -0.008863667349823245,
    "R": 0.2972721344359756,
    "MAPE": 0.23806156000068562,
    "RMSE": 10.372835417603655,
    "y_test": [
        23.0,
        45.0,
        39.42,
        43.5,
        41.75,
        42.0,
        41.78,
        49.0,
        50.5,
        52.5,
        16.58,
        40.5,
        43.64,
        41.23,
        56.0,
        37.0,
        40.87,
        39.5,
        31.53,
        54.2,
        37.5,
        54.25,
        57.27,
        44.0,
        47.0,
        33.5,
        25.68,
        54.04,
        33.0,
        43.5,
        42.56,
        53.0,
        40.03,
        43.66,
        41.8,
        22.73,
        62.5,
        26.5,
        29.02,
        32.5,
        33.5,
        42.0,
        53.5,
        59.5,
        26.5,
        43.29,
        38.82,
        46.0,
        50.0,
        58.25,
        22.04,
        46.0,
        49.5,
        54.0,
        29.02,
        42.66,
        32.26,
        31.75,
        43.47,
        46.25,
        56.0,
        30.5,
        59.0,
        33.5,
        49.9,
        43.65,
        42.75,
        31.97,
        26.75
    ],
    "y_pred": [
        38.55394656086174,
        36.08135667954579,
        39.17428844163181,
        36.6193626883945,
        46.89210002515837,
        43.141903060558604,
        36.53493807865196,
        43.56760367614798,
        40.3139798324605,
        45.01914239798554,
        59.45868491931516,
        35.56434044767613,
        36.50322570249752,
        41.600152774178724,
        46.98702083626018,
        43.658939465658,
        51.41951923144402,
        35.87031905577673,
        45.930325454628296,
        48.8625045871925,
        42.83168596352659,
        39.822552803504315,
        46.46998443116078,
        37.03318987214174,
        40.51008541390702,
        42.74831002196295,
        34.65863292012348,
        47.82843177699371,
        40.10505577615993,
        46.681042228159576,
        36.830420485393304,
        41.544158224105814,
        38.56233122543061,
        33.85364025770447,
        43.356097733478784,
        41.70951487344613,
        44.188510729294926,
        33.348561782588654,
        50.62402055327867,
        31.314635129009286,
        39.62502041897799,
        42.43101122763579,
        40.30041345976148,
        63.03955622125747,
        32.52041429463017,
        35.46915289229872,
        36.450760039955284,
        36.197247094396914,
        40.66678399149949,
        62.52251981615807,
        40.03289482021812,
        45.438308847130365,
        39.30551639840492,
        43.612303844503394,
        34.44757512312468,
        34.98382886335378,
        46.44736185972769,
        38.49527847750393,
        36.01790167355257,
        46.60719058517971,
        43.412956121645834,
        40.363573978709624,
        50.3894190925344,
        37.32358663614078,
        40.43531083969673,
        43.11019068440416,
        40.01422996623563,
        46.96439826482709,
        36.94416926220575
    ]
}