{
    "Est_name": "EN",
    "Run": 41,
    "Seed": 5635,
    "Est_params": {
        "alpha": 2.0,
        "l1_ratio": 0.2949324828018964
    },
    "R2": 0.3041427216256096,
    "R": 0.5713830142491787,
    "MAPE": 0.1584240968374948,
    "RMSE": 7.395374064341889,
    "y_test": [
        59.5,
        47.0,
        31.47,
        49.0,
        44.5,
        34.5,
        41.4,
        33.5,
        32.57,
        42.66,
        56.0,
        50.5,
        44.05,
        33.46,
        28.0,
        36.5,
        31.67,
        26.5,
        40.0,
        47.0,
        55.52,
        36.5,
        52.07,
        39.5,
        39.5,
        39.78,
        29.5,
        34.25,
        36.0,
        26.25,
        48.0,
        46.5,
        42.2,
        49.0,
        26.5,
        39.5,
        28.5,
        27.7,
        49.9,
        35.5,
        32.5,
        53.25,
        58.59,
        40.0,
        22.5,
        40.5,
        53.5,
        32.91,
        30.25,
        41.52,
        40.75,
        46.7,
        30.0,
        39.3,
        35.25,
        36.0,
        42.0,
        57.96,
        37.0,
        57.5,
        40.12,
        41.5,
        32.83,
        49.5,
        41.0,
        31.59,
        38.61,
        36.0,
        42.37
    ],
    "y_pred": [
        66.06209562811152,
        42.906913882382966,
        34.642227015557935,
        50.74332221758671,
        39.19480312381125,
        44.80404380915438,
        46.65691756544041,
        39.320779358279445,
        36.735003824451816,
        35.974441796508486,
        50.749272539335415,
        39.76085412466684,
        37.70165819770695,
        36.232129701084645,
        38.232602486933004,
        39.86540328234771,
        34.4591374177765,
        35.095216932199676,
        38.16810380977192,
        41.686731686029674,
        46.95364714388306,
        37.267383689439455,
        50.8724869005894,
        40.52251947167046,
        37.716273758818865,
        40.405907542612965,
        37.941819048871274,
        38.288544508985396,
        37.39391271760422,
        46.527274320665015,
        43.285058674824754,
        39.61470117454731,
        47.47788795543782,
        42.01208407039291,
        37.01556990455355,
        37.525325404830575,
        39.9299019595088,
        45.81004782224167,
        39.90549585819173,
        37.75753153303253,
        31.993132761133246,
        45.70770391106049,
        45.25634767130727,
        36.54947567033864,
        38.1245930624808,
        36.676675668542686,
        41.3120006471231,
        37.31357075855135,
        39.13719424527329,
        47.44555690391081,
        40.30348074189621,
        48.779486326454304,
        39.0812522232209,
        39.24954486723862,
        34.556921492221704,
        39.52975262351596,
        42.894384416369846,
        44.83202280316332,
        43.318709284513794,
        44.01022852784534,
        39.19441018372148,
        45.38394296100857,
        35.73211202220834,
        64.36479615553574,
        36.25235080039874,
        36.15643689035229,
        34.69186685964595,
        39.21479365330311,
        37.825983335039865
    ]
}