{
    "Est_name": "EN",
    "Run": 12,
    "Seed": 520,
    "Est_params": {
        "alpha": 2.0,
        "l1_ratio": 0.0
    },
    "R2": 0.17212737223224162,
    "R": 0.41634000498681045,
    "MAPE": 0.24023817314574267,
    "RMSE": 9.675541129649849,
    "y_test": [
        40.0,
        35.5,
        43.07,
        59.0,
        45.5,
        21.75,
        35.0,
        51.5,
        31.75,
        50.5,
        41.52,
        39.0,
        39.0,
        16.58,
        43.0,
        13.33,
        48.0,
        34.5,
        51.0,
        22.13,
        24.5,
        30.5,
        57.27,
        46.7,
        46.25,
        43.4,
        32.9,
        59.0,
        52.07,
        47.0,
        41.23,
        42.25,
        39.5,
        57.0,
        29.41,
        45.0,
        55.52,
        23.0,
        20.8,
        50.8,
        23.9,
        40.0,
        41.89,
        32.25,
        50.2,
        43.55,
        42.3,
        27.4,
        31.8,
        37.5,
        42.29,
        46.8,
        33.76,
        42.5,
        34.0,
        56.5,
        54.04,
        38.82,
        32.43,
        39.12,
        31.25,
        42.2,
        36.5,
        35.25,
        33.95,
        52.0,
        26.5,
        56.0,
        47.3
    ],
    "y_pred": [
        38.84669380675263,
        40.04000583521403,
        35.97859707330729,
        45.098954114754086,
        40.00857406787402,
        40.64449107965823,
        36.525567212173485,
        39.950394140089465,
        38.18264919672154,
        40.17716732069511,
        47.5374162276335,
        42.77733275991952,
        36.088175241828935,
        48.9604522327148,
        46.15805847030725,
        41.72750833634938,
        41.22346999323697,
        47.021235287850274,
        37.741097571889924,
        41.33055082651508,
        38.88670213810532,
        40.65294634640847,
        47.425935837766446,
        47.6108879454665,
        45.59232313597719,
        38.18469746194579,
        35.23215860175003,
        49.74114540867635,
        50.491704813571154,
        39.401743183179626,
        42.03615846619602,
        38.39135477060122,
        39.14898473416688,
        45.35127471594025,
        34.31390132123949,
        36.68433008203955,
        47.161384854188604,
        38.63438153691916,
        40.139849877285904,
        40.06378073039229,
        42.07366938989533,
        36.332466130728804,
        36.63374251330003,
        37.17336679197689,
        41.32464513071601,
        36.31875684421577,
        38.08352232446675,
        34.42820823943615,
        34.32703310195711,
        40.66290834128387,
        35.82782492835648,
        44.40437980549697,
        36.24144100649469,
        38.494650460757036,
        33.86117534524321,
        44.089671710009426,
        47.46385759933718,
        37.341748535473464,
        39.711875322661456,
        38.5441320216628,
        33.05424321545664,
        40.594352378044405,
        40.86525861624195,
        34.0635256202013,
        35.28325344291106,
        42.12092885132863,
        32.54960201308431,
        45.20568179656338,
        44.909021007869306
    ]
}