{
    "Est_name": "EN",
    "Run": 5,
    "Seed": 3657,
    "Est_params": {
        "alpha": 2.0,
        "l1_ratio": 0.7695835362593766
    },
    "R2": 0.1785694277710913,
    "R": 0.43558341743180673,
    "MAPE": 0.21435947176814166,
    "RMSE": 9.283130456788049,
    "y_test": [
        46.5,
        34.62,
        32.5,
        59.0,
        49.0,
        58.0,
        57.27,
        33.0,
        58.25,
        35.5,
        44.75,
        36.5,
        42.5,
        39.73,
        38.78,
        45.5,
        42.2,
        33.04,
        46.0,
        32.0,
        31.53,
        42.5,
        48.0,
        43.0,
        39.12,
        37.5,
        30.0,
        31.67,
        29.6,
        15.11,
        37.6,
        44.95,
        56.0,
        49.9,
        41.0,
        30.5,
        33.76,
        43.0,
        41.0,
        38.0,
        16.58,
        33.5,
        45.5,
        37.5,
        26.25,
        30.0,
        44.5,
        22.67,
        32.9,
        34.5,
        39.0,
        54.04,
        42.03,
        52.07,
        53.5,
        52.5,
        27.4,
        50.75,
        23.33,
        40.39,
        40.5,
        38.0,
        56.5,
        37.5,
        35.75,
        23.9,
        62.5,
        43.5,
        25.81
    ],
    "y_pred": [
        37.84743505874971,
        36.735275265834375,
        31.57039586649681,
        50.572401185906706,
        50.20297160314942,
        50.47687656414436,
        46.74366467385961,
        34.11450204735523,
        62.352195963065675,
        40.38577725106127,
        37.34044839885465,
        37.10783173157663,
        39.24439428658387,
        34.64712110525832,
        40.67132231790761,
        39.86148381513729,
        40.43125669224191,
        39.42106336224713,
        45.31945085771369,
        33.67828113319639,
        46.52038449288147,
        38.41589425624556,
        43.87386129882196,
        46.76504041660543,
        39.51677173486746,
        38.01641062771413,
        39.05966597252419,
        33.56668376296838,
        46.51083203070523,
        41.220360260235324,
        37.78917806883398,
        37.798804727692136,
        42.53163347198602,
        42.10397773896488,
        37.076009948246266,
        40.143858141692995,
        36.23517168357019,
        41.65771464960318,
        38.7939769554216,
        38.34859456105825,
        48.0460954308888,
        40.289223830858234,
        40.58427859458316,
        40.9075897454976,
        46.49172710635276,
        35.14960245303716,
        37.980227312358664,
        41.940013891548354,
        34.78958212467845,
        39.66298247161541,
        36.006522684922025,
        47.5535010376858,
        35.02219879195647,
        51.89026971436101,
        40.73861417653318,
        46.060326157021336,
        34.55381610517889,
        40.86169097966568,
        38.32918114245185,
        39.96718906602974,
        36.102047306684376,
        36.075802783717876,
        42.89303086170896,
        40.48027307438292,
        36.63975064407203,
        42.39235516293137,
        43.61582564115483,
        37.69309947679969,
        35.180003058192256
    ]
}