{
    "Est_name": "EN",
    "Run": 33,
    "Seed": 2547,
    "Est_params": {
        "alpha": 1.0000000041176643e-06,
        "l1_ratio": 0.0
    },
    "R2": 0.13813890074546387,
    "R": 0.41959085893991693,
    "MAPE": 0.21400264642571304,
    "RMSE": 9.227248457528107,
    "y_test": [
        34.8,
        48.0,
        40.75,
        48.0,
        35.5,
        44.0,
        22.13,
        46.7,
        26.5,
        35.25,
        43.07,
        62.5,
        42.0,
        43.5,
        43.5,
        40.0,
        39.5,
        16.58,
        26.5,
        40.03,
        43.5,
        39.61,
        30.25,
        40.1,
        59.5,
        35.75,
        42.56,
        46.0,
        32.26,
        33.5,
        31.75,
        42.0,
        39.8,
        42.0,
        57.96,
        40.5,
        57.27,
        52.07,
        40.0,
        22.9,
        27.7,
        27.49,
        32.83,
        31.47,
        49.0,
        30.0,
        38.0,
        59.0,
        32.57,
        21.75,
        41.95,
        31.25,
        53.9,
        35.0,
        27.4,
        39.78,
        44.75,
        43.55,
        46.25,
        48.0,
        46.5,
        49.0,
        22.5,
        41.78,
        27.5,
        31.25,
        55.84,
        37.5,
        51.0
    ],
    "y_pred": [
        37.719849719148854,
        38.33057870611773,
        36.59582003428201,
        47.14891036249891,
        38.170285052640224,
        37.24693211530452,
        41.29455432255792,
        49.01689117299148,
        30.332284737906804,
        34.59084866079453,
        35.2937162009625,
        44.891009268926084,
        43.023036213342266,
        37.3754275099034,
        35.95823051700571,
        35.67729577940999,
        36.29995604957418,
        49.41286932890339,
        32.72286785030197,
        38.70545629127432,
        46.74579779143623,
        39.158200789480105,
        40.00579090878889,
        37.834011706245064,
        63.38853085837937,
        36.08039316822707,
        35.9011495234576,
        45.9793841194403,
        47.78144412331859,
        40.47404770542414,
        39.3831306386247,
        39.44227854853472,
        48.8351391828781,
        42.54749729868084,
        45.44048694987957,
        36.49149316373669,
        46.802878784984344,
        53.40246780458397,
        35.45383714443799,
        42.130311619245454,
        45.91346331282603,
        47.17020005186403,
        35.23940395910897,
        34.15796532828939,
        42.43333531158462,
        38.257962393653415,
        34.43197523908161,
        45.51366953909027,
        36.33963982738031,
        40.48086381315087,
        34.67105593079831,
        33.345528120466156,
        44.81782667971539,
        37.57429773804216,
        34.2150463218375,
        40.816533666712786,
        36.55199516402685,
        35.651897899542874,
        46.52625009233473,
        40.50404407795661,
        39.25872353762823,
        51.5388797296616,
        37.868775848048536,
        36.897218439871246,
        36.21608323123466,
        34.14180589496756,
        51.04442938135726,
        41.67792269943292,
        37.11601152782925
    ]
}