{
    "Est_name": "EN",
    "Run": 1,
    "Seed": 1824,
    "Est_params": {
        "alpha": 2.0,
        "l1_ratio": 0.0
    },
    "R2": 0.1562865985464269,
    "R": 0.4201083320030908,
    "MAPE": 0.19276605964947918,
    "RMSE": 8.25799643420913,
    "y_test": [
        43.64,
        31.7,
        22.67,
        39.12,
        35.75,
        28.0,
        34.5,
        35.5,
        45.0,
        21.75,
        30.0,
        33.0,
        37.25,
        46.0,
        42.75,
        34.5,
        45.02,
        43.4,
        15.11,
        57.8,
        50.2,
        35.0,
        42.2,
        45.22,
        48.0,
        48.0,
        29.0,
        29.02,
        30.0,
        46.11,
        53.25,
        43.0,
        30.0,
        27.12,
        40.75,
        39.12,
        41.5,
        42.2,
        33.0,
        35.75,
        48.5,
        59.0,
        41.95,
        36.5,
        43.66,
        26.25,
        38.61,
        34.8,
        33.85,
        32.91,
        25.68,
        48.0,
        43.29,
        56.5,
        45.0,
        31.5,
        42.3,
        50.75,
        56.0,
        49.0,
        49.0,
        33.95,
        51.0,
        33.25,
        44.5,
        41.78,
        39.21,
        40.39,
        31.97
    ],
    "y_pred": [
        37.37436929578359,
        36.312737375877354,
        42.51668533740012,
        39.82151195523752,
        34.269062598058355,
        38.84801593146152,
        36.46488099299414,
        41.07941013169489,
        36.22082269134969,
        41.288652775776356,
        39.0625205118144,
        36.196455836986765,
        41.223214913265934,
        45.50780603195809,
        39.69639221543786,
        45.1378290757727,
        36.65373726616281,
        37.77112491493789,
        40.57475958742733,
        40.794692977105164,
        41.5300644708885,
        37.01067097308899,
        40.422952622317624,
        42.10755264754562,
        46.160233775301954,
        44.229931016999245,
        38.19688201321177,
        33.92860314644983,
        37.10078751496489,
        46.11008743514639,
        45.64108173527852,
        38.585349447096895,
        39.208331946271905,
        36.38015548534411,
        41.8582883043002,
        42.98998835537689,
        45.72660803707708,
        48.27064301997513,
        34.14018751412027,
        36.22181640315072,
        48.12679445207093,
        50.288690540933274,
        35.16097399218965,
        37.11102339435928,
        35.207428132070774,
        47.38191870012489,
        33.71970993294809,
        36.555801965720775,
        35.98731355321678,
        37.42857761245834,
        33.6855385566064,
        40.62677086889534,
        35.933105236542026,
        52.45058662979562,
        43.71461591291456,
        33.9158840086402,
        37.284995735251044,
        40.55694207219613,
        47.80297782414086,
        42.0680349281369,
        50.811461446717544,
        35.1048778453855,
        37.99346938839629,
        43.241306220557234,
        38.95387433474408,
        37.65378347148873,
        44.75938035492534,
        38.62578337005545,
        48.96902151327251
    ]
}