{
    "Est_name": "EN",
    "Run": 2,
    "Seed": 409,
    "Est_params": {
        "alpha": 2.0,
        "l1_ratio": 1.0
    },
    "R2": 0.1960684064595244,
    "R": 0.4716569005873996,
    "MAPE": 0.1693867040803232,
    "RMSE": 8.303518062881421,
    "y_test": [
        35.0,
        39.0,
        48.0,
        31.5,
        31.75,
        54.25,
        49.9,
        39.5,
        47.3,
        48.0,
        13.33,
        43.5,
        57.21,
        38.82,
        45.0,
        32.26,
        31.47,
        35.3,
        34.5,
        29.41,
        31.7,
        39.0,
        55.5,
        55.5,
        46.5,
        60.25,
        53.9,
        40.75,
        34.8,
        35.25,
        33.5,
        35.5,
        42.29,
        41.0,
        43.29,
        56.0,
        56.5,
        46.0,
        46.8,
        56.0,
        43.29,
        56.0,
        36.0,
        38.0,
        32.25,
        27.5,
        42.5,
        33.41,
        46.0,
        46.25,
        41.25,
        33.95,
        30.5,
        48.5,
        42.0,
        43.0,
        38.78,
        48.0,
        26.5,
        50.2,
        35.5,
        33.25,
        34.5,
        34.0,
        35.0,
        43.47,
        21.75,
        35.0,
        48.0
    ],
    "y_pred": [
        37.36498665164715,
        36.32762416450341,
        37.843836120752705,
        35.27664793677998,
        39.46604306061855,
        40.63113627269569,
        43.23259317411575,
        38.08436197085932,
        43.14838369184065,
        45.80245552529075,
        46.044353520960264,
        33.889274933545494,
        39.83911114436431,
        40.04816834861165,
        40.15474148835071,
        46.909459304476485,
        35.071540381712175,
        34.232727209376044,
        40.021477435225236,
        34.47356804472567,
        35.91564656858931,
        40.666748900072555,
        44.926735673742925,
        44.15271680031727,
        37.461841628547454,
        43.01078888379955,
        42.24210620849638,
        42.65424707263948,
        36.19152582049206,
        35.283662178729635,
        34.07354254912534,
        35.88800272079254,
        37.26086819666866,
        39.57396155757957,
        39.84644205909431,
        47.91426326338964,
        41.617138807828056,
        44.48461139760262,
        42.21928364119299,
        43.97841269795865,
        36.20193694130395,
        41.152588782504225,
        37.71576145628425,
        38.68875157949998,
        33.63093756008555,
        37.11137184764359,
        37.79994604818464,
        34.11743262169341,
        40.70649999215621,
        44.87335547464309,
        43.01515537334777,
        35.002642599773004,
        39.66662004856265,
        46.05606316209432,
        40.5469516807953,
        39.96894142987972,
        39.95375765193465,
        41.25825849596171,
        34.3240716957006,
        41.81001699976721,
        35.33624421698704,
        43.737877637815885,
        33.41844783548465,
        34.18014517111864,
        37.75965152885232,
        37.57364198099141,
        40.620110722701654,
        39.34563882492482,
        42.489336373991016
    ]
}