{
    "Est_name": "EN",
    "Run": 7,
    "Seed": 1679,
    "Est_params": {
        "alpha": 2.0,
        "l1_ratio": 0.19268316485958653
    },
    "R2": 0.22851546898371278,
    "R": 0.4893245430434651,
    "MAPE": 0.2013218525117102,
    "RMSE": 9.011659891436146,
    "y_test": [
        32.33,
        52.07,
        44.0,
        32.25,
        26.5,
        56.0,
        26.5,
        34.75,
        32.43,
        39.3,
        51.0,
        22.73,
        49.5,
        36.0,
        37.5,
        29.5,
        40.39,
        32.0,
        24.67,
        56.5,
        23.33,
        56.0,
        44.6,
        40.75,
        51.0,
        45.8,
        39.0,
        59.0,
        29.02,
        36.0,
        39.5,
        42.56,
        48.0,
        38.78,
        51.5,
        39.12,
        35.5,
        57.5,
        40.0,
        30.5,
        53.0,
        16.58,
        58.5,
        45.23,
        41.89,
        39.0,
        42.56,
        43.0,
        20.5,
        38.0,
        57.8,
        35.0,
        41.04,
        27.5,
        48.0,
        31.5,
        45.25,
        55.84,
        26.5,
        49.0,
        39.12,
        33.4,
        30.0,
        35.25,
        33.0,
        29.02,
        54.04,
        34.62,
        41.75
    ],
    "y_pred": [
        38.030972342634726,
        49.938580238180606,
        42.283372851301074,
        37.84527425090135,
        33.39190047564654,
        42.948113842850454,
        31.355527897795177,
        34.66186591660656,
        39.69532057703625,
        39.52712045491625,
        42.81652968927613,
        41.89308128273041,
        40.06108185535562,
        41.49385967242269,
        41.456096041806575,
        38.932533482102265,
        38.67932556266219,
        33.15865017673025,
        41.810705014489116,
        43.17350412771734,
        37.514802769313484,
        49.293761650190596,
        46.431884334643264,
        36.8201339181516,
        40.3471098886068,
        45.98110376490949,
        42.1186203148185,
        49.74454221992436,
        46.20108512955348,
        37.29391369608414,
        37.258805268174854,
        37.19274862555962,
        43.71809082874367,
        40.99960206297495,
        40.203181130269044,
        38.646255405285444,
        38.25715501395623,
        43.39889441258422,
        39.32346868990634,
        40.23820797676676,
        41.77588142210449,
        53.28797925489906,
        61.41550820961018,
        37.32698385346089,
        37.49173638994346,
        36.29168962874655,
        42.07461532868067,
        42.44812538778365,
        41.05426284363022,
        38.263653420837706,
        40.89452011889787,
        37.81287285110394,
        36.91628243290263,
        39.73110665763157,
        46.71284020697742,
        33.609430746464014,
        40.44368383980335,
        48.655045782711035,
        36.94371311143381,
        49.959888013814755,
        43.49513562316801,
        35.795090531588585,
        37.36209228137017,
        38.174778745714946,
        35.45568298923978,
        34.973128157684,
        47.233896819777996,
        36.73074096369914,
        46.39157233272494
    ]
}