{
    "Est_name": "EN",
    "Run": 37,
    "Seed": 1519,
    "Est_params": {
        "alpha": 2.0,
        "l1_ratio": 0.7784570262948687
    },
    "R2": 0.05176019186532965,
    "R": 0.331484983242989,
    "MAPE": 0.2302570774921362,
    "RMSE": 9.73914623462803,
    "y_test": [
        25.68,
        32.26,
        46.8,
        43.66,
        30.5,
        30.25,
        45.22,
        33.5,
        41.25,
        46.5,
        40.5,
        33.6,
        57.21,
        36.0,
        28.5,
        48.0,
        43.29,
        55.5,
        53.5,
        35.5,
        29.02,
        37.5,
        52.5,
        42.35,
        48.0,
        41.89,
        35.0,
        31.75,
        43.0,
        32.25,
        22.9,
        29.5,
        42.5,
        41.4,
        39.0,
        27.5,
        50.5,
        43.64,
        30.5,
        39.45,
        56.38,
        58.25,
        22.67,
        31.97,
        59.0,
        45.0,
        39.78,
        39.5,
        36.0,
        44.5,
        27.49,
        33.5,
        40.03,
        24.67,
        18.52,
        55.84,
        41.78,
        22.73,
        53.5,
        42.0,
        33.0,
        52.0,
        30.0,
        43.4,
        22.13,
        38.0,
        56.5,
        34.5,
        47.0
    ],
    "y_pred": [
        33.33537199556466,
        48.87482111738516,
        44.60499747921074,
        35.836190382718364,
        30.828306051831422,
        40.3679166670677,
        41.75295751250094,
        42.82281931532001,
        43.868418686730784,
        39.749006058656114,
        37.9207736691041,
        35.321841413148746,
        41.50124014743317,
        40.0122325422447,
        48.05401718881971,
        39.3933000676267,
        36.228671786975355,
        47.30581941828168,
        47.44413651297512,
        35.924694106083315,
        33.63076508380622,
        36.148415139654716,
        40.846562029934894,
        38.6953330401962,
        40.4104616192347,
        37.355617258257084,
        35.388348040221985,
        39.66526997379887,
        41.20584705919161,
        34.11728766157519,
        43.53922607639872,
        40.61169825291461,
        39.0282407032709,
        48.11823094555488,
        36.31438401854279,
        41.25362483191576,
        41.976271980333664,
        37.63396517351301,
        39.577011306516354,
        40.347664125963284,
        41.01241356091306,
        62.90294347383429,
        43.03731901809399,
        49.577467810653985,
        44.97573627310253,
        43.228256353362156,
        39.538346082526225,
        36.60977710678436,
        37.99268634692737,
        39.73088739653973,
        48.231253041764646,
        39.43508580190986,
        39.10836098032254,
        42.94843989991559,
        40.352185821237065,
        51.6714699660164,
        37.834704808477106,
        42.65304681167403,
        43.96488621826908,
        40.4017938500745,
        35.53729593159309,
        40.79859345416435,
        36.196749166658016,
        37.45644699859462,
        42.660888724365435,
        38.99650046353684,
        52.46320709602245,
        32.233599438369076,
        41.99919624688577
    ]
}