{
    "Est_name": "EN",
    "Run": 10,
    "Seed": 9674,
    "Est_params": {
        "alpha": 2.0,
        "l1_ratio": 1.0
    },
    "R2": 0.24564893150970724,
    "R": 0.5296900720895191,
    "MAPE": 0.22034826028834933,
    "RMSE": 9.355507398498048,
    "y_test": [
        50.2,
        34.0,
        38.0,
        56.0,
        43.5,
        57.96,
        20.8,
        42.3,
        34.62,
        28.5,
        39.0,
        42.2,
        30.0,
        45.25,
        41.23,
        33.41,
        32.83,
        45.02,
        22.73,
        15.11,
        57.8,
        31.53,
        56.0,
        32.25,
        26.5,
        44.0,
        38.78,
        33.0,
        48.0,
        45.5,
        41.0,
        58.59,
        38.82,
        40.03,
        29.5,
        26.5,
        41.52,
        42.03,
        52.5,
        39.12,
        50.8,
        53.5,
        49.9,
        47.0,
        48.0,
        58.0,
        36.5,
        53.5,
        57.0,
        52.0,
        45.0,
        33.5,
        37.5,
        18.52,
        56.25,
        40.0,
        59.0,
        48.0,
        34.5,
        31.75,
        56.5,
        37.5,
        53.25,
        45.22,
        28.5,
        31.25,
        23.0,
        46.0,
        46.25
    ],
    "y_pred": [
        40.509052274334834,
        33.87516440407275,
        37.05286075201943,
        47.953378338003155,
        33.897002963995774,
        44.46074748479242,
        40.62601234785827,
        37.05681547380564,
        36.80592555228682,
        40.693591523797565,
        41.6200581454612,
        40.0661459809911,
        36.82586644613286,
        41.058711361020784,
        43.57259330756841,
        35.29008189800177,
        35.89836717430726,
        37.06350198378912,
        41.71195788077687,
        40.95920771714744,
        41.56676616621792,
        46.45058507614322,
        46.175841591640676,
        38.183959666622414,
        37.17339723043238,
        41.01989670572822,
        39.828645035210926,
        36.35430054500335,
        39.908890834601856,
        40.55343014292576,
        36.012887280092755,
        44.96602870288744,
        38.88070663547843,
        38.6491070386645,
        40.18831030570255,
        31.48775823124452,
        46.09799957522991,
        35.5991603586093,
        43.41558644810532,
        39.35227253660795,
        40.55330059316773,
        42.671167035246484,
        40.78019018766261,
        41.3522614479432,
        42.235659640146785,
        48.36377933446021,
        38.17222028587095,
        45.436711320485394,
        47.163456454994254,
        40.214534767766715,
        37.97234063930646,
        41.5801038113786,
        38.62832215574497,
        40.12073112976325,
        49.264021494059676,
        37.870144199288404,
        48.45865955609817,
        40.65004216286641,
        33.00360188552958,
        39.19452210281245,
        42.4738644220796,
        38.09278011918559,
        44.65999793735563,
        41.279661440324944,
        46.33055278819663,
        36.756577704887896,
        37.430994017498925,
        40.11965454612876,
        44.52000468470478
    ]
}