{
    "Est_name": "EN",
    "Run": 28,
    "Seed": 106,
    "Est_params": {
        "alpha": 2.0,
        "l1_ratio": 1.0
    },
    "R2": 0.20603640479173813,
    "R": 0.48545511883235504,
    "MAPE": 0.19935087849044894,
    "RMSE": 8.867890189342667,
    "y_test": [
        43.0,
        34.0,
        42.56,
        40.1,
        30.0,
        49.5,
        43.07,
        53.5,
        53.25,
        46.11,
        37.5,
        45.0,
        41.04,
        56.5,
        32.5,
        48.0,
        31.97,
        54.0,
        57.0,
        32.25,
        35.0,
        59.5,
        47.3,
        16.58,
        41.16,
        49.0,
        58.5,
        31.75,
        39.0,
        15.11,
        34.5,
        57.8,
        39.8,
        35.5,
        41.95,
        33.5,
        45.8,
        43.5,
        37.5,
        47.0,
        53.5,
        33.76,
        35.0,
        47.0,
        52.5,
        23.9,
        44.6,
        41.0,
        30.0,
        24.67,
        57.27,
        33.0,
        28.0,
        41.89,
        30.5,
        59.0,
        28.5,
        54.25,
        33.5,
        53.0,
        43.64,
        44.5,
        38.82,
        41.0,
        40.03,
        43.0,
        48.5,
        43.65,
        40.52
    ],
    "y_pred": [
        39.37659949685434,
        33.921815274956664,
        36.71726587409681,
        37.46131673167019,
        35.19554616759635,
        63.65050706876812,
        35.94370295077173,
        41.695266800248966,
        44.70653132635788,
        45.86478116930442,
        37.54517997935945,
        37.46136886817388,
        37.3715143968697,
        53.03216245739764,
        37.739178365766534,
        43.619783595198314,
        47.4130408695898,
        43.7947129808154,
        45.64363943143392,
        36.942171582357744,
        39.31515096423246,
        66.50612996096406,
        43.878983065582034,
        46.456007627490756,
        41.275792277364125,
        41.47806642605137,
        65.07831851486608,
        38.36998302845571,
        36.185517281205925,
        40.806970604970125,
        32.20494863312355,
        40.5280840348678,
        47.44851168082695,
        36.52171093798863,
        35.22979722772275,
        37.17343379508551,
        45.306794511679996,
        41.76272861026822,
        40.40555565843925,
        39.511278642521496,
        40.267455354151004,
        36.21456749326393,
        39.93002831410745,
        43.19781215299626,
        45.608555867054605,
        42.208756461082075,
        46.02070023472898,
        38.48324086927738,
        38.71056212763187,
        42.14136606029422,
        46.13434277245585,
        34.90880550689062,
        37.2827506815339,
        34.84511030810128,
        40.255797951197714,
        51.60435101129967,
        40.13837357372984,
        42.36690153471743,
        38.156951205763356,
        40.939090088619466,
        37.70073320029722,
        38.242664992010724,
        38.478334122135536,
        36.814853545912754,
        38.826696660625835,
        41.41067602526351,
        48.74872811910374,
        42.76597017233056,
        34.24903915011471
    ]
}