{
    "Est_name": "EN",
    "Run": 27,
    "Seed": 4557,
    "Est_params": {
        "alpha": 2.0,
        "l1_ratio": 0.0
    },
    "R2": 0.23404445752143765,
    "R": 0.4883499591669723,
    "MAPE": 0.20546592202980277,
    "RMSE": 8.61654853372719,
    "y_test": [
        48.0,
        39.78,
        39.61,
        39.5,
        40.12,
        53.5,
        46.5,
        53.9,
        33.5,
        33.25,
        34.5,
        50.5,
        32.25,
        44.5,
        56.38,
        35.25,
        29.0,
        51.0,
        23.0,
        15.11,
        45.8,
        40.5,
        29.5,
        36.0,
        58.0,
        31.8,
        28.5,
        35.0,
        35.5,
        43.0,
        42.03,
        48.5,
        42.2,
        49.7,
        48.0,
        52.5,
        33.41,
        25.81,
        39.0,
        41.23,
        54.2,
        33.85,
        41.78,
        32.91,
        43.4,
        27.49,
        30.25,
        20.8,
        38.0,
        48.0,
        33.5,
        26.5,
        22.04,
        30.0,
        52.5,
        31.47,
        44.05,
        45.25,
        43.0,
        43.29,
        42.3,
        57.0,
        54.25,
        26.5,
        51.0,
        43.0,
        49.5,
        25.68,
        32.83
    ],
    "y_pred": [
        38.609778522383216,
        40.60087647628312,
        39.82132389067691,
        41.37957111686513,
        39.235582838151565,
        41.87059411989281,
        38.0402716100096,
        42.985971862477385,
        42.12362244339872,
        42.94900478693244,
        36.643382555118016,
        40.8418714935345,
        36.96918045944996,
        37.60907508033286,
        39.15882560665719,
        37.54924860698192,
        38.480295192068695,
        41.01357802345909,
        38.24296770158162,
        40.81491802547029,
        44.933543958510235,
        37.37633992431941,
        39.75589711788862,
        39.62359998401459,
        50.48945804984957,
        34.775144556068355,
        40.39428420286916,
        35.09961074896347,
        37.30492948391479,
        38.64873806492435,
        35.64881519048937,
        48.42454795606169,
        40.100031699599626,
        41.16332686230536,
        41.77455497776197,
        44.69900489248509,
        35.51167440960196,
        35.43725192845476,
        36.887701678185145,
        41.585325686675404,
        48.092795481835836,
        36.788448579563024,
        38.20236353041152,
        38.0652227495241,
        38.002469112634586,
        46.19352022041155,
        38.88434171439156,
        40.451906806635414,
        38.3528766301039,
        44.0031924909565,
        38.29329993351551,
        30.7421585842514,
        41.728680976596486,
        39.117510032908086,
        40.03630153119057,
        35.019463679135484,
        37.75814998956746,
        40.80125050057836,
        46.55674083087864,
        40.05196944268444,
        37.51383086650033,
        45.97577906244616,
        42.66027460805896,
        32.546062409041326,
        42.72641832099543,
        41.84371211294776,
        60.93034103990587,
        34.28650630993409,
        36.42637221783603
    ]
}