{
    "Est_name": "EN",
    "Run": 32,
    "Seed": 4552,
    "Est_params": {
        "alpha": 1e-06,
        "l1_ratio": 0.0
    },
    "R2": 0.1383992269190849,
    "R": 0.4165495305123567,
    "MAPE": 0.17276333863308757,
    "RMSE": 8.34294978332244,
    "y_test": [
        40.1,
        32.5,
        40.5,
        55.5,
        45.02,
        43.64,
        37.5,
        32.83,
        56.0,
        52.5,
        42.2,
        33.85,
        29.02,
        29.6,
        52.07,
        55.84,
        41.23,
        57.27,
        42.75,
        37.6,
        25.81,
        43.5,
        53.5,
        59.0,
        46.0,
        48.0,
        33.5,
        39.45,
        51.0,
        54.2,
        56.5,
        35.75,
        36.5,
        27.49,
        44.05,
        39.8,
        42.03,
        48.7,
        42.0,
        43.76,
        41.16,
        29.0,
        40.0,
        50.2,
        32.33,
        35.5,
        44.0,
        40.0,
        16.58,
        48.0,
        33.04,
        40.75,
        32.9,
        30.0,
        33.95,
        53.0,
        31.97,
        38.0,
        42.0,
        33.76,
        52.5,
        39.73,
        57.1,
        36.0,
        42.3,
        28.5,
        38.61,
        34.8,
        45.0
    ],
    "y_pred": [
        37.32207461532417,
        31.521641560447556,
        36.20861648590106,
        45.15982622248894,
        35.740637908214275,
        36.30810111935452,
        40.93598004447137,
        34.82553387314121,
        45.38778419524468,
        44.820320984104434,
        40.3199264752157,
        35.202441109703976,
        33.726782080777326,
        46.877456331376514,
        53.242044935743536,
        50.29522943006664,
        42.28201792736077,
        45.72728943362918,
        39.49931768533875,
        37.277786736276155,
        35.45260005060895,
        35.60777427107023,
        46.45379332544422,
        44.59378823239316,
        41.710256509321304,
        46.41683121476326,
        37.20641528181462,
        40.45011716737181,
        42.36629547855758,
        50.97219209118256,
        43.45886181011267,
        35.681328562748185,
        41.11313156066345,
        46.89517148299572,
        37.410650373420204,
        48.31975576527163,
        34.133526262082285,
        46.04990292071066,
        41.88740802551337,
        38.666823342872924,
        40.87676575387504,
        37.41805769002936,
        35.40604619276682,
        41.014430350685544,
        37.49211033992505,
        37.70835229382198,
        36.89236317375877,
        35.60213660075356,
        49.09226463207048,
        38.29520067172049,
        38.97221771734449,
        41.20170731875948,
        34.162792674712236,
        34.74107070610583,
        34.258070662000975,
        42.63721409959742,
        48.02124032946661,
        34.965190727461774,
        42.15250680079254,
        35.29771909699272,
        46.409505446396196,
        33.779387344193665,
        47.42967906704991,
        39.88695350268514,
        37.36636249437218,
        46.86859875556691,
        33.211924133053415,
        37.233498857228135,
        35.934755958268305
    ]
}