{
    "Est_name": "EN",
    "Run": 24,
    "Seed": 3611,
    "Est_params": {
        "alpha": 2.0,
        "l1_ratio": 0.9550527413257617
    },
    "R2": 0.07856125253077706,
    "R": 0.3858619608690004,
    "MAPE": 0.2407159658129182,
    "RMSE": 9.477844133766043,
    "y_test": [
        26.5,
        41.0,
        44.5,
        42.0,
        39.5,
        33.5,
        35.0,
        48.0,
        37.5,
        57.27,
        41.5,
        57.0,
        37.6,
        32.91,
        45.5,
        21.75,
        30.5,
        26.5,
        29.6,
        48.0,
        53.9,
        29.5,
        26.75,
        44.6,
        39.3,
        13.33,
        40.0,
        35.0,
        22.13,
        35.0,
        46.8,
        35.0,
        47.0,
        48.0,
        33.04,
        49.9,
        53.25,
        26.5,
        41.16,
        38.0,
        56.25,
        33.4,
        40.75,
        16.58,
        53.5,
        38.61,
        27.49,
        45.23,
        56.0,
        39.73,
        43.64,
        31.25,
        22.04,
        28.5,
        41.78,
        33.76,
        49.5,
        29.5,
        31.75,
        32.57,
        31.7,
        47.3,
        40.12,
        45.0,
        33.5,
        46.7,
        52.07,
        35.5,
        34.5
    ],
    "y_pred": [
        30.448888186600914,
        39.92934322760988,
        39.30313144182284,
        39.39852681907402,
        42.321400538906644,
        38.10127408850089,
        37.22815228027456,
        44.64078783485664,
        40.10862958571124,
        46.55397039724947,
        45.631448250579375,
        50.22990161744629,
        37.35792259072506,
        37.956497755995414,
        41.02954596897955,
        41.362221611261624,
        40.35216852985998,
        38.1941503709141,
        47.61502815107648,
        40.32475151696488,
        43.74302725689458,
        37.238066824922534,
        37.47105805696677,
        47.35786277773608,
        39.731778748171585,
        45.224335521874195,
        36.71601206049407,
        40.02096337872815,
        42.395669550822866,
        37.33972143687482,
        43.905033723422676,
        36.14608497050638,
        39.29112755815892,
        38.42792029458057,
        39.48896126628163,
        43.39704720389949,
        44.827555870092766,
        35.060494857303404,
        41.22215894418573,
        36.23645491138504,
        51.00748945200728,
        35.80448153888149,
        42.21031656254079,
        45.905725012421755,
        46.77960932040036,
        33.76216069925953,
        47.65946174162282,
        37.237958044120134,
        49.16999094848472,
        34.625367962837885,
        37.959792710998066,
        33.55646317977132,
        42.22542887483998,
        47.59281135580331,
        38.39739828461921,
        36.66768880245984,
        40.15433482173727,
        40.26465122633267,
        40.06067984770183,
        37.530896066038196,
        37.13575463799335,
        44.76824098700102,
        40.02842332031181,
        43.187559521755865,
        34.515672585345925,
        48.445381320413986,
        54.90189242399331,
        36.80890502833896,
        40.529931404086994
    ]
}