{
    "Est_name": "EN",
    "Run": 20,
    "Seed": 9195,
    "Est_params": {
        "alpha": 0.2414983381291365,
        "l1_ratio": 0.0
    },
    "R2": 0.011567077546782434,
    "R": 0.4110574633092645,
    "MAPE": 0.24389510979889858,
    "RMSE": 9.642890838370118,
    "y_test": [
        41.95,
        30.5,
        59.5,
        36.0,
        32.91,
        46.11,
        29.5,
        41.23,
        28.0,
        26.5,
        43.5,
        31.67,
        55.5,
        59.0,
        23.33,
        35.0,
        31.97,
        39.12,
        32.0,
        41.0,
        42.29,
        44.5,
        44.75,
        22.5,
        42.56,
        42.5,
        31.47,
        52.5,
        21.75,
        39.17,
        31.53,
        56.5,
        27.5,
        34.5,
        41.8,
        52.5,
        22.9,
        41.4,
        35.75,
        32.5,
        34.5,
        28.5,
        45.02,
        51.0,
        60.25,
        32.83,
        40.5,
        42.25,
        26.5,
        24.5,
        39.73,
        41.89,
        30.5,
        29.02,
        22.67,
        31.25,
        42.35,
        32.43,
        37.6,
        33.5,
        21.5,
        35.0,
        36.0,
        49.5,
        33.0,
        51.5,
        32.33,
        29.5,
        26.25
    ],
    "y_pred": [
        35.635787473343704,
        40.30814950487415,
        65.06580697095056,
        37.80804268810388,
        37.22215427651041,
        46.90717215223502,
        40.09292807930967,
        43.84471567264644,
        38.91067850624901,
        37.832156951376845,
        36.06614177453766,
        34.585686210031824,
        47.70155200044715,
        51.81411569097914,
        38.36953790536536,
        35.10468230918381,
        48.9676747039918,
        38.990292261164534,
        32.6371660629201,
        36.3492972630049,
        36.47232950771365,
        39.91714225112476,
        37.39360820446434,
        38.73181674079328,
        42.66589165094875,
        39.523059060104536,
        34.486216950264414,
        47.17494393863185,
        41.824594801852584,
        34.958453775247904,
        48.17950832195136,
        44.89401153282851,
        41.36485084240567,
        36.5309553256821,
        44.16388201633499,
        40.77712922492651,
        43.35832344295034,
        48.215336526911585,
        34.11636759854741,
        31.848999680879665,
        40.7119237288127,
        48.060662018028125,
        36.95748905396192,
        41.965592264158865,
        45.48513631935884,
        35.76793578309248,
        39.31943483706038,
        38.96514542171372,
        35.28916196060719,
        39.12589993181349,
        35.24170428232349,
        35.77523948090127,
        40.50519110038426,
        33.89198543064823,
        42.82825579175149,
        36.35021523705071,
        38.2021258791241,
        40.42031566726015,
        37.23700910207076,
        39.04914572229415,
        38.53477514528317,
        38.47409479948138,
        39.456540883002546,
        63.48947420686969,
        35.684163125673216,
        39.60575336054489,
        39.30476169726923,
        38.65506253127393,
        48.00123886606651
    ]
}