{
    "Est_name": "EN",
    "Run": 21,
    "Seed": 3257,
    "Est_params": {
        "alpha": 1.0000000000000086e-06,
        "l1_ratio": 0.0
    },
    "R2": -0.004722320602162267,
    "R": 0.287157610988604,
    "MAPE": 0.20607808979820355,
    "RMSE": 8.874637517873813,
    "y_test": [
        40.87,
        57.8,
        35.5,
        43.5,
        40.0,
        35.0,
        44.5,
        49.0,
        43.29,
        46.0,
        57.0,
        23.9,
        42.66,
        44.75,
        42.3,
        52.0,
        21.75,
        41.5,
        42.29,
        42.2,
        46.7,
        42.0,
        49.0,
        35.25,
        33.04,
        38.61,
        28.0,
        45.0,
        33.0,
        40.52,
        39.45,
        36.0,
        39.5,
        31.67,
        33.0,
        45.23,
        41.4,
        39.5,
        32.26,
        45.5,
        29.6,
        35.75,
        48.0,
        39.5,
        34.0,
        20.5,
        31.8,
        43.0,
        31.47,
        50.2,
        28.0,
        45.8,
        36.0,
        40.0,
        26.5,
        55.84,
        40.5,
        43.0,
        22.04,
        33.46,
        34.5,
        60.25,
        24.5,
        34.8,
        23.33,
        47.3,
        43.76,
        42.56,
        23.0
    ],
    "y_pred": [
        27.564592031790212,
        39.754648503464914,
        40.880952955782135,
        27.59182283780649,
        35.56888095390052,
        34.69413493471939,
        36.45018642763152,
        42.311198924931475,
        35.9395165378224,
        45.97195586227623,
        46.989976495001656,
        42.51856970374629,
        35.49886380095689,
        36.910866232775085,
        37.68072967501387,
        41.725848427294096,
        41.42026736893051,
        46.168037979349464,
        34.98353045626314,
        48.087473533330275,
        48.893364383739055,
        39.25789880663835,
        51.05089266905672,
        34.579716365961005,
        40.477835416861474,
        33.997673253033014,
        39.8924849192241,
        44.518691052442996,
        40.77051066568016,
        34.32816280568214,
        41.91092562462624,
        38.97275797653066,
        38.13024346986621,
        34.00760798791511,
        35.75041736123575,
        35.86483592999414,
        47.92408947226159,
        42.87225333574185,
        47.94843492166872,
        39.264392658446816,
        47.27619411461486,
        35.77606186039338,
        41.31639912745258,
        36.15423145153788,
        32.841910177631284,
        42.59096836420525,
        34.13385690719599,
        37.89641065270634,
        34.56830845427842,
        42.16275325719086,
        37.7302433022255,
        46.75338847698684,
        37.20589233763259,
        35.35694224931609,
        35.492886503223076,
        51.12458562798814,
        36.95954247459146,
        41.87674737784904,
        42.00561786656788,
        35.34161031331095,
        36.210513407475815,
        46.404625997364285,
        39.307134421586724,
        36.37737503376658,
        37.11616160461225,
        45.58268748171209,
        38.67254830900097,
        42.496276122263616,
        39.014459172768035
    ]
}