{
    "Est_name": "EN",
    "Run": 14,
    "Seed": 1535,
    "Est_params": {
        "alpha": 2.0,
        "l1_ratio": 0.0
    },
    "R2": 0.32811029752121545,
    "R": 0.598303356295189,
    "MAPE": 0.19940445266800502,
    "RMSE": 8.5639893980375,
    "y_test": [
        32.25,
        58.59,
        52.5,
        47.0,
        54.0,
        28.0,
        21.75,
        40.12,
        42.0,
        40.0,
        47.3,
        42.29,
        44.0,
        40.0,
        42.0,
        56.0,
        25.81,
        16.58,
        30.5,
        43.64,
        33.4,
        23.33,
        32.5,
        44.05,
        55.84,
        37.6,
        41.0,
        33.04,
        42.56,
        41.0,
        33.76,
        39.17,
        24.67,
        46.0,
        49.0,
        58.5,
        39.12,
        54.2,
        31.59,
        42.37,
        58.25,
        32.0,
        33.0,
        35.5,
        56.5,
        50.2,
        40.5,
        41.16,
        48.0,
        20.8,
        59.0,
        37.75,
        30.0,
        34.75,
        41.8,
        42.35,
        29.41,
        49.5,
        46.0,
        39.42,
        34.62,
        45.5,
        23.0,
        53.5,
        26.5,
        41.89,
        31.7,
        59.5,
        27.5
    ],
    "y_pred": [
        35.46873274293576,
        44.40351500256754,
        46.0334986739113,
        40.887674120135124,
        46.13323368709985,
        39.46614031529305,
        40.3652919291076,
        38.531849584708596,
        42.897131667087365,
        38.63487620566542,
        44.4843798562401,
        35.67258891100086,
        42.863886662691186,
        36.01515877932288,
        38.84117444863443,
        43.81756988143957,
        35.8779677910263,
        48.834701294633746,
        40.1512800519371,
        37.50959332891143,
        36.1538724795798,
        37.53586886428005,
        38.022020451933805,
        38.074305869173614,
        47.14407394914373,
        37.974570855985064,
        36.580376358676844,
        39.80871018361508,
        37.03404344300467,
        37.59081713263642,
        36.49644234790183,
        35.13890515481624,
        41.98550590333512,
        42.523063288301884,
        44.1658087262703,
        67.0750174294927,
        44.36456488444041,
        47.277110450935304,
        36.21383355822484,
        37.85216319723345,
        67.41758729781472,
        33.67831318738136,
        33.82141302932629,
        37.949736469021374,
        43.988854815600575,
        42.65604330588661,
        36.328108367936565,
        42.17643958144389,
        48.202803422465266,
        40.02272206078557,
        51.788120847839544,
        35.355086495100664,
        35.07775105193855,
        34.05412806009957,
        42.58715010756468,
        37.2482472643144,
        34.64487930603479,
        66.38987769284866,
        46.01574273138278,
        39.18374431695646,
        37.121621005900835,
        39.26528201428401,
        38.952285512810015,
        46.56404387281554,
        32.99317345073731,
        36.139313855623335,
        37.90808084719269,
        67.76015716613675,
        35.762890788582595
    ]
}