{
    "Est_name": "EN",
    "Run": 31,
    "Seed": 5574,
    "Est_params": {
        "alpha": 1e-06,
        "l1_ratio": 0.0
    },
    "R2": 0.1197998421695331,
    "R": 0.3818317843999423,
    "MAPE": 0.21029199452031946,
    "RMSE": 8.75112616250029,
    "y_test": [
        48.0,
        39.5,
        26.5,
        41.04,
        38.82,
        36.5,
        37.5,
        30.0,
        18.52,
        50.5,
        34.25,
        42.2,
        16.58,
        49.0,
        42.0,
        13.33,
        39.5,
        42.5,
        41.23,
        39.0,
        22.67,
        44.6,
        52.5,
        32.25,
        27.4,
        48.7,
        42.56,
        50.2,
        41.95,
        47.0,
        45.5,
        40.75,
        33.5,
        45.0,
        42.75,
        56.5,
        43.47,
        42.25,
        55.5,
        43.5,
        44.95,
        39.0,
        42.03,
        35.5,
        32.5,
        33.4,
        45.25,
        43.5,
        40.5,
        49.5,
        48.0,
        53.25,
        41.0,
        53.5,
        39.8,
        32.0,
        43.64,
        33.5,
        30.25,
        53.5,
        30.0,
        58.59,
        40.75,
        33.41,
        49.0,
        32.0,
        51.0,
        48.0,
        26.5
    ],
    "y_pred": [
        39.11430529450483,
        37.27799109281558,
        35.601386614032876,
        36.80216663635398,
        36.414735567553535,
        39.322091750114915,
        40.90002970388104,
        36.378357699808014,
        38.96001348238745,
        40.38146814353746,
        37.51240886099853,
        40.28977542573023,
        48.250766628385875,
        42.604044874730306,
        42.74078505834606,
        41.620552152684525,
        36.50424349354462,
        36.738590236114035,
        40.68786766029698,
        36.43587340173674,
        41.423531427777135,
        46.31223776203464,
        45.88800993707781,
        34.1151468366138,
        34.31679208442913,
        45.03822293072422,
        42.034449764390274,
        42.131095450700684,
        34.89114438938833,
        38.446878476381855,
        38.76003122347658,
        41.61329320026945,
        38.01636910079515,
        35.396205312995725,
        39.890729073962255,
        52.571165071643925,
        36.52548250227966,
        38.221009854965786,
        46.02475012069356,
        40.71164831821453,
        35.4645754048036,
        42.809155150153934,
        34.61446025531401,
        37.842966643380855,
        31.27223338945041,
        35.389161667924235,
        40.03404605478701,
        47.06396610577074,
        36.5726135853525,
        60.75989663040902,
        37.80987106072664,
        45.858321366268186,
        34.827567989148385,
        45.95638002888568,
        47.58625259334508,
        33.31406581659782,
        37.00591354438751,
        41.04570237524849,
        38.78642369230896,
        41.662334957125694,
        35.043114177289446,
        44.77096802815644,
        36.39000094477607,
        34.595577878721656,
        43.656391495303225,
        32.546248220760845,
        37.1272761759365,
        44.51506712169596,
        39.01692134236008
    ]
}