{
    "Est_name": "EN",
    "Run": 36,
    "Seed": 1674,
    "Est_params": {
        "alpha": 2.0,
        "l1_ratio": 0.0
    },
    "R2": 0.21592450412960407,
    "R": 0.49154989264574084,
    "MAPE": 0.19333293429008333,
    "RMSE": 8.147696756760789,
    "y_test": [
        48.0,
        58.5,
        51.5,
        50.2,
        26.75,
        31.75,
        50.75,
        40.12,
        33.41,
        42.25,
        26.5,
        42.0,
        48.0,
        29.02,
        41.89,
        48.0,
        43.29,
        39.45,
        42.56,
        32.33,
        48.7,
        37.6,
        41.25,
        45.0,
        33.0,
        39.12,
        22.13,
        31.67,
        36.0,
        57.5,
        59.0,
        35.75,
        46.5,
        49.0,
        40.5,
        45.5,
        44.0,
        43.4,
        43.55,
        37.75,
        43.5,
        42.5,
        22.9,
        30.25,
        30.0,
        52.5,
        53.25,
        47.0,
        47.0,
        39.5,
        15.11,
        39.21,
        32.0,
        43.29,
        33.25,
        44.75,
        43.64,
        41.0,
        44.95,
        41.75,
        56.38,
        41.5,
        49.9,
        39.53,
        20.8,
        55.84,
        27.5,
        40.0,
        41.95
    ],
    "y_pred": [
        46.861368737467274,
        62.838920363991136,
        40.10117197251952,
        41.85253608858493,
        36.57469489670621,
        38.461643064344216,
        40.17923139032598,
        38.863760140313154,
        34.59534964114523,
        38.34624510153997,
        35.94571217416021,
        38.826615534338764,
        39.75908448116661,
        33.68321054706928,
        34.59351148845556,
        41.437196835417986,
        35.851476933547566,
        41.08100192068798,
        35.44542957854719,
        37.98126151723633,
        45.21211631831066,
        36.69377581203452,
        44.97442056982927,
        36.04613198291496,
        32.53846001111377,
        43.36521148378071,
        41.58669549252109,
        33.569105523144515,
        36.94977578037983,
        65.35485125417514,
        51.26883433407406,
        33.573490088660144,
        38.50111903607461,
        41.82216034562215,
        36.23943268208985,
        39.152987272325255,
        42.08091786500874,
        37.72880588958089,
        35.967337597093206,
        34.55878373559794,
        46.840158689646564,
        37.89502182723325,
        42.484659095771725,
        39.09062578689022,
        38.610244239782325,
        45.699056984310715,
        45.84095076394115,
        38.921265945233976,
        40.66260014357488,
        36.350900365862664,
        39.82953218033683,
        44.83340417535658,
        32.57477219374346,
        39.60349454168346,
        42.362027984805486,
        36.85961405114921,
        37.109442378639564,
        38.207741225471835,
        36.304889502301556,
        46.581401170259966,
        39.13556438455793,
        45.21211631831066,
        40.486013516769795,
        36.56364702168815,
        40.12348122382894,
        50.2201872523855,
        39.77226714651232,
        38.197632811792765,
        34.95351333029693
    ]
}