{
    "Est_name": "EN",
    "Run": 18,
    "Seed": 9863,
    "Est_params": {
        "alpha": 2.0,
        "l1_ratio": 0.0
    },
    "R2": 0.22692636627343454,
    "R": 0.5722833774805627,
    "MAPE": 0.15722955672751626,
    "RMSE": 7.781382893559113,
    "y_test": [
        48.0,
        57.0,
        43.0,
        56.0,
        34.5,
        44.95,
        45.5,
        44.05,
        44.5,
        40.0,
        48.7,
        39.0,
        35.5,
        26.5,
        43.5,
        57.1,
        42.2,
        39.45,
        57.5,
        46.0,
        55.84,
        30.25,
        26.5,
        44.0,
        56.38,
        49.5,
        32.9,
        48.0,
        57.0,
        42.0,
        26.5,
        39.3,
        56.5,
        29.02,
        35.5,
        50.86,
        22.9,
        29.6,
        45.02,
        33.5,
        43.76,
        45.22,
        43.55,
        34.8,
        39.78,
        43.5,
        42.56,
        33.04,
        50.75,
        32.83,
        58.5,
        35.0,
        56.25,
        40.1,
        44.5,
        33.5,
        43.0,
        48.0,
        40.87,
        36.5,
        41.0,
        54.04,
        47.3,
        50.0,
        35.75,
        34.75,
        33.25,
        31.8,
        40.5
    ],
    "y_pred": [
        42.04097329733358,
        44.876473251999236,
        40.668637997262344,
        43.4215891653566,
        39.80005012299985,
        35.962255901675476,
        38.976922136095524,
        37.211828678007265,
        36.4472172638897,
        38.18852038775782,
        44.61657666227945,
        42.19545545819841,
        37.2185976633294,
        33.36373356559366,
        28.454934438027365,
        46.80869834906075,
        39.93454758292067,
        40.97498574826949,
        68.24070124816933,
        35.98544786686274,
        48.571429703301135,
        39.30006218618381,
        31.350461061469385,
        41.43204672773037,
        38.700032699111794,
        65.33093307488406,
        34.92604233581429,
        38.254829903803504,
        45.96009723385646,
        39.17532131993727,
        35.55509643520233,
        39.818594845674085,
        53.01878604110901,
        33.92898685715845,
        40.285011485214056,
        43.89893017577547,
        42.07037839228708,
        45.8656821153285,
        36.367152232096764,
        37.82548099490544,
        38.69035995772306,
        41.94490847269792,
        35.75827562381435,
        35.6850112170712,
        39.92994789576155,
        35.22203913639471,
        34.8403347711607,
        39.17116510552355,
        39.70971399044614,
        35.2870884519603,
        66.30085579931247,
        39.28036508154808,
        52.430567681914596,
        36.448419947539236,
        37.59353304324128,
        37.639721704357456,
        37.83506753341899,
        42.505226449138995,
        28.657356906267914,
        39.33363348345987,
        37.957568103372445,
        48.06073730554285,
        44.131615300065235,
        38.182896529510074,
        35.74143293805709,
        35.20032201747031,
        41.7398955718567,
        34.310691222392464,
        37.36106801096156
    ]
}