{
    "Est_name": "EN",
    "Run": 13,
    "Seed": 488,
    "Est_params": {
        "alpha": 2.0,
        "l1_ratio": 0.8556059736393243
    },
    "R2": 0.1360748296856763,
    "R": 0.36911907994502546,
    "MAPE": 0.2113833345375604,
    "RMSE": 9.033269351112144,
    "y_test": [
        53.5,
        41.8,
        31.67,
        39.45,
        32.33,
        35.0,
        30.0,
        41.5,
        52.5,
        33.5,
        53.9,
        46.0,
        32.5,
        43.5,
        31.75,
        40.52,
        35.25,
        33.5,
        23.9,
        46.0,
        40.5,
        33.5,
        35.5,
        41.52,
        31.5,
        39.12,
        42.0,
        25.81,
        33.0,
        42.56,
        41.0,
        44.0,
        38.61,
        33.4,
        57.0,
        53.5,
        54.25,
        39.5,
        22.04,
        43.76,
        44.5,
        42.5,
        38.78,
        36.5,
        27.12,
        42.0,
        31.53,
        28.5,
        26.5,
        50.2,
        51.5,
        37.75,
        58.0,
        21.75,
        52.0,
        56.0,
        60.25,
        42.03,
        48.0,
        27.7,
        31.25,
        37.5,
        47.0,
        13.33,
        43.66,
        35.5,
        56.5,
        37.6,
        42.56
    ],
    "y_pred": [
        41.17794021575985,
        42.652364354685474,
        33.4698099505973,
        40.17020822474279,
        38.77882701487984,
        36.828338906523925,
        38.650385133538705,
        36.57168507240781,
        43.56260071385709,
        42.33786995528055,
        43.46550208103609,
        40.21775156410707,
        37.76147606846929,
        37.71330612706491,
        39.15034996068248,
        34.28798414834085,
        36.60474806674698,
        38.40795946587926,
        42.57142131593711,
        44.550985529655065,
        37.91293265116427,
        38.53696788206181,
        36.36857639907925,
        46.52274781620885,
        34.24887174625537,
        42.723251365356674,
        41.162438234777966,
        35.2839826544389,
        35.884969865304505,
        40.9423863507853,
        35.027328820322786,
        40.92626656711025,
        33.90972656514252,
        35.51850964694676,
        44.23279609057106,
        42.72229646784486,
        43.197987794936836,
        37.26808077120043,
        41.7232545784363,
        39.38138204713781,
        37.844181015304436,
        39.982369258003416,
        40.29733280722105,
        38.149104318831995,
        36.29266954296777,
        42.486742602870315,
        46.615096816832256,
        41.095361393007366,
        32.45549995197666,
        41.5019867893266,
        41.980499867844465,
        36.75514883713503,
        49.67804807325102,
        40.951076452393785,
        39.91791677340001,
        47.08807050202333,
        43.46061796452855,
        35.06016227438336,
        39.63358396367482,
        45.07074056474723,
        33.227678078019174,
        39.352646136550156,
        42.343418873718285,
        45.07325487119928,
        35.93719066130564,
        35.8962330637438,
        42.30235077546478,
        36.89949434463354,
        36.16417530006192
    ]
}