{
    "Est_name": "EN",
    "Run": 6,
    "Seed": 2286,
    "Est_params": {
        "alpha": 2.0,
        "l1_ratio": 1.0
    },
    "R2": 0.15779670171437477,
    "R": 0.4053342196405123,
    "MAPE": 0.19915651007999916,
    "RMSE": 8.767204463841637,
    "y_test": [
        51.0,
        39.12,
        31.8,
        45.5,
        40.5,
        44.5,
        35.0,
        33.25,
        30.0,
        57.5,
        39.45,
        34.5,
        59.0,
        57.0,
        33.4,
        23.33,
        22.73,
        22.67,
        41.52,
        51.0,
        40.75,
        56.0,
        45.22,
        34.0,
        42.3,
        32.5,
        42.75,
        26.25,
        43.0,
        43.29,
        34.5,
        57.27,
        36.5,
        33.5,
        34.75,
        46.5,
        42.56,
        39.5,
        26.75,
        37.0,
        28.0,
        37.5,
        49.9,
        54.0,
        45.0,
        56.5,
        42.2,
        42.0,
        39.0,
        52.0,
        41.78,
        43.4,
        41.0,
        55.52,
        52.07,
        29.5,
        31.97,
        26.5,
        24.67,
        29.0,
        45.5,
        45.0,
        42.5,
        54.2,
        40.0,
        39.8,
        43.47,
        22.04,
        44.0
    ],
    "y_pred": [
        38.49677588089416,
        42.178618546590364,
        34.03509206366044,
        40.17557459772171,
        36.5042713858691,
        37.17666190974508,
        40.20644782603178,
        42.776939673079056,
        36.052575473374006,
        43.01864468173428,
        40.00312442292756,
        36.32757224494799,
        43.88054378731813,
        44.16784348917942,
        35.482618703065754,
        38.713656269870214,
        42.19674053731938,
        42.41197343905803,
        46.70133379201363,
        41.60774120642931,
        43.45006918374533,
        44.66691751716482,
        41.1523232303727,
        33.941242103573884,
        36.69107486984675,
        31.951742238142366,
        38.17612253838325,
        47.28813500783967,
        45.055337628764725,
        36.210232474771374,
        32.52634164186493,
        45.61094116300447,
        39.41433370965263,
        34.39487164123435,
        35.1552097033197,
        40.117199247259414,
        35.6356330710488,
        36.71936141868827,
        37.92497529715609,
        42.30152203781784,
        37.763359069252445,
        38.443159629855984,
        41.42426704105313,
        45.396454918182194,
        39.17895489829679,
        51.52219230942083,
        48.70086408377775,
        41.518728842605064,
        41.76152236255423,
        40.45854239898417,
        37.42088302783025,
        37.17666190974508,
        35.92967198214653,
        47.75667046282038,
        53.29765931355831,
        37.9080502111415,
        48.58300992725431,
        34.90337666592887,
        42.43953405726854,
        38.75474384702107,
        40.75017400144428,
        42.94311930599711,
        39.16295120344225,
        50.999261698668036,
        37.45885133983301,
        47.798575367096745,
        36.846283624107684,
        41.82185363223288,
        37.900183001383766
    ]
}