{
    "Est_name": "EN",
    "Run": 44,
    "Seed": 711,
    "Est_params": {
        "alpha": 1e-06,
        "l1_ratio": 0.8533752976817841
    },
    "R2": 0.2078688930531576,
    "R": 0.5092899618260007,
    "MAPE": 0.1989315962824399,
    "RMSE": 8.404865067733462,
    "y_test": [
        35.5,
        22.5,
        22.73,
        29.02,
        18.52,
        20.5,
        41.0,
        32.25,
        41.0,
        53.0,
        46.0,
        33.0,
        30.0,
        47.0,
        37.0,
        45.22,
        45.0,
        34.5,
        42.25,
        34.62,
        44.5,
        37.5,
        40.0,
        55.5,
        34.5,
        45.23,
        56.25,
        38.0,
        56.38,
        58.25,
        46.11,
        42.03,
        55.84,
        26.5,
        42.56,
        27.7,
        29.6,
        25.81,
        34.5,
        41.78,
        37.75,
        26.5,
        46.0,
        43.55,
        30.0,
        37.5,
        29.5,
        30.0,
        48.0,
        41.04,
        42.56,
        39.12,
        46.87,
        39.45,
        39.17,
        35.0,
        42.56,
        41.89,
        59.5,
        39.53,
        54.0,
        36.5,
        31.47,
        43.47,
        44.5,
        57.0,
        42.66,
        35.0,
        49.5
    ],
    "y_pred": [
        40.680545065365536,
        38.2276840637949,
        42.04566926957327,
        35.34504932893485,
        40.24391571186413,
        41.948516009480485,
        38.061478408156844,
        37.77500999434243,
        36.525806974032776,
        43.06236110818001,
        44.980232689351595,
        34.95773464838328,
        37.448005529920216,
        42.210060959371845,
        43.45017260946008,
        42.59787246065191,
        40.46811145901664,
        45.48479318646393,
        38.509902872687036,
        36.60982113547426,
        38.902148113157224,
        37.60091763777773,
        38.46712915955952,
        46.79106615562341,
        40.25439499096145,
        35.86338934907279,
        52.42002119982863,
        35.825551768412666,
        39.781827335789494,
        65.41641098722567,
        46.35100470824572,
        35.08811486503559,
        49.06455545748371,
        32.826984276362836,
        35.61976720175184,
        46.50969784840768,
        47.31868742112677,
        35.9307280361364,
        36.51189560105916,
        36.792715162651945,
        33.95205075012613,
        35.434679554653044,
        45.86315431086074,
        35.94041501384377,
        38.65998847748955,
        40.00383203945003,
        39.08613855189363,
        35.860829629057136,
        41.33432298079843,
        36.38354238038455,
        35.63367857472545,
        38.48762848256093,
        36.05287296264274,
        41.74557231184373,
        34.63073018396106,
        35.01108920026462,
        42.17172238624782,
        35.20752850032137,
        65.84256106162977,
        36.07994222951824,
        44.766961405796366,
        40.17172945717587,
        34.060399556829786,
        36.36656508824785,
        36.28953942347688,
        50.90415103671051,
        35.51426493943968,
        37.8741556043243,
        64.13796076401341
    ]
}