{
    "Est_name": "EN",
    "Run": 19,
    "Seed": 434,
    "Est_params": {
        "alpha": 2.0,
        "l1_ratio": 0.03137212803182927
    },
    "R2": 0.20830977870673795,
    "R": 0.47422231600555426,
    "MAPE": 0.21905548641437697,
    "RMSE": 8.751656871756962,
    "y_test": [
        13.33,
        47.3,
        31.7,
        39.21,
        22.73,
        60.25,
        33.0,
        33.5,
        41.5,
        32.57,
        56.0,
        42.29,
        27.4,
        37.5,
        22.9,
        39.3,
        54.25,
        36.0,
        34.5,
        32.9,
        41.0,
        29.5,
        57.0,
        50.5,
        41.5,
        40.1,
        31.47,
        42.0,
        45.5,
        22.5,
        35.0,
        44.5,
        33.04,
        35.25,
        52.5,
        40.0,
        42.2,
        27.12,
        59.0,
        36.5,
        57.27,
        24.67,
        48.0,
        18.52,
        50.0,
        32.33,
        40.03,
        30.0,
        31.25,
        34.75,
        32.43,
        26.5,
        39.45,
        42.37,
        43.5,
        30.5,
        39.73,
        50.86,
        38.0,
        33.0,
        26.5,
        40.0,
        54.0,
        42.25,
        35.75,
        38.78,
        42.56,
        32.5,
        43.66
    ],
    "y_pred": [
        43.41314283672225,
        44.41181319078217,
        36.72787141715722,
        44.6616682519167,
        42.0593839873431,
        45.00598856702248,
        33.50651611339264,
        42.228890699151776,
        45.07621775985397,
        37.38124367695306,
        49.27590111546581,
        36.18216263466886,
        35.29108660917679,
        40.01276283279857,
        42.797726711879854,
        39.95124065667324,
        40.603616098673406,
        39.571272422864595,
        33.01332543962748,
        35.38802996973767,
        36.223205582353586,
        37.578058715649206,
        46.04090431485134,
        41.30226553954823,
        37.552014720497176,
        37.46621414169397,
        35.04497236766454,
        39.21289793213649,
        40.35525947999359,
        37.86305460694267,
        40.23567699193639,
        38.20455686623072,
        39.85626831415806,
        34.98320156246614,
        40.11138761564891,
        36.846567203740655,
        46.64097905885481,
        36.577415790146375,
        49.940305684537606,
        41.20611163935188,
        46.8968564867749,
        42.30549822885535,
        38.610402391458024,
        39.82329472783148,
        39.619159132624404,
        38.54704172458644,
        38.74280558340906,
        37.24182035921817,
        33.65439242432255,
        35.229315803978395,
        40.04099284802918,
        32.98998785525076,
        41.04230548256536,
        38.51505592202786,
        36.44790405934752,
        40.52067288322986,
        35.058771606458016,
        44.90364277955952,
        38.570629497361764,
        34.85335349652527,
        31.02011173241209,
        38.54849336306469,
        44.677049509351406,
        38.988919824921304,
        36.68099121873257,
        40.997219798847574,
        36.20178981783527,
        38.09402226150259,
        35.83960733249888
    ]
}