{
    "Est_name": "EN",
    "Run": 9,
    "Seed": 1424,
    "Est_params": {
        "alpha": 2.0,
        "l1_ratio": 0.36681097527360834
    },
    "R2": 0.2813336937483696,
    "R": 0.5332502999700057,
    "MAPE": 0.20992007826368722,
    "RMSE": 8.786738554681339,
    "y_test": [
        41.16,
        56.0,
        34.5,
        43.5,
        59.0,
        35.5,
        33.41,
        37.0,
        47.0,
        53.5,
        27.5,
        39.12,
        54.0,
        22.04,
        25.68,
        40.52,
        41.89,
        56.0,
        41.8,
        30.0,
        45.23,
        49.5,
        57.0,
        40.5,
        13.33,
        40.75,
        26.5,
        20.22,
        43.65,
        41.5,
        33.5,
        39.8,
        33.0,
        50.5,
        36.0,
        54.04,
        39.73,
        35.0,
        30.5,
        31.53,
        33.76,
        37.5,
        52.0,
        41.5,
        50.2,
        53.5,
        35.0,
        28.0,
        38.61,
        51.0,
        35.75,
        55.5,
        35.75,
        53.9,
        35.25,
        39.3,
        23.0,
        44.5,
        23.9,
        26.5,
        49.5,
        25.81,
        58.59,
        48.0,
        32.25,
        42.75,
        33.0,
        45.0,
        46.25
    ],
    "y_pred": [
        41.43241508713573,
        49.17771557535946,
        40.27737153760565,
        33.38696779622542,
        49.85963287164106,
        36.51567298476202,
        35.19418940648028,
        43.56069113571601,
        42.930585145711085,
        42.237268174943495,
        40.24166825937793,
        39.57662599136411,
        45.837854840685125,
        41.67859939002298,
        34.290248016610164,
        34.83103932602516,
        37.234783450161906,
        44.76335649819386,
        42.39649127681708,
        37.18629478464554,
        37.80589115897566,
        40.0457315601081,
        44.84854696322448,
        36.6387023351895,
        44.00177049112775,
        42.23334518079823,
        34.93752976421845,
        37.33859628949539,
        42.70648418049753,
        37.320619631471104,
        34.85685142807243,
        47.267945110020555,
        33.162008093164715,
        41.35160599836061,
        39.436485935986866,
        46.91170624880022,
        35.130735894298226,
        36.442056566412454,
        31.6678418296965,
        46.13924603179349,
        36.73031365798036,
        39.46496134482413,
        40.52318973054371,
        44.54027592489414,
        42.18026051888412,
        45.26674713187137,
        40.192099312622624,
        38.87314746966012,
        34.448818598016615,
        41.88702432310692,
        36.668833586511326,
        45.83312287422743,
        34.30422351079223,
        43.19421666838133,
        34.875331219605975,
        39.41808643682746,
        37.850271525237716,
        39.02647628541866,
        42.48874495590725,
        30.9859245334149,
        60.554571916414275,
        35.485122213674494,
        44.55805126094453,
        46.59857746952074,
        37.40909089543997,
        39.13253258242058,
        35.42280129172301,
        37.520337304568784,
        45.91666017323914
    ]
}