{
    "Est_name": "EN",
    "Run": 40,
    "Seed": 5881,
    "Est_params": {
        "alpha": 2.0,
        "l1_ratio": 0.0
    },
    "R2": 0.2788672113076853,
    "R": 0.6298714214880814,
    "MAPE": 0.15297405730467442,
    "RMSE": 7.654580157485788,
    "y_test": [
        35.25,
        57.8,
        48.0,
        58.0,
        39.0,
        39.78,
        42.56,
        36.0,
        53.0,
        43.0,
        31.7,
        56.5,
        45.0,
        43.07,
        31.47,
        40.75,
        40.5,
        50.0,
        25.68,
        53.5,
        32.83,
        51.0,
        31.67,
        59.0,
        42.56,
        38.0,
        41.89,
        50.2,
        33.6,
        30.0,
        41.5,
        36.0,
        27.4,
        35.25,
        49.5,
        53.5,
        32.5,
        46.0,
        53.25,
        43.55,
        44.6,
        25.81,
        56.0,
        34.25,
        29.0,
        33.5,
        48.0,
        40.52,
        33.46,
        44.95,
        42.0,
        22.04,
        38.82,
        32.25,
        46.0,
        42.2,
        34.75,
        22.9,
        42.0,
        62.5,
        43.5,
        42.66,
        43.5,
        39.73,
        41.16,
        37.5,
        35.0,
        33.5,
        35.5
    ],
    "y_pred": [
        38.13910088521804,
        39.585701661410226,
        41.0242039616346,
        49.313956922695944,
        41.81870933745808,
        40.165037797894264,
        35.29306977713924,
        39.267170497471156,
        41.511864409461936,
        40.920842037034966,
        36.65652710687949,
        43.210751272151775,
        40.12633666121148,
        35.390595163798885,
        34.38588256749711,
        36.38140459201509,
        35.744620243599236,
        38.81022790052574,
        33.71248209217978,
        41.75651266720215,
        35.23079846485323,
        40.15702885116041,
        33.5303738707469,
        49.7628905729075,
        41.40427515028409,
        34.880119494646735,
        35.91267051534315,
        41.473137611846155,
        35.011858541654874,
        39.187221757997435,
        36.31142844163468,
        38.35100339585439,
        34.61034939260289,
        34.44569232963374,
        39.14128700291341,
        46.323124604615735,
        31.863671853001268,
        40.57527031142304,
        45.11054325130594,
        35.73359884112608,
        46.16675472776071,
        35.07411140011429,
        44.622700010509405,
        37.96059746672157,
        37.4051868918679,
        34.097182068782345,
        39.489279875060376,
        34.03317424701976,
        35.47207446240843,
        36.36160416555471,
        39.166125004007036,
        40.67257544552872,
        37.147352286788504,
        33.98771210718317,
        35.966470252456574,
        40.34659814890605,
        34.670159154739515,
        41.65585265386669,
        42.53789154635498,
        43.777559470187214,
        37.092994133969995,
        35.16679064309064,
        35.517536602245016,
        34.256978767728,
        41.28507599366513,
        37.70144950554848,
        38.91781159388983,
        37.2173869997835,
        37.465700409900705
    ]
}