{
    "Est_name": "EN",
    "Run": 26,
    "Seed": 9654,
    "Est_params": {
        "alpha": 2.0,
        "l1_ratio": 0.0
    },
    "R2": 0.2497673974496697,
    "R": 0.5039146585205658,
    "MAPE": 0.18168700039789687,
    "RMSE": 8.199053624932631,
    "y_test": [
        48.0,
        39.78,
        56.0,
        48.0,
        41.5,
        34.62,
        32.0,
        20.8,
        33.0,
        39.12,
        47.0,
        42.03,
        49.5,
        40.12,
        44.05,
        41.95,
        33.25,
        43.5,
        41.5,
        30.0,
        32.0,
        48.0,
        58.0,
        23.9,
        51.5,
        57.27,
        32.9,
        46.25,
        53.5,
        38.0,
        46.87,
        59.0,
        39.5,
        50.2,
        46.0,
        23.0,
        43.5,
        51.0,
        33.95,
        42.2,
        58.59,
        56.0,
        16.58,
        42.56,
        43.64,
        35.0,
        40.39,
        34.5,
        37.25,
        51.0,
        26.5,
        49.7,
        33.5,
        46.7,
        35.0,
        40.5,
        37.5,
        44.6,
        36.0,
        22.04,
        33.5,
        32.5,
        30.25,
        31.7,
        48.0,
        39.45,
        33.76,
        35.0,
        33.41
    ],
    "y_pred": [
        45.99168723190976,
        40.55726731106357,
        45.17984620822682,
        40.5034165010496,
        36.33850556456303,
        36.29395301818309,
        33.93846528234792,
        39.80035392563563,
        35.57903811862226,
        38.75390157692849,
        42.04893193230311,
        34.77241244069679,
        39.50907341187593,
        38.57393722916063,
        37.93679531375147,
        34.99916452628273,
        41.45325042165465,
        37.56174345034505,
        45.60358806220848,
        36.87322825381926,
        32.85160561183902,
        41.14964624815027,
        49.87450522892418,
        41.751568853400585,
        40.19109566846644,
        46.55651336609097,
        34.7734304253262,
        45.44482961981831,
        46.04388049529117,
        34.86896083863902,
        36.172662755419616,
        49.44791989496679,
        36.21823328642897,
        41.16148866120761,
        44.96481696590261,
        38.24337713728403,
        46.496377227023935,
        42.69084694941538,
        34.89348066874365,
        40.53248365594849,
        45.36513793588992,
        48.901062282875344,
        48.38211314058407,
        35.19921980937079,
        36.83979264564512,
        36.56647112856271,
        37.91000602435279,
        36.233816879116056,
        41.211048800040125,
        40.176203302101435,
        32.84475005816503,
        40.602788636058825,
        38.172104749105976,
        47.63226006818409,
        35.175717963895565,
        35.791647952471585,
        40.43699503292951,
        46.697303286391374,
        38.561587814976775,
        40.89406914981853,
        40.749018263342556,
        31.757890387656126,
        39.38236642331725,
        37.636114618416315,
        41.05027411314105,
        41.06160406964665,
        35.86714564950909,
        39.10844542706822,
        34.65338018190875
    ]
}