{
    "Est_name": "EN",
    "Run": 48,
    "Seed": 6201,
    "Est_params": {
        "alpha": 2.0,
        "l1_ratio": 0.48507453855409366
    },
    "R2": 0.29188247203864415,
    "R": 0.5697158251764916,
    "MAPE": 0.14822355581475533,
    "RMSE": 7.428819265561443,
    "y_test": [
        49.7,
        42.0,
        30.0,
        37.0,
        49.5,
        39.5,
        33.0,
        39.0,
        48.0,
        34.5,
        55.5,
        32.57,
        39.5,
        54.25,
        48.0,
        34.8,
        32.5,
        55.84,
        30.5,
        40.75,
        57.27,
        46.8,
        52.5,
        34.5,
        49.0,
        21.75,
        39.8,
        31.7,
        33.95,
        60.25,
        35.0,
        54.0,
        39.3,
        44.95,
        45.0,
        44.6,
        43.5,
        40.39,
        57.96,
        46.7,
        39.5,
        45.23,
        37.6,
        42.56,
        41.0,
        45.25,
        57.1,
        33.5,
        43.29,
        56.5,
        33.5,
        33.0,
        26.5,
        36.5,
        40.12,
        31.5,
        45.0,
        29.0,
        43.5,
        29.02,
        58.5,
        41.75,
        44.75,
        44.5,
        42.2,
        45.22,
        40.75,
        57.5,
        52.0
    ],
    "y_pred": [
        40.483295110750866,
        42.4245950702488,
        36.41783050420786,
        43.16597106409084,
        39.00054312306677,
        38.254726649278815,
        36.93537442494199,
        41.14799206192712,
        38.93752992122361,
        36.56438410395818,
        44.431607019730606,
        37.06509447914759,
        37.04952420597113,
        42.18977564810123,
        38.19615392738156,
        36.769025710447124,
        37.67786785960839,
        49.76920173464305,
        40.48251265629552,
        41.868754780307526,
        44.61163283072521,
        42.43742601074119,
        44.026206374132116,
        42.671072422673426,
        40.4202819089077,
        39.84236690295354,
        46.88568197379347,
        36.52645565944066,
        35.02392558957539,
        43.51085897793554,
        40.068469792892586,
        43.67252763578533,
        39.95271700632413,
        36.821127661676364,
        42.54345438644802,
        45.40292998610937,
        36.40095733160646,
        39.0452556432025,
        43.096817790064634,
        50.115082549504564,
        38.27604030182612,
        36.821127661676364,
        37.0115957614536,
        40.9418430825647,
        38.72208935499866,
        40.1078373008167,
        46.83576081225135,
        37.949966132620574,
        39.3184176369674,
        42.39879498717247,
        41.47683420755747,
        39.74113666245347,
        33.22849445573176,
        41.44913483483084,
        39.3401172159393,
        35.23306117549753,
        36.57855761066989,
        37.208590138778526,
        33.24129249150157,
        34.93618650615859,
        63.570797940215876,
        44.126492728712265,
        37.141040224887284,
        37.981875965479496,
        39.96130997646142,
        41.68321907640675,
        41.93427493684379,
        66.53630191558406,
        39.678905915065656
    ]
}