{
    "Est_name": "RF",
    "Run": 39,
    "Seed": 1584,
    "Est_params": {
        "n_estimators": 88,
        "max_depth": 10
    },
    "R2": 0.7536839352258764,
    "R": 0.8709688686948719,
    "MAPE": 0.09116622565942914,
    "RMSE": 5.125398234500953,
    "y_test": [
        23.0,
        45.0,
        39.42,
        43.5,
        41.75,
        42.0,
        41.78,
        49.0,
        50.5,
        52.5,
        16.58,
        40.5,
        43.64,
        41.23,
        56.0,
        37.0,
        40.87,
        39.5,
        31.53,
        54.2,
        37.5,
        54.25,
        57.27,
        44.0,
        47.0,
        33.5,
        25.68,
        54.04,
        33.0,
        43.5,
        42.56,
        53.0,
        40.03,
        43.66,
        41.8,
        22.73,
        62.5,
        26.5,
        29.02,
        32.5,
        33.5,
        42.0,
        53.5,
        59.5,
        26.5,
        43.29,
        38.82,
        46.0,
        50.0,
        58.25,
        22.04,
        46.0,
        49.5,
        54.0,
        29.02,
        42.66,
        32.26,
        31.75,
        43.47,
        46.25,
        56.0,
        30.5,
        59.0,
        33.5,
        49.9,
        43.65,
        42.75,
        31.97,
        26.75
    ],
    "y_pred": [
        25.043790819066555,
        42.33512247026282,
        40.7766537595279,
        45.63262915016872,
        44.08404482407632,
        42.375345250427195,
        41.84921669895576,
        45.010495006887055,
        48.3070556006494,
        55.72566058310377,
        47.21397080697081,
        40.36219627234968,
        43.85926948284742,
        44.86838526854174,
        55.142121212121204,
        42.32449801249356,
        45.312235858283664,
        39.75068723309348,
        28.696766275391248,
        50.16064335664337,
        37.91799131820288,
        49.885592302361175,
        55.70655303030303,
        44.23732468775282,
        48.99509469696971,
        36.95493523380775,
        32.467685590869344,
        48.12422727272729,
        32.25762876686967,
        46.039625402588726,
        45.49570170261627,
        49.345662878787884,
        41.1562659651884,
        36.00975334612283,
        43.250297482795965,
        27.399839876033102,
        57.84138257575757,
        30.749572559572552,
        47.88501136363639,
        32.06936168817251,
        33.92678133636841,
        42.149565254820935,
        50.00971590909091,
        58.45511363636363,
        27.858869210348825,
        42.83291256678554,
        40.22829240680206,
        44.162556305399875,
        50.7019743246949,
        57.51193181818182,
        21.808560606060624,
        47.78156336088154,
        48.16247016714345,
        52.618952922077916,
        32.467685590869344,
        41.85802348377633,
        28.978016275391248,
        33.41344466092076,
        42.315934782955104,
        45.091178255353164,
        54.72710227272727,
        31.878689372930282,
        56.513090277777785,
        32.40996373184726,
        47.41237035533914,
        42.82047262685448,
        40.04124639299176,
        29.041084457209426,
        30.589266391274375
    ]
}