{
    "Est_name": "RF",
    "Run": 26,
    "Seed": 9654,
    "Est_params": {
        "n_estimators": 73,
        "max_depth": 14
    },
    "R2": 0.8071070045709543,
    "R": 0.8993812477439115,
    "MAPE": 0.06720075819149411,
    "RMSE": 4.157420841963961,
    "y_test": [
        48.0,
        39.78,
        56.0,
        48.0,
        41.5,
        34.62,
        32.0,
        20.8,
        33.0,
        39.12,
        47.0,
        42.03,
        49.5,
        40.12,
        44.05,
        41.95,
        33.25,
        43.5,
        41.5,
        30.0,
        32.0,
        48.0,
        58.0,
        23.9,
        51.5,
        57.27,
        32.9,
        46.25,
        53.5,
        38.0,
        46.87,
        59.0,
        39.5,
        50.2,
        46.0,
        23.0,
        43.5,
        51.0,
        33.95,
        42.2,
        58.59,
        56.0,
        16.58,
        42.56,
        43.64,
        35.0,
        40.39,
        34.5,
        37.25,
        51.0,
        26.5,
        49.7,
        33.5,
        46.7,
        35.0,
        40.5,
        37.5,
        44.6,
        36.0,
        22.04,
        33.5,
        32.5,
        30.25,
        31.7,
        48.0,
        39.45,
        33.76,
        35.0,
        33.41
    ],
    "y_pred": [
        43.95170662100457,
        37.810182648401856,
        53.72260273972603,
        51.48207305936074,
        39.642778864970644,
        34.20228310502282,
        32.8923243765367,
        20.278630136986298,
        34.409434116112195,
        40.13060991519895,
        45.35287671232878,
        40.12821917808218,
        48.989657534246575,
        41.192506849315095,
        43.19558854691733,
        41.88332038965601,
        35.42383561643836,
        39.685068493150666,
        47.37127853881277,
        32.015388127853875,
        33.26128793580848,
        51.278036529680364,
        58.24315068493151,
        25.48589041095893,
        48.621643835616474,
        57.06999999999999,
        32.976027397260275,
        43.714960045662096,
        53.214109589041094,
        38.80965325161901,
        45.04418151208179,
        57.51027397260274,
        38.59614481409002,
        45.95123287671233,
        46.995000000000005,
        25.018820395738203,
        45.297534246575346,
        51.40402511415525,
        33.018767123287674,
        42.77560826464252,
        55.97219178082193,
        56.92465753424658,
        46.18408675799086,
        42.11890410958903,
        44.23825817751503,
        34.4875799086758,
        42.07024086757992,
        34.3769406392694,
        40.110867579908714,
        45.345228310502286,
        27.830821917808215,
        51.46442922374429,
        33.12931506849315,
        43.71933219178082,
        36.92470547945206,
        39.852739726027394,
        36.763607305936084,
        45.5821689497717,
        32.392374429223736,
        22.333972602739742,
        32.55575342465753,
        31.107961362838083,
        32.57630136986301,
        36.88450342465753,
        51.48207305936074,
        39.88699771689495,
        33.24211187214612,
        32.23607305936073,
        32.60534246575339
    ]
}