{
    "Est_name": "RF",
    "Run": 8,
    "Seed": 8935,
    "Est_params": {
        "n_estimators": 71,
        "max_depth": 14
    },
    "R2": 0.8393233128156324,
    "R": 0.9184222453865267,
    "MAPE": 0.0683701331052764,
    "RMSE": 3.763798815794146,
    "y_test": [
        43.07,
        33.76,
        49.0,
        48.7,
        43.65,
        45.22,
        39.45,
        26.5,
        43.4,
        20.5,
        48.0,
        33.0,
        33.5,
        43.0,
        33.41,
        22.9,
        39.5,
        43.64,
        29.41,
        31.47,
        53.5,
        42.5,
        35.0,
        22.73,
        33.4,
        48.0,
        31.97,
        56.0,
        33.95,
        62.5,
        27.5,
        39.21,
        32.9,
        33.25,
        39.53,
        48.5,
        54.25,
        27.4,
        50.5,
        23.9,
        27.49,
        27.5,
        43.5,
        35.5,
        40.1,
        41.0,
        42.03,
        56.38,
        45.02,
        39.78,
        40.75,
        47.0,
        31.67,
        29.5,
        41.23,
        25.68,
        35.0,
        38.61,
        36.0,
        43.76,
        39.0,
        39.42,
        35.25,
        22.67,
        40.03,
        58.0,
        32.5,
        47.0,
        22.5
    ],
    "y_pred": [
        42.41992424750521,
        32.98314945226915,
        49.524131455399065,
        42.790746478873245,
        41.13067843424178,
        41.14384744832631,
        37.07834507042252,
        28.08130784708249,
        43.701377543035996,
        23.068309859154915,
        48.00492957746478,
        33.192659847976756,
        32.12651911468812,
        45.41043829644534,
        32.15676056338025,
        27.591338028169037,
        37.50274647887324,
        43.57284305835008,
        31.872535211267603,
        32.56019617706237,
        53.86267605633803,
        42.52370590207914,
        37.141830985915504,
        29.172253521126787,
        32.404166666666654,
        45.3062323943662,
        31.83467471495641,
        57.49830985915493,
        32.34782863849763,
        57.253802816901405,
        41.635281690140836,
        42.06541784037559,
        32.265814889336006,
        34.3640174379611,
        44.65817303822937,
        48.55915492957746,
        50.41032863849765,
        33.01435110663984,
        49.447605633802866,
        28.67669014084509,
        30.787890677397705,
        32.69472417840375,
        48.516619718309855,
        35.76,
        41.73820852895152,
        40.691642064508244,
        40.05431924882629,
        39.08505030181086,
        43.82904024144867,
        38.005734101579186,
        38.4093661971831,
        48.916197183098554,
        30.775392354124737,
        29.992816901408446,
        46.34767136150236,
        31.384084507042246,
        34.41870657276994,
        36.99140845070422,
        36.464466495945366,
        41.06153978415951,
        38.92624748490946,
        40.469325955734384,
        34.608487109525846,
        23.85288732394368,
        40.90894588744589,
        58.25176056338028,
        31.296150310956644,
        50.15042253521127,
        22.3143661971831
    ]
}