{
    "Est_name": "RF",
    "Run": 22,
    "Seed": 8928,
    "Est_params": {
        "n_estimators": 66,
        "max_depth": 14
    },
    "R2": 0.9183115065495668,
    "R": 0.9617939966638599,
    "MAPE": 0.04350708498232743,
    "RMSE": 2.146584116879547,
    "y_test": [
        33.4,
        43.64,
        44.6,
        35.75,
        45.5,
        37.0,
        39.5,
        29.02,
        48.0,
        24.5,
        47.0,
        32.91,
        35.25,
        45.8,
        41.0,
        42.25,
        32.25,
        43.07,
        32.0,
        39.0,
        33.76,
        40.0,
        51.0,
        50.8,
        33.5,
        46.0,
        36.0,
        45.25,
        30.25,
        40.1,
        55.52,
        34.5,
        43.0,
        40.03,
        52.5,
        30.5,
        29.41,
        41.95,
        45.5,
        29.6,
        34.8,
        31.25,
        45.0,
        50.2,
        38.82,
        52.5,
        37.5,
        34.5,
        31.75,
        34.75,
        46.0,
        40.5,
        42.86,
        57.27,
        42.29,
        31.67,
        55.5,
        39.8,
        39.5,
        33.04,
        35.5,
        26.5,
        53.5,
        43.5,
        33.5,
        35.0,
        47.0,
        42.03,
        36.0
    ],
    "y_pred": [
        33.18405618686871,
        43.925368145743136,
        43.64910468319562,
        34.480629058441565,
        44.54405176767677,
        42.630974867724866,
        38.056237373737375,
        30.375609848484828,
        46.31845959595959,
        24.6875,
        48.45823232323232,
        35.527575757575725,
        33.94381087662339,
        45.67077134986224,
        39.73287121212118,
        42.385691919191935,
        33.11332386363636,
        42.01881944444446,
        33.60909406565657,
        39.03545454545455,
        32.92741477272727,
        39.62113979076479,
        51.88993181818182,
        49.8529393939394,
        34.545530303030304,
        46.356515151515154,
        36.87276515151514,
        43.92242424242423,
        36.13305871212122,
        41.773137380296475,
        56.9395454545455,
        34.722126262626226,
        44.49293193843195,
        42.15523737373738,
        51.847601010101,
        28.854914772727273,
        33.17257575757576,
        41.309621212121215,
        44.34748106060606,
        30.89085858585857,
        37.216306572215636,
        29.6691571969697,
        46.355,
        46.01368686868687,
        39.48516947068084,
        53.02393939393939,
        39.249494949494974,
        39.14530303030303,
        36.424043560606066,
        33.59615936147187,
        45.88323232323232,
        40.30818181818182,
        42.44217343893478,
        57.731969696969706,
        38.796743326118325,
        31.557121212121213,
        56.03121212121213,
        43.54198347107441,
        39.0619696969697,
        30.96774725193107,
        36.60913510101011,
        30.47333333333333,
        52.957878787878784,
        47.21772727272728,
        39.02464646464649,
        37.33878535353536,
        46.06989898989899,
        40.96030303030302,
        39.02464646464649
    ]
}