{
    "Est_name": "RF",
    "Run": 25,
    "Seed": 7359,
    "Est_params": {
        "n_estimators": 36,
        "max_depth": 11
    },
    "R2": 0.7718840298264518,
    "R": 0.8820759438462458,
    "MAPE": 0.08769381813918148,
    "RMSE": 5.054717696476724,
    "y_test": [
        29.41,
        26.5,
        58.25,
        43.5,
        20.5,
        22.5,
        32.83,
        46.87,
        37.5,
        45.0,
        21.5,
        43.29,
        57.96,
        40.5,
        42.5,
        50.75,
        35.25,
        54.0,
        29.6,
        59.5,
        18.52,
        43.07,
        40.52,
        39.42,
        57.8,
        48.0,
        27.5,
        31.59,
        34.8,
        56.5,
        43.0,
        40.75,
        32.57,
        45.23,
        35.75,
        48.7,
        23.0,
        52.0,
        49.5,
        40.5,
        32.0,
        42.25,
        29.5,
        34.5,
        42.86,
        35.3,
        50.86,
        54.25,
        34.5,
        48.0,
        34.0,
        31.53,
        36.0,
        41.16,
        53.5,
        49.0,
        39.5,
        57.5,
        35.25,
        41.78,
        55.5,
        16.58,
        35.0,
        33.0,
        55.5,
        27.4,
        33.5,
        40.0,
        39.3
    ],
    "y_pred": [
        33.06758022774327,
        29.30894518419518,
        58.481481481481474,
        43.87974354645517,
        22.011388888888884,
        26.927261904761906,
        33.88492237851205,
        45.17232092740755,
        38.631664902998224,
        42.31188493160553,
        26.927261904761906,
        42.91561794532626,
        53.17500000000002,
        40.41830945419103,
        43.485146604938265,
        51.860605860189196,
        34.400555555555556,
        52.69477777777778,
        28.905155222863566,
        58.231481481481474,
        21.512685185185177,
        42.42116432619746,
        38.84853571428571,
        40.43670683172093,
        41.104583333333345,
        46.56943672839506,
        41.54557253086419,
        33.69496933618401,
        37.37421608031663,
        57.020833333333336,
        43.89692063639429,
        42.07440822060983,
        33.759274891739565,
        42.158777292716636,
        34.34047942067326,
        43.22489975163104,
        27.11397023809524,
        49.654222222222224,
        48.958333333333336,
        40.16751645527961,
        33.08358186537988,
        41.58360427536024,
        30.245250313729482,
        33.099346498894505,
        42.37678932619747,
        35.57592592592593,
        54.34361111111111,
        52.77269444444444,
        45.819722222222204,
        48.81489682539683,
        34.216216029305706,
        28.905155222863566,
        36.49676466005571,
        42.33769260138959,
        52.65611111111111,
        53.80311111111112,
        37.87303374312688,
        60.46527777777778,
        34.04012574960023,
        42.531595949453404,
        57.46888888888889,
        45.40709104938269,
        36.80879819882335,
        31.496056535806538,
        50.39187720458554,
        31.408374879749886,
        33.793207508103336,
        40.91049186816941,
        38.826072685178985
    ]
}