{
    "Est_name": "RF",
    "Run": 16,
    "Seed": 3811,
    "Est_params": {
        "n_estimators": 78,
        "max_depth": 17
    },
    "R2": 0.7907966065293338,
    "R": 0.8898415548703504,
    "MAPE": 0.06754939532110836,
    "RMSE": 3.5950631884329267,
    "y_test": [
        30.0,
        53.5,
        49.5,
        36.0,
        46.0,
        49.9,
        32.83,
        33.46,
        38.0,
        42.3,
        40.39,
        32.25,
        32.91,
        31.75,
        33.25,
        49.7,
        46.0,
        51.0,
        48.0,
        35.0,
        33.5,
        47.0,
        42.25,
        43.64,
        40.5,
        30.0,
        35.5,
        50.2,
        29.0,
        55.5,
        53.5,
        52.5,
        15.11,
        47.3,
        29.5,
        37.0,
        48.0,
        39.12,
        41.95,
        43.66,
        53.25,
        43.76,
        53.5,
        56.38,
        38.78,
        51.0,
        41.04,
        39.0,
        40.0,
        46.0,
        42.0,
        37.25,
        39.0,
        39.78,
        48.0,
        34.5,
        41.5,
        35.0,
        45.0,
        36.5,
        41.8,
        39.21,
        35.0,
        41.0,
        39.5,
        36.0,
        33.04,
        33.95,
        29.6
    ],
    "y_pred": [
        31.32669515669513,
        53.00192307692307,
        48.96452991452992,
        38.05132478632476,
        44.70235042735041,
        49.01692307692309,
        33.33615384615387,
        35.12166666666666,
        38.19272079772079,
        40.17804029304029,
        42.48112332112333,
        30.397008547008554,
        34.708717948717926,
        32.31794871794872,
        35.19179487179487,
        52.349465811965814,
        46.533589743589744,
        45.5209188034188,
        47.56420940170941,
        37.730384615384615,
        33.317692307692305,
        42.82576923076923,
        40.57707977207979,
        44.20132122507121,
        40.883525641025635,
        29.5274358974359,
        37.455128205128204,
        42.75807692307693,
        31.752051282051273,
        56.822564102564115,
        54.05871794871795,
        55.70435897435898,
        27.28615384615383,
        46.34512820512824,
        30.062628205128203,
        42.32826923076921,
        42.976025641025636,
        40.35688034188035,
        40.8223076923077,
        36.6901282051282,
        54.74641025641026,
        40.63938746438745,
        56.31679487179487,
        42.366794871794895,
        37.0098717948718,
        51.63461111111111,
        42.06692307692312,
        47.16115384615385,
        44.101943528693546,
        42.83102564102564,
        39.70064102564103,
        39.90115384615386,
        36.80615384615385,
        37.01269230769231,
        49.450042735042736,
        33.06102564102564,
        38.782179487179484,
        34.25269230769231,
        49.37782051282051,
        34.23277777777773,
        43.7468498168498,
        45.556923076923056,
        36.20259259259258,
        35.722820512820505,
        37.13679487179487,
        37.078461538461546,
        31.013824786324786,
        33.18487179487181,
        30.10010683760685
    ]
}