{
    "Est_name": "RF",
    "Run": 2,
    "Seed": 409,
    "Est_params": {
        "n_estimators": 100,
        "max_depth": 13
    },
    "R2": 0.8954855297225566,
    "R": 0.9484129643978663,
    "MAPE": 0.059575878813599985,
    "RMSE": 2.9939241846038875,
    "y_test": [
        35.0,
        39.0,
        48.0,
        31.5,
        31.75,
        54.25,
        49.9,
        39.5,
        47.3,
        48.0,
        13.33,
        43.5,
        57.21,
        38.82,
        45.0,
        32.26,
        31.47,
        35.3,
        34.5,
        29.41,
        31.7,
        39.0,
        55.5,
        55.5,
        46.5,
        60.25,
        53.9,
        40.75,
        34.8,
        35.25,
        33.5,
        35.5,
        42.29,
        41.0,
        43.29,
        56.0,
        56.5,
        46.0,
        46.8,
        56.0,
        43.29,
        56.0,
        36.0,
        38.0,
        32.25,
        27.5,
        42.5,
        33.41,
        46.0,
        46.25,
        41.25,
        33.95,
        30.5,
        48.5,
        42.0,
        43.0,
        38.78,
        48.0,
        26.5,
        50.2,
        35.5,
        33.25,
        34.5,
        34.0,
        35.0,
        43.47,
        21.75,
        35.0,
        48.0
    ],
    "y_pred": [
        35.167621276455016,
        38.834172424242425,
        46.85743333333334,
        32.44449537689162,
        32.8894953444241,
        50.45929166666666,
        48.20313055555556,
        39.86054409090909,
        44.090701002294054,
        46.762824999999964,
        23.834399999999977,
        38.01441818181818,
        49.07798571428572,
        39.61385768341308,
        44.2356,
        30.584687265278593,
        29.544054385151902,
        34.97424999999999,
        35.26664615384615,
        32.2795,
        39.582266672608405,
        47.377916666666664,
        51.7003,
        56.014100000000056,
        46.75209999999999,
        60.35850000000001,
        50.8168,
        44.88306115943267,
        39.64917719892419,
        33.56179613210863,
        32.15636471611724,
        35.618174999999994,
        39.2865539538556,
        40.498276474640896,
        44.94322992063491,
        57.4587,
        57.162200000000006,
        47.015235714285716,
        41.538585660173155,
        53.41753333333334,
        43.08538427808302,
        56.331799999999994,
        37.980196666439845,
        39.26802394572047,
        30.587383333333364,
        31.887862777777777,
        42.44730331890332,
        31.931356282051254,
        44.810900000000004,
        46.5466583333333,
        43.263499999999965,
        32.79784180967181,
        32.17268525747157,
        50.1112,
        41.43125627414254,
        44.4542879504292,
        37.362241894586916,
        45.330699999999986,
        31.061201190476194,
        45.18789999999999,
        35.516175,
        34.67844615384616,
        32.714087232952224,
        34.14229438797313,
        36.55264311539339,
        42.99557688137633,
        21.307999999999982,
        35.42886153744404,
        49.658624999999944
    ]
}