{
    "Est_name": "RF",
    "Run": 37,
    "Seed": 1519,
    "Est_params": {
        "n_estimators": 91,
        "max_depth": 16
    },
    "R2": 0.8545829262669352,
    "R": 0.9264127296954469,
    "MAPE": 0.06525581186923449,
    "RMSE": 3.8139017027129554,
    "y_test": [
        25.68,
        32.26,
        46.8,
        43.66,
        30.5,
        30.25,
        45.22,
        33.5,
        41.25,
        46.5,
        40.5,
        33.6,
        57.21,
        36.0,
        28.5,
        48.0,
        43.29,
        55.5,
        53.5,
        35.5,
        29.02,
        37.5,
        52.5,
        42.35,
        48.0,
        41.89,
        35.0,
        31.75,
        43.0,
        32.25,
        22.9,
        29.5,
        42.5,
        41.4,
        39.0,
        27.5,
        50.5,
        43.64,
        30.5,
        39.45,
        56.38,
        58.25,
        22.67,
        31.97,
        59.0,
        45.0,
        39.78,
        39.5,
        36.0,
        44.5,
        27.49,
        33.5,
        40.03,
        24.67,
        18.52,
        55.84,
        41.78,
        22.73,
        53.5,
        42.0,
        33.0,
        52.0,
        30.0,
        43.4,
        22.13,
        38.0,
        56.5,
        34.5,
        47.0
    ],
    "y_pred": [
        31.70663003663004,
        31.79912087912089,
        42.13681318681322,
        37.21967032967033,
        29.42739010989011,
        33.30121794871794,
        41.94844884877027,
        33.46934065934066,
        44.33186813186813,
        46.52263736263737,
        40.5484945054945,
        33.67109890109888,
        48.666043956043964,
        33.91087912087912,
        30.91131868131865,
        47.68263736263736,
        43.16884615384612,
        52.97875457875457,
        55.80769230769231,
        36.09120879120879,
        31.66816849816851,
        37.351648351648365,
        51.71565934065932,
        39.981181318681344,
        48.70670329670323,
        45.01774084249085,
        34.33601648351648,
        33.39565018315018,
        48.42978021978023,
        31.843736263736297,
        26.500549450549446,
        30.54373626373626,
        43.2367032967033,
        43.47910518053375,
        38.683626373626375,
        43.142967032967036,
        49.174945054945105,
        44.33997502497499,
        32.255384615384614,
        36.26117216117215,
        39.595164835164844,
        58.72802197802198,
        25.01461538461538,
        31.960000000000008,
        59.56065934065935,
        49.37175824175824,
        37.71538461538466,
        38.8430125588697,
        36.0604945054945,
        44.77142857142857,
        31.70032967032968,
        32.08945054945055,
        41.49602825745684,
        29.332014652014674,
        22.762087912087893,
        55.94890109890115,
        42.521318681318654,
        29.323113553113572,
        53.47362637362637,
        41.67017268445844,
        33.087142857142844,
        47.939780219780225,
        30.04296703296703,
        43.52556279434853,
        23.94956043956043,
        37.3744803767661,
        57.56747252747252,
        33.317967032967026,
        48.488461538461465
    ]
}