{
    "Est_name": "RF",
    "Run": 20,
    "Seed": 9195,
    "Est_params": {
        "n_estimators": 100,
        "max_depth": 13
    },
    "R2": 0.9221029205436039,
    "R": 0.9621891058312605,
    "MAPE": 0.0510366128531965,
    "RMSE": 2.707037280945989,
    "y_test": [
        41.95,
        30.5,
        59.5,
        36.0,
        32.91,
        46.11,
        29.5,
        41.23,
        28.0,
        26.5,
        43.5,
        31.67,
        55.5,
        59.0,
        23.33,
        35.0,
        31.97,
        39.12,
        32.0,
        41.0,
        42.29,
        44.5,
        44.75,
        22.5,
        42.56,
        42.5,
        31.47,
        52.5,
        21.75,
        39.17,
        31.53,
        56.5,
        27.5,
        34.5,
        41.8,
        52.5,
        22.9,
        41.4,
        35.75,
        32.5,
        34.5,
        28.5,
        45.02,
        51.0,
        60.25,
        32.83,
        40.5,
        42.25,
        26.5,
        24.5,
        39.73,
        41.89,
        30.5,
        29.02,
        22.67,
        31.25,
        42.35,
        32.43,
        37.6,
        33.5,
        21.5,
        35.0,
        36.0,
        49.5,
        33.0,
        51.5,
        32.33,
        29.5,
        26.25
    ],
    "y_pred": [
        42.269115939395576,
        33.03736253968254,
        57.8175,
        37.043748474969476,
        34.46707023809521,
        47.00534274891775,
        31.022528571428573,
        46.099726935817806,
        27.842874999999996,
        27.927899999999994,
        45.08665437165771,
        31.529599999999995,
        55.751700000000035,
        57.329375,
        20.478284722222185,
        33.55446130158731,
        31.196942857142872,
        38.715283888888905,
        32.797756857142865,
        36.60667749999999,
        39.73833382249754,
        44.74625,
        43.52924359632197,
        24.64839999999999,
        40.55566781706734,
        43.1347,
        29.6039666666667,
        53.34595,
        21.56579999999998,
        39.794041904761905,
        29.59312285714282,
        56.002700000000004,
        43.0608,
        34.67168023809519,
        44.170259178743926,
        51.654109523809524,
        23.499700000000033,
        43.68553333333335,
        34.55488407020758,
        32.63486303846154,
        34.85233955555557,
        31.932922857142806,
        43.4995163235947,
        48.662633333333325,
        60.01854285714287,
        33.891888435286944,
        40.24840220994342,
        41.64502500000006,
        30.587937500000002,
        24.491499999999995,
        40.77210601992781,
        41.19753506493504,
        33.07958253968254,
        30.574166666666684,
        22.67390000000004,
        35.36418047619047,
        39.12598693650794,
        35.02398531746031,
        38.84650228755905,
        33.570166666666665,
        24.64839999999999,
        36.326730952380956,
        36.795691111111125,
        49.1095,
        34.01143214285713,
        47.50820000000003,
        31.851270238095232,
        29.819066666666664,
        31.932922857142806
    ]
}