{
    "Est_name": "RF",
    "Run": 43,
    "Seed": 4333,
    "Est_params": {
        "n_estimators": 19,
        "max_depth": 11
    },
    "R2": 0.78294195505922,
    "R": 0.8863827166762241,
    "MAPE": 0.0841653584473654,
    "RMSE": 4.753637790676006,
    "y_test": [
        42.2,
        24.67,
        57.27,
        16.58,
        33.04,
        20.22,
        31.59,
        40.87,
        39.5,
        55.84,
        35.0,
        31.97,
        47.0,
        42.86,
        44.95,
        20.5,
        35.0,
        50.86,
        41.5,
        33.0,
        43.66,
        25.81,
        47.3,
        42.0,
        38.0,
        18.52,
        41.4,
        37.75,
        54.04,
        43.29,
        56.5,
        45.25,
        39.73,
        58.59,
        33.85,
        62.5,
        43.5,
        33.5,
        26.5,
        59.0,
        34.8,
        50.75,
        45.02,
        43.47,
        46.7,
        43.65,
        53.5,
        52.5,
        32.26,
        45.0,
        29.0,
        35.25,
        38.61,
        45.0,
        51.5,
        54.2,
        36.0,
        39.21,
        38.0,
        30.0,
        42.5,
        42.56,
        43.07,
        56.0,
        41.75,
        34.75,
        46.87,
        55.5,
        33.0
    ],
    "y_pred": [
        43.97080634278002,
        25.13842105263157,
        57.41842105263158,
        42.604797570850195,
        30.261362098427885,
        30.063245614035083,
        32.84309210526315,
        40.94421052631579,
        40.25535087719298,
        53.67261403508771,
        36.09233123577623,
        31.24618421052631,
        52.02105263157895,
        41.20118150769079,
        42.694549489744475,
        22.01473684210527,
        33.506872009569385,
        53.86842105263158,
        40.386929824561406,
        33.9096471291866,
        37.4305023923445,
        30.773991228070173,
        46.25242914979756,
        41.15574602274364,
        37.44206807788148,
        21.290000000000003,
        44.257894736842104,
        41.854317033604126,
        49.14252631578949,
        42.863078320802,
        57.103052631578954,
        45.89804318488529,
        38.60640874244434,
        54.933245614035094,
        33.76090914786968,
        57.05263157894737,
        44.56872411420709,
        35.65488721804511,
        28.136447368421052,
        57.0361052631579,
        36.46000000000001,
        51.28626775271512,
        43.05453701767789,
        42.88478889737713,
        46.8421052631579,
        40.886709273182966,
        42.26947368421052,
        42.3878947368421,
        31.24618421052631,
        42.70405947159566,
        32.93868421052631,
        36.578947368421055,
        38.0611455845496,
        49.54631578947368,
        51.207368421052635,
        49.83024561403509,
        37.124807017543866,
        43.01493357495751,
        38.20532376919309,
        27.839736842105264,
        44.80242914979757,
        44.726618851049196,
        41.56043589365571,
        56.53684210526316,
        45.838421052631574,
        34.0527173046252,
        44.81872411420709,
        42.26947368421052,
        32.41451754385965
    ]
}