{
    "Est_name": "RF",
    "Run": 19,
    "Seed": 434,
    "Est_params": {
        "n_estimators": 65,
        "max_depth": 15
    },
    "R2": 0.8708178687686634,
    "R": 0.9379968894096098,
    "MAPE": 0.0820628355585969,
    "RMSE": 3.53519898683551,
    "y_test": [
        13.33,
        47.3,
        31.7,
        39.21,
        22.73,
        60.25,
        33.0,
        33.5,
        41.5,
        32.57,
        56.0,
        42.29,
        27.4,
        37.5,
        22.9,
        39.3,
        54.25,
        36.0,
        34.5,
        32.9,
        41.0,
        29.5,
        57.0,
        50.5,
        41.5,
        40.1,
        31.47,
        42.0,
        45.5,
        22.5,
        35.0,
        44.5,
        33.04,
        35.25,
        52.5,
        40.0,
        42.2,
        27.12,
        59.0,
        36.5,
        57.27,
        24.67,
        48.0,
        18.52,
        50.0,
        32.33,
        40.03,
        30.0,
        31.25,
        34.75,
        32.43,
        26.5,
        39.45,
        42.37,
        43.5,
        30.5,
        39.73,
        50.86,
        38.0,
        33.0,
        26.5,
        40.0,
        54.0,
        42.25,
        35.75,
        38.78,
        42.56,
        32.5,
        43.66
    ],
    "y_pred": [
        23.045999999999975,
        45.826923076923094,
        37.021538461538455,
        43.04223846153846,
        34.28984615384617,
        60.66923076923077,
        34.25509523809524,
        31.869230769230768,
        45.91263736263737,
        32.99385824175824,
        56.81292307692308,
        38.643535164835164,
        30.655178021978006,
        38.032000000000004,
        31.351230769230785,
        38.82879120879121,
        50.38076923076923,
        32.45369230769231,
        33.0014684981685,
        32.856748717948726,
        39.37076923076923,
        28.734307692307695,
        55.08,
        48.382153846153884,
        39.746153846153845,
        41.38809615384617,
        30.41010109890108,
        41.49556043956044,
        45.16457264957265,
        22.400307692307692,
        32.64107692307692,
        42.89498717948722,
        30.33948571428571,
        34.19976678876679,
        50.480000000000004,
        39.55402747252748,
        50.94615384615385,
        33.64184615384615,
        57.5,
        40.447358974358984,
        56.32092307692308,
        34.43984615384617,
        47.14553846153846,
        21.444461538461518,
        50.34923076923077,
        29.23328205128205,
        41.79718589743593,
        34.5976923076923,
        29.331743589743585,
        33.84455311355312,
        36.598788461538454,
        28.298666666666662,
        37.883410256410244,
        43.15738461538462,
        45.98123076923072,
        32.0649010989011,
        40.013749999999995,
        53.32507692307693,
        39.41989102564103,
        32.48784615384617,
        28.612974358974363,
        39.66443223443225,
        54.00615384615385,
        42.3944166666667,
        34.16984615384615,
        37.187538461538466,
        46.12569230769227,
        35.93553846153846,
        36.990307692307695
    ]
}