{
    "Est_name": "RF",
    "Run": 7,
    "Seed": 1679,
    "Est_params": {
        "n_estimators": 27,
        "max_depth": 11
    },
    "R2": 0.7382450375472183,
    "R": 0.8678563082894483,
    "MAPE": 0.09079882557270534,
    "RMSE": 5.249145891110442,
    "y_test": [
        32.33,
        52.07,
        44.0,
        32.25,
        26.5,
        56.0,
        26.5,
        34.75,
        32.43,
        39.3,
        51.0,
        22.73,
        49.5,
        36.0,
        37.5,
        29.5,
        40.39,
        32.0,
        24.67,
        56.5,
        23.33,
        56.0,
        44.6,
        40.75,
        51.0,
        45.8,
        39.0,
        59.0,
        29.02,
        36.0,
        39.5,
        42.56,
        48.0,
        38.78,
        51.5,
        39.12,
        35.5,
        57.5,
        40.0,
        30.5,
        53.0,
        16.58,
        58.5,
        45.23,
        41.89,
        39.0,
        42.56,
        43.0,
        20.5,
        38.0,
        57.8,
        35.0,
        41.04,
        27.5,
        48.0,
        31.5,
        45.25,
        55.84,
        26.5,
        49.0,
        39.12,
        33.4,
        30.0,
        35.25,
        33.0,
        29.02,
        54.04,
        34.62,
        41.75
    ],
    "y_pred": [
        30.3436684303351,
        53.45555555555557,
        46.201666666666675,
        30.67092536475869,
        30.30062289562289,
        54.72,
        30.692148148148142,
        34.56209966884967,
        34.60637860082305,
        39.24831712628935,
        51.999323633156976,
        25.3911111111111,
        49.42622868900647,
        36.70055555555556,
        37.707000561167234,
        30.456137566137564,
        41.45163634308078,
        33.804808984225645,
        25.3911111111111,
        56.50814814814815,
        22.537129629629636,
        55.101851851851855,
        42.534974893661165,
        40.43876350090239,
        46.78073486184597,
        43.24262039630666,
        49.092037037037045,
        56.94444444444444,
        47.06259259259261,
        37.26080722491017,
        40.577424402757735,
        44.55437440645774,
        47.01314197530864,
        37.390832291165616,
        50.45629629629629,
        39.70359484983668,
        38.30191358024691,
        58.74074074074074,
        40.09638970391748,
        32.20546894874672,
        48.6962962962963,
        43.05865740740741,
        55.425925925925924,
        42.42734591231814,
        43.59205492038826,
        38.47858024691358,
        41.03321452778644,
        52.173768077601416,
        21.98736111111111,
        40.29674603712675,
        43.03962962962964,
        37.42516207660652,
        41.947853669992554,
        42.041693121693115,
        45.087345679012344,
        33.09690550498883,
        45.20172839506173,
        55.866296296296284,
        28.405808080808082,
        46.76666666666666,
        43.975221949891065,
        33.285459876543214,
        33.34627730294397,
        37.175061728395065,
        34.76285830527497,
        30.230792889209543,
        53.287777777777784,
        33.89076278659612,
        45.75697883597883
    ]
}