{
    "Est_name": "RF",
    "Run": 24,
    "Seed": 3611,
    "Est_params": {
        "n_estimators": 43,
        "max_depth": 13
    },
    "R2": 0.8033189628546458,
    "R": 0.9019081507236456,
    "MAPE": 0.07764478219593288,
    "RMSE": 4.378824826919372,
    "y_test": [
        26.5,
        41.0,
        44.5,
        42.0,
        39.5,
        33.5,
        35.0,
        48.0,
        37.5,
        57.27,
        41.5,
        57.0,
        37.6,
        32.91,
        45.5,
        21.75,
        30.5,
        26.5,
        29.6,
        48.0,
        53.9,
        29.5,
        26.75,
        44.6,
        39.3,
        13.33,
        40.0,
        35.0,
        22.13,
        35.0,
        46.8,
        35.0,
        47.0,
        48.0,
        33.04,
        49.9,
        53.25,
        26.5,
        41.16,
        38.0,
        56.25,
        33.4,
        40.75,
        16.58,
        53.5,
        38.61,
        27.49,
        45.23,
        56.0,
        39.73,
        43.64,
        31.25,
        22.04,
        28.5,
        41.78,
        33.76,
        49.5,
        29.5,
        31.75,
        32.57,
        31.7,
        47.3,
        40.12,
        45.0,
        33.5,
        46.7,
        52.07,
        35.5,
        34.5
    ],
    "y_pred": [
        27.56203488372093,
        39.81571553758004,
        44.7343227802749,
        40.147929553005135,
        36.03674418604651,
        33.45418604651163,
        33.244189922480615,
        47.72148062015504,
        38.97343023255812,
        56.5606976744186,
        46.27412639029324,
        58.23255813953488,
        40.07540909636722,
        34.6848172757475,
        46.273940720474236,
        21.006279069767427,
        31.95161572535991,
        27.862635658914726,
        30.60232558139534,
        49.297868217054265,
        48.58651162790698,
        31.55395348837209,
        29.232558139534884,
        44.42528918099089,
        37.151240310077526,
        23.174883720930243,
        43.178850317403246,
        36.77098837209302,
        21.71465116279069,
        35.17601786316145,
        43.363953488372104,
        33.79990310077519,
        47.43705426356589,
        46.16031007751939,
        31.08549169435216,
        49.43878391472868,
        54.399767441860455,
        30.856976744186046,
        43.313749187155004,
        38.198178294573644,
        58.72767441860465,
        34.37978682170544,
        39.204359325125395,
        47.426405460060664,
        50.5913953488372,
        38.76770431893688,
        30.60232558139534,
        43.35441814686062,
        57.604651162790695,
        40.31939036544852,
        43.720315493937576,
        30.432170542635664,
        21.314651162790692,
        28.69023255813953,
        42.112798449612384,
        34.048275193798446,
        50.51147286821706,
        30.902868217054262,
        32.64728682170542,
        33.39733665559246,
        38.22489505614387,
        46.56524266936301,
        41.8754826564431,
        48.87906976744186,
        32.62691860465117,
        45.276046511627904,
        53.59720930232559,
        35.26744186046512,
        35.11124031007752
    ]
}