{
    "Est_name": "RF",
    "Run": 27,
    "Seed": 4557,
    "Est_params": {
        "n_estimators": 29,
        "max_depth": 13
    },
    "R2": 0.8434174409322609,
    "R": 0.9189710751173414,
    "MAPE": 0.06743306502886036,
    "RMSE": 3.8958591787654218,
    "y_test": [
        48.0,
        39.78,
        39.61,
        39.5,
        40.12,
        53.5,
        46.5,
        53.9,
        33.5,
        33.25,
        34.5,
        50.5,
        32.25,
        44.5,
        56.38,
        35.25,
        29.0,
        51.0,
        23.0,
        15.11,
        45.8,
        40.5,
        29.5,
        36.0,
        58.0,
        31.8,
        28.5,
        35.0,
        35.5,
        43.0,
        42.03,
        48.5,
        42.2,
        49.7,
        48.0,
        52.5,
        33.41,
        25.81,
        39.0,
        41.23,
        54.2,
        33.85,
        41.78,
        32.91,
        43.4,
        27.49,
        30.25,
        20.8,
        38.0,
        48.0,
        33.5,
        26.5,
        22.04,
        30.0,
        52.5,
        31.47,
        44.05,
        45.25,
        43.0,
        43.29,
        42.3,
        57.0,
        54.25,
        26.5,
        51.0,
        43.0,
        49.5,
        25.68,
        32.83
    ],
    "y_pred": [
        45.94074712643678,
        37.73586206896551,
        32.68042319749216,
        38.53439080459769,
        41.97056062654947,
        52.63965517241378,
        47.77241379310345,
        52.72000000000001,
        35.70172413793103,
        35.30275862068965,
        39.958333333333336,
        48.48429118773946,
        30.92629963427377,
        43.042188697712014,
        33.63914446185998,
        36.71523809523809,
        31.490000000000002,
        48.02951149425287,
        24.603448275862068,
        20.50758620689655,
        44.29057210031349,
        40.617413793103445,
        35.52513793103449,
        36.10620689655172,
        58.025862068965516,
        29.647540229885045,
        35.722672413793106,
        33.58651515151516,
        37.95784467831019,
        44.63200676900854,
        40.704655172413794,
        50.55172413793103,
        41.96715256008359,
        52.08764367816092,
        48.6344827586207,
        52.939655172413794,
        32.73655172413793,
        27.57879310344828,
        39.98316091954023,
        45.91140332073269,
        52.4851724137931,
        34.17155172413794,
        42.19400459770114,
        35.87609195402298,
        41.17614065532168,
        30.71991379310344,
        33.60163793103448,
        19.745172413793096,
        38.54881014762228,
        46.90991379310345,
        31.60258620689655,
        28.361724137931034,
        21.918275862068967,
        35.0204827586207,
        51.93793103448276,
        29.19719540229884,
        41.17614065532168,
        45.46000000000001,
        46.90991379310345,
        43.67325182863114,
        39.73439039408867,
        53.58103448275862,
        52.07827586206896,
        28.778103448275864,
        51.57240804597702,
        51.5413735632184,
        51.05172413793103,
        29.826850574712633,
        33.93065134099617
    ]
}