{
    "Est_name": "RF",
    "Run": 41,
    "Seed": 5635,
    "Est_params": {
        "n_estimators": 48,
        "max_depth": 12
    },
    "R2": 0.8730471916200239,
    "R": 0.9395225786470878,
    "MAPE": 0.06189563034088868,
    "RMSE": 3.1587933501878047,
    "y_test": [
        59.5,
        47.0,
        31.47,
        49.0,
        44.5,
        34.5,
        41.4,
        33.5,
        32.57,
        42.66,
        56.0,
        50.5,
        44.05,
        33.46,
        28.0,
        36.5,
        31.67,
        26.5,
        40.0,
        47.0,
        55.52,
        36.5,
        52.07,
        39.5,
        39.5,
        39.78,
        29.5,
        34.25,
        36.0,
        26.25,
        48.0,
        46.5,
        42.2,
        49.0,
        26.5,
        39.5,
        28.5,
        27.7,
        49.9,
        35.5,
        32.5,
        53.25,
        58.59,
        40.0,
        22.5,
        40.5,
        53.5,
        32.91,
        30.25,
        41.52,
        40.75,
        46.7,
        30.0,
        39.3,
        35.25,
        36.0,
        42.0,
        57.96,
        37.0,
        57.5,
        40.12,
        41.5,
        32.83,
        49.5,
        41.0,
        31.59,
        38.61,
        36.0,
        42.37
    ],
    "y_pred": [
        58.12152777777778,
        48.542013888888896,
        30.05039213564213,
        47.83124999999999,
        43.61026587301587,
        46.28583333333332,
        43.867031249999975,
        32.44648263888889,
        34.48422743055554,
        42.02214441287878,
        57.505208333333336,
        48.28843749999999,
        42.74817727197768,
        35.35805555555556,
        26.87323412698413,
        40.621012801099965,
        31.303541666666664,
        30.296458333333334,
        40.34747229184071,
        51.923125,
        52.86604166666669,
        34.16806249999998,
        54.33083333333334,
        37.410322916666665,
        37.825173611111104,
        37.72153124999999,
        30.653541666666666,
        33.842442129629625,
        37.81408100579974,
        31.106840277777767,
        47.29625000000001,
        49.50416666666667,
        51.34187500000001,
        52.96791666666669,
        29.131874999999994,
        39.71724116161616,
        32.2811994047619,
        31.972048611111095,
        47.599062499999995,
        36.133154761904756,
        32.034166170634926,
        54.70541666666667,
        53.04657242063494,
        41.77373793509731,
        22.43875,
        37.952083333333334,
        51.441631944444445,
        35.135121527777756,
        33.450202546296296,
        44.96761218775635,
        40.7668461344333,
        46.02770833333333,
        33.61109523809524,
        38.233100694444445,
        34.25646983225108,
        36.74528125,
        44.08616152788381,
        52.42288194444447,
        43.6322141072489,
        57.865,
        41.48961328017027,
        47.24381200396826,
        34.17200520833334,
        50.84375,
        35.66625,
        34.54371701388889,
        38.56039930555557,
        34.520508432539685,
        43.652890309343434
    ]
}