{
    "Est_name": "RF",
    "Run": 31,
    "Seed": 5574,
    "Est_params": {
        "n_estimators": 34,
        "max_depth": 14
    },
    "R2": 0.66952517321243,
    "R": 0.821980224177406,
    "MAPE": 0.08802846167698336,
    "RMSE": 5.362192683618823,
    "y_test": [
        48.0,
        39.5,
        26.5,
        41.04,
        38.82,
        36.5,
        37.5,
        30.0,
        18.52,
        50.5,
        34.25,
        42.2,
        16.58,
        49.0,
        42.0,
        13.33,
        39.5,
        42.5,
        41.23,
        39.0,
        22.67,
        44.6,
        52.5,
        32.25,
        27.4,
        48.7,
        42.56,
        50.2,
        41.95,
        47.0,
        45.5,
        40.75,
        33.5,
        45.0,
        42.75,
        56.5,
        43.47,
        42.25,
        55.5,
        43.5,
        44.95,
        39.0,
        42.03,
        35.5,
        32.5,
        33.4,
        45.25,
        43.5,
        40.5,
        49.5,
        48.0,
        53.25,
        41.0,
        53.5,
        39.8,
        32.0,
        43.64,
        33.5,
        30.25,
        53.5,
        30.0,
        58.59,
        40.75,
        33.41,
        49.0,
        32.0,
        51.0,
        48.0,
        26.5
    ],
    "y_pred": [
        49.438235294117646,
        39.48647058823529,
        28.075,
        42.49205882352939,
        39.442331932773115,
        39.769970588235275,
        38.85509803921567,
        31.962058823529407,
        21.338529411764696,
        48.97941176470586,
        32.666519607843135,
        42.32408823529411,
        43.751176470588234,
        54.954705882352954,
        47.312647058823536,
        19.415000000000006,
        37.37705882352941,
        42.56021358543418,
        49.03058823529412,
        36.20058823529411,
        22.604411764705873,
        43.979705882352924,
        41.266323529411764,
        30.743823529411756,
        30.735864441930616,
        42.23558823529411,
        40.297352941176484,
        47.00205882352941,
        42.393676470588225,
        47.31102941176471,
        45.85514705882353,
        43.341397058823524,
        33.61941176470588,
        44.256922714540366,
        40.71107703081231,
        57.4264705882353,
        42.44264705882352,
        41.91161764705881,
        41.50455882352941,
        44.69588235294117,
        44.244790361599186,
        54.10529411764706,
        38.35441176470588,
        35.29705882352941,
        32.3675,
        33.22837535014006,
        45.5,
        56.33139705882352,
        38.965,
        49.970588235294116,
        46.99220588235295,
        53.75764705882353,
        39.726557168321875,
        41.508382352941176,
        41.97735294117647,
        32.69399509803922,
        43.91956057422968,
        34.21529411764706,
        32.46705882352941,
        53.07617647058824,
        28.475294117647056,
        55.43088235294119,
        40.61852941176471,
        33.21014705882354,
        49.18558823529412,
        33.64378005817712,
        44.86136274509804,
        47.91352941176471,
        29.208627450980394
    ]
}