{
    "Est_name": "RF",
    "Run": 11,
    "Seed": 6912,
    "Est_params": {
        "n_estimators": 94,
        "max_depth": 11
    },
    "R2": 0.8928549772138558,
    "R": 0.9493116538725357,
    "MAPE": 0.06729808907768939,
    "RMSE": 3.249580667337728,
    "y_test": [
        48.0,
        40.0,
        37.5,
        48.7,
        43.76,
        26.5,
        26.5,
        32.9,
        25.81,
        39.12,
        50.86,
        37.5,
        34.8,
        42.86,
        40.75,
        43.07,
        42.56,
        53.25,
        45.0,
        47.0,
        32.83,
        36.0,
        34.5,
        20.5,
        57.96,
        26.25,
        48.0,
        32.0,
        45.02,
        47.3,
        35.0,
        39.53,
        45.5,
        30.0,
        43.4,
        40.0,
        36.5,
        57.1,
        55.5,
        43.0,
        42.5,
        40.5,
        58.59,
        53.5,
        41.78,
        46.11,
        41.0,
        44.05,
        30.0,
        34.5,
        33.0,
        15.11,
        46.8,
        57.27,
        43.5,
        43.66,
        43.64,
        41.8,
        41.5,
        23.0,
        48.5,
        58.5,
        34.5,
        54.2,
        45.5,
        59.0,
        29.5,
        22.5,
        56.0
    ],
    "y_pred": [
        45.11050531914891,
        43.081583238107854,
        37.57731448436099,
        41.998727823549544,
        40.559650130009814,
        28.531214068408442,
        28.62640119550513,
        32.826024657482705,
        33.02223282073568,
        39.99857906946246,
        53.50127659574469,
        37.07767830347886,
        36.87679442767676,
        41.67459109491188,
        39.624184504815474,
        41.70664960555019,
        44.466531481461786,
        53.647872340425536,
        43.88463657735135,
        50.980691489361696,
        33.538832645717186,
        36.68794361416903,
        39.61607988484688,
        22.265416666666653,
        52.782003546099325,
        29.725929305889625,
        50.155119203491545,
        32.71854779281976,
        43.56626048162829,
        39.54113365545013,
        36.30554955541762,
        44.04345302027604,
        44.52339154629266,
        33.42245455112836,
        41.765296638371126,
        40.41946518729454,
        40.45360657186258,
        54.208617021276595,
        51.708843932663086,
        48.01424686306601,
        43.1926522289767,
        39.46228334229368,
        54.092216312056784,
        55.399260154738876,
        42.51966628544238,
        46.075358662613986,
        37.19319595076908,
        41.765296638371126,
        34.41119637088138,
        34.34062035497009,
        31.175887343341323,
        24.05229196217492,
        38.51283071725357,
        55.13885342789599,
        40.18041523134077,
        36.16799151034778,
        43.41658022158101,
        41.746490964976324,
        39.36481867664019,
        25.947934881283505,
        49.140957446808514,
        55.74340425531915,
        32.90102018155769,
        52.80580851063828,
        45.008409822342855,
        57.43572695035461,
        30.547745548994524,
        23.522491450010286,
        55.64559665973866
    ]
}