{
    "Est_name": "RF",
    "Run": 13,
    "Seed": 488,
    "Est_params": {
        "n_estimators": 99,
        "max_depth": 20
    },
    "R2": 0.9357635377320203,
    "R": 0.9680494413624912,
    "MAPE": 0.05563133236050258,
    "RMSE": 2.4631888149743144,
    "y_test": [
        53.5,
        41.8,
        31.67,
        39.45,
        32.33,
        35.0,
        30.0,
        41.5,
        52.5,
        33.5,
        53.9,
        46.0,
        32.5,
        43.5,
        31.75,
        40.52,
        35.25,
        33.5,
        23.9,
        46.0,
        40.5,
        33.5,
        35.5,
        41.52,
        31.5,
        39.12,
        42.0,
        25.81,
        33.0,
        42.56,
        41.0,
        44.0,
        38.61,
        33.4,
        57.0,
        53.5,
        54.25,
        39.5,
        22.04,
        43.76,
        44.5,
        42.5,
        38.78,
        36.5,
        27.12,
        42.0,
        31.53,
        28.5,
        26.5,
        50.2,
        51.5,
        37.75,
        58.0,
        21.75,
        52.0,
        56.0,
        60.25,
        42.03,
        48.0,
        27.7,
        31.25,
        37.5,
        47.0,
        13.33,
        43.66,
        35.5,
        56.5,
        37.6,
        42.56
    ],
    "y_pred": [
        52.12252525252524,
        43.82696969696968,
        31.844848484848484,
        37.24737373737372,
        30.40969696969697,
        34.85383838383838,
        30.7131313131313,
        39.33767676767677,
        55.24727272727272,
        33.91878787878788,
        52.38222222222224,
        46.31321212121212,
        35.83707070707069,
        41.58838383838384,
        32.80515151515152,
        36.15636363636362,
        36.67727272727276,
        37.0458585858586,
        25.585454545454567,
        47.07177777777778,
        41.36797979797981,
        32.36979797979798,
        37.44000000000002,
        43.27725589225591,
        32.4310101010101,
        43.99363636363639,
        44.03779797979798,
        30.553131313131317,
        34.12646464646465,
        41.30141414141411,
        36.32323232323232,
        47.61885185185185,
        37.30020202020201,
        33.633737373737375,
        59.37626262626262,
        51.96131313131311,
        53.73873737373738,
        37.41414141414143,
        21.552929292929313,
        41.258080808080784,
        42.64111111111115,
        42.2607744107744,
        37.475959595959615,
        39.625959595959635,
        31.21181818181818,
        41.84666666666663,
        29.02636363636362,
        30.043737373737372,
        28.84030303030303,
        46.785656565656566,
        49.10575757575761,
        41.79255892255892,
        58.156565656565654,
        21.591919191919196,
        49.14083501683501,
        56.02434343434351,
        60.56060606060606,
        38.00383838383838,
        47.485151515151514,
        29.485353535353518,
        30.34090909090909,
        38.49333333333338,
        46.72171717171716,
        20.68646464646461,
        36.839090909090906,
        36.81343434343436,
        56.15151515151515,
        38.344949494949475,
        44.508484848484834
    ]
}