{
    "Est_name": "RF",
    "Run": 3,
    "Seed": 4506,
    "Est_params": {
        "n_estimators": 10,
        "max_depth": 11
    },
    "R2": 0.7984531488421192,
    "R": 0.8969058061625267,
    "MAPE": 0.07451434221536947,
    "RMSE": 4.300915317221337,
    "y_test": [
        25.81,
        33.85,
        35.0,
        42.25,
        56.5,
        41.0,
        34.0,
        46.7,
        34.75,
        33.5,
        57.1,
        57.8,
        31.25,
        22.13,
        42.0,
        40.03,
        39.8,
        52.5,
        57.0,
        45.5,
        39.42,
        48.0,
        49.0,
        34.25,
        41.0,
        33.0,
        32.25,
        22.73,
        21.5,
        33.25,
        37.5,
        41.04,
        32.0,
        46.0,
        52.07,
        41.5,
        49.5,
        40.5,
        59.5,
        27.5,
        56.0,
        43.76,
        43.5,
        35.75,
        35.0,
        37.75,
        41.5,
        26.5,
        26.25,
        32.83,
        45.8,
        44.95,
        31.8,
        38.0,
        42.5,
        40.0,
        53.5,
        22.5,
        47.0,
        48.0,
        48.0,
        28.5,
        32.25,
        29.02,
        33.5,
        44.75,
        46.5,
        24.67,
        29.5
    ],
    "y_pred": [
        28.601,
        33.94593214285715,
        34.162,
        38.691595238095246,
        56.7875,
        34.2,
        33.65239772727273,
        43.464,
        33.05360167464114,
        34.925,
        56.504,
        36.295375,
        37.690333333333335,
        21.797,
        41.68856666666667,
        38.78459523809524,
        42.72583333333333,
        55.85,
        59.375,
        46.06166666666667,
        38.29691666666667,
        51.78733333333334,
        53.80499999999999,
        29.46669642857143,
        40.252766666666666,
        33.65239772727273,
        28.165375,
        30.494999999999994,
        24.74738888888889,
        34.541666666666664,
        38.025606060606066,
        42.62523076923077,
        32.256953947368416,
        49.819,
        52.919,
        38.25,
        51.78733333333334,
        40.676467532467534,
        58.2125,
        37.1396,
        55.325,
        38.691595238095246,
        43.45266666666667,
        34.12397667464115,
        33.362476674641144,
        41.109841880341875,
        45.49811904761905,
        27.391999999999996,
        29.77192142857143,
        33.85823214285715,
        45.00811904761905,
        43.79537777777778,
        29.655751169590644,
        33.29288888888889,
        41.40567692307692,
        37.84927460317461,
        54.15,
        24.74738888888889,
        51.78733333333334,
        50.620999999999995,
        47.9,
        29.77192142857143,
        32.588875,
        43.147375,
        33.029125,
        44.13152838827838,
        48.05,
        30.494999999999994,
        29.047000000000004
    ]
}