{
    "Est_name": "RF",
    "Run": 23,
    "Seed": 6873,
    "Est_params": {
        "n_estimators": 18,
        "max_depth": 12
    },
    "R2": 0.8574691105477095,
    "R": 0.9337159092657992,
    "MAPE": 0.0650146421405871,
    "RMSE": 3.4109482203670125,
    "y_test": [
        22.5,
        44.5,
        35.5,
        29.5,
        41.5,
        60.25,
        37.25,
        39.45,
        43.07,
        28.0,
        51.0,
        39.12,
        44.75,
        26.75,
        42.0,
        23.0,
        41.23,
        24.67,
        20.22,
        32.9,
        35.5,
        32.91,
        40.75,
        49.0,
        56.5,
        42.0,
        40.39,
        44.0,
        40.5,
        32.5,
        56.0,
        48.0,
        43.47,
        40.0,
        49.5,
        43.55,
        39.78,
        33.0,
        35.5,
        46.7,
        46.0,
        27.7,
        51.0,
        27.5,
        32.26,
        39.5,
        43.29,
        26.5,
        46.0,
        30.0,
        29.0,
        40.75,
        37.6,
        30.0,
        35.0,
        57.0,
        33.95,
        34.5,
        29.02,
        49.9,
        41.5,
        31.75,
        41.0,
        28.0,
        53.5,
        46.5,
        42.56,
        53.5,
        40.5
    ],
    "y_pred": [
        23.072777777777777,
        42.523118038150926,
        34.66865079365079,
        33.95587301587302,
        47.03935185185187,
        59.78,
        40.44452991452991,
        37.67920138888889,
        42.68412665343916,
        31.23348039215686,
        49.3325462962963,
        44.25573082010581,
        44.25984755291004,
        32.558526688453156,
        40.791666666666664,
        27.067230392156866,
        46.35214912280702,
        23.534999999999993,
        30.65555555555555,
        32.93014351851852,
        38.05083333333333,
        33.75405555555556,
        43.31221856725146,
        47.54777777777778,
        55.68666666666667,
        40.47850824979114,
        42.05799529460908,
        44.16151421957671,
        40.05266203703704,
        30.604467210255752,
        56.778333333333336,
        47.380462962962966,
        42.54209953703703,
        39.75127314814815,
        47.080555555555556,
        43.02783829365078,
        37.43377668845315,
        33.89547911501765,
        37.955000000000005,
        47.06712962962963,
        47.82222222222222,
        34.48444444444444,
        52.313527777777786,
        31.24329501915709,
        30.99583333333333,
        38.26935185185185,
        43.57195932539682,
        31.147962962962968,
        46.559444444444445,
        30.39551724137931,
        33.588095238095235,
        40.10558080808081,
        38.11879629629631,
        30.434629629629626,
        35.39642857142857,
        54.385000000000005,
        33.308295019157086,
        31.99460823589678,
        46.99444444444444,
        49.03861111111111,
        39.74157407407407,
        33.37074977028831,
        40.67003113026821,
        28.887045206971678,
        53.94055555555556,
        47.233333333333334,
        41.878275462962954,
        52.356388888888894,
        39.658240740740744
    ]
}