{
    "Est_name": "RF",
    "Run": 29,
    "Seed": 2615,
    "Est_params": {
        "n_estimators": 96,
        "max_depth": 15
    },
    "R2": 0.907670349077536,
    "R": 0.9557341766140507,
    "MAPE": 0.05357557512072125,
    "RMSE": 2.853124072140356,
    "y_test": [
        57.0,
        35.5,
        34.0,
        48.0,
        40.39,
        20.5,
        22.73,
        25.81,
        27.4,
        32.91,
        43.55,
        40.1,
        47.0,
        51.0,
        48.0,
        36.0,
        48.0,
        22.13,
        44.05,
        46.0,
        30.0,
        41.52,
        28.0,
        33.76,
        44.75,
        32.0,
        49.7,
        39.12,
        49.0,
        54.25,
        39.5,
        20.8,
        46.87,
        41.78,
        35.75,
        36.0,
        42.5,
        29.5,
        53.0,
        57.96,
        37.75,
        46.5,
        38.78,
        31.7,
        35.0,
        39.0,
        27.12,
        39.21,
        44.95,
        53.25,
        35.25,
        33.5,
        50.0,
        42.0,
        43.64,
        21.5,
        39.42,
        46.0,
        40.52,
        53.5,
        41.0,
        42.86,
        43.0,
        54.0,
        56.5,
        34.62,
        57.21,
        43.29,
        43.5
    ],
    "y_pred": [
        59.526041666666664,
        34.15373570261438,
        34.74821378533138,
        47.571979166666665,
        42.364090073529425,
        22.533749999999998,
        29.000208333333365,
        30.092187500000005,
        31.872485119047607,
        34.362916666666656,
        43.23166869456114,
        41.17099117317871,
        46.454583333333325,
        46.011041666666664,
        48.408854166666664,
        37.26440104166665,
        48.78237132352942,
        22.55121527777777,
        43.45458492317869,
        44.48852707749767,
        31.47074801587301,
        44.7536281001984,
        26.74908854166665,
        32.993805147058815,
        44.2160971419818,
        33.29035660600132,
        49.23377199317227,
        43.4422668650794,
        47.229166666666664,
        49.39262615983893,
        38.606197916666694,
        20.467291666666657,
        43.77514459325397,
        42.20223417075159,
        34.37291666666667,
        36.65816666666667,
        42.25697916666666,
        31.10542674829435,
        48.04166666666665,
        52.89177083333333,
        40.915294190592896,
        47.85833333333332,
        37.39585763888893,
        36.70607638888891,
        33.895174314334646,
        46.38812500000001,
        31.275208333333335,
        43.954400669642844,
        44.202389597789875,
        52.941875,
        36.16937500000001,
        32.75817708333333,
        50.88147321428571,
        43.52246130952377,
        44.039482558648444,
        23.070104166666663,
        40.93564004629628,
        44.921875,
        39.75421875000002,
        56.08979166666668,
        40.12130187908496,
        42.580216641865086,
        47.15437500000001,
        48.60364583333333,
        56.380208333333336,
        34.157864583333314,
        47.229166666666664,
        42.86386809932302,
        41.29510416666666
    ]
}