{
    "Est_name": "RF",
    "Run": 49,
    "Seed": 1291,
    "Est_params": {
        "n_estimators": 99,
        "max_depth": 13
    },
    "R2": 0.8820021407611713,
    "R": 0.940975701047812,
    "MAPE": 0.07103539871242953,
    "RMSE": 3.7536948352912574,
    "y_test": [
        26.5,
        37.0,
        56.38,
        32.5,
        57.0,
        26.5,
        43.66,
        23.9,
        45.5,
        30.0,
        46.25,
        23.0,
        35.0,
        27.5,
        42.66,
        32.91,
        53.9,
        41.5,
        53.5,
        34.62,
        45.8,
        30.25,
        39.61,
        37.5,
        31.59,
        47.0,
        33.85,
        27.7,
        54.0,
        23.33,
        31.8,
        48.7,
        33.25,
        55.5,
        34.5,
        20.8,
        50.75,
        56.0,
        24.5,
        28.0,
        56.25,
        21.5,
        28.0,
        41.8,
        18.52,
        22.73,
        48.0,
        42.35,
        49.5,
        27.12,
        29.5,
        58.59,
        34.5,
        41.04,
        48.0,
        40.75,
        31.75,
        54.2,
        34.5,
        52.5,
        37.6,
        36.0,
        45.0,
        34.5,
        43.0,
        30.5,
        59.0,
        28.5,
        41.25
    ],
    "y_pred": [
        31.72481818181818,
        42.799176705936254,
        39.77181422777559,
        35.760875420875415,
        58.14646464646464,
        27.81471717171717,
        35.96171303948576,
        25.448905723905764,
        44.853426576691284,
        32.13013265228036,
        46.15827160493826,
        25.687051467051464,
        35.4745019895929,
        32.00933333333334,
        42.19533839860594,
        34.93529581529582,
        50.31323232323233,
        40.285391873278236,
        52.29424242424242,
        34.91443832262013,
        42.75845135668536,
        34.198382322289184,
        33.87607606366697,
        38.70457104377111,
        33.239272406605735,
        48.24282828282823,
        34.31023437841617,
        30.31274747474749,
        51.78989898989899,
        19.861616161616137,
        30.64620440410789,
        42.86173839372241,
        34.384811753902675,
        56.35262626262629,
        32.878839467697084,
        22.45616161616161,
        52.52574915824914,
        57.032828282828284,
        27.2303645983646,
        27.195106060606044,
        58.4630303030303,
        23.858552188552185,
        28.17690365560366,
        42.49688990887391,
        22.302929292929292,
        27.049107744107776,
        50.632525252525184,
        39.16069415803053,
        48.21551346801347,
        30.921717171717162,
        30.82653535353535,
        56.24010101010105,
        35.162822161003966,
        42.253449170269775,
        48.30303030303025,
        40.63581274651279,
        34.33781608269265,
        52.478131313131286,
        34.785714110805024,
        52.16219696969696,
        39.08804213085695,
        35.935749494949526,
        43.74662234810697,
        46.806111111111115,
        52.58417676767676,
        30.321352974186308,
        58.474747474747474,
        31.41675505050505,
        44.78090909090908
    ]
}