{
    "Est_name": "RF",
    "Run": 45,
    "Seed": 7527,
    "Est_params": {
        "n_estimators": 100,
        "max_depth": 16
    },
    "R2": 0.8398530676336561,
    "R": 0.9165806335149215,
    "MAPE": 0.055677087141701824,
    "RMSE": 3.518957149810662,
    "y_test": [
        30.5,
        29.6,
        48.0,
        39.8,
        40.87,
        34.5,
        34.5,
        57.21,
        32.9,
        48.7,
        42.0,
        40.75,
        41.23,
        51.5,
        48.0,
        26.5,
        41.4,
        35.75,
        39.12,
        35.0,
        29.02,
        42.03,
        46.0,
        34.5,
        41.25,
        57.96,
        49.5,
        49.7,
        35.0,
        50.5,
        29.5,
        32.25,
        42.75,
        46.0,
        40.5,
        56.5,
        60.25,
        44.5,
        43.65,
        57.27,
        33.5,
        48.0,
        42.29,
        30.5,
        43.29,
        33.5,
        43.55,
        49.0,
        56.38,
        28.5,
        22.73,
        42.25,
        40.0,
        34.62,
        44.05,
        22.04,
        39.21,
        35.3,
        30.0,
        34.5,
        47.3,
        43.0,
        56.0,
        39.3,
        52.5,
        32.43,
        43.5,
        42.56,
        33.5
    ],
    "y_pred": [
        32.846197976190474,
        30.24262000000002,
        49.724,
        44.2408,
        38.33160000000001,
        46.0885,
        34.42297999999999,
        47.59,
        32.1144,
        42.65730000000002,
        41.58082888888894,
        40.16023611111116,
        45.464004166666676,
        47.808700000000016,
        49.724,
        28.275699999999993,
        44.1998,
        34.66824166666667,
        43.30464285714284,
        37.206759722222245,
        31.0357904761905,
        40.02609999999998,
        47.77409999999999,
        32.79717777777777,
        44.22509999999999,
        53.295199999999994,
        48.440666666666665,
        51.57466666666667,
        34.99729999999998,
        47.552288888888945,
        30.927200000000003,
        30.17084583333334,
        40.93864333333333,
        47.5042,
        39.340743333333336,
        57.06,
        60.74,
        42.37924607843141,
        43.30464285714284,
        56.8987,
        31.919500000000006,
        48.87409999999999,
        38.72477416666666,
        29.303800000000003,
        44.73592559523809,
        32.26005,
        43.12878301282047,
        47.59,
        39.483900000000006,
        28.860320000000012,
        26.249133333333376,
        41.925438888888955,
        43.59687473443222,
        34.31997999999999,
        42.47324607843141,
        21.970100000000016,
        43.462777030812305,
        35.2835,
        31.330655753968244,
        35.093333333333334,
        44.48000000000005,
        46.5211,
        54.861599999999996,
        38.63691666666668,
        54.1693,
        34.891200000000005,
        39.653499999999994,
        40.17964726890753,
        34.38153333333333
    ]
}