{
    "Est_name": "RF",
    "Run": 35,
    "Seed": 5514,
    "Est_params": {
        "n_estimators": 66,
        "max_depth": 10
    },
    "R2": 0.8761966962168475,
    "R": 0.9404212421640513,
    "MAPE": 0.06095439817517874,
    "RMSE": 3.1687819841431066,
    "y_test": [
        46.0,
        42.2,
        53.9,
        40.5,
        32.43,
        43.29,
        20.8,
        48.7,
        51.0,
        48.0,
        54.2,
        32.5,
        30.0,
        32.25,
        37.0,
        38.0,
        43.0,
        29.0,
        31.8,
        32.5,
        57.0,
        31.25,
        36.0,
        22.9,
        34.62,
        35.0,
        49.5,
        27.4,
        62.5,
        37.5,
        48.0,
        44.75,
        57.0,
        36.5,
        42.29,
        32.33,
        33.0,
        32.9,
        47.0,
        36.5,
        45.25,
        25.81,
        43.0,
        37.6,
        33.85,
        56.5,
        41.0,
        29.5,
        42.0,
        34.8,
        37.25,
        31.7,
        47.0,
        39.0,
        35.25,
        39.73,
        43.0,
        57.27,
        30.5,
        28.5,
        44.0,
        42.25,
        55.5,
        40.39,
        39.5,
        43.65,
        35.5,
        26.5,
        45.5
    ],
    "y_pred": [
        43.66088229027288,
        52.01348484848484,
        56.237554112554136,
        40.4835257010433,
        35.133232149098625,
        42.951834981635365,
        19.946493506493496,
        42.8371513243267,
        46.91060944947309,
        47.9404886363636,
        53.6440909090909,
        34.64484187589495,
        32.533700030803516,
        31.963202841686932,
        42.13809239853376,
        38.53121555871547,
        44.70927187322587,
        33.67520448196584,
        31.132331101679966,
        32.09891036052761,
        54.718440656565654,
        28.921952541622236,
        37.49334125692685,
        23.500707070707087,
        34.13313985569294,
        34.50740014461673,
        47.69258064423876,
        31.581018151605054,
        57.52272727272727,
        39.170629087332856,
        51.74939393939394,
        43.39851314279882,
        58.37525252525252,
        40.363796740740945,
        39.93776363859945,
        29.89042936257642,
        35.526992481598235,
        32.485465238381146,
        50.41348484848485,
        34.21298834054142,
        44.485332491598975,
        30.822360425068737,
        51.97086448192331,
        41.53897398156234,
        34.1093729534775,
        55.571969696969695,
        39.3751110845319,
        32.871812706793776,
        40.64763921308342,
        41.08626216048868,
        41.880981115265186,
        41.07111064533717,
        47.9404886363636,
        38.541002973770574,
        33.926986526962644,
        40.37382612483352,
        47.388956667515494,
        55.0339393939394,
        27.58380233829021,
        29.431414643353264,
        43.463171494355315,
        41.06669029252543,
        54.36308080808081,
        42.56999646339267,
        40.12909390585048,
        43.764925158074895,
        36.15204304613038,
        26.91076092768062,
        44.90338804715452
    ]
}