{
    "Est_name": "RF",
    "Run": 5,
    "Seed": 3657,
    "Est_params": {
        "n_estimators": 37,
        "max_depth": 13
    },
    "R2": 0.831541997263326,
    "R": 0.9146452408647026,
    "MAPE": 0.07840967431583935,
    "RMSE": 4.203923903090843,
    "y_test": [
        46.5,
        34.62,
        32.5,
        59.0,
        49.0,
        58.0,
        57.27,
        33.0,
        58.25,
        35.5,
        44.75,
        36.5,
        42.5,
        39.73,
        38.78,
        45.5,
        42.2,
        33.04,
        46.0,
        32.0,
        31.53,
        42.5,
        48.0,
        43.0,
        39.12,
        37.5,
        30.0,
        31.67,
        29.6,
        15.11,
        37.6,
        44.95,
        56.0,
        49.9,
        41.0,
        30.5,
        33.76,
        43.0,
        41.0,
        38.0,
        16.58,
        33.5,
        45.5,
        37.5,
        26.25,
        30.0,
        44.5,
        22.67,
        32.9,
        34.5,
        39.0,
        54.04,
        42.03,
        52.07,
        53.5,
        52.5,
        27.4,
        50.75,
        23.33,
        40.39,
        40.5,
        38.0,
        56.5,
        37.5,
        35.75,
        23.9,
        62.5,
        43.5,
        25.81
    ],
    "y_pred": [
        47.154054054054065,
        33.51952702702704,
        33.40398042273042,
        57.53378378378378,
        45.92324324324325,
        57.53378378378378,
        56.08108108108107,
        35.31736187236187,
        58.57297297297297,
        33.77855036855037,
        44.55195077220077,
        33.51952702702704,
        40.85216216216216,
        38.78297297297297,
        37.14756756756756,
        46.333243243243246,
        43.67059377559379,
        32.07934877734877,
        50.49126705276704,
        34.07327564327564,
        29.76749678249679,
        39.87504504504504,
        50.49126705276704,
        50.49126705276704,
        37.966606996607,
        37.167567567567566,
        30.137096525096524,
        31.957297297297306,
        29.876685971685976,
        28.36324324324325,
        38.22514127764127,
        43.67523486573487,
        53.910810810810815,
        49.42463642213642,
        40.00796860496861,
        31.974144144144137,
        32.99007051282052,
        51.44986164736165,
        38.78622411372412,
        36.54096332046331,
        42.1516461916462,
        36.61243243243243,
        45.84923423423423,
        38.1072972972973,
        29.627569547569543,
        30.67627252252252,
        42.60310894173396,
        22.429189189189184,
        32.891306306306305,
        33.87449631449632,
        38.603945945945945,
        51.75594594594595,
        39.28423423423422,
        52.162702702702724,
        52.38972972972972,
        52.9054054054054,
        32.49705984555985,
        51.73754504504505,
        28.821621621621638,
        40.87864864864865,
        40.545027027027025,
        39.44617280917281,
        54.987567567567574,
        38.28391891891891,
        34.19527027027027,
        24.035945945945933,
        57.48459459459459,
        38.63315315315316,
        28.161013513513513
    ]
}