{
    "Est_name": "RF",
    "Run": 10,
    "Seed": 9674,
    "Est_params": {
        "n_estimators": 64,
        "max_depth": 11
    },
    "R2": 0.880916109264276,
    "R": 0.9396831579435796,
    "MAPE": 0.06714448519362015,
    "RMSE": 3.7171244314320706,
    "y_test": [
        50.2,
        34.0,
        38.0,
        56.0,
        43.5,
        57.96,
        20.8,
        42.3,
        34.62,
        28.5,
        39.0,
        42.2,
        30.0,
        45.25,
        41.23,
        33.41,
        32.83,
        45.02,
        22.73,
        15.11,
        57.8,
        31.53,
        56.0,
        32.25,
        26.5,
        44.0,
        38.78,
        33.0,
        48.0,
        45.5,
        41.0,
        58.59,
        38.82,
        40.03,
        29.5,
        26.5,
        41.52,
        42.03,
        52.5,
        39.12,
        50.8,
        53.5,
        49.9,
        47.0,
        48.0,
        58.0,
        36.5,
        53.5,
        57.0,
        52.0,
        45.0,
        33.5,
        37.5,
        18.52,
        56.25,
        40.0,
        59.0,
        48.0,
        34.5,
        31.75,
        56.5,
        37.5,
        53.25,
        45.22,
        28.5,
        31.25,
        23.0,
        46.0,
        46.25
    ],
    "y_pred": [
        44.18222656249999,
        34.67110183268914,
        39.78080493551587,
        57.1279296875,
        37.32414285714285,
        53.21968750000003,
        21.89348958333333,
        40.81530420100731,
        34.26284414181231,
        32.03804959363552,
        48.15337673611112,
        42.31308336195056,
        30.134221559967056,
        45.32497953869047,
        48.09063942307692,
        32.58015624999999,
        33.3614767797222,
        43.526193149043564,
        26.173125000000024,
        24.51994791666666,
        39.537751409774444,
        28.605803865131588,
        55.773749999999986,
        31.419466580069415,
        29.80546875,
        45.14482366071429,
        36.762428267045465,
        33.73960056390979,
        44.933372395833324,
        45.53744481646826,
        35.27089409722221,
        54.47052083333335,
        39.76179035241987,
        40.660454818895644,
        32.0990097087671,
        28.436484375000006,
        45.678403159340654,
        39.82097033756684,
        55.828125,
        39.78478158382479,
        48.20857886904762,
        53.20807291666665,
        47.23396763392858,
        44.11829427083333,
        47.03095610119048,
        58.001041666666666,
        39.6797050692135,
        56.096875000000004,
        58.001041666666666,
        49.20026599702381,
        43.177633865483486,
        34.340439103274456,
        38.082365767045474,
        22.02583333333333,
        57.577447916666664,
        41.02925468105998,
        56.7099609375,
        49.44088541666667,
        32.56092831249589,
        34.638173177291634,
        56.55078125,
        38.38962846569549,
        53.64703125000001,
        41.49585832104665,
        29.241538240131568,
        36.63272061011905,
        24.47747677669553,
        46.19516927083333,
        44.67886142113096
    ]
}