{
    "Est_name": "RF",
    "Run": 46,
    "Seed": 8785,
    "Est_params": {
        "n_estimators": 92,
        "max_depth": 10
    },
    "R2": 0.9290916138746667,
    "R": 0.9647388872723388,
    "MAPE": 0.04789226983816675,
    "RMSE": 2.6121119352351925,
    "y_test": [
        37.5,
        50.75,
        29.5,
        26.75,
        55.5,
        39.5,
        53.5,
        42.56,
        35.0,
        41.89,
        44.6,
        47.0,
        31.47,
        34.5,
        31.5,
        22.9,
        39.53,
        50.5,
        31.59,
        52.07,
        26.5,
        57.0,
        42.56,
        34.5,
        53.0,
        34.5,
        56.25,
        30.5,
        40.5,
        40.12,
        48.0,
        46.8,
        40.5,
        45.25,
        31.67,
        28.0,
        51.0,
        31.53,
        21.75,
        57.1,
        39.3,
        37.5,
        29.5,
        29.0,
        33.5,
        41.25,
        50.0,
        46.5,
        56.5,
        42.0,
        42.5,
        41.0,
        41.23,
        20.8,
        44.0,
        43.0,
        30.5,
        36.0,
        43.0,
        56.0,
        53.5,
        59.0,
        46.0,
        43.66,
        53.5,
        55.84,
        30.0,
        42.2,
        28.0
    ],
    "y_pred": [
        36.83403143614121,
        50.909180684187476,
        30.696172180054244,
        30.72414910006689,
        52.39122023809523,
        38.070339062906335,
        52.797047101449245,
        44.14174421889999,
        34.88892083193314,
        40.86639625951676,
        43.363821476770056,
        47.825049846089094,
        29.98714074386539,
        34.00307073845624,
        32.848737200570625,
        24.27673913043481,
        43.14692853038136,
        47.86526778127785,
        33.174893340584866,
        52.8715284280936,
        31.34872463319895,
        58.21702898550725,
        41.80662477464519,
        39.45135270523559,
        48.735784499054816,
        33.14931225306535,
        58.64855072463769,
        32.330798528801616,
        39.82389459943967,
        40.6728725463548,
        49.53600400692512,
        40.723996596091176,
        40.427984081106096,
        44.96609237079689,
        32.53729982255978,
        32.012224633198954,
        52.48411137623152,
        28.73552194777471,
        21.72673913043477,
        56.06277173913045,
        38.46834162806283,
        37.2335640993209,
        32.60621536167876,
        32.57101173408654,
        34.07174517003465,
        45.935896739130435,
        51.339990449603235,
        45.58358695652173,
        56.65851449275363,
        39.390202840604175,
        41.69427360924302,
        39.87081048395227,
        45.648073813590095,
        20.10999999999999,
        44.193056851951454,
        44.76512411525305,
        29.714958711526755,
        36.5254580224106,
        52.907449885548296,
        55.590253623188396,
        52.87101449275362,
        59.21916666666666,
        43.90901695321671,
        36.08024028405169,
        56.081500000000005,
        55.602635869565276,
        33.21005644683062,
        42.02337422260562,
        27.93598840911502
    ]
}