{
    "Est_name": "RF",
    "Run": 42,
    "Seed": 9891,
    "Est_params": {
        "n_estimators": 21,
        "max_depth": 12
    },
    "R2": 0.9067800594324996,
    "R": 0.9534102614715957,
    "MAPE": 0.05427841704784339,
    "RMSE": 2.837375188398235,
    "y_test": [
        45.5,
        48.7,
        38.61,
        38.0,
        42.0,
        39.5,
        54.04,
        46.7,
        32.5,
        56.25,
        23.0,
        47.0,
        30.0,
        58.5,
        39.0,
        33.0,
        25.81,
        40.75,
        39.78,
        42.03,
        23.33,
        43.47,
        41.23,
        51.5,
        37.5,
        40.1,
        22.67,
        50.0,
        33.04,
        41.89,
        35.0,
        53.5,
        44.6,
        32.25,
        20.8,
        40.75,
        30.0,
        46.8,
        41.16,
        42.3,
        57.5,
        32.25,
        59.0,
        37.25,
        30.0,
        45.22,
        42.0,
        35.0,
        56.0,
        45.02,
        54.25,
        57.5,
        23.9,
        32.43,
        33.6,
        39.17,
        33.95,
        37.5,
        41.5,
        32.83,
        50.8,
        50.86,
        43.4,
        42.75,
        49.9,
        42.0,
        35.3,
        48.0,
        35.5
    ],
    "y_pred": [
        44.18767195767196,
        42.05381141345427,
        38.88912698412698,
        39.589318972033254,
        41.59220255526452,
        34.22698412698413,
        52.35047619047621,
        46.200476190476195,
        36.01692717086835,
        58.785714285714285,
        24.963333333333335,
        48.16190476190476,
        28.698974867724868,
        54.392857142857146,
        49.53190476190476,
        30.450421084549692,
        29.204909090909094,
        41.98679211330997,
        37.674515873015864,
        39.76820861678004,
        25.52857142857143,
        42.47910978835978,
        43.871655339913744,
        48.60322128851541,
        33.96507936507936,
        39.56252630966917,
        23.014761904761905,
        51.858730158730154,
        30.461333782962388,
        41.44174603174602,
        35.129126984126984,
        55.758095238095244,
        43.71273998488283,
        30.853071428571422,
        20.41142857142857,
        39.27521164021164,
        30.395396825396823,
        42.09865079365078,
        40.165377027734166,
        40.58593900808186,
        58.30952380952381,
        32.658382535796854,
        59.31238095238095,
        42.6295238095238,
        32.935739795918366,
        40.57122736787022,
        48.18976190476191,
        33.759708994708994,
        54.32142857142857,
        43.71239436885866,
        53.75047619047619,
        57.273809523809526,
        24.75428571428571,
        36.750352340936374,
        33.49273809523809,
        38.642855038480036,
        32.19234223078596,
        33.2984126984127,
        38.391723356009074,
        32.46629647915198,
        46.79726890756302,
        53.52142857142857,
        42.19010567474854,
        40.84488458631316,
        45.74964985994398,
        40.145721956614814,
        32.85285714285714,
        49.2420634920635,
        36.59193650793651
    ]
}