{
    "Est_name": "RF",
    "Run": 4,
    "Seed": 4012,
    "Est_params": {
        "n_estimators": 30,
        "max_depth": 17
    },
    "R2": 0.8092017561633531,
    "R": 0.9005390405325989,
    "MAPE": 0.07362239068478074,
    "RMSE": 3.9266783516682655,
    "y_test": [
        35.3,
        49.9,
        31.25,
        27.5,
        37.75,
        27.12,
        33.85,
        25.81,
        53.25,
        43.55,
        32.25,
        41.0,
        33.0,
        33.04,
        32.0,
        42.25,
        38.78,
        27.5,
        40.5,
        44.5,
        59.5,
        35.0,
        36.0,
        46.0,
        13.33,
        39.45,
        60.25,
        52.5,
        47.0,
        34.5,
        50.75,
        31.47,
        32.5,
        42.56,
        32.25,
        31.53,
        56.38,
        41.16,
        41.89,
        39.12,
        36.5,
        43.65,
        41.25,
        23.0,
        43.76,
        58.0,
        42.3,
        27.49,
        42.0,
        34.5,
        42.37,
        45.0,
        43.5,
        42.2,
        46.87,
        44.6,
        33.0,
        44.5,
        42.2,
        51.0,
        31.8,
        22.9,
        43.5,
        32.5,
        40.0,
        42.86,
        51.5,
        45.02,
        41.78
    ],
    "y_pred": [
        35.07366666666667,
        48.50966666666666,
        29.633333333333333,
        38.41133333333334,
        43.723222222222226,
        32.38733333333333,
        34.17766666666668,
        29.813666666666666,
        55.201333333333324,
        43.29844444444445,
        29.8,
        41.21011111111111,
        30.601,
        30.101,
        33.18611111111111,
        40.863416666666666,
        37.658333333333324,
        33.29333333333334,
        39.61866666666666,
        42.52066666666666,
        58.166666666666664,
        34.034666666666666,
        34.483666666666664,
        48.18066666666667,
        24.74233333333334,
        36.98433333333333,
        60.467999999999996,
        52.64,
        49.13333333333335,
        40.041333333333334,
        52.473333333333336,
        29.798666666666655,
        32.519444444444446,
        41.25066666666667,
        31.760999999999992,
        30.869666666666674,
        38.25199999999999,
        42.11066666666668,
        44.409666666666666,
        42.84233333333334,
        39.93688888888888,
        42.84233333333334,
        45.165,
        24.1,
        40.78308333333333,
        58.016666666666666,
        41.001,
        29.374333333333336,
        40.91200000000001,
        34.55833333333333,
        42.66300000000001,
        46.67333333333333,
        47.14666666666666,
        49.464333333333336,
        45.236666666666665,
        45.196666666666644,
        32.68266666666666,
        43.84244444444445,
        41.84622222222222,
        44.29216666666666,
        29.906666666666656,
        23.71233333333333,
        41.489333333333335,
        35.751333333333335,
        44.7028888888889,
        42.48733333333333,
        44.39833333333332,
        44.20361111111111,
        42.088
    ]
}