{
    "Est_name": "RF",
    "Run": 30,
    "Seed": 6924,
    "Est_params": {
        "n_estimators": 13,
        "max_depth": 12
    },
    "R2": 0.8677735913160469,
    "R": 0.9349081060997231,
    "MAPE": 0.08347371785266841,
    "RMSE": 4.057144792597702,
    "y_test": [
        46.0,
        18.52,
        46.8,
        42.0,
        27.4,
        46.0,
        41.4,
        40.5,
        57.27,
        39.3,
        42.03,
        38.0,
        51.0,
        34.5,
        22.9,
        22.73,
        53.5,
        52.0,
        42.3,
        31.53,
        13.33,
        33.0,
        45.5,
        35.0,
        39.5,
        49.7,
        28.0,
        22.04,
        55.5,
        39.42,
        57.8,
        45.0,
        31.67,
        40.0,
        37.0,
        43.5,
        42.0,
        34.5,
        57.0,
        39.45,
        42.25,
        47.3,
        23.33,
        32.0,
        49.5,
        44.05,
        25.68,
        62.5,
        41.04,
        33.5,
        39.73,
        56.0,
        33.41,
        59.0,
        27.12,
        35.25,
        26.5,
        43.07,
        25.81,
        60.25,
        32.5,
        56.5,
        49.0,
        48.0,
        22.13,
        37.5,
        41.75,
        38.82,
        57.5
    ],
    "y_pred": [
        48.184615384615384,
        22.92076923076923,
        35.68871794871795,
        42.974576923076924,
        31.022211538461534,
        47.73147435897436,
        43.980863697705814,
        39.1339010989011,
        54.93076923076923,
        38.957936220642104,
        37.80978021978022,
        37.13894230769231,
        51.685935897435904,
        34.41327447552448,
        23.011538461538464,
        28.833076923076927,
        53.12774725274725,
        49.20965384615385,
        41.116044007591995,
        28.68335164835165,
        30.45461538461539,
        31.693478937728944,
        45.38370512820513,
        32.990641025641025,
        37.3839010989011,
        52.28159340659341,
        28.720384615384617,
        21.81846153846154,
        52.58928571428571,
        40.74919386169386,
        43.63723076923077,
        43.19703459091515,
        31.159102564102565,
        43.38047415135471,
        43.78575192913248,
        45.161451112989575,
        43.682675006055554,
        33.585179905564516,
        58.15384615384615,
        37.07346153846154,
        41.221501554001556,
        41.90932523616735,
        30.213076923076926,
        33.446415112665115,
        49.21153846153846,
        42.5930703146183,
        30.590673076923075,
        57.26923076923077,
        42.16038344988345,
        37.0910989010989,
        38.17901098901099,
        56.75,
        32.48230769230769,
        57.07692307692308,
        33.684230769230766,
        33.974707877592486,
        27.520833333333332,
        42.77031751581752,
        28.817692307692308,
        57.34615384615385,
        36.103409090909096,
        56.76923076923077,
        45.84274725274725,
        49.20965384615385,
        21.81846153846154,
        38.17494505494505,
        48.35307692307693,
        39.46108706979295,
        57.55769230769231
    ]
}