{
    "Est_name": "RF",
    "Run": 50,
    "Seed": 9044,
    "Est_params": {
        "n_estimators": 27,
        "max_depth": 11
    },
    "R2": 0.8865538216785387,
    "R": 0.9423823814053273,
    "MAPE": 0.05843490329231956,
    "RMSE": 3.1235698836663475,
    "y_test": [
        24.5,
        40.0,
        59.0,
        33.0,
        54.04,
        41.16,
        42.3,
        34.5,
        43.29,
        42.2,
        62.5,
        44.5,
        27.5,
        33.04,
        40.03,
        40.0,
        40.1,
        48.0,
        33.85,
        49.5,
        45.22,
        33.41,
        34.0,
        46.25,
        39.17,
        48.7,
        41.5,
        31.47,
        41.0,
        45.8,
        30.5,
        50.5,
        35.0,
        36.0,
        58.0,
        32.0,
        42.75,
        31.8,
        34.75,
        57.0,
        35.25,
        44.75,
        47.0,
        22.9,
        31.75,
        41.89,
        30.0,
        49.7,
        46.0,
        45.02,
        39.73,
        38.0,
        22.67,
        39.12,
        27.4,
        42.0,
        20.8,
        43.5,
        51.0,
        47.3,
        53.5,
        38.0,
        41.25,
        51.0,
        45.5,
        18.52,
        33.25,
        39.53,
        26.75
    ],
    "y_pred": [
        24.866790123456788,
        42.96295720679903,
        56.23456790123456,
        33.27457987382987,
        53.201111111111125,
        41.298446044843615,
        40.595719558763676,
        39.709354212624326,
        43.799961532961525,
        50.213703703703715,
        58.0037037037037,
        43.56152714303563,
        42.2077447089947,
        30.572394957983192,
        42.415865447758115,
        38.71512064306904,
        39.738841251885376,
        49.44060846560847,
        33.96184357498686,
        49.34814814814815,
        41.14918678558436,
        32.20424691358025,
        35.113281410224914,
        46.91481481481482,
        38.60418077601411,
        42.544210233696354,
        40.09231717558729,
        29.01615520282186,
        40.81611669606115,
        42.21828430777042,
        31.407802365390598,
        47.58868173801506,
        32.64125749559083,
        32.896076673164394,
        57.04938271604938,
        33.82173107572524,
        39.46105045399886,
        29.01615520282186,
        34.46733444052795,
        54.08395510662177,
        34.68093011954029,
        43.16844425636453,
        47.64741038657706,
        22.898148148148145,
        35.7119184387737,
        44.5037396650815,
        29.420481120731118,
        51.12312467229134,
        43.8654319106855,
        43.573814626734894,
        40.130150245483584,
        38.2359399561344,
        22.629999999999995,
        38.93491963773813,
        29.258970017636674,
        40.86146610657201,
        23.33311111111111,
        44.72518518518518,
        52.798268959435624,
        45.24278498045164,
        52.687777777777775,
        39.05957912457911,
        42.919629629629625,
        48.000877425044095,
        44.90552526244193,
        24.42811111111111,
        33.71278835978836,
        44.451560301898546,
        33.469837029442296
    ]
}