{
    "Est_name": "RF",
    "Run": 36,
    "Seed": 1674,
    "Est_params": {
        "n_estimators": 74,
        "max_depth": 11
    },
    "R2": 0.82205376034294,
    "R": 0.9113428933325846,
    "MAPE": 0.07080391921598929,
    "RMSE": 3.8815065532189776,
    "y_test": [
        48.0,
        58.5,
        51.5,
        50.2,
        26.75,
        31.75,
        50.75,
        40.12,
        33.41,
        42.25,
        26.5,
        42.0,
        48.0,
        29.02,
        41.89,
        48.0,
        43.29,
        39.45,
        42.56,
        32.33,
        48.7,
        37.6,
        41.25,
        45.0,
        33.0,
        39.12,
        22.13,
        31.67,
        36.0,
        57.5,
        59.0,
        35.75,
        46.5,
        49.0,
        40.5,
        45.5,
        44.0,
        43.4,
        43.55,
        37.75,
        43.5,
        42.5,
        22.9,
        30.25,
        30.0,
        52.5,
        53.25,
        47.0,
        47.0,
        39.5,
        15.11,
        39.21,
        32.0,
        43.29,
        33.25,
        44.75,
        43.64,
        41.0,
        44.95,
        41.75,
        56.38,
        41.5,
        49.9,
        39.53,
        20.8,
        55.84,
        27.5,
        40.0,
        41.95
    ],
    "y_pred": [
        46.36351351351351,
        56.300135135135136,
        47.534611486486504,
        47.110218295218296,
        34.7211812039312,
        36.35222742925068,
        51.648564420554976,
        40.742388842996135,
        32.31341554054052,
        41.46770946164437,
        32.88074324324324,
        39.936197827210094,
        49.35810810810809,
        30.91993462280962,
        39.99597372372371,
        50.190076300081536,
        43.177301011240594,
        37.14988563874433,
        44.43064577716732,
        30.547034183715073,
        44.27415780950693,
        39.07565636612256,
        42.184729729729725,
        43.52051884003953,
        34.53561942764267,
        42.71156206349958,
        22.10324324324323,
        30.895486486486483,
        38.09609924228413,
        57.53716216216216,
        57.31187258687258,
        34.92485184709219,
        48.51932432432431,
        53.97833333333335,
        40.085185810810806,
        44.2828203456201,
        47.33531531531533,
        42.37416772981816,
        42.98383370093453,
        41.095594097325105,
        46.47216216216216,
        42.33928859689729,
        23.776891891891907,
        36.162782555805805,
        31.35753759921849,
        53.40081081081081,
        54.90662162162164,
        46.23458343719213,
        50.540810810810804,
        37.98253539253539,
        24.698575450450434,
        44.36708005726846,
        33.2860160071081,
        42.464331468517614,
        34.44053380515881,
        44.02582608617694,
        43.843658044758904,
        40.24928879945214,
        42.99706978068606,
        46.06608108108108,
        40.794421446693,
        44.27415780950693,
        49.07377155172414,
        42.81378083704454,
        20.020810810810797,
        55.79540540540541,
        43.968365427325736,
        39.48155989382216,
        41.93710728760609
    ]
}