{
    "media_distancia": 630.2526823868518,
    "desvio_padrao_distancia": 59.12121474369574,
    "minimo_distancia": 523.9154772041943,
    "maximo_distancia": 756.7126232956568,
    "media_tempo": 131.15440566539763,
    "desvio_padrao_tempo": 1.726407500649497,
    "resultados_execucoes": [
        {
            "execucao": 1,
            "distancia": 593.2830538918752,
            "rota": [
                1,
                28,
                27,
                20,
                23,
                30,
                21,
                18,
                16,
                17,
                4,
                32,
                3,
                2,
                7,
                29,
                12,
                14,
                11,
                10,
                6,
                5,
                26,
                9,
                8,
                25,
                22,
                24,
                19,
                31,
                15,
                13,
                1
            ],
            "tempo_execucao": 132.7255175113678
        },
        {
            "execucao": 2,
            "distancia": 634.5179255460387,
            "rota": [
                1,
                7,
                29,
                14,
                8,
                19,
                28,
                13,
                12,
                11,
                10,
                9,
                26,
                6,
                5,
                25,
                22,
                24,
                27,
                20,
                21,
                30,
                23,
                18,
                31,
                15,
                16,
                17,
                4,
                32,
                3,
                2,
                1
            ],
            "tempo_execucao": 132.88157105445862
        },
        {
            "execucao": 3,
            "distancia": 611.7712256934385,
            "rota": [
                1,
                19,
                27,
                20,
                13,
                12,
                14,
                11,
                10,
                9,
                26,
                6,
                5,
                25,
                24,
                22,
                8,
                29,
                7,
                2,
                3,
                32,
                4,
                17,
                16,
                15,
                31,
                18,
                23,
                30,
                21,
                28,
                1
            ],
            "tempo_execucao": 132.96312832832336
        },
        {
            "execucao": 4,
            "distancia": 659.7428859663262,
            "rota": [
                1,
                28,
                31,
                15,
                32,
                3,
                29,
                14,
                11,
                10,
                6,
                5,
                26,
                9,
                8,
                25,
                22,
                24,
                20,
                23,
                30,
                21,
                27,
                19,
                18,
                16,
                17,
                4,
                2,
                7,
                12,
                13,
                1
            ],
            "tempo_execucao": 132.25288343429565
        },
        {
            "execucao": 5,
            "distancia": 696.0706347038039,
            "rota": [
                1,
                28,
                27,
                20,
                23,
                30,
                21,
                7,
                2,
                32,
                4,
                3,
                13,
                25,
                22,
                24,
                19,
                31,
                15,
                18,
                16,
                17,
                29,
                12,
                14,
                11,
                10,
                6,
                5,
                26,
                9,
                8,
                1
            ],
            "tempo_execucao": 132.93586421012878
        },
        {
            "execucao": 6,
            "distancia": 526.8964712540776,
            "rota": [
                1,
                28,
                13,
                12,
                29,
                14,
                11,
                10,
                6,
                5,
                26,
                9,
                8,
                25,
                22,
                24,
                19,
                27,
                20,
                21,
                30,
                23,
                18,
                31,
                15,
                16,
                17,
                4,
                32,
                3,
                2,
                7,
                1
            ],
            "tempo_execucao": 133.5522265434265
        },
        {
            "execucao": 7,
            "distancia": 659.4472120334322,
            "rota": [
                1,
                13,
                9,
                26,
                5,
                6,
                10,
                14,
                11,
                28,
                19,
                21,
                30,
                23,
                20,
                27,
                24,
                22,
                25,
                8,
                12,
                29,
                7,
                2,
                31,
                18,
                15,
                16,
                17,
                4,
                32,
                3,
                1
            ],
            "tempo_execucao": 134.35962295532227
        },
        {
            "execucao": 8,
            "distancia": 641.6880724121739,
            "rota": [
                1,
                28,
                13,
                25,
                22,
                24,
                27,
                20,
                31,
                15,
                17,
                4,
                3,
                29,
                14,
                11,
                10,
                6,
                5,
                26,
                9,
                8,
                12,
                7,
                2,
                32,
                16,
                18,
                23,
                30,
                21,
                19,
                1
            ],
            "tempo_execucao": 133.5153510570526
        },
        {
            "execucao": 9,
            "distancia": 628.7891682601716,
            "rota": [
                1,
                13,
                12,
                29,
                14,
                11,
                10,
                6,
                5,
                9,
                26,
                8,
                28,
                19,
                30,
                23,
                18,
                16,
                17,
                3,
                7,
                2,
                32,
                4,
                15,
                31,
                21,
                20,
                27,
                24,
                22,
                25,
                1
            ],
            "tempo_execucao": 129.7212929725647
        },
        {
            "execucao": 10,
            "distancia": 525.8490263012501,