{
    "Est_name": "XGB",
    "Run": 25,
    "Seed": 7359,
    "Est_params": {
        "learning_rate": 0.662,
        "n_estimators": 65,
        "max_depth": 4,
        "reg_lambda": 3.923
    },
    "R2": 0.8245524474010938,
    "R": 0.9093118501676148,
    "MAPE": 0.07632306626875113,
    "RMSE": 4.432948820005843,
    "y_test": [
        29.41,
        26.5,
        58.25,
        43.5,
        20.5,
        22.5,
        32.83,
        46.87,
        37.5,
        45.0,
        21.5,
        43.29,
        57.96,
        40.5,
        42.5,
        50.75,
        35.25,
        54.0,
        29.6,
        59.5,
        18.52,
        43.07,
        40.52,
        39.42,
        57.8,
        48.0,
        27.5,
        31.59,
        34.8,
        56.5,
        43.0,
        40.75,
        32.57,
        45.23,
        35.75,
        48.7,
        23.0,
        52.0,
        49.5,
        40.5,
        32.0,
        42.25,
        29.5,
        34.5,
        42.86,
        35.3,
        50.86,
        54.25,
        34.5,
        48.0,
        34.0,
        31.53,
        36.0,
        41.16,
        53.5,
        49.0,
        39.5,
        57.5,
        35.25,
        41.78,
        55.5,
        16.58,
        35.0,
        33.0,
        55.5,
        27.4,
        33.5,
        40.0,
        39.3
    ],
    "y_pred": [
        29.943117141723633,
        27.69908332824707,
        58.88844680786133,
        42.292991638183594,
        20.943931579589844,
        26.143959045410156,
        33.97101593017578,
        45.18956756591797,
        37.1728515625,
        42.622894287109375,
        23.634559631347656,
        44.288150787353516,
        54.2235221862793,
        39.74778747558594,
        45.13468933105469,
        51.147216796875,
        30.91503143310547,
        60.29343795776367,
        28.13642120361328,
        58.907379150390625,
        18.095808029174805,
        42.591121673583984,
        39.404624938964844,
        40.0752067565918,
        40.2871208190918,
        44.18087387084961,
        35.260623931884766,
        32.85922622680664,
        32.511417388916016,
        58.68122863769531,
        44.74643325805664,
        47.41602325439453,
        33.2386360168457,
        42.95322799682617,
        34.484317779541016,
        44.08615493774414,
        26.143959045410156,
        50.40668869018555,
        48.798091888427734,
        41.31595993041992,
        34.718772888183594,
        43.26072311401367,
        29.701828002929688,
        34.13798141479492,
        41.62283706665039,
        34.54557800292969,
        50.15615463256836,
        58.621246337890625,
        39.023643493652344,
        47.14329147338867,
        33.31085968017578,
        29.594045639038086,
        37.97682189941406,
        41.099769592285156,
        51.65745544433594,
        52.6594352722168,
        36.3587646484375,
        60.055824279785156,
        35.671199798583984,
        42.19911575317383,
        56.779502868652344,
        41.4735221862793,
        38.00341033935547,
        32.041351318359375,
        52.98591995239258,
        31.14494514465332,
        31.138660430908203,
        42.29859924316406,
        38.602691650390625
    ]
}