{
    "Est_name": "XGB",
    "Run": 46,
    "Seed": 8785,
    "Est_params": {
        "learning_rate": 0.582,
        "n_estimators": 17,
        "max_depth": 7,
        "reg_lambda": 0.329
    },
    "R2": 0.9052012440086835,
    "R": 0.9521146918938681,
    "MAPE": 0.056915746210229386,
    "RMSE": 3.0202598003483074,
    "y_test": [
        37.5,
        50.75,
        29.5,
        26.75,
        55.5,
        39.5,
        53.5,
        42.56,
        35.0,
        41.89,
        44.6,
        47.0,
        31.47,
        34.5,
        31.5,
        22.9,
        39.53,
        50.5,
        31.59,
        52.07,
        26.5,
        57.0,
        42.56,
        34.5,
        53.0,
        34.5,
        56.25,
        30.5,
        40.5,
        40.12,
        48.0,
        46.8,
        40.5,
        45.25,
        31.67,
        28.0,
        51.0,
        31.53,
        21.75,
        57.1,
        39.3,
        37.5,
        29.5,
        29.0,
        33.5,
        41.25,
        50.0,
        46.5,
        56.5,
        42.0,
        42.5,
        41.0,
        41.23,
        20.8,
        44.0,
        43.0,
        30.5,
        36.0,
        43.0,
        56.0,
        53.5,
        59.0,
        46.0,
        43.66,
        53.5,
        55.84,
        30.0,
        42.2,
        28.0
    ],
    "y_pred": [
        39.194217681884766,
        52.636863708496094,
        31.401399612426758,
        28.679046630859375,
        52.21977233886719,
        37.76888656616211,
        47.16941452026367,
        43.843204498291016,
        35.98110580444336,
        41.56704330444336,
        44.17223358154297,
        48.30992126464844,
        29.824508666992188,
        35.487640380859375,
        31.54435157775879,
        26.563440322875977,
        42.993045806884766,
        50.03813552856445,
        32.1076545715332,
        53.2077522277832,
        30.421749114990234,
        55.893680572509766,
        42.28806686401367,
        39.03261947631836,
        46.96802520751953,
        31.718931198120117,
        60.087154388427734,
        30.6630916595459,
        39.69721984863281,
        43.03538131713867,
        51.6497802734375,
        44.34962463378906,
        41.302974700927734,
        43.470703125,
        32.30974197387695,
        30.632862091064453,
        48.33266067504883,
        32.0600700378418,
        20.970382690429688,
        53.39497375488281,
        39.07026672363281,
        36.33387756347656,
        32.39905548095703,
        33.68913269042969,
        32.72048568725586,
        42.92841339111328,
        51.12571334838867,
        46.66560745239258,
        57.50209045410156,
        40.53438186645508,
        41.908573150634766,
        40.22307586669922,
        45.81290054321289,
        19.72549057006836,
        52.45326614379883,
        43.54608154296875,
        28.18973731994629,
        33.609375,
        46.46049880981445,
        56.85435104370117,
        46.926326751708984,
        56.952754974365234,
        46.3609733581543,
        37.98353576660156,
        54.11309051513672,
        55.605865478515625,
        32.377525329589844,
        42.118690490722656,
        16.831405639648438
    ]
}