{
    "Est_name": "XGB",
    "Run": 40,
    "Seed": 5881,
    "Est_params": {
        "learning_rate": 0.122,
        "n_estimators": 84,
        "max_depth": 6,
        "reg_lambda": 0.061
    },
    "R2": 0.9026815906421677,
    "R": 0.9517629153882591,
    "MAPE": 0.04816800143116324,
    "RMSE": 2.8119737027446225,
    "y_test": [
        35.25,
        57.8,
        48.0,
        58.0,
        39.0,
        39.78,
        42.56,
        36.0,
        53.0,
        43.0,
        31.7,
        56.5,
        45.0,
        43.07,
        31.47,
        40.75,
        40.5,
        50.0,
        25.68,
        53.5,
        32.83,
        51.0,
        31.67,
        59.0,
        42.56,
        38.0,
        41.89,
        50.2,
        33.6,
        30.0,
        41.5,
        36.0,
        27.4,
        35.25,
        49.5,
        53.5,
        32.5,
        46.0,
        53.25,
        43.55,
        44.6,
        25.81,
        56.0,
        34.25,
        29.0,
        33.5,
        48.0,
        40.52,
        33.46,
        44.95,
        42.0,
        22.04,
        38.82,
        32.25,
        46.0,
        42.2,
        34.75,
        22.9,
        42.0,
        62.5,
        43.5,
        42.66,
        43.5,
        39.73,
        41.16,
        37.5,
        35.0,
        33.5,
        35.5
    ],
    "y_pred": [
        32.933650970458984,
        44.19194412231445,
        45.8243408203125,
        56.87596130371094,
        43.8438835144043,
        37.064205169677734,
        44.369651794433594,
        33.87614440917969,
        43.90336990356445,
        46.951541900634766,
        35.1299934387207,
        57.42741775512695,
        45.10308837890625,
        42.50046920776367,
        31.81987190246582,
        41.301361083984375,
        39.3931999206543,
        50.60693359375,
        29.247817993164062,
        53.171600341796875,
        32.65861511230469,
        49.42689514160156,
        30.75510597229004,
        57.75014877319336,
        42.4122428894043,
        39.057857513427734,
        44.90105438232422,
        46.856624603271484,
        33.92179870605469,
        32.55697250366211,
        39.46198272705078,
        32.92424392700195,
        30.61717987060547,
        34.44503402709961,
        48.9508171081543,
        54.73915481567383,
        30.588851928710938,
        45.950294494628906,
        56.35490798950195,
        42.799278259277344,
        43.26936721801758,
        28.354867935180664,
        54.1455078125,
        31.857288360595703,
        32.34404754638672,
        31.15709686279297,
        43.04735565185547,
        40.0380973815918,
        35.00711441040039,
        43.47160339355469,
        40.13716506958008,
        21.489356994628906,
        39.07138442993164,
        32.58591842651367,
        45.60792541503906,
        42.777259826660156,
        32.7586784362793,
        25.989816665649414,
        41.85554122924805,
        59.873313903808594,
        41.64961242675781,
        42.40100860595703,
        45.05180740356445,
        40.222415924072266,
        42.25762939453125,
        37.53085708618164,
        33.33279800415039,
        30.055856704711914,
        36.35478591918945
    ]
}