{
    "Est_name": "XGB",
    "Run": 17,
    "Seed": 8279,
    "Est_params": {
        "learning_rate": 0.404,
        "n_estimators": 64,
        "max_depth": 7,
        "reg_lambda": 3.681
    },
    "R2": 0.8972030725570217,
    "R": 0.9501785648028351,
    "MAPE": 0.04857129070379284,
    "RMSE": 3.356646244880167,
    "y_test": [
        52.5,
        51.0,
        45.8,
        41.5,
        56.5,
        30.0,
        34.5,
        39.5,
        26.5,
        33.5,
        26.5,
        54.0,
        27.12,
        35.75,
        15.11,
        32.57,
        23.0,
        33.85,
        34.25,
        39.0,
        33.5,
        40.52,
        57.27,
        48.0,
        43.76,
        44.05,
        37.5,
        62.5,
        38.82,
        55.5,
        58.5,
        49.7,
        49.0,
        32.0,
        48.0,
        30.0,
        39.5,
        52.07,
        48.0,
        41.89,
        33.46,
        32.25,
        46.0,
        35.0,
        39.17,
        53.0,
        43.47,
        33.5,
        57.8,
        42.0,
        57.5,
        40.0,
        53.25,
        22.04,
        56.0,
        42.35,
        20.5,
        46.0,
        45.5,
        36.5,
        31.59,
        29.02,
        48.5,
        38.61,
        33.4,
        33.0,
        45.23,
        42.56,
        23.33
    ],
    "y_pred": [
        53.21708679199219,
        39.787803649902344,
        45.52256774902344,
        39.91362762451172,
        58.362823486328125,
        28.324060440063477,
        34.603416442871094,
        41.15150451660156,
        26.514171600341797,
        36.04624557495117,
        25.085081100463867,
        53.65962600708008,
        28.481342315673828,
        34.93649673461914,
        13.202688217163086,
        33.60683822631836,
        24.244495391845703,
        34.2710075378418,
        31.128252029418945,
        36.53131866455078,
        34.244117736816406,
        40.38389205932617,
        55.739776611328125,
        48.047794342041016,
        41.40715789794922,
        42.290157318115234,
        38.2444953918457,
        59.99435806274414,
        40.31801986694336,
        53.51706314086914,
        56.13274383544922,
        49.17191696166992,
        40.522552490234375,
        34.75747299194336,
        47.85997772216797,
        31.037630081176758,
        39.64181900024414,
        51.97673416137695,
        48.766197204589844,
        45.45165252685547,
        30.958072662353516,
        32.122737884521484,
        45.71721267700195,
        35.66085433959961,
        40.64150619506836,
        49.51845169067383,
        42.837074279785156,
        33.03627014160156,
        40.25004577636719,
        40.370216369628906,
        58.814754486083984,
        42.33156204223633,
        54.534854888916016,
        21.769433975219727,
        55.14651870727539,
        40.313011169433594,
        21.49146842956543,
        47.266700744628906,
        47.395389556884766,
        39.6240348815918,
        33.25516128540039,
        30.899131774902344,
        47.85548782348633,
        38.33943176269531,
        33.94431686401367,
        32.00692367553711,
        44.440391540527344,
        42.51836013793945,
        12.7882719039917
    ]
}