{
    "Est_name": "XGB",
    "Run": 29,
    "Seed": 2615,
    "Est_params": {
        "learning_rate": 0.603,
        "n_estimators": 15,
        "max_depth": 5,
        "reg_lambda": 1.242
    },
    "R2": 0.8601435927536446,
    "R": 0.9290896055492736,
    "MAPE": 0.06952159301448088,
    "RMSE": 3.5114884553759054,
    "y_test": [
        57.0,
        35.5,
        34.0,
        48.0,
        40.39,
        20.5,
        22.73,
        25.81,
        27.4,
        32.91,
        43.55,
        40.1,
        47.0,
        51.0,
        48.0,
        36.0,
        48.0,
        22.13,
        44.05,
        46.0,
        30.0,
        41.52,
        28.0,
        33.76,
        44.75,
        32.0,
        49.7,
        39.12,
        49.0,
        54.25,
        39.5,
        20.8,
        46.87,
        41.78,
        35.75,
        36.0,
        42.5,
        29.5,
        53.0,
        57.96,
        37.75,
        46.5,
        38.78,
        31.7,
        35.0,
        39.0,
        27.12,
        39.21,
        44.95,
        53.25,
        35.25,
        33.5,
        50.0,
        42.0,
        43.64,
        21.5,
        39.42,
        46.0,
        40.52,
        53.5,
        41.0,
        42.86,
        43.0,
        54.0,
        56.5,
        34.62,
        57.21,
        43.29,
        43.5
    ],
    "y_pred": [
        59.61811065673828,
        34.43205261230469,
        33.16189193725586,
        47.00341033935547,
        41.35160446166992,
        23.516345977783203,
        30.280559539794922,
        33.1180419921875,
        31.531286239624023,
        35.71760177612305,
        41.14912414550781,
        37.37668991088867,
        47.35227584838867,
        44.91322708129883,
        48.726566314697266,
        38.817466735839844,
        50.54628372192383,
        23.513320922851562,
        42.15558624267578,
        44.01386642456055,
        31.80873680114746,
        50.175323486328125,
        27.274761199951172,
        32.173091888427734,
        44.01386642456055,
        33.86809539794922,
        50.54325866699219,
        44.689002990722656,
        49.01201629638672,
        50.313053131103516,
        38.52677536010742,
        21.65766716003418,
        43.01900100708008,
        40.68327331542969,
        33.558048248291016,
        34.6959114074707,
        40.60852813720703,
        30.924684524536133,
        48.317787170410156,
        54.38188934326172,
        45.10143280029297,
        49.100345611572266,
        37.817115783691406,
        36.60158920288086,
        34.874778747558594,
        44.302207946777344,
        31.244577407836914,
        47.03235626220703,
        42.911495208740234,
        53.64313507080078,
        34.11331558227539,
        31.872438430786133,
        51.83208465576172,
        40.77349090576172,
        44.24407196044922,
        21.881671905517578,
        40.58272933959961,
        42.71556854248047,
        41.54529571533203,
        55.294471740722656,
        40.153045654296875,
        42.943702697753906,
        50.1047248840332,
        45.76502227783203,
        59.3706169128418,
        35.487396240234375,
        49.01201629638672,
        44.01386642456055,
        41.03573989868164
    ]
}