{
    "Est_name": "XGB",
    "Run": 10,
    "Seed": 9674,
    "Est_params": {
        "learning_rate": 0.728,
        "n_estimators": 22,
        "max_depth": 6,
        "reg_lambda": 4.813
    },
    "R2": 0.8678217027341917,
    "R": 0.9320284382291539,
    "MAPE": 0.06641923620882777,
    "RMSE": 3.9161621725617444,
    "y_test": [
        50.2,
        34.0,
        38.0,
        56.0,
        43.5,
        57.96,
        20.8,
        42.3,
        34.62,
        28.5,
        39.0,
        42.2,
        30.0,
        45.25,
        41.23,
        33.41,
        32.83,
        45.02,
        22.73,
        15.11,
        57.8,
        31.53,
        56.0,
        32.25,
        26.5,
        44.0,
        38.78,
        33.0,
        48.0,
        45.5,
        41.0,
        58.59,
        38.82,
        40.03,
        29.5,
        26.5,
        41.52,
        42.03,
        52.5,
        39.12,
        50.8,
        53.5,
        49.9,
        47.0,
        48.0,
        58.0,
        36.5,
        53.5,
        57.0,
        52.0,
        45.0,
        33.5,
        37.5,
        18.52,
        56.25,
        40.0,
        59.0,
        48.0,
        34.5,
        31.75,
        56.5,
        37.5,
        53.25,
        45.22,
        28.5,
        31.25,
        23.0,
        46.0,
        46.25
    ],
    "y_pred": [
        41.63454818725586,
        34.5650749206543,
        40.49641799926758,
        59.00609588623047,
        33.92135238647461,
        54.060726165771484,
        21.753293991088867,
        42.76871109008789,
        34.453392028808594,
        30.489248275756836,
        44.10983657836914,
        44.4996337890625,
        30.577102661132812,
        42.279151916503906,
        44.875244140625,
        31.923603057861328,
        33.6324577331543,
        43.66670227050781,
        32.291866302490234,
        14.163952827453613,
        42.02574157714844,
        30.016029357910156,
        56.345298767089844,
        31.177127838134766,
        26.381006240844727,
        51.36342239379883,
        36.73237609863281,
        35.46508026123047,
        44.062557220458984,
        44.369503021240234,
        29.69666862487793,
        55.79104995727539,
        38.76513671875,
        44.05857849121094,
        31.069862365722656,
        27.198028564453125,
        38.87666702270508,
        41.99861526489258,
        55.251312255859375,
        39.938716888427734,
        49.32697296142578,
        52.62702560424805,
        49.706199645996094,
        39.27534484863281,
        49.08932113647461,
        58.41962432861328,
        40.07414245605469,
        53.34456253051758,
        59.89596939086914,
        51.32215118408203,
        42.83379364013672,
        33.580020904541016,
        36.507843017578125,
        25.221376419067383,
        58.930606842041016,
        42.19513702392578,
        58.94453048706055,
        50.57430648803711,
        33.163333892822266,
        32.48164367675781,
        56.69562911987305,
        38.37248229980469,
        55.10042190551758,
        42.073944091796875,
        27.770231246948242,
        30.842374801635742,
        27.53421974182129,
        42.83660888671875,
        46.00313186645508
    ]
}