{
    "Est_name": "XGB",
    "Run": 35,
    "Seed": 5514,
    "Est_params": {
        "learning_rate": 0.293,
        "n_estimators": 78,
        "max_depth": 7,
        "reg_lambda": 4.197
    },
    "R2": 0.8863095743460758,
    "R": 0.9454305917798995,
    "MAPE": 0.06239482579361544,
    "RMSE": 3.03660420673101,
    "y_test": [
        46.0,
        42.2,
        53.9,
        40.5,
        32.43,
        43.29,
        20.8,
        48.7,
        51.0,
        48.0,
        54.2,
        32.5,
        30.0,
        32.25,
        37.0,
        38.0,
        43.0,
        29.0,
        31.8,
        32.5,
        57.0,
        31.25,
        36.0,
        22.9,
        34.62,
        35.0,
        49.5,
        27.4,
        62.5,
        37.5,
        48.0,
        44.75,
        57.0,
        36.5,
        42.29,
        32.33,
        33.0,
        32.9,
        47.0,
        36.5,
        45.25,
        25.81,
        43.0,
        37.6,
        33.85,
        56.5,
        41.0,
        29.5,
        42.0,
        34.8,
        37.25,
        31.7,
        47.0,
        39.0,
        35.25,
        39.73,
        43.0,
        57.27,
        30.5,
        28.5,
        44.0,
        42.25,
        55.5,
        40.39,
        39.5,
        43.65,
        35.5,
        26.5,
        45.5
    ],
    "y_pred": [
        45.705326080322266,
        50.93397521972656,
        52.645782470703125,
        38.77081298828125,
        37.20261001586914,
        44.11957550048828,
        19.745649337768555,
        42.20811080932617,
        46.923397064208984,
        47.27341079711914,
        53.650516510009766,
        35.3756103515625,
        33.19990539550781,
        33.244407653808594,
        42.08042526245117,
        39.65787887573242,
        43.112728118896484,
        26.708921432495117,
        29.471050262451172,
        29.848119735717773,
        55.415794372558594,
        28.758625030517578,
        39.993316650390625,
        21.892032623291016,
        34.96224594116211,
        35.452484130859375,
        49.86585998535156,
        30.273910522460938,
        59.72689437866211,
        36.4887580871582,
        50.17206954956055,
        45.27192687988281,
        58.3065299987793,
        40.32386016845703,
        40.40653991699219,
        28.515348434448242,
        31.8275146484375,
        33.522769927978516,
        48.64731216430664,
        35.325538635253906,
        44.08905029296875,
        32.33167266845703,
        46.80059814453125,
        39.958560943603516,
        34.60932540893555,
        57.66074752807617,
        41.76340866088867,
        28.61503028869629,
        41.84456253051758,
        39.513458251953125,
        42.55020523071289,
        39.513458251953125,
        46.145713806152344,
        36.039268493652344,
        35.33664321899414,
        40.719642639160156,
        46.39625549316406,
        56.35818862915039,
        26.72517967224121,
        26.807512283325195,
        51.89420700073242,
        40.4190673828125,
        55.4795036315918,
        42.62246322631836,
        39.29789733886719,
        39.52463150024414,
        37.172054290771484,
        28.30328369140625,
        47.6685791015625
    ]
}