{
    "Est_name": "XGB",
    "Run": 48,
    "Seed": 6201,
    "Est_params": {
        "learning_rate": 0.49,
        "n_estimators": 41,
        "max_depth": 4,
        "reg_lambda": 0.597
    },
    "R2": 0.8859406900033981,
    "R": 0.9430994340152493,
    "MAPE": 0.0547193292395923,
    "RMSE": 2.9814840497489903,
    "y_test": [
        49.7,
        42.0,
        30.0,
        37.0,
        49.5,
        39.5,
        33.0,
        39.0,
        48.0,
        34.5,
        55.5,
        32.57,
        39.5,
        54.25,
        48.0,
        34.8,
        32.5,
        55.84,
        30.5,
        40.75,
        57.27,
        46.8,
        52.5,
        34.5,
        49.0,
        21.75,
        39.8,
        31.7,
        33.95,
        60.25,
        35.0,
        54.0,
        39.3,
        44.95,
        45.0,
        44.6,
        43.5,
        40.39,
        57.96,
        46.7,
        39.5,
        45.23,
        37.6,
        42.56,
        41.0,
        45.25,
        57.1,
        33.5,
        43.29,
        56.5,
        33.5,
        33.0,
        26.5,
        36.5,
        40.12,
        31.5,
        45.0,
        29.0,
        43.5,
        29.02,
        58.5,
        41.75,
        44.75,
        44.5,
        42.2,
        45.22,
        40.75,
        57.5,
        52.0
    ],
    "y_pred": [
        49.2518424987793,
        42.474098205566406,
        29.569643020629883,
        42.7435188293457,
        48.600830078125,
        38.662200927734375,
        33.53913116455078,
        43.13531494140625,
        52.493160247802734,
        39.30317687988281,
        50.42363739013672,
        34.26840591430664,
        38.28239059448242,
        54.94443130493164,
        51.645263671875,
        39.568824768066406,
        34.66144561767578,
        54.76497268676758,
        32.44352340698242,
        42.56087875366211,
        54.62835693359375,
        42.90572738647461,
        53.752197265625,
        42.54850769042969,
        54.259765625,
        21.774763107299805,
        41.333892822265625,
        39.568824768066406,
        32.4575080871582,
        60.463905334472656,
        37.53744888305664,
        54.71028518676758,
        39.70402908325195,
        41.678070068359375,
        50.39082717895508,
        43.95539474487305,
        45.555519104003906,
        41.409000396728516,
        56.1379280090332,
        45.048851013183594,
        40.21805191040039,
        41.678070068359375,
        40.4603385925293,
        39.70729064941406,
        40.49297332763672,
        45.4207763671875,
        53.65760803222656,
        32.81010818481445,
        44.438968658447266,
        56.351505279541016,
        33.299163818359375,
        31.22568130493164,
        27.568849563598633,
        40.92470169067383,
        40.678672790527344,
        31.387378692626953,
        42.84247589111328,
        30.884414672851562,
        35.22921371459961,
        30.48838233947754,
        57.23124694824219,
        44.93396759033203,
        45.521156311035156,
        42.560733795166016,
        42.612548828125,
        40.179012298583984,
        39.323490142822266,
        57.64844512939453,
        54.572574615478516
    ]
}