{
    "Est_name": "XGB",
    "Run": 2,
    "Seed": 409,
    "Est_params": {
        "learning_rate": 0.698,
        "n_estimators": 17,
        "max_depth": 6,
        "reg_lambda": 1.395
    },
    "R2": 0.885871878882885,
    "R": 0.9417482285125817,
    "MAPE": 0.05868673223236457,
    "RMSE": 3.128591927560288,
    "y_test": [
        35.0,
        39.0,
        48.0,
        31.5,
        31.75,
        54.25,
        49.9,
        39.5,
        47.3,
        48.0,
        13.33,
        43.5,
        57.21,
        38.82,
        45.0,
        32.26,
        31.47,
        35.3,
        34.5,
        29.41,
        31.7,
        39.0,
        55.5,
        55.5,
        46.5,
        60.25,
        53.9,
        40.75,
        34.8,
        35.25,
        33.5,
        35.5,
        42.29,
        41.0,
        43.29,
        56.0,
        56.5,
        46.0,
        46.8,
        56.0,
        43.29,
        56.0,
        36.0,
        38.0,
        32.25,
        27.5,
        42.5,
        33.41,
        46.0,
        46.25,
        41.25,
        33.95,
        30.5,
        48.5,
        42.0,
        43.0,
        38.78,
        48.0,
        26.5,
        50.2,
        35.5,
        33.25,
        34.5,
        34.0,
        35.0,
        43.47,
        21.75,
        35.0,
        48.0
    ],
    "y_pred": [
        34.43380355834961,
        35.642578125,
        42.45415496826172,
        34.2997932434082,
        32.50323486328125,
        49.90231704711914,
        50.51531219482422,
        40.81370544433594,
        45.408687591552734,
        47.08427047729492,
        15.43530559539795,
        32.73677444458008,
        49.51494216918945,
        36.468048095703125,
        45.614994049072266,
        32.430850982666016,
        29.155248641967773,
        33.969791412353516,
        36.99917984008789,
        34.28017044067383,
        40.1746940612793,
        42.205116271972656,
        51.0009651184082,
        57.27830123901367,
        46.057525634765625,
        59.30430603027344,
        54.03439712524414,
        47.706886291503906,
        40.1746940612793,
        34.522918701171875,
        31.693382263183594,
        35.818607330322266,
        38.73301696777344,
        39.21112060546875,
        43.21864318847656,
        55.496341705322266,
        57.71713638305664,
        45.98537063598633,
        41.256046295166016,
        56.13861846923828,
        43.47979736328125,
        57.60511779785156,
        40.45683288574219,
        41.327186584472656,
        32.13948059082031,
        30.51333236694336,
        40.841949462890625,
        31.344770431518555,
        43.860252380371094,
        45.46736145019531,
        43.4519157409668,
        33.321754455566406,
        30.637346267700195,
        46.01321792602539,
        39.9152946472168,
        39.38772201538086,
        39.00518798828125,
        46.78059005737305,
        29.374582290649414,
        46.25647735595703,
        36.96730041503906,
        34.45047378540039,
        34.62260055541992,
        32.02218246459961,
        36.35472869873047,
        42.21925735473633,
        22.621158599853516,
        39.42118453979492,
        47.46992111206055
    ]
}