{
    "Est_name": "XGB",
    "Run": 21,
    "Seed": 3257,
    "Est_params": {
        "learning_rate": 0.219,
        "n_estimators": 99,
        "max_depth": 6,
        "reg_lambda": 4.823
    },
    "R2": 0.7782812520236472,
    "R": 0.8989429087555391,
    "MAPE": 0.06791476487631529,
    "RMSE": 4.168970355189038,
    "y_test": [
        40.87,
        57.8,
        35.5,
        43.5,
        40.0,
        35.0,
        44.5,
        49.0,
        43.29,
        46.0,
        57.0,
        23.9,
        42.66,
        44.75,
        42.3,
        52.0,
        21.75,
        41.5,
        42.29,
        42.2,
        46.7,
        42.0,
        49.0,
        35.25,
        33.04,
        38.61,
        28.0,
        45.0,
        33.0,
        40.52,
        39.45,
        36.0,
        39.5,
        31.67,
        33.0,
        45.23,
        41.4,
        39.5,
        32.26,
        45.5,
        29.6,
        35.75,
        48.0,
        39.5,
        34.0,
        20.5,
        31.8,
        43.0,
        31.47,
        50.2,
        28.0,
        45.8,
        36.0,
        40.0,
        26.5,
        55.84,
        40.5,
        43.0,
        22.04,
        33.46,
        34.5,
        60.25,
        24.5,
        34.8,
        23.33,
        47.3,
        43.76,
        42.56,
        23.0
    ],
    "y_pred": [
        26.43600845336914,
        47.60609436035156,
        34.43017578125,
        24.220138549804688,
        39.341087341308594,
        36.80339813232422,
        42.83868408203125,
        54.970760345458984,
        44.2520637512207,
        45.754417419433594,
        58.90337371826172,
        24.088703155517578,
        43.355777740478516,
        45.60142517089844,
        41.932098388671875,
        51.356441497802734,
        21.641582489013672,
        47.956817626953125,
        39.24970626831055,
        48.57057571411133,
        46.21821212768555,
        40.909793853759766,
        41.163482666015625,
        34.642425537109375,
        30.095478057861328,
        32.77421951293945,
        29.158689498901367,
        48.44664764404297,
        30.852188110351562,
        36.66209030151367,
        41.04460144042969,
        36.574745178222656,
        38.13037872314453,
        30.502565383911133,
        33.15674591064453,
        42.85395812988281,
        40.158485412597656,
        37.84438705444336,
        31.742538452148438,
        47.33266830444336,
        28.239322662353516,
        35.158668518066406,
        48.46786117553711,
        38.85593795776367,
        33.33783721923828,
        21.282907485961914,
        29.625333786010742,
        40.884437561035156,
        27.291688919067383,
        47.35087966918945,
        29.78655242919922,
        46.22090148925781,
        38.94654083251953,
        42.0506477355957,
        30.419771194458008,
        54.529571533203125,
        40.93683624267578,
        47.331844329833984,
        21.622514724731445,
        32.99040603637695,
        36.01999282836914,
        59.19677734375,
        27.33037567138672,
        32.65965270996094,
        14.899377822875977,
        47.89072036743164,
        40.88389587402344,
        41.79636001586914,
        28.30244255065918
    ]
}