{
    "Est_name": "XGB",
    "Run": 45,
    "Seed": 7527,
    "Est_params": {
        "learning_rate": 0.574,
        "n_estimators": 29,
        "max_depth": 9,
        "reg_lambda": 2.654
    },
    "R2": 0.8678712744347747,
    "R": 0.9327915220235045,
    "MAPE": 0.05396194042340032,
    "RMSE": 3.1963423531710813,
    "y_test": [
        30.5,
        29.6,
        48.0,
        39.8,
        40.87,
        34.5,
        34.5,
        57.21,
        32.9,
        48.7,
        42.0,
        40.75,
        41.23,
        51.5,
        48.0,
        26.5,
        41.4,
        35.75,
        39.12,
        35.0,
        29.02,
        42.03,
        46.0,
        34.5,
        41.25,
        57.96,
        49.5,
        49.7,
        35.0,
        50.5,
        29.5,
        32.25,
        42.75,
        46.0,
        40.5,
        56.5,
        60.25,
        44.5,
        43.65,
        57.27,
        33.5,
        48.0,
        42.29,
        30.5,
        43.29,
        33.5,
        43.55,
        49.0,
        56.38,
        28.5,
        22.73,
        42.25,
        40.0,
        34.62,
        44.05,
        22.04,
        39.21,
        35.3,
        30.0,
        34.5,
        47.3,
        43.0,
        56.0,
        39.3,
        52.5,
        32.43,
        43.5,
        42.56,
        33.5
    ],
    "y_pred": [
        30.92892074584961,
        27.446331024169922,
        50.09758377075195,
        43.98397445678711,
        30.08321762084961,
        44.62773132324219,
        36.67692565917969,
        48.492340087890625,
        30.57280921936035,
        41.719974517822266,
        41.80661392211914,
        40.832359313964844,
        41.77983856201172,
        51.18132400512695,
        50.09758377075195,
        29.466501235961914,
        43.98397445678711,
        35.84815216064453,
        43.55073928833008,
        38.754207611083984,
        29.876537322998047,
        39.14731216430664,
        52.196556091308594,
        32.8219108581543,
        39.174957275390625,
        56.57145690917969,
        49.910099029541016,
        50.30769729614258,
        33.46070861816406,
        49.98549270629883,
        28.817445755004883,
        29.775062561035156,
        40.99140930175781,
        46.44796371459961,
        39.12303161621094,
        57.048030853271484,
        59.20347595214844,
        43.3725700378418,
        43.55073928833008,
        55.480201721191406,
        32.47032928466797,
        46.88468551635742,
        40.250972747802734,
        28.5197811126709,
        44.373992919921875,
        32.93143844604492,
        43.265018463134766,
        48.492340087890625,
        48.83515548706055,
        26.430574417114258,
        26.252275466918945,
        42.05381393432617,
        44.14374923706055,
        34.688568115234375,
        43.25649642944336,
        21.131641387939453,
        44.9539909362793,
        35.7082633972168,
        30.48396873474121,
        35.178810119628906,
        41.2425422668457,
        41.7172737121582,
        54.17228698730469,
        38.59016799926758,
        51.56524658203125,
        35.1078987121582,
        41.6080436706543,
        41.66474914550781,
        33.235050201416016
    ]
}