{
    "Est_name": "XGB",
    "Run": 22,
    "Seed": 8928,
    "Est_params": {
        "learning_rate": 0.508,
        "n_estimators": 71,
        "max_depth": 4,
        "reg_lambda": 3.319
    },
    "R2": 0.9210059278025073,
    "R": 0.9599116046174774,
    "MAPE": 0.04436645720420348,
    "RMSE": 2.1108857085037753,
    "y_test": [
        33.4,
        43.64,
        44.6,
        35.75,
        45.5,
        37.0,
        39.5,
        29.02,
        48.0,
        24.5,
        47.0,
        32.91,
        35.25,
        45.8,
        41.0,
        42.25,
        32.25,
        43.07,
        32.0,
        39.0,
        33.76,
        40.0,
        51.0,
        50.8,
        33.5,
        46.0,
        36.0,
        45.25,
        30.25,
        40.1,
        55.52,
        34.5,
        43.0,
        40.03,
        52.5,
        30.5,
        29.41,
        41.95,
        45.5,
        29.6,
        34.8,
        31.25,
        45.0,
        50.2,
        38.82,
        52.5,
        37.5,
        34.5,
        31.75,
        34.75,
        46.0,
        40.5,
        42.86,
        57.27,
        42.29,
        31.67,
        55.5,
        39.8,
        39.5,
        33.04,
        35.5,
        26.5,
        53.5,
        43.5,
        33.5,
        35.0,
        47.0,
        42.03,
        36.0
    ],
    "y_pred": [
        33.81000518798828,
        43.66212463378906,
        43.09485626220703,
        36.97140884399414,
        48.44130325317383,
        42.55977249145508,
        38.6672248840332,
        31.032812118530273,
        45.30894470214844,
        27.634695053100586,
        45.0898323059082,
        34.5587043762207,
        34.097496032714844,
        45.201480865478516,
        41.14977264404297,
        44.42391586303711,
        32.2923583984375,
        42.60345458984375,
        34.85237503051758,
        37.45457458496094,
        33.213775634765625,
        40.55303192138672,
        48.37388610839844,
        50.33000183105469,
        33.332359313964844,
        46.63075637817383,
        39.542091369628906,
        45.523277282714844,
        32.91877746582031,
        36.96323776245117,
        56.558753967285156,
        34.498287200927734,
        42.925071716308594,
        45.2269172668457,
        53.460933685302734,
        28.446144104003906,
        29.69483757019043,
        41.35006332397461,
        47.109031677246094,
        28.190624237060547,
        32.58211898803711,
        27.94261360168457,
        46.1070671081543,
        45.94331359863281,
        37.15504837036133,
        55.47030258178711,
        36.15224838256836,
        38.76725387573242,
        34.630584716796875,
        31.550161361694336,
        43.73439407348633,
        40.43038558959961,
        41.23612976074219,
        55.3609619140625,
        39.12769317626953,
        30.898761749267578,
        54.004634857177734,
        42.24772644042969,
        38.130584716796875,
        30.564516067504883,
        37.45775604248047,
        28.641620635986328,
        54.60143280029297,
        43.71675109863281,
        34.6794548034668,
        35.22352600097656,
        44.52150344848633,
        42.141883850097656,
        34.6794548034668
    ]
}