{
    "Est_name": "XGB",
    "Run": 18,
    "Seed": 9863,
    "Est_params": {
        "learning_rate": 0.411,
        "n_estimators": 84,
        "max_depth": 4,
        "reg_lambda": 4.182
    },
    "R2": 0.8253567435595824,
    "R": 0.9140586753969672,
    "MAPE": 0.055839997492724516,
    "RMSE": 3.698471406728336,
    "y_test": [
        48.0,
        57.0,
        43.0,
        56.0,
        34.5,
        44.95,
        45.5,
        44.05,
        44.5,
        40.0,
        48.7,
        39.0,
        35.5,
        26.5,
        43.5,
        57.1,
        42.2,
        39.45,
        57.5,
        46.0,
        55.84,
        30.25,
        26.5,
        44.0,
        56.38,
        49.5,
        32.9,
        48.0,
        57.0,
        42.0,
        26.5,
        39.3,
        56.5,
        29.02,
        35.5,
        50.86,
        22.9,
        29.6,
        45.02,
        33.5,
        43.76,
        45.22,
        43.55,
        34.8,
        39.78,
        43.5,
        42.56,
        33.04,
        50.75,
        32.83,
        58.5,
        35.0,
        56.25,
        40.1,
        44.5,
        33.5,
        43.0,
        48.0,
        40.87,
        36.5,
        41.0,
        54.04,
        47.3,
        50.0,
        35.75,
        34.75,
        33.25,
        31.8,
        40.5
    ],
    "y_pred": [
        47.22257614135742,
        59.182979583740234,
        47.08427429199219,
        54.95515823364258,
        36.739532470703125,
        42.4758186340332,
        47.53828430175781,
        42.06721496582031,
        42.462730407714844,
        40.715248107910156,
        43.510169982910156,
        44.38905715942383,
        38.31835174560547,
        27.951719284057617,
        39.297157287597656,
        55.241153717041016,
        40.124176025390625,
        37.45765686035156,
        57.85296630859375,
        46.25251007080078,
        46.845481872558594,
        32.05094528198242,
        27.56964111328125,
        50.45558166503906,
        41.5396614074707,
        47.75471878051758,
        33.929840087890625,
        45.26660919189453,
        54.428470611572266,
        39.33177185058594,
        30.861740112304688,
        40.80672073364258,
        57.85296630859375,
        30.098617553710938,
        35.39789581298828,
        51.57579040527344,
        24.473995208740234,
        28.12626838684082,
        44.39372253417969,
        33.40432357788086,
        40.24465560913086,
        41.349365234375,
        43.288028717041016,
        33.68675994873047,
        39.58871078491211,
        43.56668472290039,
        43.56668472290039,
        31.48257064819336,
        50.80655288696289,
        32.94254684448242,
        56.38692855834961,
        34.69683074951172,
        58.78475570678711,
        37.488224029541016,
        41.642547607421875,
        36.18497085571289,
        42.91194534301758,
        47.57587432861328,
        24.145431518554688,
        39.923404693603516,
        38.57733154296875,
        50.64021682739258,
        43.32618713378906,
        49.75550079345703,
        34.33230209350586,
        33.68408966064453,
        34.40460968017578,
        31.541471481323242,
        38.48678207397461
    ]
}