{
    "Est_name": "XGB",
    "Run": 14,
    "Seed": 1535,
    "Est_params": {
        "learning_rate": 0.479,
        "n_estimators": 77,
        "max_depth": 3,
        "reg_lambda": 4.954
    },
    "R2": 0.8633028189433141,
    "R": 0.9298802375617444,
    "MAPE": 0.07431413061967627,
    "RMSE": 3.86284167132257,
    "y_test": [
        32.25,
        58.59,
        52.5,
        47.0,
        54.0,
        28.0,
        21.75,
        40.12,
        42.0,
        40.0,
        47.3,
        42.29,
        44.0,
        40.0,
        42.0,
        56.0,
        25.81,
        16.58,
        30.5,
        43.64,
        33.4,
        23.33,
        32.5,
        44.05,
        55.84,
        37.6,
        41.0,
        33.04,
        42.56,
        41.0,
        33.76,
        39.17,
        24.67,
        46.0,
        49.0,
        58.5,
        39.12,
        54.2,
        31.59,
        42.37,
        58.25,
        32.0,
        33.0,
        35.5,
        56.5,
        50.2,
        40.5,
        41.16,
        48.0,
        20.8,
        59.0,
        37.75,
        30.0,
        34.75,
        41.8,
        42.35,
        29.41,
        49.5,
        46.0,
        39.42,
        34.62,
        45.5,
        23.0,
        53.5,
        26.5,
        41.89,
        31.7,
        59.5,
        27.5
    ],
    "y_pred": [
        31.067312240600586,
        57.18993377685547,
        53.900665283203125,
        46.75978469848633,
        50.104854583740234,
        30.73966407775879,
        20.229564666748047,
        39.06772232055664,
        46.10197448730469,
        40.803218841552734,
        44.94622039794922,
        39.912227630615234,
        50.183563232421875,
        39.85305404663086,
        38.12068557739258,
        57.188907623291016,
        28.664819717407227,
        38.935325622558594,
        30.382610321044922,
        43.96274185180664,
        32.887901306152344,
        16.439725875854492,
        34.18251037597656,
        43.66765213012695,
        46.61112594604492,
        38.12422561645508,
        41.61119842529297,
        31.256616592407227,
        42.75435256958008,
        37.3676872253418,
        33.01572036743164,
        36.66560363769531,
        25.846405029296875,
        44.98756408691406,
        51.450740814208984,
        55.56017303466797,
        43.47886276245117,
        50.795528411865234,
        33.42251968383789,
        42.99576950073242,
        57.839176177978516,
        32.79470443725586,
        32.95248794555664,
        39.2123908996582,
        58.85061264038086,
        46.701629638671875,
        41.0845947265625,
        41.996463775634766,
        48.456058502197266,
        18.417905807495117,
        57.839176177978516,
        42.739070892333984,
        30.81330680847168,
        33.71516418457031,
        44.687068939208984,
        38.25642776489258,
        30.865629196166992,
        48.47835159301758,
        49.963741302490234,
        38.12068557739258,
        34.7271728515625,
        46.95791244506836,
        25.541135787963867,
        54.492366790771484,
        26.819042205810547,
        40.8143424987793,
        37.602787017822266,
        57.49711227416992,
        33.23896408081055
    ]
}