{
    "Est_name": "XGB",
    "Run": 41,
    "Seed": 5635,
    "Est_params": {
        "learning_rate": 0.302,
        "n_estimators": 55,
        "max_depth": 6,
        "reg_lambda": 3.933
    },
    "R2": 0.8751946982903461,
    "R": 0.9383263201591323,
    "MAPE": 0.06026932708320332,
    "RMSE": 3.13196266289506,
    "y_test": [
        59.5,
        47.0,
        31.47,
        49.0,
        44.5,
        34.5,
        41.4,
        33.5,
        32.57,
        42.66,
        56.0,
        50.5,
        44.05,
        33.46,
        28.0,
        36.5,
        31.67,
        26.5,
        40.0,
        47.0,
        55.52,
        36.5,
        52.07,
        39.5,
        39.5,
        39.78,
        29.5,
        34.25,
        36.0,
        26.25,
        48.0,
        46.5,
        42.2,
        49.0,
        26.5,
        39.5,
        28.5,
        27.7,
        49.9,
        35.5,
        32.5,
        53.25,
        58.59,
        40.0,
        22.5,
        40.5,
        53.5,
        32.91,
        30.25,
        41.52,
        40.75,
        46.7,
        30.0,
        39.3,
        35.25,
        36.0,
        42.0,
        57.96,
        37.0,
        57.5,
        40.12,
        41.5,
        32.83,
        49.5,
        41.0,
        31.59,
        38.61,
        36.0,
        42.37
    ],
    "y_pred": [
        58.65543746948242,
        47.92939758300781,
        29.1220760345459,
        43.99148178100586,
        46.285160064697266,
        41.956260681152344,
        40.63618087768555,
        33.03554153442383,
        33.17439651489258,
        42.2551383972168,
        57.68416976928711,
        49.416587829589844,
        43.6786994934082,
        32.43973922729492,
        28.43179702758789,
        39.92133712768555,
        32.61639404296875,
        30.474966049194336,
        40.62601852416992,
        53.090518951416016,
        50.644344329833984,
        35.02220153808594,
        57.802825927734375,
        36.099952697753906,
        38.1551513671875,
        39.94465637207031,
        29.599388122558594,
        31.917964935302734,
        39.15878677368164,
        29.492998123168945,
        49.324920654296875,
        42.75786209106445,
        50.701236724853516,
        53.895137786865234,
        22.860431671142578,
        39.241493225097656,
        30.606595993041992,
        33.07252883911133,
        49.330623626708984,
        37.137237548828125,
        30.812944412231445,
        51.71514129638672,
        53.86190414428711,
        41.36069107055664,
        22.866050720214844,
        37.18827819824219,
        52.08348846435547,
        33.84259796142578,
        30.355182647705078,
        38.432735443115234,
        39.23720932006836,
        46.083587646484375,
        32.743839263916016,
        38.099639892578125,
        35.01652145385742,
        36.48884963989258,
        45.3847770690918,
        54.28757858276367,
        44.6331787109375,
        59.25288772583008,
        42.146568298339844,
        47.856815338134766,
        34.377010345458984,
        48.53924560546875,
        34.12862777709961,
        33.39781951904297,
        39.945926666259766,
        35.12126541137695,
        43.59374237060547
    ]
}