{
    "Est_name": "XGB",
    "Run": 50,
    "Seed": 9044,
    "Est_params": {
        "learning_rate": 0.261,
        "n_estimators": 21,
        "max_depth": 10,
        "reg_lambda": 0.814
    },
    "R2": 0.8796777154119122,
    "R": 0.9382268154424208,
    "MAPE": 0.05717154541047203,
    "RMSE": 3.216839007483127,
    "y_test": [
        24.5,
        40.0,
        59.0,
        33.0,
        54.04,
        41.16,
        42.3,
        34.5,
        43.29,
        42.2,
        62.5,
        44.5,
        27.5,
        33.04,
        40.03,
        40.0,
        40.1,
        48.0,
        33.85,
        49.5,
        45.22,
        33.41,
        34.0,
        46.25,
        39.17,
        48.7,
        41.5,
        31.47,
        41.0,
        45.8,
        30.5,
        50.5,
        35.0,
        36.0,
        58.0,
        32.0,
        42.75,
        31.8,
        34.75,
        57.0,
        35.25,
        44.75,
        47.0,
        22.9,
        31.75,
        41.89,
        30.0,
        49.7,
        46.0,
        45.02,
        39.73,
        38.0,
        22.67,
        39.12,
        27.4,
        42.0,
        20.8,
        43.5,
        51.0,
        47.3,
        53.5,
        38.0,
        41.25,
        51.0,
        45.5,
        18.52,
        33.25,
        39.53,
        26.75
    ],
    "y_pred": [
        26.919708251953125,
        44.39094924926758,
        57.743743896484375,
        34.06580352783203,
        53.16664123535156,
        40.52660369873047,
        41.15855407714844,
        40.27250671386719,
        42.18381118774414,
        49.49492645263672,
        58.79973602294922,
        43.76596450805664,
        44.13835144042969,
        32.26914978027344,
        42.81596755981445,
        40.326141357421875,
        36.64446258544922,
        48.886592864990234,
        34.08992385864258,
        49.46529006958008,
        40.67905044555664,
        34.33348846435547,
        33.08604049682617,
        47.287818908691406,
        37.60409164428711,
        42.24662780761719,
        39.74953079223633,
        27.583627700805664,
        43.66083908081055,
        43.03104782104492,
        30.663301467895508,
        50.011962890625,
        34.32387161254883,
        33.905879974365234,
        58.16913604736328,
        34.02607345581055,
        40.89922332763672,
        27.573904037475586,
        34.71601867675781,
        55.74932861328125,
        34.71601867675781,
        44.56938552856445,
        46.80390930175781,
        23.08601951599121,
        31.127830505371094,
        46.193511962890625,
        28.925457000732422,
        49.9298095703125,
        44.82688903808594,
        44.16609191894531,
        40.39291000366211,
        40.920528411865234,
        22.877735137939453,
        39.99590301513672,
        30.2672119140625,
        40.66209411621094,
        21.56062889099121,
        41.56396484375,
        50.74523162841797,
        45.47103500366211,
        52.53195571899414,
        40.15427017211914,
        42.7231559753418,
        44.290283203125,
        45.49707794189453,
        23.60844612121582,
        34.123016357421875,
        40.676082611083984,
        31.25111198425293
    ]
}