{
    "Est_name": "XGB",
    "Run": 23,
    "Seed": 6873,
    "Est_params": {
        "learning_rate": 0.904,
        "n_estimators": 57,
        "max_depth": 3,
        "reg_lambda": 0.612
    },
    "R2": 0.7677233724648687,
    "R": 0.8814961869437543,
    "MAPE": 0.07952785633322704,
    "RMSE": 4.3543505062433745,
    "y_test": [
        22.5,
        44.5,
        35.5,
        29.5,
        41.5,
        60.25,
        37.25,
        39.45,
        43.07,
        28.0,
        51.0,
        39.12,
        44.75,
        26.75,
        42.0,
        23.0,
        41.23,
        24.67,
        20.22,
        32.9,
        35.5,
        32.91,
        40.75,
        49.0,
        56.5,
        42.0,
        40.39,
        44.0,
        40.5,
        32.5,
        56.0,
        48.0,
        43.47,
        40.0,
        49.5,
        43.55,
        39.78,
        33.0,
        35.5,
        46.7,
        46.0,
        27.7,
        51.0,
        27.5,
        32.26,
        39.5,
        43.29,
        26.5,
        46.0,
        30.0,
        29.0,
        40.75,
        37.6,
        30.0,
        35.0,
        57.0,
        33.95,
        34.5,
        29.02,
        49.9,
        41.5,
        31.75,
        41.0,
        28.0,
        53.5,
        46.5,
        42.56,
        53.5,
        40.5
    ],
    "y_pred": [
        24.619552612304688,
        42.33552169799805,
        35.16535186767578,
        30.96177864074707,
        48.08280944824219,
        60.010616302490234,
        39.71245193481445,
        33.879364013671875,
        43.15802001953125,
        33.011451721191406,
        47.248783111572266,
        43.691612243652344,
        45.383323669433594,
        28.351821899414062,
        40.64447784423828,
        24.619552612304688,
        52.44902420043945,
        24.389236450195312,
        31.09988784790039,
        36.543270111083984,
        37.24928283691406,
        34.468631744384766,
        47.472782135009766,
        33.45811462402344,
        58.614871978759766,
        39.93124008178711,
        41.60577392578125,
        45.250511169433594,
        39.462982177734375,
        32.15895080566406,
        56.610694885253906,
        44.45298385620117,
        40.901573181152344,
        39.367095947265625,
        50.50593185424805,
        42.27879333496094,
        39.07025146484375,
        31.10279655456543,
        40.71076202392578,
        43.88720703125,
        46.95130920410156,
        30.71237564086914,
        47.50281524658203,
        29.597414016723633,
        32.278785705566406,
        37.969207763671875,
        46.908634185791016,
        24.433460235595703,
        49.23151397705078,
        26.767986297607422,
        32.61579895019531,
        37.89179611206055,
        41.10420227050781,
        30.528343200683594,
        35.5570182800293,
        54.83544158935547,
        30.122270584106445,
        34.5032958984375,
        47.92515563964844,
        49.7081184387207,
        39.21582794189453,
        32.32620620727539,
        40.122962951660156,
        30.753068923950195,
        53.66753387451172,
        41.9860725402832,
        43.0852165222168,
        54.347251892089844,
        37.20137023925781
    ]
}