{
    "Est_name": "XGB",
    "Run": 24,
    "Seed": 3611,
    "Est_params": {
        "learning_rate": 0.587,
        "n_estimators": 47,
        "max_depth": 5,
        "reg_lambda": 4.914
    },
    "R2": 0.8054455467147736,
    "R": 0.9041358485745824,
    "MAPE": 0.07543531087758605,
    "RMSE": 4.355087799894129,
    "y_test": [
        26.5,
        41.0,
        44.5,
        42.0,
        39.5,
        33.5,
        35.0,
        48.0,
        37.5,
        57.27,
        41.5,
        57.0,
        37.6,
        32.91,
        45.5,
        21.75,
        30.5,
        26.5,
        29.6,
        48.0,
        53.9,
        29.5,
        26.75,
        44.6,
        39.3,
        13.33,
        40.0,
        35.0,
        22.13,
        35.0,
        46.8,
        35.0,
        47.0,
        48.0,
        33.04,
        49.9,
        53.25,
        26.5,
        41.16,
        38.0,
        56.25,
        33.4,
        40.75,
        16.58,
        53.5,
        38.61,
        27.49,
        45.23,
        56.0,
        39.73,
        43.64,
        31.25,
        22.04,
        28.5,
        41.78,
        33.76,
        49.5,
        29.5,
        31.75,
        32.57,
        31.7,
        47.3,
        40.12,
        45.0,
        33.5,
        46.7,
        52.07,
        35.5,
        34.5
    ],
    "y_pred": [
        26.9600887298584,
        40.78114318847656,
        47.4384880065918,
        42.28527069091797,
        33.853939056396484,
        31.791196823120117,
        34.68865966796875,
        47.8388557434082,
        37.946529388427734,
        55.20262145996094,
        48.21220397949219,
        57.70042419433594,
        37.105812072753906,
        34.457275390625,
        45.15946960449219,
        21.484580993652344,
        31.95393180847168,
        28.937097549438477,
        27.64879608154297,
        50.22770309448242,
        53.82949447631836,
        29.998699188232422,
        32.19015884399414,
        41.842857360839844,
        39.416927337646484,
        16.496746063232422,
        42.893104553222656,
        38.79341506958008,
        21.17143440246582,
        34.433326721191406,
        47.11061096191406,
        34.7266731262207,
        46.67269515991211,
        43.817100524902344,
        30.572166442871094,
        50.622276306152344,
        53.95158004760742,
        27.0457706451416,
        43.196834564208984,
        39.13383102416992,
        58.95246124267578,
        33.6700553894043,
        35.82909393310547,
        47.115203857421875,
        54.31602478027344,
        34.6004524230957,
        30.089262008666992,
        42.893104553222656,
        57.12041473388672,
        40.588558197021484,
        44.564674377441406,
        29.667211532592773,
        21.051481246948242,
        27.64879608154297,
        41.446964263916016,
        34.584632873535156,
        51.1297607421875,
        30.734573364257812,
        32.432987213134766,
        34.40066909790039,
        36.968143463134766,
        47.365779876708984,
        42.44315719604492,
        48.53038024902344,
        32.107364654541016,
        42.092041015625,
        53.67634963989258,
        38.43681716918945,
        36.56221008300781
    ]
}