{
    "Est_name": "XGB",
    "Run": 43,
    "Seed": 4333,
    "Est_params": {
        "learning_rate": 0.184,
        "n_estimators": 76,
        "max_depth": 8,
        "reg_lambda": 4.231
    },
    "R2": 0.7996738777462006,
    "R": 0.8944674351185805,
    "MAPE": 0.07436238558487633,
    "RMSE": 4.566746827682616,
    "y_test": [
        42.2,
        24.67,
        57.27,
        16.58,
        33.04,
        20.22,
        31.59,
        40.87,
        39.5,
        55.84,
        35.0,
        31.97,
        47.0,
        42.86,
        44.95,
        20.5,
        35.0,
        50.86,
        41.5,
        33.0,
        43.66,
        25.81,
        47.3,
        42.0,
        38.0,
        18.52,
        41.4,
        37.75,
        54.04,
        43.29,
        56.5,
        45.25,
        39.73,
        58.59,
        33.85,
        62.5,
        43.5,
        33.5,
        26.5,
        59.0,
        34.8,
        50.75,
        45.02,
        43.47,
        46.7,
        43.65,
        53.5,
        52.5,
        32.26,
        45.0,
        29.0,
        35.25,
        38.61,
        45.0,
        51.5,
        54.2,
        36.0,
        39.21,
        38.0,
        30.0,
        42.5,
        42.56,
        43.07,
        56.0,
        41.75,
        34.75,
        46.87,
        55.5,
        33.0
    ],
    "y_pred": [
        45.53993225097656,
        23.603124618530273,
        55.74125671386719,
        48.820030212402344,
        31.146575927734375,
        28.345491409301758,
        31.880521774291992,
        34.55448532104492,
        38.77442932128906,
        51.296363830566406,
        36.83265686035156,
        30.849525451660156,
        50.33740234375,
        41.57938766479492,
        43.36217498779297,
        21.72115707397461,
        35.59946060180664,
        49.53266525268555,
        40.71355056762695,
        32.5752067565918,
        37.623165130615234,
        27.4047908782959,
        46.992679595947266,
        42.04266357421875,
        38.801334381103516,
        21.364742279052734,
        40.22639846801758,
        40.179317474365234,
        49.89333724975586,
        48.53777313232422,
        56.824832916259766,
        44.38860321044922,
        39.443477630615234,
        56.90711975097656,
        33.41120910644531,
        59.12080001831055,
        42.51116180419922,
        34.79356002807617,
        26.823251724243164,
        58.55788040161133,
        32.32845687866211,
        52.455928802490234,
        44.5562858581543,
        42.67344665527344,
        46.01003646850586,
        39.91571807861328,
        52.942832946777344,
        52.87516403198242,
        30.821931838989258,
        42.99563217163086,
        30.6074161529541,
        34.19373321533203,
        38.049598693847656,
        48.547035217285156,
        48.22740173339844,
        51.88459396362305,
        36.760276794433594,
        44.58622360229492,
        38.600730895996094,
        28.915525436401367,
        42.87557601928711,
        42.908355712890625,
        42.24384307861328,
        56.08693313598633,
        44.12714767456055,
        33.14366149902344,
        45.6735725402832,
        53.133018493652344,
        32.00034713745117
    ]
}