{
    "Est_name": "XGB",
    "Run": 6,
    "Seed": 2286,
    "Est_params": {
        "learning_rate": 0.278,
        "n_estimators": 98,
        "max_depth": 4,
        "reg_lambda": 0.236
    },
    "R2": 0.8941388345140407,
    "R": 0.9493051397523928,
    "MAPE": 0.06258834643859014,
    "RMSE": 3.10828620977568,
    "y_test": [
        51.0,
        39.12,
        31.8,
        45.5,
        40.5,
        44.5,
        35.0,
        33.25,
        30.0,
        57.5,
        39.45,
        34.5,
        59.0,
        57.0,
        33.4,
        23.33,
        22.73,
        22.67,
        41.52,
        51.0,
        40.75,
        56.0,
        45.22,
        34.0,
        42.3,
        32.5,
        42.75,
        26.25,
        43.0,
        43.29,
        34.5,
        57.27,
        36.5,
        33.5,
        34.75,
        46.5,
        42.56,
        39.5,
        26.75,
        37.0,
        28.0,
        37.5,
        49.9,
        54.0,
        45.0,
        56.5,
        42.2,
        42.0,
        39.0,
        52.0,
        41.78,
        43.4,
        41.0,
        55.52,
        52.07,
        29.5,
        31.97,
        26.5,
        24.67,
        29.0,
        45.5,
        45.0,
        42.5,
        54.2,
        40.0,
        39.8,
        43.47,
        22.04,
        44.0
    ],
    "y_pred": [
        43.944732666015625,
        43.416378021240234,
        29.543792724609375,
        46.95314407348633,
        39.90510177612305,
        40.67329025268555,
        35.70532989501953,
        33.113128662109375,
        28.366836547851562,
        62.258399963378906,
        42.014747619628906,
        35.53498458862305,
        60.46720886230469,
        60.46720886230469,
        33.940311431884766,
        16.363067626953125,
        28.067148208618164,
        20.548898696899414,
        40.717193603515625,
        48.96160888671875,
        40.35541915893555,
        55.0537223815918,
        41.29374694824219,
        34.32878494262695,
        41.09919357299805,
        31.618507385253906,
        40.575504302978516,
        29.372026443481445,
        49.2661247253418,
        44.96512985229492,
        32.366336822509766,
        55.44057083129883,
        41.88997268676758,
        33.01340866088867,
        32.54220199584961,
        40.11164093017578,
        43.47226333618164,
        38.15907669067383,
        29.743064880371094,
        41.31990432739258,
        30.504411697387695,
        38.66570281982422,
        46.5223503112793,
        54.2656135559082,
        43.06536102294922,
        57.18074035644531,
        50.771671295166016,
        45.66103744506836,
        44.589447021484375,
        48.10912322998047,
        39.9372673034668,
        40.67329025268555,
        34.304203033447266,
        55.74559783935547,
        53.317996978759766,
        29.45111083984375,
        29.561397552490234,
        26.319698333740234,
        27.190521240234375,
        30.189207077026367,
        46.17094421386719,
        48.91310119628906,
        42.2584342956543,
        54.450767517089844,
        40.754295349121094,
        41.61198806762695,
        41.05983352661133,
        21.37547492980957,
        44.20343780517578
    ]
}