{
    "Est_name": "XGB",
    "Run": 12,
    "Seed": 520,
    "Est_params": {
        "learning_rate": 0.23,
        "n_estimators": 34,
        "max_depth": 6,
        "reg_lambda": 1.017
    },
    "R2": 0.8751613474732287,
    "R": 0.9361166617144338,
    "MAPE": 0.0711957383095423,
    "RMSE": 3.7572322185836273,
    "y_test": [
        40.0,
        35.5,
        43.07,
        59.0,
        45.5,
        21.75,
        35.0,
        51.5,
        31.75,
        50.5,
        41.52,
        39.0,
        39.0,
        16.58,
        43.0,
        13.33,
        48.0,
        34.5,
        51.0,
        22.13,
        24.5,
        30.5,
        57.27,
        46.7,
        46.25,
        43.4,
        32.9,
        59.0,
        52.07,
        47.0,
        41.23,
        42.25,
        39.5,
        57.0,
        29.41,
        45.0,
        55.52,
        23.0,
        20.8,
        50.8,
        23.9,
        40.0,
        41.89,
        32.25,
        50.2,
        43.55,
        42.3,
        27.4,
        31.8,
        37.5,
        42.29,
        46.8,
        33.76,
        42.5,
        34.0,
        56.5,
        54.04,
        38.82,
        32.43,
        39.12,
        31.25,
        42.2,
        36.5,
        35.25,
        33.95,
        52.0,
        26.5,
        56.0,
        47.3
    ],
    "y_pred": [
        40.54114532470703,
        34.27082824707031,
        42.21364212036133,
        60.352317810058594,
        45.162837982177734,
        21.91069221496582,
        36.01761245727539,
        44.83926010131836,
        31.764976501464844,
        48.93147659301758,
        41.06800079345703,
        45.5146369934082,
        34.37702560424805,
        38.00082015991211,
        47.82835006713867,
        15.033493041992188,
        46.33320617675781,
        42.29605484008789,
        45.53963851928711,
        21.18690299987793,
        28.024629592895508,
        30.928428649902344,
        55.152496337890625,
        46.37937545776367,
        47.22829055786133,
        41.22590637207031,
        33.31663131713867,
        57.330810546875,
        53.794551849365234,
        46.96004104614258,
        46.22966003417969,
        41.11302947998047,
        37.995460510253906,
        60.352317810058594,
        30.33208656311035,
        44.155818939208984,
        56.951595306396484,
        26.542238235473633,
        21.720067977905273,
        48.93147659301758,
        25.112133026123047,
        39.94779968261719,
        44.26547622680664,
        29.603057861328125,
        46.08088302612305,
        42.639495849609375,
        43.27154541015625,
        30.27418327331543,
        29.267921447753906,
        38.597599029541016,
        39.691104888916016,
        40.26268768310547,
        33.74574279785156,
        42.546939849853516,
        34.7263069152832,
        57.54826736450195,
        52.463966369628906,
        38.42507553100586,
        35.38936233520508,
        38.89297103881836,
        31.869140625,
        39.18429183959961,
        42.00834274291992,
        35.10979461669922,
        31.864608764648438,
        50.67991256713867,
        29.048599243164062,
        53.80912780761719,
        42.748836517333984
    ]
}