{
    "Est_name": "XGB",
    "Run": 4,
    "Seed": 4012,
    "Est_params": {
        "learning_rate": 0.623,
        "n_estimators": 74,
        "max_depth": 2,
        "reg_lambda": 1.764
    },
    "R2": 0.8336816545111188,
    "R": 0.9146908289639197,
    "MAPE": 0.06715587513636546,
    "RMSE": 3.6661330284683946,
    "y_test": [
        35.3,
        49.9,
        31.25,
        27.5,
        37.75,
        27.12,
        33.85,
        25.81,
        53.25,
        43.55,
        32.25,
        41.0,
        33.0,
        33.04,
        32.0,
        42.25,
        38.78,
        27.5,
        40.5,
        44.5,
        59.5,
        35.0,
        36.0,
        46.0,
        13.33,
        39.45,
        60.25,
        52.5,
        47.0,
        34.5,
        50.75,
        31.47,
        32.5,
        42.56,
        32.25,
        31.53,
        56.38,
        41.16,
        41.89,
        39.12,
        36.5,
        43.65,
        41.25,
        23.0,
        43.76,
        58.0,
        42.3,
        27.49,
        42.0,
        34.5,
        42.37,
        45.0,
        43.5,
        42.2,
        46.87,
        44.6,
        33.0,
        44.5,
        42.2,
        51.0,
        31.8,
        22.9,
        43.5,
        32.5,
        40.0,
        42.86,
        51.5,
        45.02,
        41.78
    ],
    "y_pred": [
        35.36613845825195,
        46.31801223754883,
        29.968379974365234,
        42.766239166259766,
        45.47962951660156,
        28.43411636352539,
        34.38227462768555,
        28.566417694091797,
        56.2202262878418,
        41.8508415222168,
        32.28960037231445,
        42.24116897583008,
        30.690990447998047,
        31.233057022094727,
        34.830318450927734,
        40.97746658325195,
        37.428218841552734,
        33.697723388671875,
        37.125606536865234,
        39.80431365966797,
        57.85783004760742,
        35.713130950927734,
        34.806034088134766,
        46.547996520996094,
        15.0501708984375,
        38.89436721801758,
        59.004005432128906,
        50.368064880371094,
        44.561790466308594,
        42.76080322265625,
        48.65974807739258,
        27.69329261779785,
        33.43315124511719,
        43.416786193847656,
        31.93937110900879,
        29.99721908569336,
        49.282161712646484,
        40.20697021484375,
        44.57609939575195,
        39.8118896484375,
        40.6077880859375,
        39.8118896484375,
        40.78599548339844,
        24.9357967376709,
        39.15956497192383,
        59.08065414428711,
        40.64452362060547,
        25.405914306640625,
        40.82326889038086,
        34.896484375,
        43.963768005371094,
        45.00456237792969,
        44.83872604370117,
        52.93476867675781,
        45.013465881347656,
        44.87098693847656,
        32.27092361450195,
        42.73878860473633,
        39.56572723388672,
        51.23637771606445,
        28.360336303710938,
        21.999454498291016,
        33.575286865234375,
        33.62959289550781,
        43.280853271484375,
        41.21173858642578,
        54.3889045715332,
        44.86907958984375,
        40.94552993774414
    ]
}