{
    "Est_name": "XGB",
    "Run": 8,
    "Seed": 8935,
    "Est_params": {
        "learning_rate": 0.532,
        "n_estimators": 97,
        "max_depth": 4,
        "reg_lambda": 0.777
    },
    "R2": 0.8764862017939373,
    "R": 0.9372565398218233,
    "MAPE": 0.06067167346334625,
    "RMSE": 3.2999526269893535,
    "y_test": [
        43.07,
        33.76,
        49.0,
        48.7,
        43.65,
        45.22,
        39.45,
        26.5,
        43.4,
        20.5,
        48.0,
        33.0,
        33.5,
        43.0,
        33.41,
        22.9,
        39.5,
        43.64,
        29.41,
        31.47,
        53.5,
        42.5,
        35.0,
        22.73,
        33.4,
        48.0,
        31.97,
        56.0,
        33.95,
        62.5,
        27.5,
        39.21,
        32.9,
        33.25,
        39.53,
        48.5,
        54.25,
        27.4,
        50.5,
        23.9,
        27.49,
        27.5,
        43.5,
        35.5,
        40.1,
        41.0,
        42.03,
        56.38,
        45.02,
        39.78,
        40.75,
        47.0,
        31.67,
        29.5,
        41.23,
        25.68,
        35.0,
        38.61,
        36.0,
        43.76,
        39.0,
        39.42,
        35.25,
        22.67,
        40.03,
        58.0,
        32.5,
        47.0,
        22.5
    ],
    "y_pred": [
        42.65773010253906,
        34.83454132080078,
        52.310386657714844,
        42.76304244995117,
        39.61323547363281,
        41.101531982421875,
        38.47999572753906,
        26.043062210083008,
        44.2199821472168,
        20.84825325012207,
        47.35261535644531,
        33.82378005981445,
        32.4552116394043,
        49.46929931640625,
        31.592357635498047,
        27.813793182373047,
        37.4194450378418,
        45.01324462890625,
        27.848108291625977,
        31.978473663330078,
        53.098548889160156,
        41.38576889038086,
        38.78017807006836,
        26.924652099609375,
        34.04736328125,
        48.83749771118164,
        32.372318267822266,
        57.405696868896484,
        31.9952335357666,
        60.24425506591797,
        39.176517486572266,
        45.85983657836914,
        34.618141174316406,
        33.67348861694336,
        44.44720458984375,
        48.10624694824219,
        49.87833786010742,
        31.240564346313477,
        50.79496383666992,
        24.25687599182129,
        30.405012130737305,
        30.134275436401367,
        44.70309829711914,
        37.56466293334961,
        37.1399040222168,
        40.587501525878906,
        41.159034729003906,
        43.97085952758789,
        44.73168182373047,
        37.295108795166016,
        39.15104293823242,
        48.25352096557617,
        29.94036102294922,
        28.823530197143555,
        48.81220245361328,
        29.04750633239746,
        34.11810302734375,
        39.512367248535156,
        36.61773681640625,
        42.57883071899414,
        35.351898193359375,
        40.41623306274414,
        35.36256790161133,
        22.59709358215332,
        42.9339485168457,
        60.22904586791992,
        32.35073471069336,
        48.36082458496094,
        22.993242263793945
    ]
}