{
    "Est_name": "XGB",
    "Run": 39,
    "Seed": 1584,
    "Est_params": {
        "learning_rate": 0.315,
        "n_estimators": 71,
        "max_depth": 4,
        "reg_lambda": 0.562
    },
    "R2": 0.79585981611173,
    "R": 0.8940717375502795,
    "MAPE": 0.0859320725089631,
    "RMSE": 4.666008192922397,
    "y_test": [
        23.0,
        45.0,
        39.42,
        43.5,
        41.75,
        42.0,
        41.78,
        49.0,
        50.5,
        52.5,
        16.58,
        40.5,
        43.64,
        41.23,
        56.0,
        37.0,
        40.87,
        39.5,
        31.53,
        54.2,
        37.5,
        54.25,
        57.27,
        44.0,
        47.0,
        33.5,
        25.68,
        54.04,
        33.0,
        43.5,
        42.56,
        53.0,
        40.03,
        43.66,
        41.8,
        22.73,
        62.5,
        26.5,
        29.02,
        32.5,
        33.5,
        42.0,
        53.5,
        59.5,
        26.5,
        43.29,
        38.82,
        46.0,
        50.0,
        58.25,
        22.04,
        46.0,
        49.5,
        54.0,
        29.02,
        42.66,
        32.26,
        31.75,
        43.47,
        46.25,
        56.0,
        30.5,
        59.0,
        33.5,
        49.9,
        43.65,
        42.75,
        31.97,
        26.75
    ],
    "y_pred": [
        23.849201202392578,
        43.25468063354492,
        39.26279830932617,
        44.183162689208984,
        48.468658447265625,
        43.17182540893555,
        40.34024429321289,
        48.98243713378906,
        47.58147048950195,
        53.54536819458008,
        42.28680419921875,
        37.52241134643555,
        44.408329010009766,
        47.030147552490234,
        55.322574615478516,
        42.60445022583008,
        44.66213607788086,
        39.80977249145508,
        28.990041732788086,
        51.92948532104492,
        36.89393997192383,
        49.351383209228516,
        55.45702362060547,
        44.21772003173828,
        42.88754653930664,
        36.333133697509766,
        30.214508056640625,
        50.981788635253906,
        31.791568756103516,
        48.22514343261719,
        43.948726654052734,
        45.08427047729492,
        42.98300552368164,
        38.14889907836914,
        46.72773361206055,
        27.474294662475586,
        59.83657455444336,
        32.01013946533203,
        45.66590881347656,
        32.008056640625,
        35.98396301269531,
        42.54340744018555,
        52.55048370361328,
        58.76934814453125,
        26.565170288085938,
        44.78718948364258,
        39.770084381103516,
        46.12394714355469,
        52.09761047363281,
        59.14371871948242,
        21.335920333862305,
        44.63858413696289,
        48.29244613647461,
        53.34370803833008,
        32.50212097167969,
        41.992103576660156,
        28.13741111755371,
        31.779584884643555,
        41.96882247924805,
        46.371952056884766,
        54.928401947021484,
        31.249818801879883,
        58.08269119262695,
        32.255863189697266,
        46.58734130859375,
        41.418819427490234,
        41.335575103759766,
        26.64360237121582,
        28.632383346557617
    ]
}