{
    "Est_name": "XGB",
    "Run": 49,
    "Seed": 1291,
    "Est_params": {
        "learning_rate": 0.243,
        "n_estimators": 89,
        "max_depth": 5,
        "reg_lambda": 0.67
    },
    "R2": 0.8886176964013611,
    "R": 0.9430066794029088,
    "MAPE": 0.06850441863467888,
    "RMSE": 3.646951573636409,
    "y_test": [
        26.5,
        37.0,
        56.38,
        32.5,
        57.0,
        26.5,
        43.66,
        23.9,
        45.5,
        30.0,
        46.25,
        23.0,
        35.0,
        27.5,
        42.66,
        32.91,
        53.9,
        41.5,
        53.5,
        34.62,
        45.8,
        30.25,
        39.61,
        37.5,
        31.59,
        47.0,
        33.85,
        27.7,
        54.0,
        23.33,
        31.8,
        48.7,
        33.25,
        55.5,
        34.5,
        20.8,
        50.75,
        56.0,
        24.5,
        28.0,
        56.25,
        21.5,
        28.0,
        41.8,
        18.52,
        22.73,
        48.0,
        42.35,
        49.5,
        27.12,
        29.5,
        58.59,
        34.5,
        41.04,
        48.0,
        40.75,
        31.75,
        54.2,
        34.5,
        52.5,
        37.6,
        36.0,
        45.0,
        34.5,
        43.0,
        30.5,
        59.0,
        28.5,
        41.25
    ],
    "y_pred": [
        32.14778518676758,
        41.84082794189453,
        40.46354675292969,
        34.272098541259766,
        56.49968719482422,
        26.23590850830078,
        37.82246017456055,
        23.852663040161133,
        45.51166534423828,
        31.02741241455078,
        47.88845443725586,
        28.35865020751953,
        35.144649505615234,
        30.659082412719727,
        42.33525848388672,
        34.57365798950195,
        55.6513557434082,
        39.85715103149414,
        54.437503814697266,
        35.26933670043945,
        44.357418060302734,
        33.378726959228516,
        31.529396057128906,
        35.425113677978516,
        33.192543029785156,
        48.28243637084961,
        34.81781005859375,
        32.298683166503906,
        50.82405471801758,
        15.579922676086426,
        29.767953872680664,
        42.37940216064453,
        34.97125244140625,
        57.298465728759766,
        33.46757888793945,
        21.12929344177246,
        51.23833084106445,
        57.25802993774414,
        27.59256935119629,
        30.5505313873291,
        58.770225524902344,
        21.655128479003906,
        30.242843627929688,
        42.58985137939453,
        19.788162231445312,
        28.849506378173828,
        49.962890625,
        39.77840042114258,
        49.624935150146484,
        26.65302276611328,
        31.503002166748047,
        54.525814056396484,
        36.22498321533203,
        41.30539321899414,
        47.80631637573242,
        39.0516242980957,
        33.871253967285156,
        53.49059295654297,
        35.962745666503906,
        52.9434814453125,
        35.8109245300293,
        33.42989730834961,
        43.948917388916016,
        45.85688018798828,
        48.66144561767578,
        30.677162170410156,
        58.355018615722656,
        29.323698043823242,
        39.470401763916016
    ]
}