{
    "Est_name": "XGB",
    "Run": 30,
    "Seed": 6924,
    "Est_params": {
        "learning_rate": 0.355,
        "n_estimators": 100,
        "max_depth": 4,
        "reg_lambda": 0.635
    },
    "R2": 0.9006682015790204,
    "R": 0.9494469988428931,
    "MAPE": 0.06718865012994044,
    "RMSE": 3.5164589763730563,
    "y_test": [
        46.0,
        18.52,
        46.8,
        42.0,
        27.4,
        46.0,
        41.4,
        40.5,
        57.27,
        39.3,
        42.03,
        38.0,
        51.0,
        34.5,
        22.9,
        22.73,
        53.5,
        52.0,
        42.3,
        31.53,
        13.33,
        33.0,
        45.5,
        35.0,
        39.5,
        49.7,
        28.0,
        22.04,
        55.5,
        39.42,
        57.8,
        45.0,
        31.67,
        40.0,
        37.0,
        43.5,
        42.0,
        34.5,
        57.0,
        39.45,
        42.25,
        47.3,
        23.33,
        32.0,
        49.5,
        44.05,
        25.68,
        62.5,
        41.04,
        33.5,
        39.73,
        56.0,
        33.41,
        59.0,
        27.12,
        35.25,
        26.5,
        43.07,
        25.81,
        60.25,
        32.5,
        56.5,
        49.0,
        48.0,
        22.13,
        37.5,
        41.75,
        38.82,
        57.5
    ],
    "y_pred": [
        50.67877960205078,
        20.509000778198242,
        41.114253997802734,
        41.88949966430664,
        29.961515426635742,
        44.9517707824707,
        41.844398498535156,
        37.18214797973633,
        54.96493911743164,
        39.73273849487305,
        41.32654571533203,
        39.21244430541992,
        48.5384407043457,
        35.674991607666016,
        26.15070343017578,
        27.15224838256836,
        53.05455780029297,
        48.02511215209961,
        41.1264762878418,
        31.23943519592285,
        16.34342384338379,
        32.12931442260742,
        44.4882926940918,
        36.05219650268555,
        40.724727630615234,
        49.243011474609375,
        21.55000877380371,
        21.098663330078125,
        52.6439208984375,
        39.14841842651367,
        41.68778991699219,
        44.3121337890625,
        31.090688705444336,
        44.19327163696289,
        45.52362823486328,
        43.002357482910156,
        45.9785041809082,
        33.72281265258789,
        53.06074523925781,
        33.88071060180664,
        43.410301208496094,
        43.79007339477539,
        14.380011558532715,
        33.47557067871094,
        48.84231948852539,
        42.233551025390625,
        28.924264907836914,
        57.43619918823242,
        41.56459045410156,
        36.04144287109375,
        41.35095977783203,
        57.461097717285156,
        32.678436279296875,
        57.17955780029297,
        29.645662307739258,
        34.416378021240234,
        27.732463836669922,
        42.81578063964844,
        29.040061950683594,
        57.344669342041016,
        34.66493606567383,
        56.5516471862793,
        53.80006408691406,
        46.82115173339844,
        20.765541076660156,
        35.885921478271484,
        46.34709167480469,
        40.1705322265625,
        57.112186431884766
    ]
}