{
    "Est_name": "XGB",
    "Run": 5,
    "Seed": 3657,
    "Est_params": {
        "learning_rate": 0.533,
        "n_estimators": 46,
        "max_depth": 6,
        "reg_lambda": 4.599
    },
    "R2": 0.8901018554111629,
    "R": 0.9443758322018195,
    "MAPE": 0.06472036627426761,
    "RMSE": 3.395503657210892,
    "y_test": [
        46.5,
        34.62,
        32.5,
        59.0,
        49.0,
        58.0,
        57.27,
        33.0,
        58.25,
        35.5,
        44.75,
        36.5,
        42.5,
        39.73,
        38.78,
        45.5,
        42.2,
        33.04,
        46.0,
        32.0,
        31.53,
        42.5,
        48.0,
        43.0,
        39.12,
        37.5,
        30.0,
        31.67,
        29.6,
        15.11,
        37.6,
        44.95,
        56.0,
        49.9,
        41.0,
        30.5,
        33.76,
        43.0,
        41.0,
        38.0,
        16.58,
        33.5,
        45.5,
        37.5,
        26.25,
        30.0,
        44.5,
        22.67,
        32.9,
        34.5,
        39.0,
        54.04,
        42.03,
        52.07,
        53.5,
        52.5,
        27.4,
        50.75,
        23.33,
        40.39,
        40.5,
        38.0,
        56.5,
        37.5,
        35.75,
        23.9,
        62.5,
        43.5,
        25.81
    ],
    "y_pred": [
        42.4106559753418,
        33.3553581237793,
        32.57607650756836,
        58.73373031616211,
        49.1009521484375,
        56.03995895385742,
        56.399356842041016,
        29.69325828552246,
        59.90807342529297,
        35.02040481567383,
        45.03450012207031,
        33.313751220703125,
        41.69367599487305,
        39.652381896972656,
        37.120765686035156,
        47.32741165161133,
        42.39458084106445,
        31.572830200195312,
        50.13447570800781,
        33.7605094909668,
        31.323698043823242,
        42.279869079589844,
        51.09758377075195,
        51.70981979370117,
        40.765228271484375,
        36.18439483642578,
        32.01270294189453,
        32.47096633911133,
        28.970182418823242,
        12.327778816223145,
        38.883155822753906,
        43.946781158447266,
        51.654998779296875,
        49.768306732177734,
        39.223487854003906,
        31.271696090698242,
        33.092689514160156,
        46.61399459838867,
        41.927330017089844,
        38.26314926147461,
        36.074607849121094,
        36.13773727416992,
        45.337276458740234,
        36.15985870361328,
        28.970182418823242,
        28.431015014648438,
        42.731788635253906,
        21.87425422668457,
        33.418575286865234,
        35.68575668334961,
        37.083011627197266,
        48.84578323364258,
        40.90074920654297,
        52.42848205566406,
        52.18046569824219,
        53.92042541503906,
        30.470338821411133,
        52.55504608154297,
        14.023178100585938,
        41.248382568359375,
        36.60606384277344,
        37.72426986694336,
        56.627315521240234,
        38.84248352050781,
        34.636775970458984,
        25.195886611938477,
        59.10746383666992,
        42.441593170166016,
        27.838720321655273
    ]
}