{
    "Est_name": "XGB",
    "Run": 37,
    "Seed": 1519,
    "Est_params": {
        "learning_rate": 0.431,
        "n_estimators": 99,
        "max_depth": 6,
        "reg_lambda": 4.809
    },
    "R2": 0.8696088310734924,
    "R": 0.9334640232995635,
    "MAPE": 0.06321496154120691,
    "RMSE": 3.6114855743487198,
    "y_test": [
        25.68,
        32.26,
        46.8,
        43.66,
        30.5,
        30.25,
        45.22,
        33.5,
        41.25,
        46.5,
        40.5,
        33.6,
        57.21,
        36.0,
        28.5,
        48.0,
        43.29,
        55.5,
        53.5,
        35.5,
        29.02,
        37.5,
        52.5,
        42.35,
        48.0,
        41.89,
        35.0,
        31.75,
        43.0,
        32.25,
        22.9,
        29.5,
        42.5,
        41.4,
        39.0,
        27.5,
        50.5,
        43.64,
        30.5,
        39.45,
        56.38,
        58.25,
        22.67,
        31.97,
        59.0,
        45.0,
        39.78,
        39.5,
        36.0,
        44.5,
        27.49,
        33.5,
        40.03,
        24.67,
        18.52,
        55.84,
        41.78,
        22.73,
        53.5,
        42.0,
        33.0,
        52.0,
        30.0,
        43.4,
        22.13,
        38.0,
        56.5,
        34.5,
        47.0
    ],
    "y_pred": [
        30.44906234741211,
        29.68189811706543,
        44.56208038330078,
        37.56021499633789,
        30.60186195373535,
        33.27684020996094,
        42.66242599487305,
        32.79513931274414,
        36.408443450927734,
        43.41596221923828,
        40.842044830322266,
        33.86598205566406,
        49.02397155761719,
        34.55167007446289,
        26.742233276367188,
        47.62845230102539,
        43.83969497680664,
        52.46274948120117,
        54.73026657104492,
        36.06747817993164,
        32.471595764160156,
        37.665035247802734,
        52.974239349365234,
        40.64134979248047,
        47.7952766418457,
        45.551265716552734,
        34.76614761352539,
        34.316810607910156,
        46.18831253051758,
        32.97109603881836,
        20.997295379638672,
        30.437219619750977,
        44.8164176940918,
        39.836177825927734,
        34.60439682006836,
        43.90108871459961,
        49.84895706176758,
        44.113128662109375,
        30.585552215576172,
        36.988155364990234,
        44.79157638549805,
        59.854644775390625,
        22.375869750976562,
        28.298622131347656,
        56.942081451416016,
        46.1663932800293,
        39.33833694458008,
        38.32699966430664,
        37.20014953613281,
        45.473148345947266,
        30.718280792236328,
        33.647117614746094,
        42.72446823120117,
        26.34306526184082,
        24.42951774597168,
        46.204063415527344,
        41.426963806152344,
        26.446640014648438,
        53.458656311035156,
        42.044578552246094,
        33.11542510986328,
        48.52107238769531,
        29.04978370666504,
        44.32115173339844,
        20.663183212280273,
        38.289798736572266,
        57.268245697021484,
        32.95509719848633,
        46.09857940673828
    ]
}