{
    "Est_name": "XGB",
    "Run": 15,
    "Seed": 3582,
    "Est_params": {
        "learning_rate": 0.279,
        "n_estimators": 89,
        "max_depth": 8,
        "reg_lambda": 4.97
    },
    "R2": 0.8828686057779929,
    "R": 0.9397755593510051,
    "MAPE": 0.05831378595611122,
    "RMSE": 3.1414645995818855,
    "y_test": [
        56.0,
        46.11,
        58.5,
        33.0,
        54.04,
        47.0,
        41.0,
        40.0,
        42.5,
        38.0,
        31.59,
        41.23,
        40.52,
        33.41,
        38.78,
        53.5,
        31.8,
        34.5,
        27.12,
        33.5,
        56.25,
        57.1,
        35.0,
        44.0,
        43.65,
        40.5,
        32.25,
        41.8,
        39.3,
        28.0,
        50.75,
        18.52,
        43.64,
        50.5,
        43.4,
        41.89,
        39.8,
        40.39,
        56.38,
        52.0,
        41.16,
        27.5,
        41.89,
        53.5,
        40.1,
        35.0,
        59.0,
        34.5,
        39.12,
        45.8,
        33.0,
        43.5,
        46.0,
        57.96,
        44.6,
        26.75,
        35.25,
        41.95,
        25.81,
        34.5,
        42.0,
        43.66,
        26.5,
        33.0,
        29.02,
        27.7,
        52.5,
        36.0,
        39.5
    ],
    "y_pred": [
        56.08918762207031,
        43.31376647949219,
        56.00636291503906,
        32.45686340332031,
        50.76236343383789,
        46.87370681762695,
        39.69546890258789,
        40.25359344482422,
        42.0689697265625,
        36.19007873535156,
        31.88059425354004,
        44.60197067260742,
        36.56531524658203,
        29.595706939697266,
        37.72340393066406,
        54.42619705200195,
        31.493959426879883,
        43.102359771728516,
        31.432846069335938,
        33.09971237182617,
        58.43098831176758,
        50.34205627441406,
        37.60447311401367,
        44.124385833740234,
        41.15667724609375,
        40.92832946777344,
        29.03023910522461,
        44.154930114746094,
        38.15751266479492,
        27.00141716003418,
        53.04178237915039,
        21.886978149414062,
        44.49892807006836,
        50.02415466308594,
        44.10984420776367,
        37.88032531738281,
        41.74263381958008,
        42.350486755371094,
        43.179039001464844,
        48.902259826660156,
        42.770538330078125,
        29.37018585205078,
        45.26024627685547,
        53.368900299072266,
        37.48223114013672,
        36.69770812988281,
        59.2829704284668,
        33.638118743896484,
        39.38484573364258,
        44.568241119384766,
        31.9161319732666,
        43.967132568359375,
        46.30192947387695,
        57.64763259887695,
        43.81864547729492,
        32.19395065307617,
        31.95733070373535,
        42.62356948852539,
        30.760103225708008,
        38.69776153564453,
        39.991519927978516,
        36.07448959350586,
        24.889406204223633,
        33.34172821044922,
        30.864673614501953,
        31.547861099243164,
        54.50643539428711,
        38.057186126708984,
        40.540191650390625
    ]
}