{
    "Est_name": "XGB",
    "Run": 26,
    "Seed": 9654,
    "Est_params": {
        "learning_rate": 0.14,
        "n_estimators": 99,
        "max_depth": 6,
        "reg_lambda": 0.91
    },
    "R2": 0.8252201041405665,
    "R": 0.9094875173301308,
    "MAPE": 0.06030946177046816,
    "RMSE": 3.957414114605797,
    "y_test": [
        48.0,
        39.78,
        56.0,
        48.0,
        41.5,
        34.62,
        32.0,
        20.8,
        33.0,
        39.12,
        47.0,
        42.03,
        49.5,
        40.12,
        44.05,
        41.95,
        33.25,
        43.5,
        41.5,
        30.0,
        32.0,
        48.0,
        58.0,
        23.9,
        51.5,
        57.27,
        32.9,
        46.25,
        53.5,
        38.0,
        46.87,
        59.0,
        39.5,
        50.2,
        46.0,
        23.0,
        43.5,
        51.0,
        33.95,
        42.2,
        58.59,
        56.0,
        16.58,
        42.56,
        43.64,
        35.0,
        40.39,
        34.5,
        37.25,
        51.0,
        26.5,
        49.7,
        33.5,
        46.7,
        35.0,
        40.5,
        37.5,
        44.6,
        36.0,
        22.04,
        33.5,
        32.5,
        30.25,
        31.7,
        48.0,
        39.45,
        33.76,
        35.0,
        33.41
    ],
    "y_pred": [
        47.33482360839844,
        38.24054718017578,
        54.65062713623047,
        46.283424377441406,
        40.26409912109375,
        35.000221252441406,
        34.14874267578125,
        20.5072021484375,
        35.30156707763672,
        39.35865783691406,
        46.352577209472656,
        41.956241607666016,
        50.982200622558594,
        42.03130340576172,
        42.759033203125,
        42.407955169677734,
        35.114349365234375,
        41.50895690917969,
        47.929019927978516,
        32.14888381958008,
        33.66447067260742,
        51.20136642456055,
        58.084022521972656,
        25.411462783813477,
        48.05274963378906,
        55.531280517578125,
        32.82258987426758,
        46.11506652832031,
        52.9404411315918,
        39.2034912109375,
        45.74509048461914,
        58.324676513671875,
        38.44832992553711,
        47.191654205322266,
        49.97002029418945,
        25.213977813720703,
        44.02300262451172,
        48.059471130371094,
        32.64898681640625,
        42.46428680419922,
        56.7177734375,
        57.97209167480469,
        44.9663200378418,
        43.144081115722656,
        44.06305694580078,
        34.344764709472656,
        42.13888168334961,
        35.265647888183594,
        38.251651763916016,
        42.60421371459961,
        27.810434341430664,
        51.650718688964844,
        33.93508529663086,
        45.554847717285156,
        35.72616195678711,
        40.21821975708008,
        36.55562973022461,
        42.64201736450195,
        34.06404113769531,
        21.554351806640625,
        33.48017501831055,
        31.861492156982422,
        29.918363571166992,
        35.24127960205078,
        46.48845291137695,
        40.59025573730469,
        33.73802947998047,
        33.748538970947266,
        32.55692672729492
    ]
}