{
    "Est_name": "XGB",
    "Run": 9,
    "Seed": 1424,
    "Est_params": {
        "learning_rate": 0.352,
        "n_estimators": 100,
        "max_depth": 5,
        "reg_lambda": 4.901
    },
    "R2": 0.9179019072579572,
    "R": 0.9591568342880413,
    "MAPE": 0.059595166907678285,
    "RMSE": 2.969823205073469,
    "y_test": [
        41.16,
        56.0,
        34.5,
        43.5,
        59.0,
        35.5,
        33.41,
        37.0,
        47.0,
        53.5,
        27.5,
        39.12,
        54.0,
        22.04,
        25.68,
        40.52,
        41.89,
        56.0,
        41.8,
        30.0,
        45.23,
        49.5,
        57.0,
        40.5,
        13.33,
        40.75,
        26.5,
        20.22,
        43.65,
        41.5,
        33.5,
        39.8,
        33.0,
        50.5,
        36.0,
        54.04,
        39.73,
        35.0,
        30.5,
        31.53,
        33.76,
        37.5,
        52.0,
        41.5,
        50.2,
        53.5,
        35.0,
        28.0,
        38.61,
        51.0,
        35.75,
        55.5,
        35.75,
        53.9,
        35.25,
        39.3,
        23.0,
        44.5,
        23.9,
        26.5,
        49.5,
        25.81,
        58.59,
        48.0,
        32.25,
        42.75,
        33.0,
        45.0,
        46.25
    ],
    "y_pred": [
        43.183319091796875,
        57.60929870605469,
        35.03767776489258,
        32.483070373535156,
        57.95109939575195,
        36.8630485534668,
        28.726720809936523,
        42.342411041259766,
        43.6561393737793,
        53.448890686035156,
        36.065025329589844,
        40.007301330566406,
        51.040584564208984,
        21.492856979370117,
        27.4904727935791,
        40.79458236694336,
        43.8821907043457,
        53.82417678833008,
        45.37610626220703,
        30.104698181152344,
        43.47555923461914,
        49.691650390625,
        59.48489761352539,
        39.78841018676758,
        17.46525001525879,
        42.8514518737793,
        31.91448402404785,
        28.117015838623047,
        40.57166290283203,
        39.91230773925781,
        32.09031295776367,
        41.758819580078125,
        32.568599700927734,
        49.95314407348633,
        34.68688201904297,
        50.21355438232422,
        39.02841567993164,
        36.418949127197266,
        29.715364456176758,
        31.39029884338379,
        34.1829833984375,
        36.35042190551758,
        50.8471565246582,
        48.26937484741211,
        44.84342575073242,
        54.31758499145508,
        39.13337707519531,
        30.584470748901367,
        39.730316162109375,
        49.77943420410156,
        33.72559356689453,
        55.0945930480957,
        36.62238311767578,
        51.70785140991211,
        34.285888671875,
        38.975502014160156,
        23.360027313232422,
        45.142574310302734,
        25.803529739379883,
        26.744447708129883,
        48.74081039428711,
        30.108901977539062,
        57.65715408325195,
        46.35812759399414,
        32.05886459350586,
        41.0430793762207,
        32.94891357421875,
        44.90060806274414,
        45.00782775878906
    ]
}