{
    "Est_name": "XGB",
    "Run": 33,
    "Seed": 2547,
    "Est_params": {
        "learning_rate": 0.425,
        "n_estimators": 38,
        "max_depth": 8,
        "reg_lambda": 4.241
    },
    "R2": 0.8227858117440366,
    "R": 0.9089670310040342,
    "MAPE": 0.07740459208256302,
    "RMSE": 4.184107366172836,
    "y_test": [
        34.8,
        48.0,
        40.75,
        48.0,
        35.5,
        44.0,
        22.13,
        46.7,
        26.5,
        35.25,
        43.07,
        62.5,
        42.0,
        43.5,
        43.5,
        40.0,
        39.5,
        16.58,
        26.5,
        40.03,
        43.5,
        39.61,
        30.25,
        40.1,
        59.5,
        35.75,
        42.56,
        46.0,
        32.26,
        33.5,
        31.75,
        42.0,
        39.8,
        42.0,
        57.96,
        40.5,
        57.27,
        52.07,
        40.0,
        22.9,
        27.7,
        27.49,
        32.83,
        31.47,
        49.0,
        30.0,
        38.0,
        59.0,
        32.57,
        21.75,
        41.95,
        31.25,
        53.9,
        35.0,
        27.4,
        39.78,
        44.75,
        43.55,
        46.25,
        48.0,
        46.5,
        49.0,
        22.5,
        41.78,
        27.5,
        31.25,
        55.84,
        37.5,
        51.0
    ],
    "y_pred": [
        32.292747497558594,
        39.299964904785156,
        39.186397552490234,
        43.27144241333008,
        37.034305572509766,
        44.104209899902344,
        22.64877700805664,
        39.66440200805664,
        29.498992919921875,
        33.891265869140625,
        43.670265197753906,
        59.67705154418945,
        43.329246520996094,
        35.76728439331055,
        44.22907638549805,
        41.532432556152344,
        40.428165435791016,
        33.69283676147461,
        28.842792510986328,
        42.31013870239258,
        41.431129455566406,
        25.272171020507812,
        32.11603927612305,
        37.13162612915039,
        58.95669937133789,
        34.4476318359375,
        44.33659744262695,
        50.973697662353516,
        31.20284652709961,
        36.10988998413086,
        33.5286865234375,
        42.00426483154297,
        41.527042388916016,
        42.76949691772461,
        55.9845085144043,
        38.332244873046875,
        55.95562744140625,
        53.091793060302734,
        43.298439025878906,
        21.317378997802734,
        32.21842956542969,
        23.843305587768555,
        32.79974365234375,
        29.279855728149414,
        55.5434455871582,
        31.03553009033203,
        39.56541442871094,
        57.17988204956055,
        33.178375244140625,
        21.775020599365234,
        43.18732833862305,
        28.571577072143555,
        49.28098678588867,
        35.978084564208984,
        27.895505905151367,
        38.190406799316406,
        46.49066925048828,
        43.8859748840332,
        43.09157943725586,
        41.01089859008789,
        36.100345611572266,
        41.8956413269043,
        22.818391799926758,
        41.524658203125,
        30.07954216003418,
        33.1734504699707,
        55.599613189697266,
        37.38927459716797,
        46.987693786621094
    ]
}