{
    "Est_name": "XGB",
    "Run": 20,
    "Seed": 9195,
    "Est_params": {
        "learning_rate": 0.511,
        "n_estimators": 81,
        "max_depth": 5,
        "reg_lambda": 3.17
    },
    "R2": 0.9296442115587686,
    "R": 0.966110109694268,
    "MAPE": 0.05676826652864279,
    "RMSE": 2.5726669442999874,
    "y_test": [
        41.95,
        30.5,
        59.5,
        36.0,
        32.91,
        46.11,
        29.5,
        41.23,
        28.0,
        26.5,
        43.5,
        31.67,
        55.5,
        59.0,
        23.33,
        35.0,
        31.97,
        39.12,
        32.0,
        41.0,
        42.29,
        44.5,
        44.75,
        22.5,
        42.56,
        42.5,
        31.47,
        52.5,
        21.75,
        39.17,
        31.53,
        56.5,
        27.5,
        34.5,
        41.8,
        52.5,
        22.9,
        41.4,
        35.75,
        32.5,
        34.5,
        28.5,
        45.02,
        51.0,
        60.25,
        32.83,
        40.5,
        42.25,
        26.5,
        24.5,
        39.73,
        41.89,
        30.5,
        29.02,
        22.67,
        31.25,
        42.35,
        32.43,
        37.6,
        33.5,
        21.5,
        35.0,
        36.0,
        49.5,
        33.0,
        51.5,
        32.33,
        29.5,
        26.25
    ],
    "y_pred": [
        44.04634475708008,
        31.771940231323242,
        58.46480178833008,
        37.90975570678711,
        33.417911529541016,
        46.1224479675293,
        30.4974422454834,
        44.132389068603516,
        25.952672958374023,
        27.900802612304688,
        42.93753433227539,
        29.10807228088379,
        56.15106201171875,
        58.077423095703125,
        14.978046417236328,
        35.13762283325195,
        29.42087745666504,
        39.87358856201172,
        34.0578727722168,
        37.25801086425781,
        40.45995330810547,
        46.89105987548828,
        45.84066390991211,
        23.076980590820312,
        41.00204849243164,
        44.11581039428711,
        29.899751663208008,
        54.43870544433594,
        20.741804122924805,
        37.90175247192383,
        31.487985610961914,
        56.70669937133789,
        35.935821533203125,
        35.12244415283203,
        45.99203109741211,
        52.51704406738281,
        23.075822830200195,
        39.9977912902832,
        36.84962463378906,
        32.81867599487305,
        37.89834213256836,
        33.884925842285156,
        44.3175163269043,
        47.50516891479492,
        59.867218017578125,
        33.336517333984375,
        39.849239349365234,
        42.00572204589844,
        26.644126892089844,
        26.598064422607422,
        42.951019287109375,
        42.39521026611328,
        31.66801643371582,
        30.331768035888672,
        20.062206268310547,
        35.470706939697266,
        40.91548156738281,
        34.44452667236328,
        37.083961486816406,
        31.00568199157715,
        23.304161071777344,
        36.364768981933594,
        37.88048553466797,
        49.95930480957031,
        32.54269027709961,
        52.26245880126953,
        29.865638732910156,
        24.35985565185547,
        33.884925842285156
    ]
}