{
    "Est_name": "XGB",
    "Run": 38,
    "Seed": 6224,
    "Est_params": {
        "learning_rate": 0.534,
        "n_estimators": 97,
        "max_depth": 5,
        "reg_lambda": 1.543
    },
    "R2": 0.8747438869249313,
    "R": 0.9366099211966759,
    "MAPE": 0.05761935639562603,
    "RMSE": 3.211751111735619,
    "y_test": [
        39.61,
        44.5,
        51.0,
        57.5,
        40.87,
        34.5,
        31.47,
        42.25,
        35.75,
        40.12,
        42.75,
        33.0,
        33.41,
        60.25,
        33.85,
        42.3,
        44.05,
        32.0,
        32.0,
        32.25,
        41.95,
        28.0,
        29.0,
        33.5,
        39.12,
        43.65,
        46.0,
        27.7,
        43.5,
        48.0,
        23.9,
        42.35,
        59.0,
        32.57,
        43.66,
        35.0,
        47.0,
        33.5,
        52.07,
        43.4,
        30.5,
        36.0,
        49.9,
        30.5,
        53.5,
        40.0,
        40.1,
        57.21,
        45.5,
        22.9,
        13.33,
        36.0,
        45.22,
        32.25,
        41.0,
        57.0,
        35.25,
        40.0,
        42.56,
        33.25,
        33.6,
        48.0,
        52.5,
        49.5,
        35.5,
        43.64,
        40.03,
        50.8,
        35.75
    ],
    "y_pred": [
        27.30910301208496,
        43.96123504638672,
        47.344444274902344,
        61.22905349731445,
        36.03229522705078,
        41.985740661621094,
        29.875764846801758,
        46.72169494628906,
        36.74244689941406,
        41.772010803222656,
        42.11448669433594,
        32.506404876708984,
        30.86702537536621,
        62.010414123535156,
        33.5172119140625,
        40.645938873291016,
        44.05526351928711,
        34.35871505737305,
        33.87604522705078,
        30.6324405670166,
        42.63296890258789,
        28.7708740234375,
        29.444677352905273,
        35.98731994628906,
        40.08634567260742,
        40.08634567260742,
        42.91609191894531,
        33.59962844848633,
        40.89220428466797,
        48.533077239990234,
        24.75417709350586,
        41.268157958984375,
        56.99952697753906,
        32.59196090698242,
        37.78724670410156,
        35.40311050415039,
        53.19152069091797,
        32.85594940185547,
        54.21916961669922,
        44.40577697753906,
        29.076385498046875,
        33.977298736572266,
        47.27629852294922,
        30.521913528442383,
        52.217647552490234,
        38.922462463378906,
        38.92209243774414,
        48.8770751953125,
        46.22000503540039,
        26.199115753173828,
        14.785371780395508,
        37.472923278808594,
        41.32182693481445,
        32.26122283935547,
        35.98027038574219,
        51.64510726928711,
        32.98523712158203,
        41.73886489868164,
        42.191062927246094,
        34.44514846801758,
        33.234893798828125,
        46.634552001953125,
        54.24087142944336,
        48.22249984741211,
        36.98307800292969,
        44.50829315185547,
        46.17523956298828,
        46.73354721069336,
        35.75283432006836
    ]
}