{
    "Est_name": "XGB",
    "Run": 1,
    "Seed": 1824,
    "Est_params": {
        "learning_rate": 0.515,
        "n_estimators": 94,
        "max_depth": 5,
        "reg_lambda": 1.279
    },
    "R2": 0.8250794228566218,
    "R": 0.9118519701081925,
    "MAPE": 0.070355374076735,
    "RMSE": 3.7600850471724936,
    "y_test": [
        43.64,
        31.7,
        22.67,
        39.12,
        35.75,
        28.0,
        34.5,
        35.5,
        45.0,
        21.75,
        30.0,
        33.0,
        37.25,
        46.0,
        42.75,
        34.5,
        45.02,
        43.4,
        15.11,
        57.8,
        50.2,
        35.0,
        42.2,
        45.22,
        48.0,
        48.0,
        29.0,
        29.02,
        30.0,
        46.11,
        53.25,
        43.0,
        30.0,
        27.12,
        40.75,
        39.12,
        41.5,
        42.2,
        33.0,
        35.75,
        48.5,
        59.0,
        41.95,
        36.5,
        43.66,
        26.25,
        38.61,
        34.8,
        33.85,
        32.91,
        25.68,
        48.0,
        43.29,
        56.5,
        45.0,
        31.5,
        42.3,
        50.75,
        56.0,
        49.0,
        49.0,
        33.95,
        51.0,
        33.25,
        44.5,
        41.78,
        39.21,
        40.39,
        31.97
    ],
    "y_pred": [
        44.295074462890625,
        37.28915023803711,
        22.152313232421875,
        38.85515213012695,
        36.17731475830078,
        29.94815444946289,
        35.84090042114258,
        34.90152359008789,
        42.95307159423828,
        20.996829986572266,
        32.79227828979492,
        33.0492057800293,
        40.136531829833984,
        40.39616012573242,
        41.659507751464844,
        42.21742248535156,
        44.264617919921875,
        44.432899475097656,
        28.31490707397461,
        44.13174819946289,
        46.80173873901367,
        35.4690055847168,
        45.74924087524414,
        41.98541259765625,
        48.10137939453125,
        46.964813232421875,
        29.6302547454834,
        32.80173873901367,
        30.749378204345703,
        48.774932861328125,
        53.897151947021484,
        44.199440002441406,
        29.948720932006836,
        30.867565155029297,
        37.37173843383789,
        43.665740966796875,
        48.52226257324219,
        47.77042007446289,
        32.56493377685547,
        33.6994743347168,
        48.98163986206055,
        57.787628173828125,
        41.851566314697266,
        35.306644439697266,
        37.005897521972656,
        28.66569709777832,
        38.662227630615234,
        37.28915023803711,
        35.29689025878906,
        35.9695930480957,
        29.48433494567871,
        48.86211395263672,
        44.05624771118164,
        57.037479400634766,
        46.73496627807617,
        30.356304168701172,
        44.3943977355957,
        52.9839973449707,
        56.77931594848633,
        56.85774230957031,
        40.33483123779297,
        32.92102813720703,
        49.93022155761719,
        33.57399368286133,
        44.1419563293457,
        41.71055221557617,
        44.4681396484375,
        41.914127349853516,
        31.900108337402344
    ]
}