{
    "Est_name": "XGB",
    "Run": 47,
    "Seed": 2045,
    "Est_params": {
        "learning_rate": 0.701,
        "n_estimators": 24,
        "max_depth": 10,
        "reg_lambda": 0.408
    },
    "R2": 0.8171952546637247,
    "R": 0.9072469502436293,
    "MAPE": 0.07265149593263909,
    "RMSE": 4.091117058412534,
    "y_test": [
        47.3,
        35.25,
        32.83,
        20.22,
        53.5,
        27.5,
        45.0,
        53.25,
        29.6,
        22.67,
        37.0,
        33.25,
        35.0,
        40.0,
        42.0,
        25.68,
        22.13,
        45.5,
        37.75,
        32.5,
        55.52,
        55.5,
        52.5,
        30.0,
        49.7,
        53.0,
        51.0,
        39.21,
        46.0,
        40.75,
        43.0,
        21.5,
        26.5,
        35.0,
        39.5,
        35.5,
        39.45,
        53.5,
        42.29,
        44.5,
        44.75,
        49.0,
        33.0,
        27.12,
        30.0,
        42.03,
        47.0,
        41.0,
        48.0,
        22.9,
        39.3,
        32.26,
        40.0,
        42.35,
        39.0,
        57.96,
        48.0,
        33.0,
        56.38,
        50.5,
        43.65,
        52.5,
        28.0,
        30.0,
        41.95,
        44.95,
        42.56,
        44.5,
        34.75
    ],
    "y_pred": [
        45.64295959472656,
        33.92451095581055,
        33.79736328125,
        27.861255645751953,
        54.06975555419922,
        43.69723129272461,
        45.87688064575195,
        55.27515411376953,
        28.499479293823242,
        21.65237808227539,
        42.01218032836914,
        32.87263870239258,
        35.984615325927734,
        45.21845245361328,
        45.13561248779297,
        31.344135284423828,
        21.574146270751953,
        45.480369567871094,
        48.719093322753906,
        35.287540435791016,
        55.840030670166016,
        57.07313919067383,
        50.23383331298828,
        30.117061614990234,
        48.12239456176758,
        46.70465850830078,
        52.42855453491211,
        41.566551208496094,
        47.92097091674805,
        40.26528549194336,
        47.92414093017578,
        22.527912139892578,
        27.36382484436035,
        39.41178512573242,
        37.542724609375,
        34.49834442138672,
        33.402252197265625,
        54.17714309692383,
        40.086891174316406,
        42.876590728759766,
        45.377994537353516,
        57.206546783447266,
        30.826072692871094,
        29.50446319580078,
        31.946142196655273,
        39.96403503417969,
        47.82398223876953,
        38.03849792480469,
        47.6312255859375,
        29.360958099365234,
        37.9909782409668,
        32.096675872802734,
        41.3393669128418,
        38.2971076965332,
        34.7116584777832,
        58.48109436035156,
        47.8968505859375,
        33.456687927246094,
        41.371856689453125,
        49.89994430541992,
        38.671791076660156,
        53.632179260253906,
        30.005657196044922,
        29.860692977905273,
        42.4832878112793,
        45.224674224853516,
        43.49996566772461,
        46.015804290771484,
        32.38330078125
    ]
}