{
    "Est_name": "XGB",
    "Run": 11,
    "Seed": 6912,
    "Est_params": {
        "learning_rate": 0.447,
        "n_estimators": 83,
        "max_depth": 9,
        "reg_lambda": 1.034
    },
    "R2": 0.8797399013677049,
    "R": 0.9399192377769388,
    "MAPE": 0.06993379298392695,
    "RMSE": 3.4427231462130794,
    "y_test": [
        48.0,
        40.0,
        37.5,
        48.7,
        43.76,
        26.5,
        26.5,
        32.9,
        25.81,
        39.12,
        50.86,
        37.5,
        34.8,
        42.86,
        40.75,
        43.07,
        42.56,
        53.25,
        45.0,
        47.0,
        32.83,
        36.0,
        34.5,
        20.5,
        57.96,
        26.25,
        48.0,
        32.0,
        45.02,
        47.3,
        35.0,
        39.53,
        45.5,
        30.0,
        43.4,
        40.0,
        36.5,
        57.1,
        55.5,
        43.0,
        42.5,
        40.5,
        58.59,
        53.5,
        41.78,
        46.11,
        41.0,
        44.05,
        30.0,
        34.5,
        33.0,
        15.11,
        46.8,
        57.27,
        43.5,
        43.66,
        43.64,
        41.8,
        41.5,
        23.0,
        48.5,
        58.5,
        34.5,
        54.2,
        45.5,
        59.0,
        29.5,
        22.5,
        56.0
    ],
    "y_pred": [
        46.941402435302734,
        43.56664276123047,
        34.883724212646484,
        41.49932861328125,
        40.6574821472168,
        20.55327796936035,
        24.06479835510254,
        33.688560485839844,
        30.098806381225586,
        40.185569763183594,
        46.22232437133789,
        35.943538665771484,
        31.700380325317383,
        42.03920364379883,
        38.43107986450195,
        42.10601806640625,
        43.75639724731445,
        51.34400939941406,
        43.985450744628906,
        50.7478141784668,
        32.942787170410156,
        36.0019416809082,
        38.29649353027344,
        21.448530197143555,
        55.81350326538086,
        28.49995231628418,
        46.21747589111328,
        32.70077133178711,
        44.328392028808594,
        41.97816848754883,
        34.458126068115234,
        42.57733917236328,
        48.07958221435547,
        33.16294479370117,
        44.498374938964844,
        41.74885940551758,
        38.71577835083008,
        53.94782257080078,
        52.83518600463867,
        45.90449142456055,
        43.79866027832031,
        40.006046295166016,
        55.8286247253418,
        55.21587371826172,
        42.12395095825195,
        42.06144332885742,
        36.37750244140625,
        41.533538818359375,
        36.170658111572266,
        36.584529876708984,
        32.48316192626953,
        19.26002311706543,
        41.287532806396484,
        55.40831756591797,
        29.085948944091797,
        37.9807243347168,
        43.47374725341797,
        41.28553771972656,
        39.523189544677734,
        29.314525604248047,
        47.765899658203125,
        56.083377838134766,
        33.62723159790039,
        52.82136535644531,
        47.26450729370117,
        58.749542236328125,
        28.879592895507812,
        29.41541862487793,
        55.54838180541992
    ]
}