{
    "Est_name": "XGB",
    "Run": 28,
    "Seed": 106,
    "Est_params": {
        "learning_rate": 0.262,
        "n_estimators": 34,
        "max_depth": 10,
        "reg_lambda": 0.995
    },
    "R2": 0.7657166481331197,
    "R": 0.8752665795379954,
    "MAPE": 0.07272451049772612,
    "RMSE": 4.817156170505576,
    "y_test": [
        43.0,
        34.0,
        42.56,
        40.1,
        30.0,
        49.5,
        43.07,
        53.5,
        53.25,
        46.11,
        37.5,
        45.0,
        41.04,
        56.5,
        32.5,
        48.0,
        31.97,
        54.0,
        57.0,
        32.25,
        35.0,
        59.5,
        47.3,
        16.58,
        41.16,
        49.0,
        58.5,
        31.75,
        39.0,
        15.11,
        34.5,
        57.8,
        39.8,
        35.5,
        41.95,
        33.5,
        45.8,
        43.5,
        37.5,
        47.0,
        53.5,
        33.76,
        35.0,
        47.0,
        52.5,
        23.9,
        44.6,
        41.0,
        30.0,
        24.67,
        57.27,
        33.0,
        28.0,
        41.89,
        30.5,
        59.0,
        28.5,
        54.25,
        33.5,
        53.0,
        43.64,
        44.5,
        38.82,
        41.0,
        40.03,
        43.0,
        48.5,
        43.65,
        40.52
    ],
    "y_pred": [
        42.29581069946289,
        33.27345275878906,
        43.53548812866211,
        37.56244659423828,
        28.253530502319336,
        46.04843521118164,
        42.69972610473633,
        53.462440490722656,
        53.48244857788086,
        43.3940315246582,
        38.00099182128906,
        43.332366943359375,
        41.40868377685547,
        57.44059753417969,
        35.663639068603516,
        46.14839553833008,
        31.844711303710938,
        54.21668243408203,
        55.28872299194336,
        32.37322998046875,
        35.146080017089844,
        57.750064849853516,
        44.35487747192383,
        49.7779541015625,
        43.37265396118164,
        56.835418701171875,
        55.952857971191406,
        31.415470123291016,
        36.04033660888672,
        21.88616943359375,
        32.615901947021484,
        43.514190673828125,
        41.39946365356445,
        37.01736068725586,
        42.29746627807617,
        32.80896759033203,
        44.87395477294922,
        41.27459716796875,
        36.281585693359375,
        47.399044036865234,
        53.74010467529297,
        33.40238571166992,
        37.63254165649414,
        47.9136848449707,
        53.44778823852539,
        27.470849990844727,
        42.85400390625,
        40.97503662109375,
        31.389955520629883,
        24.762096405029297,
        55.99301528930664,
        33.042842864990234,
        29.895038604736328,
        40.129539489746094,
        30.593114852905273,
        57.750064849853516,
        29.34461784362793,
        55.84226989746094,
        31.15192413330078,
        49.52876663208008,
        44.043617248535156,
        43.31048583984375,
        38.70659255981445,
        40.815345764160156,
        41.0644645690918,
        45.929622650146484,
        46.05083084106445,
        40.50205993652344,
        38.71804428100586
    ]
}