{
    "Est_name": "XGB",
    "Run": 19,
    "Seed": 434,
    "Est_params": {
        "learning_rate": 0.521,
        "n_estimators": 28,
        "max_depth": 10,
        "reg_lambda": 4.492
    },
    "R2": 0.8742509396720968,
    "R": 0.9353028894513811,
    "MAPE": 0.07589655662464015,
    "RMSE": 3.4879079566936237,
    "y_test": [
        13.33,
        47.3,
        31.7,
        39.21,
        22.73,
        60.25,
        33.0,
        33.5,
        41.5,
        32.57,
        56.0,
        42.29,
        27.4,
        37.5,
        22.9,
        39.3,
        54.25,
        36.0,
        34.5,
        32.9,
        41.0,
        29.5,
        57.0,
        50.5,
        41.5,
        40.1,
        31.47,
        42.0,
        45.5,
        22.5,
        35.0,
        44.5,
        33.04,
        35.25,
        52.5,
        40.0,
        42.2,
        27.12,
        59.0,
        36.5,
        57.27,
        24.67,
        48.0,
        18.52,
        50.0,
        32.33,
        40.03,
        30.0,
        31.25,
        34.75,
        32.43,
        26.5,
        39.45,
        42.37,
        43.5,
        30.5,
        39.73,
        50.86,
        38.0,
        33.0,
        26.5,
        40.0,
        54.0,
        42.25,
        35.75,
        38.78,
        42.56,
        32.5,
        43.66
    ],
    "y_pred": [
        15.283469200134277,
        48.16931915283203,
        36.441734313964844,
        42.93388748168945,
        39.10258483886719,
        59.54413604736328,
        35.189266204833984,
        33.543113708496094,
        48.16727066040039,
        31.95020294189453,
        57.09609603881836,
        39.231056213378906,
        28.117746353149414,
        35.34934997558594,
        18.6074161529541,
        38.24917984008789,
        50.317100524902344,
        34.54327392578125,
        32.11167907714844,
        33.52643966674805,
        35.241943359375,
        27.929487228393555,
        55.857662200927734,
        49.75092697143555,
        39.884464263916016,
        37.14652633666992,
        28.743282318115234,
        39.977848052978516,
        45.75474548339844,
        23.308387756347656,
        34.5984992980957,
        42.901065826416016,
        32.027156829833984,
        33.11961364746094,
        49.53858184814453,
        40.558319091796875,
        49.72337341308594,
        31.58965301513672,
        58.70444869995117,
        38.924034118652344,
        56.05020523071289,
        28.434518814086914,
        47.338111877441406,
        24.477888107299805,
        47.3169059753418,
        31.116670608520508,
        45.34774398803711,
        32.40388488769531,
        29.20950698852539,
        31.695329666137695,
        37.61248779296875,
        22.107820510864258,
        37.76067352294922,
        41.49281311035156,
        42.937355041503906,
        30.440828323364258,
        41.218505859375,
        47.21491241455078,
        38.06251907348633,
        32.339298248291016,
        29.271936416625977,
        37.84342956542969,
        54.636878967285156,
        46.41124725341797,
        35.327091217041016,
        35.287452697753906,
        42.937355041503906,
        35.914432525634766,
        37.97367477416992
    ]
}