{
    "Est_name": "XGB",
    "Run": 13,
    "Seed": 488,
    "Est_params": {
        "learning_rate": 0.5,
        "n_estimators": 100,
        "max_depth": 4,
        "reg_lambda": 4.818
    },
    "R2": 0.9203633881380375,
    "R": 0.9602477339727661,
    "MAPE": 0.05942296907809759,
    "RMSE": 2.7426051285470856,
    "y_test": [
        53.5,
        41.8,
        31.67,
        39.45,
        32.33,
        35.0,
        30.0,
        41.5,
        52.5,
        33.5,
        53.9,
        46.0,
        32.5,
        43.5,
        31.75,
        40.52,
        35.25,
        33.5,
        23.9,
        46.0,
        40.5,
        33.5,
        35.5,
        41.52,
        31.5,
        39.12,
        42.0,
        25.81,
        33.0,
        42.56,
        41.0,
        44.0,
        38.61,
        33.4,
        57.0,
        53.5,
        54.25,
        39.5,
        22.04,
        43.76,
        44.5,
        42.5,
        38.78,
        36.5,
        27.12,
        42.0,
        31.53,
        28.5,
        26.5,
        50.2,
        51.5,
        37.75,
        58.0,
        21.75,
        52.0,
        56.0,
        60.25,
        42.03,
        48.0,
        27.7,
        31.25,
        37.5,
        47.0,
        13.33,
        43.66,
        35.5,
        56.5,
        37.6,
        42.56
    ],
    "y_pred": [
        57.00733947753906,
        43.307106018066406,
        31.85172462463379,
        36.36187744140625,
        30.77170753479004,
        34.26261901855469,
        32.867916107177734,
        40.23816680908203,
        54.606056213378906,
        34.451019287109375,
        52.48955535888672,
        43.18600845336914,
        34.145591735839844,
        42.802181243896484,
        32.9950065612793,
        39.477622985839844,
        32.93941116333008,
        35.89829635620117,
        27.373191833496094,
        47.546058654785156,
        41.53080368041992,
        31.314876556396484,
        34.676658630371094,
        41.85850524902344,
        31.59271812438965,
        43.98783493041992,
        43.93328857421875,
        32.57549285888672,
        34.11327362060547,
        40.689640045166016,
        36.4128303527832,
        51.87723922729492,
        38.87240219116211,
        32.890506744384766,
        59.13751220703125,
        56.20297622680664,
        54.9242057800293,
        38.17864990234375,
        21.607521057128906,
        40.861480712890625,
        43.099510192871094,
        41.882904052734375,
        36.857234954833984,
        39.4190788269043,
        32.788307189941406,
        40.37469482421875,
        34.03242111206055,
        29.575891494750977,
        27.05219841003418,
        45.36162185668945,
        50.26658248901367,
        42.580955505371094,
        57.715023040771484,
        20.790142059326172,
        49.0450325012207,
        55.813720703125,
        61.066123962402344,
        40.717620849609375,
        46.689842224121094,
        34.576690673828125,
        28.228515625,
        39.39332580566406,
        44.34267044067383,
        16.168277740478516,
        37.54270553588867,
        38.771236419677734,
        56.96133041381836,
        38.76328659057617,
        43.44336700439453
    ]
}