{
    "Est_name": "XGB",
    "Run": 3,
    "Seed": 4506,
    "Est_params": {
        "learning_rate": 0.982,
        "n_estimators": 79,
        "max_depth": 2,
        "reg_lambda": 0.312
    },
    "R2": 0.7752368633248763,
    "R": 0.882143250663797,
    "MAPE": 0.07599102953278097,
    "RMSE": 4.541877588319905,
    "y_test": [
        25.81,
        33.85,
        35.0,
        42.25,
        56.5,
        41.0,
        34.0,
        46.7,
        34.75,
        33.5,
        57.1,
        57.8,
        31.25,
        22.13,
        42.0,
        40.03,
        39.8,
        52.5,
        57.0,
        45.5,
        39.42,
        48.0,
        49.0,
        34.25,
        41.0,
        33.0,
        32.25,
        22.73,
        21.5,
        33.25,
        37.5,
        41.04,
        32.0,
        46.0,
        52.07,
        41.5,
        49.5,
        40.5,
        59.5,
        27.5,
        56.0,
        43.76,
        43.5,
        35.75,
        35.0,
        37.75,
        41.5,
        26.5,
        26.25,
        32.83,
        45.8,
        44.95,
        31.8,
        38.0,
        42.5,
        40.0,
        53.5,
        22.5,
        47.0,
        48.0,
        48.0,
        28.5,
        32.25,
        29.02,
        33.5,
        44.75,
        46.5,
        24.67,
        29.5
    ],
    "y_pred": [
        27.539676666259766,
        34.42033767700195,
        36.91917037963867,
        41.06315612792969,
        56.83625411987305,
        36.2606201171875,
        30.891830444335938,
        47.59697341918945,
        33.24039077758789,
        33.240570068359375,
        48.09360885620117,
        37.674842834472656,
        28.7556095123291,
        21.616731643676758,
        42.24753952026367,
        39.83088302612305,
        44.43194580078125,
        55.222721099853516,
        61.18770980834961,
        45.96436309814453,
        38.88625717163086,
        38.0096549987793,
        51.04936599731445,
        32.325714111328125,
        40.33946990966797,
        30.668781280517578,
        31.419466018676758,
        26.59034538269043,
        25.200254440307617,
        32.69511413574219,
        37.795841217041016,
        40.3248405456543,
        34.069332122802734,
        44.08133316040039,
        52.47791290283203,
        39.790283203125,
        49.593505859375,
        39.28141784667969,
        58.787967681884766,
        37.117671966552734,
        55.688636779785156,
        39.4677619934082,
        33.430843353271484,
        34.51787185668945,
        33.95878982543945,
        46.33382797241211,
        47.120269775390625,
        25.65639877319336,
        33.332679748535156,
        34.423431396484375,
        46.92430114746094,
        42.1276741027832,
        31.19443702697754,
        39.131065368652344,
        40.88434982299805,
        40.72330093383789,
        55.515480041503906,
        26.36474609375,
        46.45781326293945,
        47.12802505493164,
        49.45585250854492,
        33.332679748535156,
        31.425765991210938,
        43.579803466796875,
        29.577980041503906,
        46.12668228149414,
        42.137351989746094,
        24.99495506286621,
        28.59775733947754
    ]
}