{
    "Est_name": "XGB",
    "Run": 27,
    "Seed": 4557,
    "Est_params": {
        "learning_rate": 0.7,
        "n_estimators": 73,
        "max_depth": 4,
        "reg_lambda": 1.011
    },
    "R2": 0.9346578492647531,
    "R": 0.9671365646837979,
    "MAPE": 0.05323882989166932,
    "RMSE": 2.5166815751096543,
    "y_test": [
        48.0,
        39.78,
        39.61,
        39.5,
        40.12,
        53.5,
        46.5,
        53.9,
        33.5,
        33.25,
        34.5,
        50.5,
        32.25,
        44.5,
        56.38,
        35.25,
        29.0,
        51.0,
        23.0,
        15.11,
        45.8,
        40.5,
        29.5,
        36.0,
        58.0,
        31.8,
        28.5,
        35.0,
        35.5,
        43.0,
        42.03,
        48.5,
        42.2,
        49.7,
        48.0,
        52.5,
        33.41,
        25.81,
        39.0,
        41.23,
        54.2,
        33.85,
        41.78,
        32.91,
        43.4,
        27.49,
        30.25,
        20.8,
        38.0,
        48.0,
        33.5,
        26.5,
        22.04,
        30.0,
        52.5,
        31.47,
        44.05,
        45.25,
        43.0,
        43.29,
        42.3,
        57.0,
        54.25,
        26.5,
        51.0,
        43.0,
        49.5,
        25.68,
        32.83
    ],
    "y_pred": [
        46.30133819580078,
        39.592350006103516,
        31.3741512298584,
        37.535919189453125,
        41.47690200805664,
        53.58323669433594,
        43.05652618408203,
        49.87942886352539,
        33.50453186035156,
        31.809566497802734,
        38.22345733642578,
        49.99120330810547,
        30.78734588623047,
        42.91660690307617,
        51.85527038574219,
        32.49165344238281,
        30.02910804748535,
        48.972572326660156,
        25.972475051879883,
        18.95689582824707,
        45.15609359741211,
        39.503482818603516,
        34.946266174316406,
        33.46253204345703,
        58.99110794067383,
        29.78141212463379,
        32.57074737548828,
        35.23727798461914,
        36.45265197753906,
        42.92662811279297,
        40.888519287109375,
        46.796443939208984,
        41.11885070800781,
        51.25832748413086,
        47.89715576171875,
        55.28669357299805,
        32.67080307006836,
        29.775604248046875,
        39.31453323364258,
        45.1081657409668,
        53.00563049316406,
        34.239044189453125,
        41.205055236816406,
        33.920814514160156,
        43.76702117919922,
        30.65719223022461,
        30.187213897705078,
        19.56804847717285,
        37.95778274536133,
        48.07537841796875,
        32.43860626220703,
        28.02231788635254,
        22.3193359375,
        34.024723052978516,
        51.21187973022461,
        29.176483154296875,
        44.60879135131836,
        43.51920700073242,
        49.39858627319336,
        45.5885009765625,
        42.78853988647461,
        55.21786880493164,
        58.07899856567383,
        30.520341873168945,
        50.22734451293945,
        47.25458908081055,
        48.239654541015625,
        27.176870346069336,
        32.4345703125
    ]
}