{
    "Est_name": "XGB",
    "Run": 7,
    "Seed": 1679,
    "Est_params": {
        "learning_rate": 0.209,
        "n_estimators": 91,
        "max_depth": 5,
        "reg_lambda": 0.219
    },
    "R2": 0.7905593095089849,
    "R": 0.8941986438384943,
    "MAPE": 0.08916003616061811,
    "RMSE": 4.69539044605107,
    "y_test": [
        32.33,
        52.07,
        44.0,
        32.25,
        26.5,
        56.0,
        26.5,
        34.75,
        32.43,
        39.3,
        51.0,
        22.73,
        49.5,
        36.0,
        37.5,
        29.5,
        40.39,
        32.0,
        24.67,
        56.5,
        23.33,
        56.0,
        44.6,
        40.75,
        51.0,
        45.8,
        39.0,
        59.0,
        29.02,
        36.0,
        39.5,
        42.56,
        48.0,
        38.78,
        51.5,
        39.12,
        35.5,
        57.5,
        40.0,
        30.5,
        53.0,
        16.58,
        58.5,
        45.23,
        41.89,
        39.0,
        42.56,
        43.0,
        20.5,
        38.0,
        57.8,
        35.0,
        41.04,
        27.5,
        48.0,
        31.5,
        45.25,
        55.84,
        26.5,
        49.0,
        39.12,
        33.4,
        30.0,
        35.25,
        33.0,
        29.02,
        54.04,
        34.62,
        41.75
    ],
    "y_pred": [
        33.19136047363281,
        55.61240768432617,
        52.72333526611328,
        31.225379943847656,
        29.87542724609375,
        56.388702392578125,
        29.845050811767578,
        31.95027732849121,
        34.347591400146484,
        39.22011947631836,
        47.08759689331055,
        27.39548110961914,
        49.00446319580078,
        34.74648666381836,
        35.80284118652344,
        31.93134307861328,
        41.77802276611328,
        34.55044174194336,
        26.994277954101562,
        58.79437255859375,
        14.45571517944336,
        56.12419891357422,
        41.93818664550781,
        39.32565689086914,
        47.60560989379883,
        44.662994384765625,
        41.792964935302734,
        58.01380920410156,
        40.67495346069336,
        40.013179779052734,
        39.30854034423828,
        43.51604080200195,
        46.898563385009766,
        36.945655822753906,
        52.0198974609375,
        39.25711441040039,
        36.300662994384766,
        61.904727935791016,
        40.37411880493164,
        30.860876083374023,
        47.30906677246094,
        40.5047492980957,
        56.97808837890625,
        43.521183013916016,
        44.43244171142578,
        36.98524856567383,
        41.9621696472168,
        46.04176330566406,
        21.21956443786621,
        41.134342193603516,
        46.67487716674805,
        38.3907356262207,
        41.49775314331055,
        41.385128021240234,
        48.45598602294922,
        32.303646087646484,
        43.75283432006836,
        57.437705993652344,
        26.922945022583008,
        43.619205474853516,
        43.80912780761719,
        33.32783508300781,
        32.12095642089844,
        33.876399993896484,
        32.583229064941406,
        30.264728546142578,
        53.916080474853516,
        34.48420715332031,
        44.66994857788086
    ]
}