{
    "Est_name": "XGB",
    "Run": 36,
    "Seed": 1674,
    "Est_params": {
        "learning_rate": 0.536,
        "n_estimators": 99,
        "max_depth": 4,
        "reg_lambda": 1.163
    },
    "R2": 0.8627986179817348,
    "R": 0.9380749824821873,
    "MAPE": 0.06509443176534886,
    "RMSE": 3.40827916142557,
    "y_test": [
        48.0,
        58.5,
        51.5,
        50.2,
        26.75,
        31.75,
        50.75,
        40.12,
        33.41,
        42.25,
        26.5,
        42.0,
        48.0,
        29.02,
        41.89,
        48.0,
        43.29,
        39.45,
        42.56,
        32.33,
        48.7,
        37.6,
        41.25,
        45.0,
        33.0,
        39.12,
        22.13,
        31.67,
        36.0,
        57.5,
        59.0,
        35.75,
        46.5,
        49.0,
        40.5,
        45.5,
        44.0,
        43.4,
        43.55,
        37.75,
        43.5,
        42.5,
        22.9,
        30.25,
        30.0,
        52.5,
        53.25,
        47.0,
        47.0,
        39.5,
        15.11,
        39.21,
        32.0,
        43.29,
        33.25,
        44.75,
        43.64,
        41.0,
        44.95,
        41.75,
        56.38,
        41.5,
        49.9,
        39.53,
        20.8,
        55.84,
        27.5,
        40.0,
        41.95
    ],
    "y_pred": [
        48.404109954833984,
        56.72191619873047,
        50.4719123840332,
        47.832496643066406,
        31.32912254333496,
        35.11780548095703,
        52.149566650390625,
        41.26559066772461,
        32.74238967895508,
        42.5816764831543,
        26.71164894104004,
        39.318267822265625,
        41.884307861328125,
        30.839139938354492,
        42.201698303222656,
        49.942256927490234,
        44.50899124145508,
        42.23330307006836,
        43.641178131103516,
        32.46171569824219,
        48.22596740722656,
        36.33222579956055,
        36.73418045043945,
        44.41535949707031,
        33.15370559692383,
        43.81328582763672,
        21.346019744873047,
        31.673425674438477,
        37.70903396606445,
        57.366844177246094,
        58.25204849243164,
        35.7015266418457,
        38.9534797668457,
        56.17515563964844,
        40.84666442871094,
        47.29696273803711,
        53.025821685791016,
        44.24604797363281,
        44.03744125366211,
        42.38871765136719,
        48.48960876464844,
        46.244415283203125,
        28.15882682800293,
        33.99520492553711,
        33.06779479980469,
        55.61726379394531,
        54.773216247558594,
        50.60614776611328,
        49.679039001464844,
        39.21540451049805,
        20.541271209716797,
        43.77345657348633,
        33.85207748413086,
        45.018760681152344,
        32.709590911865234,
        47.397361755371094,
        44.61842346191406,
        40.50242233276367,
        44.39032745361328,
        49.98783874511719,
        47.63898468017578,
        48.22596740722656,
        49.65481948852539,
        42.15631866455078,
        20.097780227661133,
        55.99664306640625,
        34.025211334228516,
        39.002872467041016,
        42.491451263427734
    ]
}