{
    "Est_name": "XGB",
    "Run": 42,
    "Seed": 9891,
    "Est_params": {
        "learning_rate": 0.911,
        "n_estimators": 11,
        "max_depth": 10,
        "reg_lambda": 1.51
    },
    "R2": 0.8693705727577181,
    "R": 0.9394916756195119,
    "MAPE": 0.06184551879639738,
    "RMSE": 3.3587901211214355,
    "y_test": [
        45.5,
        48.7,
        38.61,
        38.0,
        42.0,
        39.5,
        54.04,
        46.7,
        32.5,
        56.25,
        23.0,
        47.0,
        30.0,
        58.5,
        39.0,
        33.0,
        25.81,
        40.75,
        39.78,
        42.03,
        23.33,
        43.47,
        41.23,
        51.5,
        37.5,
        40.1,
        22.67,
        50.0,
        33.04,
        41.89,
        35.0,
        53.5,
        44.6,
        32.25,
        20.8,
        40.75,
        30.0,
        46.8,
        41.16,
        42.3,
        57.5,
        32.25,
        59.0,
        37.25,
        30.0,
        45.22,
        42.0,
        35.0,
        56.0,
        45.02,
        54.25,
        57.5,
        23.9,
        32.43,
        33.6,
        39.17,
        33.95,
        37.5,
        41.5,
        32.83,
        50.8,
        50.86,
        43.4,
        42.75,
        49.9,
        42.0,
        35.3,
        48.0,
        35.5
    ],
    "y_pred": [
        46.081809997558594,
        42.12232208251953,
        37.6431999206543,
        39.69882583618164,
        41.578304290771484,
        30.87248992919922,
        52.62082290649414,
        48.47648620605469,
        35.562400817871094,
        58.31187057495117,
        25.704320907592773,
        47.97983932495117,
        29.525108337402344,
        52.255516052246094,
        47.280391693115234,
        29.898508071899414,
        31.227191925048828,
        42.056705474853516,
        38.381317138671875,
        41.835052490234375,
        15.147924423217773,
        42.517555236816406,
        43.88426208496094,
        44.7314567565918,
        28.823591232299805,
        37.373409271240234,
        21.927309036254883,
        50.39871597290039,
        29.983356475830078,
        41.787986755371094,
        35.3252067565918,
        55.56241226196289,
        42.8685417175293,
        31.781757354736328,
        20.75014877319336,
        39.49165344238281,
        30.71830177307129,
        46.16135787963867,
        40.47707748413086,
        43.05549240112305,
        56.877479553222656,
        32.00060272216797,
        57.07828140258789,
        42.603416442871094,
        31.694211959838867,
        40.69222640991211,
        47.39888000488281,
        29.539905548095703,
        52.84065628051758,
        44.69731903076172,
        54.131778717041016,
        61.181129455566406,
        23.790069580078125,
        35.3753776550293,
        33.771888732910156,
        42.461238861083984,
        33.32476043701172,
        30.43634033203125,
        40.93501281738281,
        33.41712188720703,
        50.55402374267578,
        50.431514739990234,
        44.55667495727539,
        40.26021957397461,
        50.99489212036133,
        39.56538009643555,
        30.18160629272461,
        47.99773406982422,
        37.46442794799805
    ]
}