{
    "Est_name": "XGB",
    "Run": 16,
    "Seed": 3811,
    "Est_params": {
        "learning_rate": 0.379,
        "n_estimators": 63,
        "max_depth": 4,
        "reg_lambda": 2.304
    },
    "R2": 0.8186079637189665,
    "R": 0.9067640957623099,
    "MAPE": 0.055409449716570934,
    "RMSE": 3.3475823837108267,
    "y_test": [
        30.0,
        53.5,
        49.5,
        36.0,
        46.0,
        49.9,
        32.83,
        33.46,
        38.0,
        42.3,
        40.39,
        32.25,
        32.91,
        31.75,
        33.25,
        49.7,
        46.0,
        51.0,
        48.0,
        35.0,
        33.5,
        47.0,
        42.25,
        43.64,
        40.5,
        30.0,
        35.5,
        50.2,
        29.0,
        55.5,
        53.5,
        52.5,
        15.11,
        47.3,
        29.5,
        37.0,
        48.0,
        39.12,
        41.95,
        43.66,
        53.25,
        43.76,
        53.5,
        56.38,
        38.78,
        51.0,
        41.04,
        39.0,
        40.0,
        46.0,
        42.0,
        37.25,
        39.0,
        39.78,
        48.0,
        34.5,
        41.5,
        35.0,
        45.0,
        36.5,
        41.8,
        39.21,
        35.0,
        41.0,
        39.5,
        36.0,
        33.04,
        33.95,
        29.6
    ],
    "y_pred": [
        30.455150604248047,
        53.885398864746094,
        48.988162994384766,
        38.296539306640625,
        45.48785400390625,
        49.65699005126953,
        32.97396469116211,
        34.035701751708984,
        38.943729400634766,
        41.40330505371094,
        42.5970573425293,
        30.251102447509766,
        34.675437927246094,
        32.67533493041992,
        33.889591217041016,
        48.875675201416016,
        48.083988189697266,
        48.7286376953125,
        47.12008285522461,
        37.892215728759766,
        32.98318099975586,
        43.18849182128906,
        40.73944854736328,
        44.51962661743164,
        41.035160064697266,
        29.834548950195312,
        36.41393280029297,
        43.47010803222656,
        30.77884864807129,
        55.65864562988281,
        52.87084197998047,
        56.10188293457031,
        19.31143569946289,
        46.229042053222656,
        31.132692337036133,
        42.593894958496094,
        44.40178298950195,
        39.58382797241211,
        42.382450103759766,
        36.399085998535156,
        54.050254821777344,
        41.028892517089844,
        55.322776794433594,
        39.235260009765625,
        36.97467041015625,
        48.19014358520508,
        40.211612701416016,
        43.67373275756836,
        42.5686149597168,
        44.7165641784668,
        40.44160461425781,
        38.92868423461914,
        35.001705169677734,
        37.585445404052734,
        48.60100555419922,
        33.46113586425781,
        40.660987854003906,
        35.77992630004883,
        51.068092346191406,
        34.679561614990234,
        45.967681884765625,
        47.003662109375,
        36.483333587646484,
        36.574974060058594,
        37.71645736694336,
        34.4077262878418,
        30.62881851196289,
        32.331634521484375,
        28.03233528137207
    ]
}