{
    "Est_name": "XGB",
    "Run": 34,
    "Seed": 3527,
    "Est_params": {
        "learning_rate": 0.6,
        "n_estimators": 79,
        "max_depth": 4,
        "reg_lambda": 3.859
    },
    "R2": 0.905423929550635,
    "R": 0.9522781813001994,
    "MAPE": 0.06290780835823895,
    "RMSE": 3.0284550086665507,
    "y_test": [
        38.0,
        26.5,
        31.75,
        48.0,
        41.95,
        50.2,
        25.81,
        43.07,
        37.5,
        31.67,
        46.11,
        47.0,
        57.5,
        41.5,
        40.75,
        35.75,
        33.0,
        44.05,
        13.33,
        33.85,
        34.0,
        42.2,
        34.75,
        30.0,
        55.5,
        29.5,
        39.45,
        39.5,
        42.5,
        20.8,
        55.5,
        41.0,
        35.3,
        29.6,
        33.5,
        26.25,
        41.78,
        58.5,
        37.75,
        33.5,
        43.66,
        60.25,
        52.5,
        24.5,
        59.0,
        42.5,
        34.5,
        33.04,
        50.8,
        45.25,
        57.0,
        30.0,
        31.7,
        33.5,
        44.5,
        53.5,
        52.5,
        45.0,
        39.0,
        40.52,
        35.0,
        34.5,
        56.5,
        30.0,
        38.0,
        34.25,
        35.0,
        43.5,
        48.0
    ],
    "y_pred": [
        38.00112533569336,
        28.371435165405273,
        32.042633056640625,
        41.850135803222656,
        40.6273078918457,
        42.56407928466797,
        30.66764259338379,
        42.35403823852539,
        35.14705276489258,
        30.592967987060547,
        48.8851203918457,
        40.08253860473633,
        60.94484329223633,
        47.57365036010742,
        43.477149963378906,
        39.968353271484375,
        34.30121994018555,
        45.30283737182617,
        15.049459457397461,
        34.422447204589844,
        34.84016036987305,
        40.2541389465332,
        30.704448699951172,
        31.879297256469727,
        50.423675537109375,
        30.917808532714844,
        38.01140213012695,
        39.728477478027344,
        44.65386199951172,
        20.98050308227539,
        57.18431091308594,
        35.2382698059082,
        31.25426483154297,
        28.873638153076172,
        31.425878524780273,
        28.873638153076172,
        41.6077880859375,
        56.76252746582031,
        41.568572998046875,
        30.972749710083008,
        38.26545333862305,
        61.826908111572266,
        51.50591278076172,
        28.371435165405273,
        60.828163146972656,
        41.60081100463867,
        40.41630554199219,
        31.37458610534668,
        50.13851547241211,
        44.8897590637207,
        60.79319381713867,
        30.6187801361084,
        34.82748794555664,
        35.685245513916016,
        45.55984115600586,
        52.95075988769531,
        53.62291717529297,
        45.375091552734375,
        40.30624008178711,
        41.54082489013672,
        36.55508804321289,
        40.91177749633789,
        57.22636413574219,
        31.94622230529785,
        39.574241638183594,
        30.966508865356445,
        38.453067779541016,
        45.12012481689453,
        43.90509033203125
    ]
}