{
    "Est_name": "XGB",
    "Run": 32,
    "Seed": 4552,
    "Est_params": {
        "learning_rate": 0.573,
        "n_estimators": 56,
        "max_depth": 3,
        "reg_lambda": 3.977
    },
    "R2": 0.8787616049204362,
    "R": 0.9400585961598924,
    "MAPE": 0.0600315896851625,
    "RMSE": 3.129584476436516,
    "y_test": [
        40.1,
        32.5,
        40.5,
        55.5,
        45.02,
        43.64,
        37.5,
        32.83,
        56.0,
        52.5,
        42.2,
        33.85,
        29.02,
        29.6,
        52.07,
        55.84,
        41.23,
        57.27,
        42.75,
        37.6,
        25.81,
        43.5,
        53.5,
        59.0,
        46.0,
        48.0,
        33.5,
        39.45,
        51.0,
        54.2,
        56.5,
        35.75,
        36.5,
        27.49,
        44.05,
        39.8,
        42.03,
        48.7,
        42.0,
        43.76,
        41.16,
        29.0,
        40.0,
        50.2,
        32.33,
        35.5,
        44.0,
        40.0,
        16.58,
        48.0,
        33.04,
        40.75,
        32.9,
        30.0,
        33.95,
        53.0,
        31.97,
        38.0,
        42.0,
        33.76,
        52.5,
        39.73,
        57.1,
        36.0,
        42.3,
        28.5,
        38.61,
        34.8,
        45.0
    ],
    "y_pred": [
        36.800418853759766,
        33.37245559692383,
        37.70643615722656,
        54.128173828125,
        45.11557388305664,
        43.34575271606445,
        39.560386657714844,
        34.33494567871094,
        53.972686767578125,
        51.39170837402344,
        43.13664245605469,
        34.12960433959961,
        30.087947845458984,
        28.222919464111328,
        50.956478118896484,
        57.33100891113281,
        43.104026794433594,
        53.089599609375,
        39.21449279785156,
        36.388206481933594,
        29.09288787841797,
        42.85406494140625,
        54.046077728271484,
        57.99144744873047,
        42.924495697021484,
        47.43196105957031,
        31.163467407226562,
        39.10352325439453,
        48.100303649902344,
        49.767250061035156,
        56.73701477050781,
        33.971832275390625,
        41.44329833984375,
        24.482177734375,
        42.05099868774414,
        42.56552505493164,
        40.818721771240234,
        45.33950424194336,
        43.552635192871094,
        39.6955680847168,
        42.58134841918945,
        30.818981170654297,
        43.09373474121094,
        46.207420349121094,
        29.97795295715332,
        39.641685485839844,
        45.06743621826172,
        39.425045013427734,
        33.69072723388672,
        42.91886520385742,
        30.577835083007812,
        39.134864807128906,
        30.6463680267334,
        30.204082489013672,
        33.714054107666016,
        49.9024658203125,
        30.059017181396484,
        36.58182144165039,
        41.72303009033203,
        33.76314926147461,
        54.76935958862305,
        40.014442443847656,
        49.882450103759766,
        34.794315338134766,
        41.19247055053711,
        28.222919464111328,
        38.80807876586914,
        33.97315979003906,
        44.24114990234375
    ]
}