{
    "Est_name": "XGB",
    "Run": 44,
    "Seed": 711,
    "Est_params": {
        "learning_rate": 0.471,
        "n_estimators": 100,
        "max_depth": 4,
        "reg_lambda": 2.19
    },
    "R2": 0.8890045524004413,
    "R": 0.9429908680093959,
    "MAPE": 0.06356660732101121,
    "RMSE": 3.1461889028978955,
    "y_test": [
        35.5,
        22.5,
        22.73,
        29.02,
        18.52,
        20.5,
        41.0,
        32.25,
        41.0,
        53.0,
        46.0,
        33.0,
        30.0,
        47.0,
        37.0,
        45.22,
        45.0,
        34.5,
        42.25,
        34.62,
        44.5,
        37.5,
        40.0,
        55.5,
        34.5,
        45.23,
        56.25,
        38.0,
        56.38,
        58.25,
        46.11,
        42.03,
        55.84,
        26.5,
        42.56,
        27.7,
        29.6,
        25.81,
        34.5,
        41.78,
        37.75,
        26.5,
        46.0,
        43.55,
        30.0,
        37.5,
        29.5,
        30.0,
        48.0,
        41.04,
        42.56,
        39.12,
        46.87,
        39.45,
        39.17,
        35.0,
        42.56,
        41.89,
        59.5,
        39.53,
        54.0,
        36.5,
        31.47,
        43.47,
        44.5,
        57.0,
        42.66,
        35.0,
        49.5
    ],
    "y_pred": [
        33.29563522338867,
        23.383056640625,
        27.74967384338379,
        38.50421142578125,
        22.629375457763672,
        20.99344825744629,
        40.16129684448242,
        30.615558624267578,
        36.58713150024414,
        44.929317474365234,
        46.656890869140625,
        33.773590087890625,
        29.396102905273438,
        44.58308410644531,
        41.510353088378906,
        40.59080505371094,
        43.009315490722656,
        37.04804229736328,
        41.6422119140625,
        35.10458755493164,
        45.676353454589844,
        37.09838104248047,
        39.90480422973633,
        54.19244384765625,
        35.99560546875,
        43.88885498046875,
        56.776729583740234,
        39.83634567260742,
        47.38243865966797,
        60.19007873535156,
        45.63276672363281,
        39.6375617980957,
        56.585784912109375,
        22.669921875,
        43.78007888793945,
        32.067604064941406,
        28.24510383605957,
        28.86749839782715,
        38.107643127441406,
        38.588966369628906,
        41.96874237060547,
        28.540380477905273,
        52.67515563964844,
        41.082088470458984,
        32.493343353271484,
        38.91534423828125,
        31.408727645874023,
        29.498119354248047,
        48.400604248046875,
        40.97914123535156,
        44.00690841674805,
        39.311431884765625,
        45.33676528930664,
        31.541906356811523,
        37.94547653198242,
        35.051334381103516,
        38.91493606567383,
        43.49054718017578,
        60.04534149169922,
        42.42439270019531,
        54.35188293457031,
        40.46426010131836,
        29.645919799804688,
        39.92367935180664,
        42.830345153808594,
        54.921539306640625,
        39.949615478515625,
        35.38937759399414,
        48.523414611816406
    ]
}