{
    "Est_name": "XGB",
    "Run": 31,
    "Seed": 5574,
    "Est_params": {
        "learning_rate": 0.568,
        "n_estimators": 26,
        "max_depth": 4,
        "reg_lambda": 2.777
    },
    "R2": 0.7716722695317011,
    "R": 0.8789539471407103,
    "MAPE": 0.08817534090416548,
    "RMSE": 4.457101804229084,
    "y_test": [
        48.0,
        39.5,
        26.5,
        41.04,
        38.82,
        36.5,
        37.5,
        30.0,
        18.52,
        50.5,
        34.25,
        42.2,
        16.58,
        49.0,
        42.0,
        13.33,
        39.5,
        42.5,
        41.23,
        39.0,
        22.67,
        44.6,
        52.5,
        32.25,
        27.4,
        48.7,
        42.56,
        50.2,
        41.95,
        47.0,
        45.5,
        40.75,
        33.5,
        45.0,
        42.75,
        56.5,
        43.47,
        42.25,
        55.5,
        43.5,
        44.95,
        39.0,
        42.03,
        35.5,
        32.5,
        33.4,
        45.25,
        43.5,
        40.5,
        49.5,
        48.0,
        53.25,
        41.0,
        53.5,
        39.8,
        32.0,
        43.64,
        33.5,
        30.25,
        53.5,
        30.0,
        58.59,
        40.75,
        33.41,
        49.0,
        32.0,
        51.0,
        48.0,
        26.5
    ],
    "y_pred": [
        50.258644104003906,
        40.504215240478516,
        26.83506965637207,
        39.479312896728516,
        38.02769088745117,
        40.32115936279297,
        35.42666244506836,
        30.1270751953125,
        23.854799270629883,
        49.71552658081055,
        32.35676193237305,
        41.56159210205078,
        41.638099670410156,
        50.22342300415039,
        47.87518310546875,
        18.128950119018555,
        35.341651916503906,
        41.834590911865234,
        41.745849609375,
        36.1115608215332,
        19.348529815673828,
        43.67621612548828,
        49.99509811401367,
        31.755725860595703,
        32.30909729003906,
        44.50151062011719,
        40.74984359741211,
        46.71101379394531,
        42.41207504272461,
        48.460899353027344,
        45.786441802978516,
        50.2495002746582,
        32.5716438293457,
        42.175384521484375,
        40.56053161621094,
        56.531211853027344,
        40.73222351074219,
        41.2934684753418,
        47.64685821533203,
        45.286930084228516,
        41.636905670166016,
        48.78245162963867,
        39.80797576904297,
        34.74229049682617,
        34.09743118286133,
        32.94927215576172,
        45.00690460205078,
        48.551292419433594,
        35.341651916503906,
        48.46321105957031,
        45.595462799072266,
        54.7164421081543,
        41.312442779541016,
        48.18533706665039,
        42.820716857910156,
        33.7205924987793,
        44.57322311401367,
        32.707035064697266,
        32.52411651611328,
        54.02872085571289,
        28.766427993774414,
        54.89897537231445,
        35.46436309814453,
        33.368934631347656,
        52.34595489501953,
        34.767032623291016,
        45.1523323059082,
        48.225852966308594,
        31.11712646484375
    ]
}