{
    "Est_name": "KNN",
    "Run": 3,
    "Seed": 4506,
    "Est_params": {
        "p": 1,
        "n_neighbors": 8,
        "weights": "distance"
    },
    "R2": 0.5363839042883422,
    "R": 0.7508394442672846,
    "MAPE": 0.14294506646419905,
    "RMSE": 6.523071449822007,
    "y_test": [
        25.81,
        33.85,
        35.0,
        42.25,
        56.5,
        41.0,
        34.0,
        46.7,
        34.75,
        33.5,
        57.1,
        57.8,
        31.25,
        22.13,
        42.0,
        40.03,
        39.8,
        52.5,
        57.0,
        45.5,
        39.42,
        48.0,
        49.0,
        34.25,
        41.0,
        33.0,
        32.25,
        22.73,
        21.5,
        33.25,
        37.5,
        41.04,
        32.0,
        46.0,
        52.07,
        41.5,
        49.5,
        40.5,
        59.5,
        27.5,
        56.0,
        43.76,
        43.5,
        35.75,
        35.0,
        37.75,
        41.5,
        26.5,
        26.25,
        32.83,
        45.8,
        44.95,
        31.8,
        38.0,
        42.5,
        40.0,
        53.5,
        22.5,
        47.0,
        48.0,
        48.0,
        28.5,
        32.25,
        29.02,
        33.5,
        44.75,
        46.5,
        24.67,
        29.5
    ],
    "y_pred": [
        33.9478468860051,
        39.45652221413563,
        39.17535053128076,
        45.406487491559524,
        56.61111111111112,
        33.56653358604572,
        42.56803794560757,
        42.77045000265792,
        35.948384483760925,
        37.65630924667599,
        46.263557578008594,
        50.58763343237979,
        35.77969014084507,
        27.689118793845406,
        41.1031504268422,
        46.13695759689676,
        45.24966704246626,
        54.09615384615384,
        48.14606896283621,
        44.850552903218826,
        42.656333271145996,
        34.338563432776326,
        57.21,
        36.43677109056285,
        40.38580976875005,
        38.645676748432685,
        36.918732834336026,
        45.48493620482553,
        26.658976296553693,
        37.09242713415147,
        38.53191305348018,
        40.17490405209741,
        32.217987146240134,
        47.85057260217171,
        51.096151723439064,
        36.01382952009075,
        43.297022070422464,
        37.60035744991077,
        57.23146002317497,
        39.208494921927446,
        46.46132502521148,
        45.50377875227504,
        34.76708698100794,
        42.473000155659506,
        38.14875459040668,
        38.66668970868721,
        48.7,
        34.76955974163086,
        32.44956866104168,
        39.05760280780363,
        42.85573551206532,
        45.23,
        34.92497677340965,
        37.84014443374355,
        41.647149133072176,
        42.15437355945105,
        51.74033034100466,
        26.15713877613181,
        36.74478814215973,
        46.57551670029786,
        46.7041591971411,
        31.697528901784697,
        37.42282836687874,
        38.027636932098666,
        37.20585804801723,
        38.020340354277835,
        48.30250855055293,
        45.040826735833015,
        30.84193901201055
    ]
}