{
    "Est_name": "KNN",
    "Run": 4,
    "Seed": 4012,
    "Est_params": {
        "p": 1,
        "n_neighbors": 3,
        "weights": "distance"
    },
    "R2": 0.5451408388245188,
    "R": 0.7544548042358367,
    "MAPE": 0.1267461352322417,
    "RMSE": 6.062847083766922,
    "y_test": [
        35.3,
        49.9,
        31.25,
        27.5,
        37.75,
        27.12,
        33.85,
        25.81,
        53.25,
        43.55,
        32.25,
        41.0,
        33.0,
        33.04,
        32.0,
        42.25,
        38.78,
        27.5,
        40.5,
        44.5,
        59.5,
        35.0,
        36.0,
        46.0,
        13.33,
        39.45,
        60.25,
        52.5,
        47.0,
        34.5,
        50.75,
        31.47,
        32.5,
        42.56,
        32.25,
        31.53,
        56.38,
        41.16,
        41.89,
        39.12,
        36.5,
        43.65,
        41.25,
        23.0,
        43.76,
        58.0,
        42.3,
        27.49,
        42.0,
        34.5,
        42.37,
        45.0,
        43.5,
        42.2,
        46.87,
        44.6,
        33.0,
        44.5,
        42.2,
        51.0,
        31.8,
        22.9,
        43.5,
        32.5,
        40.0,
        42.86,
        51.5,
        45.02,
        41.78
    ],
    "y_pred": [
        36.611922709417136,
        50.46675316022932,
        32.80581510342107,
        44.121265730290816,
        37.57079210586604,
        42.5432269517204,
        40.67951220053907,
        40.98530402649507,
        53.998000000000005,
        36.793095021176725,
        36.13537280158534,
        42.363076923076925,
        31.625000000000004,
        31.6,
        37.2948998190412,
        32.281826867336996,
        35.25,
        36.50990099009901,
        36.92307692307693,
        43.4,
        58.125,
        38.164434245035594,
        33.60550971024384,
        42.50738179158077,
        22.660046735671074,
        41.987401136775915,
        60.0,
        47.21432196508322,
        39.72182284980744,
        40.38100838936653,
        54.25,
        31.503214890016913,
        30.660412067696836,
        35.60826953982051,
        36.77566878980892,
        28.69090909090909,
        53.62836782748792,
        44.175954592863896,
        45.044999999999995,
        44.21765934659989,
        37.48804795803672,
        44.46783779229776,
        45.00382436260624,
        24.1,
        38.59982270188108,
        58.214285714285715,
        41.18,
        28.48846153846154,
        41.400000000000006,
        43.174804964539014,
        39.72574517877773,
        47.309090909090905,
        50.808,
        53.804285714285726,
        38.10106382978724,
        43.17999999999999,
        34.20307692307693,
        41.70972104818259,
        41.36042210088905,
        39.56562547098927,
        34.219762735519886,
        22.37460032626427,
        27.003754452842486,
        41.578947368421055,
        44.444709857162536,
        36.19617996446611,
        50.57487202821067,
        35.81981674293481,
        40.12018580859528
    ]
}