{
    "Est_name": "KNN",
    "Run": 45,
    "Seed": 7527,
    "Est_params": {
        "p": 1,
        "n_neighbors": 5,
        "weights": "distance"
    },
    "R2": 0.6935205213260385,
    "R": 0.8335149921190508,
    "MAPE": 0.09624811981077734,
    "RMSE": 4.868053769604322,
    "y_test": [
        30.5,
        29.6,
        48.0,
        39.8,
        40.87,
        34.5,
        34.5,
        57.21,
        32.9,
        48.7,
        42.0,
        40.75,
        41.23,
        51.5,
        48.0,
        26.5,
        41.4,
        35.75,
        39.12,
        35.0,
        29.02,
        42.03,
        46.0,
        34.5,
        41.25,
        57.96,
        49.5,
        49.7,
        35.0,
        50.5,
        29.5,
        32.25,
        42.75,
        46.0,
        40.5,
        56.5,
        60.25,
        44.5,
        43.65,
        57.27,
        33.5,
        48.0,
        42.29,
        30.5,
        43.29,
        33.5,
        43.55,
        49.0,
        56.38,
        28.5,
        22.73,
        42.25,
        40.0,
        34.62,
        44.05,
        22.04,
        39.21,
        35.3,
        30.0,
        34.5,
        47.3,
        43.0,
        56.0,
        39.3,
        52.5,
        32.43,
        43.5,
        42.56,
        33.5
    ],
    "y_pred": [
        31.957182588142604,
        30.445629742345417,
        46.253309481216455,
        45.939441359682434,
        30.669872260223848,
        38.69710186761926,
        43.67672361424919,
        46.888888888888886,
        36.82175779587104,
        41.5,
        44.170765144925916,
        42.59100737214677,
        46.74915983598586,
        50.231430498133165,
        47.07549751953014,
        31.52021221179422,
        44.17051377202879,
        40.82361935739132,
        42.66449092892066,
        36.62372185368588,
        33.974663502783386,
        39.747497523376914,
        43.67378255689146,
        33.47980352132702,
        43.57601940147964,
        50.58278372211718,
        44.18511498610059,
        38.211509225477634,
        33.093240014810554,
        50.11969634288218,
        30.361532432545722,
        34.143923831761896,
        35.776107818710805,
        46.43607878771714,
        34.971600831981426,
        57.175000000000004,
        54.70913586673608,
        43.4,
        43.12151083595455,
        48.020728569757935,
        37.37085962108066,
        50.647154015136564,
        42.231318681318676,
        26.311631677572304,
        35.98167212048124,
        33.9248708255567,
        38.4903876038656,
        46.888888888888886,
        51.1626169202048,
        28.97597674524461,
        34.526943756248734,
        38.33157445101775,
        43.27113980202708,
        40.02100474260363,
        42.46187231018174,
        22.135114645373825,
        45.90218500277103,
        36.10958785486949,
        31.86763430813791,
        36.740428203621825,
        43.624049026607715,
        46.2582750184834,
        54.98425196850394,
        35.86911391802256,
        53.044117647058826,
        41.56106836388535,
        34.0220147660032,
        42.191616575030174,
        38.30260031428304
    ]
}