{
    "Est_name": "KNN",
    "Run": 27,
    "Seed": 4557,
    "Est_params": {
        "p": 1,
        "n_neighbors": 3,
        "weights": "distance"
    },
    "R2": 0.5192178866753541,
    "R": 0.7478260111296107,
    "MAPE": 0.13539231305641422,
    "RMSE": 6.8266196749534425,
    "y_test": [
        48.0,
        39.78,
        39.61,
        39.5,
        40.12,
        53.5,
        46.5,
        53.9,
        33.5,
        33.25,
        34.5,
        50.5,
        32.25,
        44.5,
        56.38,
        35.25,
        29.0,
        51.0,
        23.0,
        15.11,
        45.8,
        40.5,
        29.5,
        36.0,
        58.0,
        31.8,
        28.5,
        35.0,
        35.5,
        43.0,
        42.03,
        48.5,
        42.2,
        49.7,
        48.0,
        52.5,
        33.41,
        25.81,
        39.0,
        41.23,
        54.2,
        33.85,
        41.78,
        32.91,
        43.4,
        27.49,
        30.25,
        20.8,
        38.0,
        48.0,
        33.5,
        26.5,
        22.04,
        30.0,
        52.5,
        31.47,
        44.05,
        45.25,
        43.0,
        43.29,
        42.3,
        57.0,
        54.25,
        26.5,
        51.0,
        43.0,
        49.5,
        25.68,
        32.83
    ],
    "y_pred": [
        36.271152197869476,
        37.885714285714286,
        38.06756571798732,
        39.61,
        29.362495141407678,
        50.065571649795245,
        47.761847251309405,
        52.913161490598235,
        47.27961973322961,
        44.32130969012686,
        41.910341531511044,
        50.58,
        36.13537280158534,
        40.98901098901099,
        53.62836782748792,
        32.021587274350395,
        28.7526432131462,
        22.391963551383515,
        23.099999999999998,
        24.218777123149874,
        44.93333333333334,
        40.26176441693683,
        34.49252718719837,
        34.635774391630655,
        58.214285714285715,
        35.96619109223653,
        42.800364180625266,
        38.164434245035594,
        32.147823462304075,
        49.90190768607867,
        36.98345914013784,
        54.38461538461539,
        44.16560337451916,
        34.45476484069028,
        47.48,
        52.50000000000001,
        39.21298511440633,
        35.795616505448756,
        42.35548592494716,
        43.63271624102238,
        50.587500000000006,
        40.67951220053907,
        41.88219512195122,
        40.811864324230854,
        44.5,
        30.452727272727277,
        31.750000000000004,
        30.24351183765502,
        48.79689772176442,
        50.059999999999995,
        30.999968976856728,
        25.349087978782784,
        22.345847066578774,
        34.08151857575031,
        47.43706861550954,
        37.80998766954377,
        42.575775487274676,
        44.00465287131138,
        48.215325693419345,
        33.530962474445,
        40.574999999999996,
        55.71428571428572,
        55.174587273714245,
        29.36331262312472,
        48.71132911392405,
        50.73666666666667,
        58.65384615384616,
        34.87414200979722,
        40.2097372810569
    ]
}