{
    "Est_name": "KNN",
    "Run": 14,
    "Seed": 1535,
    "Est_params": {
        "p": 1,
        "n_neighbors": 3,
        "weights": "distance"
    },
    "R2": 0.6631670851591289,
    "R": 0.8393344512569362,
    "MAPE": 0.1358621435320391,
    "RMSE": 6.063653697102557,
    "y_test": [
        32.25,
        58.59,
        52.5,
        47.0,
        54.0,
        28.0,
        21.75,
        40.12,
        42.0,
        40.0,
        47.3,
        42.29,
        44.0,
        40.0,
        42.0,
        56.0,
        25.81,
        16.58,
        30.5,
        43.64,
        33.4,
        23.33,
        32.5,
        44.05,
        55.84,
        37.6,
        41.0,
        33.04,
        42.56,
        41.0,
        33.76,
        39.17,
        24.67,
        46.0,
        49.0,
        58.5,
        39.12,
        54.2,
        31.59,
        42.37,
        58.25,
        32.0,
        33.0,
        35.5,
        56.5,
        50.2,
        40.5,
        41.16,
        48.0,
        20.8,
        59.0,
        37.75,
        30.0,
        34.75,
        41.8,
        42.35,
        29.41,
        49.5,
        46.0,
        39.42,
        34.62,
        45.5,
        23.0,
        53.5,
        26.5,
        41.89,
        31.7,
        59.5,
        27.5
    ],
    "y_pred": [
        36.77566878980892,
        55.17901341048234,
        52.623464153644285,
        47.46205253327055,
        52.85696643905274,
        27.5,
        31.294928898185542,
        33.92234476608805,
        37.3742057302999,
        38.3942421950956,
        45.66666666666667,
        43.06428571428571,
        51.084,
        41.956647398843934,
        46.37600791771051,
        59.67307692307692,
        35.795616505448756,
        37.11023485003793,
        31.499999999999996,
        35.51981113397352,
        38.54968152866242,
        42.64708525625455,
        41.578947368421055,
        43.400000000000006,
        44.54474665745359,
        38.42,
        42.363076923076925,
        32.666666666666664,
        40.58625343555621,
        44.249733867816296,
        40.83805603684451,
        35.67058294538943,
        43.8707102598038,
        46.14214142570855,
        51.566908425671656,
        57.44230769230769,
        43.89290322580645,
        50.587500000000006,
        39.716217077114464,
        39.98135358975662,
        57.49999999999999,
        33.79410911201393,
        37.336479379701636,
        40.23063148338589,
        59.36363636363637,
        46.40557710552546,
        38.80434782608695,
        42.835635080645154,
        45.34,
        27.106880106088234,
        57.24999999999999,
        44.491421296563416,
        29.77507907817442,
        36.65770994021441,
        37.40920304352084,
        42.85250397942941,
        32.616336633663366,
        54.57142857142856,
        45.83629797780618,
        42.567555649181934,
        42.96138528394022,
        44.85225955967556,
        23.099999999999998,
        55.65384615384615,
        33.35567923283008,
        36.039568369583534,
        36.10239329635881,
        57.55263157894738,
        36.50990099009901
    ]
}