{
    "Est_name": "KNN",
    "Run": 23,
    "Seed": 6873,
    "Est_params": {
        "p": 1,
        "n_neighbors": 3,
        "weights": "distance"
    },
    "R2": 0.32811826295951163,
    "R": 0.6320927089776759,
    "MAPE": 0.14801084607019466,
    "RMSE": 7.4057158944835235,
    "y_test": [
        22.5,
        44.5,
        35.5,
        29.5,
        41.5,
        60.25,
        37.25,
        39.45,
        43.07,
        28.0,
        51.0,
        39.12,
        44.75,
        26.75,
        42.0,
        23.0,
        41.23,
        24.67,
        20.22,
        32.9,
        35.5,
        32.91,
        40.75,
        49.0,
        56.5,
        42.0,
        40.39,
        44.0,
        40.5,
        32.5,
        56.0,
        48.0,
        43.47,
        40.0,
        49.5,
        43.55,
        39.78,
        33.0,
        35.5,
        46.7,
        46.0,
        27.7,
        51.0,
        27.5,
        32.26,
        39.5,
        43.29,
        26.5,
        46.0,
        30.0,
        29.0,
        40.75,
        37.6,
        30.0,
        35.0,
        57.0,
        33.95,
        34.5,
        29.02,
        49.9,
        41.5,
        31.75,
        41.0,
        28.0,
        53.5,
        46.5,
        42.56,
        53.5,
        40.5
    ],
    "y_pred": [
        23.227272727272727,
        43.4,
        33.39076321983004,
        36.79005293750159,
        48.7,
        60.0,
        36.70545454545455,
        43.490869565217395,
        35.54268585280834,
        33.02278888127357,
        22.391963551383515,
        43.691199999999995,
        37.15146581476092,
        37.515877371804926,
        39.09493670886076,
        24.25,
        48.4665305995043,
        43.8707102598038,
        33.06364095719984,
        38.05106157112527,
        31.53528517918143,
        39.096410102224894,
        41.284524354594446,
        43.983565153181935,
        57.900000000000006,
        44.918141225337486,
        40.26633663366337,
        32.5,
        37.576011614837014,
        27.61054236379139,
        53.785000000000004,
        50.06,
        37.96408270429931,
        37.671530093426384,
        40.41404432472144,
        36.443332767502035,
        37.24285714285715,
        37.336479379701636,
        40.71630408361691,
        45.916666666666664,
        47.24,
        55.28261487836409,
        48.71132911392405,
        35.9931506849315,
        39.410790524721115,
        42.444764975394534,
        32.54465827734165,
        38.723638132295726,
        45.83629797780618,
        32.96153846153846,
        33.67219917012448,
        37.36630663313683,
        38.42,
        35.172048487816824,
        33.521888996292,
        53.42857142857144,
        39.38270550700797,
        31.5471776086991,
        37.721084611205356,
        50.76363636363636,
        36.15384615384615,
        32.25,
        43.07923676012461,
        27.5,
        55.10000000000001,
        47.761847251309405,
        36.71248187489462,
        54.0,
        36.272542295284886
    ]
}