{
    "Est_name": "KNN",
    "Run": 26,
    "Seed": 9654,
    "Est_params": {
        "p": 1,
        "n_neighbors": 4,
        "weights": "distance"
    },
    "R2": 0.5124733677337534,
    "R": 0.7200558389191507,
    "MAPE": 0.13909046260594962,
    "RMSE": 6.6094440839046635,
    "y_test": [
        48.0,
        39.78,
        56.0,
        48.0,
        41.5,
        34.62,
        32.0,
        20.8,
        33.0,
        39.12,
        47.0,
        42.03,
        49.5,
        40.12,
        44.05,
        41.95,
        33.25,
        43.5,
        41.5,
        30.0,
        32.0,
        48.0,
        58.0,
        23.9,
        51.5,
        57.27,
        32.9,
        46.25,
        53.5,
        38.0,
        46.87,
        59.0,
        39.5,
        50.2,
        46.0,
        23.0,
        43.5,
        51.0,
        33.95,
        42.2,
        58.59,
        56.0,
        16.58,
        42.56,
        43.64,
        35.0,
        40.39,
        34.5,
        37.25,
        51.0,
        26.5,
        49.7,
        33.5,
        46.7,
        35.0,
        40.5,
        37.5,
        44.6,
        36.0,
        22.04,
        33.5,
        32.5,
        30.25,
        31.7,
        48.0,
        39.45,
        33.76,
        35.0,
        33.41
    ],
    "y_pred": [
        39.98913092503505,
        37.2161405108903,
        53.375,
        50.93176470588235,
        35.25547445255474,
        42.97405115154189,
        35.47188673043764,
        34.663450274254544,
        37.89164650339491,
        41.425769605415674,
        32.74022119034254,
        37.08428021098797,
        42.97160395249027,
        38.42155419825726,
        42.92857142857143,
        39.088749682421366,
        41.741123788754926,
        34.55053665590498,
        48.7,
        37.178983930531984,
        32.561693009697166,
        39.955257423764465,
        57.46875000000001,
        31.089433650268706,
        50.45380430192605,
        53.00000000000001,
        34.99015748031496,
        40.487130669355516,
        53.46561214129215,
        39.854306569343066,
        37.63740759197768,
        56.36538461538461,
        41.85584430948813,
        44.925976711220315,
        41.93002286187531,
        23.666666666666664,
        47.02655383717537,
        47.812746666666676,
        37.50936263029882,
        40.67625482004122,
        54.16130625516728,
        54.07894736842105,
        37.212363478651696,
        35.46033880725242,
        36.446267138716344,
        38.05339854276873,
        40.906722689075636,
        43.34858558739295,
        35.900800000000004,
        29.066914416524806,
        31.419328265505882,
        36.96849954390551,
        30.68923027239385,
        39.70202358038525,
        34.11824817518249,
        32.69421487603305,
        36.417964521264494,
        43.81666666666666,
        37.30340844213168,
        22.289564480313267,
        44.37055780078485,
        30.19398118515382,
        31.830000000000005,
        36.45432241104988,
        51.18785714285714,
        43.10130919220057,
        41.44289232949216,
        33.02268171709992,
        38.36658559051508
    ]
}