{
    "Est_name": "KNN",
    "Run": 11,
    "Seed": 6912,
    "Est_params": {
        "p": 1,
        "n_neighbors": 3,
        "weights": "distance"
    },
    "R2": 0.6297258492856266,
    "R": 0.7977547104690824,
    "MAPE": 0.11999326622977519,
    "RMSE": 6.040919087566521,
    "y_test": [
        48.0,
        40.0,
        37.5,
        48.7,
        43.76,
        26.5,
        26.5,
        32.9,
        25.81,
        39.12,
        50.86,
        37.5,
        34.8,
        42.86,
        40.75,
        43.07,
        42.56,
        53.25,
        45.0,
        47.0,
        32.83,
        36.0,
        34.5,
        20.5,
        57.96,
        26.25,
        48.0,
        32.0,
        45.02,
        47.3,
        35.0,
        39.53,
        45.5,
        30.0,
        43.4,
        40.0,
        36.5,
        57.1,
        55.5,
        43.0,
        42.5,
        40.5,
        58.59,
        53.5,
        41.78,
        46.11,
        41.0,
        44.05,
        30.0,
        34.5,
        33.0,
        15.11,
        46.8,
        57.27,
        43.5,
        43.66,
        43.64,
        41.8,
        41.5,
        23.0,
        48.5,
        58.5,
        34.5,
        54.2,
        45.5,
        59.0,
        29.5,
        22.5,
        56.0
    ],
    "y_pred": [
        45.34,
        43.015184560251974,
        36.79134108957274,
        41.5,
        38.59982270188108,
        27.581373785327493,
        29.613636363636367,
        38.05106157112527,
        39.474846866225505,
        41.31702102871789,
        38.78466329791539,
        35.345327859997845,
        35.74,
        36.19617996446611,
        43.29145416585368,
        38.87540948470004,
        40.58625343555621,
        45.554580449235765,
        44.02333333333333,
        47.46205253327055,
        37.05119822952892,
        34.635774391630655,
        39.990994945061594,
        32.43619718597898,
        45.98252313743508,
        29.35090909090909,
        48.62499999999999,
        31.64872755315633,
        36.72661392801674,
        39.89971124166086,
        39.87963756581364,
        44.48130434782608,
        44.85225955967556,
        39.33622014537902,
        44.5,
        42.28153846153846,
        37.48804795803672,
        40.78926245873518,
        53.5,
        48.155921676881285,
        45.15384615384615,
        37.17567567567568,
        51.22805184552106,
        55.75,
        41.88219512195122,
        42.29309623430963,
        32.18316831683169,
        42.739999999999995,
        45.10027575833542,
        34.55363063833336,
        31.515999999999995,
        24.218777123149874,
        49.44659848643905,
        51.66666666666668,
        27.003754452842486,
        39.50831629542397,
        35.51981113397352,
        37.30170121583264,
        36.15384615384615,
        24.25,
        54.38461538461539,
        56.37499999999999,
        31.74737575236631,
        50.587500000000006,
        45.09103710052651,
        57.39999999999999,
        30.837345406360424,
        23.227272727272727,
        53.35714285714286
    ]
}