{
    "Est_name": "KNN",
    "Run": 10,
    "Seed": 9674,
    "Est_params": {
        "p": 1,
        "n_neighbors": 6,
        "weights": "distance"
    },
    "R2": 0.659246818529664,
    "R": 0.8197964976051891,
    "MAPE": 0.13935817643486773,
    "RMSE": 6.287826523281704,
    "y_test": [
        50.2,
        34.0,
        38.0,
        56.0,
        43.5,
        57.96,
        20.8,
        42.3,
        34.62,
        28.5,
        39.0,
        42.2,
        30.0,
        45.25,
        41.23,
        33.41,
        32.83,
        45.02,
        22.73,
        15.11,
        57.8,
        31.53,
        56.0,
        32.25,
        26.5,
        44.0,
        38.78,
        33.0,
        48.0,
        45.5,
        41.0,
        58.59,
        38.82,
        40.03,
        29.5,
        26.5,
        41.52,
        42.03,
        52.5,
        39.12,
        50.8,
        53.5,
        49.9,
        47.0,
        48.0,
        58.0,
        36.5,
        53.5,
        57.0,
        52.0,
        45.0,
        33.5,
        37.5,
        18.52,
        56.25,
        40.0,
        59.0,
        48.0,
        34.5,
        31.75,
        56.5,
        37.5,
        53.25,
        45.22,
        28.5,
        31.25,
        23.0,
        46.0,
        46.25
    ],
    "y_pred": [
        42.431499058764665,
        38.90850714336377,
        35.2045170422038,
        53.873831775700936,
        27.26991775725265,
        48.35010151080752,
        37.22726692443229,
        41.347826086956516,
        37.052381912758385,
        36.42548140280814,
        37.76792663858397,
        43.94404955720173,
        37.43327619698466,
        43.95384938922317,
        47.01146006573696,
        38.02856904675002,
        38.93815121258044,
        41.77463853974862,
        38.59212292173186,
        29.243503062489943,
        51.429520142410695,
        30.451072738066134,
        50.607692020183144,
        36.36654415167479,
        34.15533248446449,
        47.26098623853212,
        35.432638856879464,
        36.70328510638298,
        42.440561964020986,
        41.8047233729108,
        33.84756703078452,
        49.02409888669598,
        41.04848424942687,
        43.36976960903799,
        37.18501023451822,
        26.328333908044378,
        39.32198138590707,
        36.5931153111462,
        51.72894999814945,
        41.81238543731088,
        50.6539239899301,
        47.25025258152114,
        50.2453570419195,
        33.58644421359087,
        48.566061556174176,
        55.633227829898566,
        37.50365271185406,
        54.10177965856063,
        54.754295808759586,
        50.046666666666674,
        42.64647064791174,
        39.152239191551736,
        37.198231748135754,
        39.445469374675916,
        56.357099907071664,
        42.45136255407626,
        55.688092729188625,
        50.9043373084602,
        32.82360251961683,
        35.29807689117114,
        55.18677238337196,
        37.07494161572583,
        47.33607734051783,
        41.75863576555936,
        29.532707799798118,
        36.0097476340694,
        24.849531542785755,
        47.860588235294124,
        44.5371217618428
    ]
}