{
    "Est_name": "KNN",
    "Run": 29,
    "Seed": 2615,
    "Est_params": {
        "p": 1,
        "n_neighbors": 4,
        "weights": "distance"
    },
    "R2": 0.5763271940675034,
    "R": 0.7610853308743313,
    "MAPE": 0.11991462736569247,
    "RMSE": 6.111746826794117,
    "y_test": [
        57.0,
        35.5,
        34.0,
        48.0,
        40.39,
        20.5,
        22.73,
        25.81,
        27.4,
        32.91,
        43.55,
        40.1,
        47.0,
        51.0,
        48.0,
        36.0,
        48.0,
        22.13,
        44.05,
        46.0,
        30.0,
        41.52,
        28.0,
        33.76,
        44.75,
        32.0,
        49.7,
        39.12,
        49.0,
        54.25,
        39.5,
        20.8,
        46.87,
        41.78,
        35.75,
        36.0,
        42.5,
        29.5,
        53.0,
        57.96,
        37.75,
        46.5,
        38.78,
        31.7,
        35.0,
        39.0,
        27.12,
        39.21,
        44.95,
        53.25,
        35.25,
        33.5,
        50.0,
        42.0,
        43.64,
        21.5,
        39.42,
        46.0,
        40.52,
        53.5,
        41.0,
        42.86,
        43.0,
        54.0,
        56.5,
        34.62,
        57.21,
        43.29,
        43.5
    ],
    "y_pred": [
        59.68000000000001,
        37.72494078045022,
        36.29066687100447,
        46.730710642839675,
        40.906722689075636,
        29.83830878824692,
        38.149225808723735,
        35.883348009454515,
        36.07213188662152,
        36.417102259979,
        41.51892447586412,
        39.4470588235294,
        37.573320571168466,
        29.066914416524806,
        48.375,
        41.24385667232258,
        39.955257423764465,
        25.199508636547176,
        43.08838684547327,
        36.16381979206777,
        30.263333333333335,
        38.73348985908749,
        28.42017286084702,
        38.606871416164275,
        37.84830177809537,
        33.00701291184484,
        36.524045543210526,
        43.56600790513833,
        47.5,
        50.75,
        38.480192307692306,
        28.994853046594987,
        35.55929129716715,
        40.852252141982866,
        35.17067184274456,
        36.116477198383684,
        33.865624962126525,
        31.06609350163628,
        47.85231531625677,
        48.994565825114464,
        38.790186110616624,
        48.05993895820569,
        35.212941176470586,
        36.3677900380574,
        38.50306906754297,
        39.58123017233139,
        39.81568984657426,
        43.608169761057034,
        45.23,
        50.49977591217307,
        34.08577572628574,
        34.4932864333307,
        46.729349067627126,
        41.662673796791445,
        37.84329762999944,
        23.680104671347515,
        41.00907563025211,
        45.99999999999999,
        35.82790036098113,
        55.81249999999999,
        38.38160583941606,
        36.678470489471955,
        48.67976022184338,
        52.84641718748495,
        58.176470588235304,
        41.855116564349984,
        47.5,
        36.749377191073386,
        40.346320763653125
    ]
}