{
    "Est_name": "KNN",
    "Run": 28,
    "Seed": 106,
    "Est_params": {
        "p": 1,
        "n_neighbors": 3,
        "weights": "distance"
    },
    "R2": 0.5473480031086616,
    "R": 0.7506392798304811,
    "MAPE": 0.12760838178473197,
    "RMSE": 6.69579628573552,
    "y_test": [
        43.0,
        34.0,
        42.56,
        40.1,
        30.0,
        49.5,
        43.07,
        53.5,
        53.25,
        46.11,
        37.5,
        45.0,
        41.04,
        56.5,
        32.5,
        48.0,
        31.97,
        54.0,
        57.0,
        32.25,
        35.0,
        59.5,
        47.3,
        16.58,
        41.16,
        49.0,
        58.5,
        31.75,
        39.0,
        15.11,
        34.5,
        57.8,
        39.8,
        35.5,
        41.95,
        33.5,
        45.8,
        43.5,
        37.5,
        47.0,
        53.5,
        33.76,
        35.0,
        47.0,
        52.5,
        23.9,
        44.6,
        41.0,
        30.0,
        24.67,
        57.27,
        33.0,
        28.0,
        41.89,
        30.5,
        59.0,
        28.5,
        54.25,
        33.5,
        53.0,
        43.64,
        44.5,
        38.82,
        41.0,
        40.03,
        43.0,
        48.5,
        43.65,
        40.52
    ],
    "y_pred": [
        48.87781322755885,
        37.72032374100719,
        40.58625343555621,
        40.769999999999996,
        33.65384615384615,
        57.71428571428572,
        39.17627115858669,
        30.807152581769877,
        49.13554003724395,
        42.29309623430963,
        35.345327859997845,
        44.02333333333333,
        42.11371900826446,
        57.72727272727273,
        41.22324449456876,
        50.677499999999995,
        30.963953488372095,
        30.902042213348548,
        54.5,
        36.29126387397064,
        34.256499348513984,
        58.057142857142864,
        45.66666666666667,
        31.91514108613441,
        43.010593108626836,
        57.21,
        57.94444444444444,
        31.46428571428571,
        37.699999999999996,
        23.339928621263347,
        31.56015452538631,
        52.64280494232007,
        45.924072831816005,
        32.56729549587299,
        37.03290201728077,
        35.17685761356601,
        44.36000000000001,
        30.06726759631741,
        37.82404594041392,
        47.319578368398254,
        55.86067585759399,
        38.93996815286624,
        34.727999999999994,
        40.29787021409311,
        54.13636363636364,
        37.56745160774916,
        43.25,
        42.93868495163463,
        32.31876545936396,
        43.69133439491699,
        51.66666666666668,
        34.20307692307693,
        31.043971135940406,
        34.02433888679339,
        31.37127766141517,
        57.699999999999996,
        37.546884489250566,
        51.953067929095134,
        30.4512893982808,
        50.47027251242846,
        35.51981113397352,
        41.792087912087915,
        40.49059405940594,
        39.30153846153846,
        39.648748159776126,
        51.684,
        54.38461538461539,
        42.14875,
        34.41457908937145
    ]
}