{
    "Est_name": "KNN",
    "Run": 18,
    "Seed": 9863,
    "Est_params": {
        "p": 1,
        "n_neighbors": 4,
        "weights": "distance"
    },
    "R2": 0.5989238862617681,
    "R": 0.7965506422926283,
    "MAPE": 0.0973224159222799,
    "RMSE": 5.604795279295256,
    "y_test": [
        48.0,
        57.0,
        43.0,
        56.0,
        34.5,
        44.95,
        45.5,
        44.05,
        44.5,
        40.0,
        48.7,
        39.0,
        35.5,
        26.5,
        43.5,
        57.1,
        42.2,
        39.45,
        57.5,
        46.0,
        55.84,
        30.25,
        26.5,
        44.0,
        56.38,
        49.5,
        32.9,
        48.0,
        57.0,
        42.0,
        26.5,
        39.3,
        56.5,
        29.02,
        35.5,
        50.86,
        22.9,
        29.6,
        45.02,
        33.5,
        43.76,
        45.22,
        43.55,
        34.8,
        39.78,
        43.5,
        42.56,
        33.04,
        50.75,
        32.83,
        58.5,
        35.0,
        56.25,
        40.1,
        44.5,
        33.5,
        43.0,
        48.0,
        40.87,
        36.5,
        41.0,
        54.04,
        47.3,
        50.0,
        35.75,
        34.75,
        33.25,
        31.8,
        40.5
    ],
    "y_pred": [
        47.41904761904762,
        53.01642764781945,
        50.77428571428572,
        51.32837663100976,
        36.95381084362649,
        45.23,
        45.166633396546565,
        42.12399086337635,
        41.95299804049641,
        40.064377702860355,
        41.5,
        38.40699689949875,
        39.248654353421195,
        33.08748139708791,
        26.24349912857483,
        45.5755861656566,
        42.81070895506244,
        41.95174798472634,
        59.00000000000001,
        35.97451701056172,
        43.899118929217735,
        31.830000000000005,
        26.54189045038212,
        49.63142857142857,
        51.33007092979778,
        57.14130434782608,
        38.3271649512153,
        34.678797495274274,
        53.44444444444445,
        45.92985728235788,
        35.92436974789916,
        40.53087492586424,
        58.25,
        34.35703549913106,
        36.749076438044504,
        45.157344904818025,
        22.625020452686115,
        28.966666666666672,
        36.616300551432396,
        30.68947107184377,
        39.16421558101286,
        41.95090909090909,
        37.29354988362637,
        35.898913526155305,
        37.24444444444444,
        34.42393510081198,
        35.14959770860418,
        33.54,
        54.25,
        37.93321237255919,
        58.52688172043011,
        37.62577030955817,
        58.38461538461539,
        39.349999999999994,
        43.4,
        35.80809039551447,
        45.77149263386206,
        50.342,
        24.80599145896671,
        38.661781775972145,
        43.86607270565953,
        48.91467813465474,
        47.04225052271432,
        44.55539791540798,
        42.9582080443828,
        35.39584454920547,
        34.37654528387641,
        30.52329133510168,
        38.48392045736564
    ]
}