{
    "Est_name": "KNN",
    "Run": 30,
    "Seed": 6924,
    "Est_params": {
        "p": 1,
        "n_neighbors": 3,
        "weights": "uniform"
    },
    "R2": 0.626338680835308,
    "R": 0.7986155869732837,
    "MAPE": 0.15251937478167543,
    "RMSE": 6.820252874737294,
    "y_test": [
        46.0,
        18.52,
        46.8,
        42.0,
        27.4,
        46.0,
        41.4,
        40.5,
        57.27,
        39.3,
        42.03,
        38.0,
        51.0,
        34.5,
        22.9,
        22.73,
        53.5,
        52.0,
        42.3,
        31.53,
        13.33,
        33.0,
        45.5,
        35.0,
        39.5,
        49.7,
        28.0,
        22.04,
        55.5,
        39.42,
        57.8,
        45.0,
        31.67,
        40.0,
        37.0,
        43.5,
        42.0,
        34.5,
        57.0,
        39.45,
        42.25,
        47.3,
        23.33,
        32.0,
        49.5,
        44.05,
        25.68,
        62.5,
        41.04,
        33.5,
        39.73,
        56.0,
        33.41,
        59.0,
        27.12,
        35.25,
        26.5,
        43.07,
        25.81,
        60.25,
        32.5,
        56.5,
        49.0,
        48.0,
        22.13,
        37.5,
        41.75,
        38.82,
        57.5
    ],
    "y_pred": [
        43.666666666666664,
        32.85,
        48.03333333333334,
        38.333333333333336,
        36.096666666666664,
        42.5,
        43.4,
        40.17666666666667,
        51.666666666666664,
        38.083333333333336,
        36.32,
        38.76333333333333,
        47.32,
        38.79,
        32.52333333333333,
        36.153333333333336,
        49.24333333333333,
        51.403333333333336,
        42.666666666666664,
        28.53,
        31.666666666666668,
        31.346666666666664,
        44.36666666666667,
        38.5,
        33.0,
        38.81,
        28.683333333333334,
        21.64,
        49.24333333333333,
        43.04,
        40.96,
        44.02333333333333,
        37.126666666666665,
        43.02,
        43.343333333333334,
        40.96333333333334,
        43.343333333333334,
        31.846666666666664,
        58.666666666666664,
        43.81,
        36.15333333333333,
        49.38666666666666,
        43.02,
        31.679999999999996,
        58.75,
        42.666666666666664,
        31.426666666666666,
        57.0,
        42.336666666666666,
        35.82666666666667,
        36.32,
        55.5,
        38.22,
        45.723333333333336,
        40.5,
        35.833333333333336,
        32.916666666666664,
        36.71333333333333,
        40.5,
        45.723333333333336,
        36.333333333333336,
        58.083333333333336,
        49.24333333333333,
        51.403333333333336,
        21.64,
        37.79333333333333,
        44.120000000000005,
        40.79666666666667,
        58.75
    ]
}