{
    "Est_name": "KNN",
    "Run": 6,
    "Seed": 2286,
    "Est_params": {
        "p": 1,
        "n_neighbors": 8,
        "weights": "distance"
    },
    "R2": 0.4923280665614084,
    "R": 0.7032646986368167,
    "MAPE": 0.14309250145752708,
    "RMSE": 6.806819638519809,
    "y_test": [
        51.0,
        39.12,
        31.8,
        45.5,
        40.5,
        44.5,
        35.0,
        33.25,
        30.0,
        57.5,
        39.45,
        34.5,
        59.0,
        57.0,
        33.4,
        23.33,
        22.73,
        22.67,
        41.52,
        51.0,
        40.75,
        56.0,
        45.22,
        34.0,
        42.3,
        32.5,
        42.75,
        26.25,
        43.0,
        43.29,
        34.5,
        57.27,
        36.5,
        33.5,
        34.75,
        46.5,
        42.56,
        39.5,
        26.75,
        37.0,
        28.0,
        37.5,
        49.9,
        54.0,
        45.0,
        56.5,
        42.2,
        42.0,
        39.0,
        52.0,
        41.78,
        43.4,
        41.0,
        55.52,
        52.07,
        29.5,
        31.97,
        26.5,
        24.67,
        29.0,
        45.5,
        45.0,
        42.5,
        54.2,
        40.0,
        39.8,
        43.47,
        22.04,
        44.0
    ],
    "y_pred": [
        34.412784317051816,
        41.80993976434344,
        35.86320092361243,
        43.00446738110138,
        36.22820939493563,
        40.28522093388562,
        34.471980879652556,
        38.60648645045741,
        35.76962687294501,
        51.55222596360559,
        36.40164100366426,
        42.50640045375418,
        45.30380619246887,
        43.051323367578505,
        38.78664215698897,
        37.634205660776004,
        42.650430586919754,
        29.578237587696368,
        42.48598989613892,
        45.51480063871008,
        41.77674699520159,
        54.83525806137115,
        41.6680339522304,
        38.68778543072978,
        39.8915563414393,
        28.163023985348214,
        37.45920748650235,
        30.69393813601086,
        47.02015703482174,
        37.498028690032854,
        31.39843302099174,
        46.43560911777409,
        41.30551464559627,
        37.066421804780646,
        35.895286855131324,
        48.30250855055293,
        36.444273986273735,
        36.810180022357414,
        35.784416286712194,
        39.260388790904,
        29.13143089014181,
        38.164913358457795,
        50.32919349786279,
        43.77135647450871,
        43.1570373712513,
        56.61111111111112,
        52.17844638441711,
        41.03542594821288,
        35.972829007844624,
        47.77799322895416,
        39.98217403726359,
        40.28522093388562,
        36.04135902438932,
        45.55247440017513,
        47.22697276837965,
        31.628293430510276,
        35.0213226829338,
        33.995550495822734,
        45.244943257779035,
        32.381377374056065,
        44.4003624319416,
        48.1923273481256,
        41.543540349197556,
        49.23786932784345,
        42.000831178170436,
        43.676451182988636,
        37.00427635586102,
        26.524416595620735,
        33.26536142235672
    ]
}