{
    "Est_name": "KNN",
    "Run": 19,
    "Seed": 434,
    "Est_params": {
        "p": 1,
        "n_neighbors": 3,
        "weights": "distance"
    },
    "R2": 0.5947481728490207,
    "R": 0.7917388570289605,
    "MAPE": 0.14649471515219978,
    "RMSE": 6.261453105059415,
    "y_test": [
        13.33,
        47.3,
        31.7,
        39.21,
        22.73,
        60.25,
        33.0,
        33.5,
        41.5,
        32.57,
        56.0,
        42.29,
        27.4,
        37.5,
        22.9,
        39.3,
        54.25,
        36.0,
        34.5,
        32.9,
        41.0,
        29.5,
        57.0,
        50.5,
        41.5,
        40.1,
        31.47,
        42.0,
        45.5,
        22.5,
        35.0,
        44.5,
        33.04,
        35.25,
        52.5,
        40.0,
        42.2,
        27.12,
        59.0,
        36.5,
        57.27,
        24.67,
        48.0,
        18.52,
        50.0,
        32.33,
        40.03,
        30.0,
        31.25,
        34.75,
        32.43,
        26.5,
        39.45,
        42.37,
        43.5,
        30.5,
        39.73,
        50.86,
        38.0,
        33.0,
        26.5,
        40.0,
        54.0,
        42.25,
        35.75,
        38.78,
        42.56,
        32.5,
        43.66
    ],
    "y_pred": [
        22.660046735671074,
        50.065822899655245,
        35.777081453531295,
        45.72665397130287,
        41.030194405200085,
        60.0,
        37.336479379701636,
        39.93202006996032,
        48.7,
        38.205414012738856,
        54.37499999999999,
        43.06428571428571,
        39.798078155028826,
        37.82404594041392,
        22.37460032626427,
        38.50655349197137,
        50.75,
        33.51758900846484,
        31.56015452538631,
        38.05106157112527,
        32.18316831683169,
        28.329993174908477,
        54.5,
        50.58,
        36.15384615384615,
        38.919999999999995,
        39.497287299630095,
        40.877245243821406,
        45.09103710052651,
        22.7,
        33.70209281551746,
        43.4,
        32.666666666666664,
        36.77838141626078,
        46.83012737804987,
        41.956647398843934,
        53.804285714285726,
        36.26402275597116,
        58.06818181818181,
        42.401275176155146,
        51.66666666666668,
        43.8707102598038,
        40.04597514153706,
        29.024926320562233,
        43.040739898225716,
        31.935155471948658,
        45.270603590779686,
        39.46002203991674,
        34.42359447586676,
        36.17458745969391,
        42.98184331535495,
        34.29050451915811,
        43.490869565217395,
        41.94289855072464,
        34.41925097175712,
        32.214285714285715,
        38.44066392769105,
        48.148207353277,
        44.75218654923394,
        34.20307692307693,
        27.581373785327493,
        36.56468486858893,
        46.33145654577841,
        45.22346414761549,
        43.50275413711584,
        35.67857142857143,
        35.26349007890374,
        41.578947368421055,
        39.50831629542397
    ]
}