{
    "Est_name": "KNN",
    "Run": 39,
    "Seed": 1584,
    "Est_params": {
        "p": 1,
        "n_neighbors": 3,
        "weights": "distance"
    },
    "R2": 0.5983056665673484,
    "R": 0.7742207482225588,
    "MAPE": 0.13829946290095108,
    "RMSE": 6.545293095772088,
    "y_test": [
        23.0,
        45.0,
        39.42,
        43.5,
        41.75,
        42.0,
        41.78,
        49.0,
        50.5,
        52.5,
        16.58,
        40.5,
        43.64,
        41.23,
        56.0,
        37.0,
        40.87,
        39.5,
        31.53,
        54.2,
        37.5,
        54.25,
        57.27,
        44.0,
        47.0,
        33.5,
        25.68,
        54.04,
        33.0,
        43.5,
        42.56,
        53.0,
        40.03,
        43.66,
        41.8,
        22.73,
        62.5,
        26.5,
        29.02,
        32.5,
        33.5,
        42.0,
        53.5,
        59.5,
        26.5,
        43.29,
        38.82,
        46.0,
        50.0,
        58.25,
        22.04,
        46.0,
        49.5,
        54.0,
        29.02,
        42.66,
        32.26,
        31.75,
        43.47,
        46.25,
        56.0,
        30.5,
        59.0,
        33.5,
        49.9,
        43.65,
        42.75,
        31.97,
        26.75
    ],
    "y_pred": [
        23.099999999999998,
        44.02333333333333,
        42.17083940117668,
        35.505859277379415,
        45.08388548144971,
        42.502165605095534,
        40.46055522590489,
        54.33363296705046,
        50.89609819430446,
        53.5,
        43.56007290304292,
        40.26176441693683,
        34.45504814501149,
        43.63271624102238,
        47.26698726280219,
        42.20805309734513,
        44.14363859107385,
        32.98514851485149,
        28.536,
        47.61925505367509,
        38.0,
        50.75,
        49.1122973281571,
        32.5,
        47.319578368398254,
        35.54908127383488,
        36.47068415602303,
        45.22087288448804,
        32.769999999999996,
        42.04134513652028,
        37.74764578865757,
        50.47027251242846,
        45.804410705900764,
        36.641713973799135,
        37.40920304352084,
        39.17237573242517,
        58.400000000000006,
        36.98019801980198,
        43.5190171465253,
        30.660412067696836,
        39.93202006996032,
        39.09493670886076,
        55.62686174504326,
        56.300000000000004,
        32.693531061645885,
        35.07372342772555,
        40.49059405940594,
        37.48976950354611,
        49.6930387026281,
        56.5,
        22.345847066578774,
        42.50738179158077,
        41.264417778866175,
        50.36584494615746,
        37.69313652210569,
        36.13055769609689,
        36.539980777445535,
        32.25,
        35.61024337142088,
        45.88571428571429,
        49.36063873911241,
        31.101818181818178,
        57.24999999999999,
        30.912810460242316,
        50.82853467503501,
        42.001666666666665,
        37.605133008617464,
        36.683786764705886,
        30.35
    ]
}