{
    "Est_name": "KNN",
    "Run": 36,
    "Seed": 1674,
    "Est_params": {
        "p": 1,
        "n_neighbors": 4,
        "weights": "distance"
    },
    "R2": 0.515749291005902,
    "R": 0.7382721780851961,
    "MAPE": 0.139943412081986,
    "RMSE": 6.403111270418856,
    "y_test": [
        48.0,
        58.5,
        51.5,
        50.2,
        26.75,
        31.75,
        50.75,
        40.12,
        33.41,
        42.25,
        26.5,
        42.0,
        48.0,
        29.02,
        41.89,
        48.0,
        43.29,
        39.45,
        42.56,
        32.33,
        48.7,
        37.6,
        41.25,
        45.0,
        33.0,
        39.12,
        22.13,
        31.67,
        36.0,
        57.5,
        59.0,
        35.75,
        46.5,
        49.0,
        40.5,
        45.5,
        44.0,
        43.4,
        43.55,
        37.75,
        43.5,
        42.5,
        22.9,
        30.25,
        30.0,
        52.5,
        53.25,
        47.0,
        47.0,
        39.5,
        15.11,
        39.21,
        32.0,
        43.29,
        33.25,
        44.75,
        43.64,
        41.0,
        44.95,
        41.75,
        56.38,
        41.5,
        49.9,
        39.53,
        20.8,
        55.84,
        27.5,
        40.0,
        41.95
    ],
    "y_pred": [
        44.908162688196626,
        56.357142857142854,
        50.43444082963157,
        46.36202814983676,
        37.9704321611178,
        35.65238729219019,
        54.25,
        32.51178321251625,
        35.849090729691405,
        34.70280003536005,
        39.250874301796706,
        40.59123615810514,
        53.72018695659972,
        34.32570741113106,
        38.264569584677844,
        41.674846028960474,
        35.8060256385985,
        43.10130919220057,
        39.79536489317996,
        32.1553161876843,
        48.52266869416461,
        37.3,
        42.09521986079746,
        42.41405158449036,
        37.0953425216265,
        43.50403162055335,
        25.2269525332072,
        36.6093458369527,
        39.24086373302798,
        57.33333333333334,
        57.16666666666666,
        44.34012211166846,
        54.32340361459578,
        57.21,
        35.4014598540146,
        47.26226618851625,
        48.90333333333333,
        44.5,
        38.34849369973821,
        38.59458191996843,
        53.371321855850596,
        35.65474602647245,
        26.803711770106812,
        36.12235809992636,
        33.25610303809951,
        53.56320045528431,
        51.326206465067784,
        37.573320571168466,
        49.43522776428953,
        41.032043304555465,
        26.867045206772755,
        44.569984720859594,
        32.561693009697166,
        33.975062551313826,
        38.38908216414617,
        36.932307239432426,
        36.446267138716344,
        42.82986725222078,
        45.23,
        45.94189117258338,
        52.71091445644887,
        48.52266869416461,
        50.33037586715588,
        42.70729455286095,
        34.663450274254544,
        43.899118929217735,
        52.718372563435175,
        40.86338540813094,
        36.67644300026496
    ]
}