{
    "Est_name": "KNN",
    "Run": 5,
    "Seed": 3657,
    "Est_params": {
        "p": 1,
        "n_neighbors": 5,
        "weights": "distance"
    },
    "R2": 0.6428877172392613,
    "R": 0.8164585281469287,
    "MAPE": 0.1358205259281246,
    "RMSE": 6.1208454861119215,
    "y_test": [
        46.5,
        34.62,
        32.5,
        59.0,
        49.0,
        58.0,
        57.27,
        33.0,
        58.25,
        35.5,
        44.75,
        36.5,
        42.5,
        39.73,
        38.78,
        45.5,
        42.2,
        33.04,
        46.0,
        32.0,
        31.53,
        42.5,
        48.0,
        43.0,
        39.12,
        37.5,
        30.0,
        31.67,
        29.6,
        15.11,
        37.6,
        44.95,
        56.0,
        49.9,
        41.0,
        30.5,
        33.76,
        43.0,
        41.0,
        38.0,
        16.58,
        33.5,
        45.5,
        37.5,
        26.25,
        30.0,
        44.5,
        22.67,
        32.9,
        34.5,
        39.0,
        54.04,
        42.03,
        52.07,
        53.5,
        52.5,
        27.4,
        50.75,
        23.33,
        40.39,
        40.5,
        38.0,
        56.5,
        37.5,
        35.75,
        23.9,
        62.5,
        43.5,
        25.81
    ],
    "y_pred": [
        48.764854358034555,
        42.04049365073133,
        29.344610522271346,
        56.49999999999999,
        43.49549175576851,
        57.02941176470588,
        48.020728569757935,
        36.229396262904984,
        57.67469879518072,
        32.824988745245264,
        41.870958924224304,
        40.01298204483326,
        40.929320928813816,
        36.75318524455718,
        36.19501776132195,
        42.1364315405611,
        41.44206407581429,
        33.026315789473685,
        38.851308473909945,
        36.283137096615405,
        31.12086954183406,
        36.655367433712236,
        49.27281941085244,
        47.88184259313614,
        42.53128079551899,
        37.18806268090001,
        30.761256387135564,
        37.05560693833359,
        31.136531477301226,
        30.762746706155234,
        37.975,
        45.23,
        40.23462642687905,
        50.55929285449834,
        38.12753846153846,
        32.11766419711979,
        40.75968562975266,
        50.05250000000001,
        44.27505166126586,
        44.26661630330803,
        37.2498159603636,
        36.11881012534158,
        41.85374954209006,
        37.517447629547966,
        31.015715428505803,
        35.27070063694268,
        43.4,
        25.494183652206846,
        35.17252659996824,
        36.638773857415465,
        40.01843829962187,
        49.12642066364366,
        38.39536600226304,
        49.69770666623374,
        54.76784160013296,
        52.45778663177982,
        37.26895931728412,
        54.25,
        42.597807666956136,
        40.25191411397898,
        40.19007026429361,
        37.26476923076923,
        48.59081958604998,
        37.38772236201727,
        43.72932613979206,
        38.13486407564419,
        55.074413561994874,
        39.763459819557575,
        33.20984878983559
    ]
}