{
    "Est_name": "KNN",
    "Run": 43,
    "Seed": 4333,
    "Est_params": {
        "p": 1,
        "n_neighbors": 2,
        "weights": "distance"
    },
    "R2": 0.5642902134073395,
    "R": 0.7522389098884897,
    "MAPE": 0.1461547107580151,
    "RMSE": 6.734987608080992,
    "y_test": [
        42.2,
        24.67,
        57.27,
        16.58,
        33.04,
        20.22,
        31.59,
        40.87,
        39.5,
        55.84,
        35.0,
        31.97,
        47.0,
        42.86,
        44.95,
        20.5,
        35.0,
        50.86,
        41.5,
        33.0,
        43.66,
        25.81,
        47.3,
        42.0,
        38.0,
        18.52,
        41.4,
        37.75,
        54.04,
        43.29,
        56.5,
        45.25,
        39.73,
        58.59,
        33.85,
        62.5,
        43.5,
        33.5,
        26.5,
        59.0,
        34.8,
        50.75,
        45.02,
        43.47,
        46.7,
        43.65,
        53.5,
        52.5,
        32.26,
        45.0,
        29.0,
        35.25,
        38.61,
        45.0,
        51.5,
        54.2,
        36.0,
        39.21,
        38.0,
        30.0,
        42.5,
        42.56,
        43.07,
        56.0,
        41.75,
        34.75,
        46.87,
        55.5,
        33.0
    ],
    "y_pred": [
        39.41637168141593,
        47.48687838884585,
        49.5,
        36.56935463420819,
        32.5,
        28.64901349948079,
        32.68333333333333,
        35.91719751851111,
        28.26923076923077,
        49.04046494373685,
        44.18448139350752,
        42.90088204038257,
        47.39800051710765,
        37.0551937457512,
        45.23,
        22.081666666666667,
        39.219698902781325,
        45.849670263788965,
        34.66666666666667,
        38.03165979767703,
        42.29760539910015,
        37.495296912114014,
        44.15,
        41.11,
        47.55977830562153,
        21.11666666666667,
        42.199999999999996,
        38.76590804303279,
        44.6675,
        32.70631123919308,
        57.9,
        43.566112430720516,
        37.59345353675451,
        53.88462157809983,
        40.25852981969486,
        58.87500000000001,
        33.75910756501182,
        40.009275163174166,
        32.905242249571586,
        57.49999999999999,
        34.650000000000006,
        54.25,
        37.35721220527045,
        35.96316227461858,
        47.25,
        42.17,
        52.12825216186875,
        51.957126903276766,
        43.04009117918246,
        43.559999999999995,
        31.09036144578313,
        33.844757750428414,
        35.91701803051318,
        53.900000000000006,
        50.699999999999996,
        47.135000000000005,
        35.5,
        48.751886954284245,
        41.57333333333334,
        34.27777777777778,
        36.2319873317498,
        34.26357585877863,
        37.97441054091539,
        49.5,
        44.37,
        36.04739729522838,
        37.28993881713121,
        52.50415843953809,
        32.51555555555556
    ]
}