{
    "Est_name": "KNN",
    "Run": 24,
    "Seed": 3611,
    "Est_params": {
        "p": 1,
        "n_neighbors": 8,
        "weights": "distance"
    },
    "R2": 0.6146137561610971,
    "R": 0.8073565725731632,
    "MAPE": 0.144568296125638,
    "RMSE": 6.129491275594416,
    "y_test": [
        26.5,
        41.0,
        44.5,
        42.0,
        39.5,
        33.5,
        35.0,
        48.0,
        37.5,
        57.27,
        41.5,
        57.0,
        37.6,
        32.91,
        45.5,
        21.75,
        30.5,
        26.5,
        29.6,
        48.0,
        53.9,
        29.5,
        26.75,
        44.6,
        39.3,
        13.33,
        40.0,
        35.0,
        22.13,
        35.0,
        46.8,
        35.0,
        47.0,
        48.0,
        33.04,
        49.9,
        53.25,
        26.5,
        41.16,
        38.0,
        56.25,
        33.4,
        40.75,
        16.58,
        53.5,
        38.61,
        27.49,
        45.23,
        56.0,
        39.73,
        43.64,
        31.25,
        22.04,
        28.5,
        41.78,
        33.76,
        49.5,
        29.5,
        31.75,
        32.57,
        31.7,
        47.3,
        40.12,
        45.0,
        33.5,
        46.7,
        52.07,
        35.5,
        34.5
    ],
    "y_pred": [
        26.680121156613485,
        42.7403936897527,
        41.7523057302995,
        40.5396965391705,
        37.7671009300389,
        33.6883728177117,
        37.08416919185914,
        45.93975245698457,
        37.72057745140892,
        46.314641597749834,
        48.7,
        56.51891035469693,
        39.91938892689069,
        40.10160180573267,
        42.40253034805242,
        38.96357491152607,
        32.116558596613956,
        26.7794190648226,
        33.019131156242736,
        48.214085570469805,
        51.269337901597176,
        30.365494437745795,
        36.38236520413936,
        43.26253568465268,
        38.153486040675716,
        29.384728870670003,
        43.580505081457744,
        35.1488880369333,
        33.32861915887485,
        35.41703693316058,
        49.438202206210015,
        37.755212526819946,
        36.60762771183814,
        33.5078034889605,
        32.56228322539974,
        50.303267977829144,
        45.6475482367021,
        35.76960442156299,
        43.42519424517597,
        35.55421797593882,
        57.22847682119205,
        39.533391930913126,
        39.489903578369685,
        37.7319636068621,
        52.13883970212955,
        36.2503972232159,
        34.20340992605785,
        44.95,
        56.21390374331551,
        38.175717514282276,
        40.89104107977344,
        33.7064373692607,
        32.311258847274864,
        31.353607748933538,
        41.298747124563775,
        40.14995278414748,
        41.697454982683645,
        33.37390864434045,
        36.568543613094825,
        39.90507080619352,
        38.13318095370144,
        49.340684085948965,
        34.27264608876998,
        49.726251804635,
        36.20205534829403,
        42.85453023696509,
        51.096151723439064,
        41.711917231307055,
        36.341590207493994
    ]
}