{
    "Est_name": "KNN",
    "Run": 44,
    "Seed": 711,
    "Est_params": {
        "p": 1,
        "n_neighbors": 3,
        "weights": "distance"
    },
    "R2": 0.6302666603273663,
    "R": 0.805132197258391,
    "MAPE": 0.1285301242617525,
    "RMSE": 5.742176246153314,
    "y_test": [
        35.5,
        22.5,
        22.73,
        29.02,
        18.52,
        20.5,
        41.0,
        32.25,
        41.0,
        53.0,
        46.0,
        33.0,
        30.0,
        47.0,
        37.0,
        45.22,
        45.0,
        34.5,
        42.25,
        34.62,
        44.5,
        37.5,
        40.0,
        55.5,
        34.5,
        45.23,
        56.25,
        38.0,
        56.38,
        58.25,
        46.11,
        42.03,
        55.84,
        26.5,
        42.56,
        27.7,
        29.6,
        25.81,
        34.5,
        41.78,
        37.75,
        26.5,
        46.0,
        43.55,
        30.0,
        37.5,
        29.5,
        30.0,
        48.0,
        41.04,
        42.56,
        39.12,
        46.87,
        39.45,
        39.17,
        35.0,
        42.56,
        41.89,
        59.5,
        39.53,
        54.0,
        36.5,
        31.47,
        43.47,
        44.5,
        57.0,
        42.66,
        35.0,
        49.5
    ],
    "y_pred": [
        38.991129530642546,
        22.7,
        36.82224799036546,
        37.721084611205356,
        29.024926320562233,
        32.43619718597898,
        43.67113995347128,
        36.13537280158534,
        38.75,
        50.47027251242846,
        46.6,
        37.37093453482127,
        37.67310395494061,
        47.319578368398254,
        42.202313167259774,
        41.83846153846154,
        45.28782691898789,
        37.08438822449602,
        43.883028527763635,
        40.4073060733614,
        40.81088526998898,
        35.345327859997845,
        38.3942421950956,
        50.81975654739948,
        35.292314666294715,
        44.95,
        58.54545454545454,
        40.90475587413353,
        53.62836782748792,
        58.30232558139535,
        42.29309623430963,
        35.12014048237288,
        44.54474665745359,
        32.693531061645885,
        38.26349624255796,
        48.7797712511407,
        29.262,
        35.795616505448756,
        39.990994945061594,
        40.43973561430793,
        41.729207191736634,
        35.39009590636548,
        45.044229584163986,
        38.91110600590744,
        34.11297554348136,
        37.82404594041392,
        31.537261696103542,
        35.661662460730284,
        47.93076923076923,
        39.893808037456104,
        34.45543465729149,
        41.59682444029139,
        38.10106382978724,
        41.42667984189723,
        36.569546189376446,
        34.92307692307692,
        41.50052356020942,
        35.0039539233526,
        58.09090909090911,
        42.967253747393535,
        46.3795997116137,
        40.75,
        34.02087155963302,
        37.96408270429931,
        41.70972104818259,
        58.55319148936171,
        38.03251394814572,
        42.78204971225664,
        56.97826086956521
    ]
}