{
    "Est_name": "KNN",
    "Run": 20,
    "Seed": 9195,
    "Est_params": {
        "p": 1,
        "n_neighbors": 3,
        "weights": "distance"
    },
    "R2": 0.7194136623036618,
    "R": 0.8546147829731596,
    "MAPE": 0.11099634062100133,
    "RMSE": 5.137678328723257,
    "y_test": [
        41.95,
        30.5,
        59.5,
        36.0,
        32.91,
        46.11,
        29.5,
        41.23,
        28.0,
        26.5,
        43.5,
        31.67,
        55.5,
        59.0,
        23.33,
        35.0,
        31.97,
        39.12,
        32.0,
        41.0,
        42.29,
        44.5,
        44.75,
        22.5,
        42.56,
        42.5,
        31.47,
        52.5,
        21.75,
        39.17,
        31.53,
        56.5,
        27.5,
        34.5,
        41.8,
        52.5,
        22.9,
        41.4,
        35.75,
        32.5,
        34.5,
        28.5,
        45.02,
        51.0,
        60.25,
        32.83,
        40.5,
        42.25,
        26.5,
        24.5,
        39.73,
        41.89,
        30.5,
        29.02,
        22.67,
        31.25,
        42.35,
        32.43,
        37.6,
        33.5,
        21.5,
        35.0,
        36.0,
        49.5,
        33.0,
        51.5,
        32.33,
        29.5,
        26.25
    ],
    "y_pred": [
        37.03290201728077,
        33.374545454545455,
        58.125,
        40.99302069303294,
        40.811864324230854,
        42.29309623430963,
        30.837345406360424,
        43.63271624102238,
        26.63411735079325,
        29.613636363636367,
        36.400135933806155,
        37.00562157232881,
        50.81975654739948,
        57.29999999999999,
        42.64708525625455,
        38.164434245035594,
        37.30734770996704,
        41.31702102871789,
        33.0,
        37.90540540540541,
        43.06428571428571,
        41.49118403330477,
        36.44204881102985,
        24.365764283577622,
        42.68105263157895,
        37.88012734174115,
        33.59942660550458,
        54.13636363636364,
        21.63385542168675,
        40.204710168133666,
        28.882727272727276,
        57.900000000000006,
        40.425760207899906,
        43.174804964539014,
        37.40920304352084,
        47.21432196508322,
        22.593709528214617,
        42.919999999999995,
        42.83766993903252,
        30.660412067696836,
        34.55363063833336,
        29.380967741935482,
        36.72661392801674,
        44.80006302158475,
        60.0,
        40.2097372810569,
        37.57601161483702,
        32.17644016227181,
        32.83783783783784,
        25.4,
        36.50495915748232,
        35.0039539233526,
        32.49046267621909,
        33.93782110091743,
        22.301763727121465,
        33.550000000000004,
        43.986335251622386,
        42.458791504994394,
        38.42,
        36.331219741601736,
        25.032082189748532,
        40.96791967674789,
        34.635774391630655,
        58.25,
        34.20307692307693,
        50.554545454545455,
        35.460317421543415,
        27.61631715513208,
        29.377142857142854
    ]
}