{
    "Est_name": "KNN",
    "Run": 25,
    "Seed": 7359,
    "Est_params": {
        "p": 1,
        "n_neighbors": 3,
        "weights": "distance"
    },
    "R2": 0.6816707842482301,
    "R": 0.8264789337216211,
    "MAPE": 0.13421853020801247,
    "RMSE": 5.971140768201964,
    "y_test": [
        29.41,
        26.5,
        58.25,
        43.5,
        20.5,
        22.5,
        32.83,
        46.87,
        37.5,
        45.0,
        21.5,
        43.29,
        57.96,
        40.5,
        42.5,
        50.75,
        35.25,
        54.0,
        29.6,
        59.5,
        18.52,
        43.07,
        40.52,
        39.42,
        57.8,
        48.0,
        27.5,
        31.59,
        34.8,
        56.5,
        43.0,
        40.75,
        32.57,
        45.23,
        35.75,
        48.7,
        23.0,
        52.0,
        49.5,
        40.5,
        32.0,
        42.25,
        29.5,
        34.5,
        42.86,
        35.3,
        50.86,
        54.25,
        34.5,
        48.0,
        34.0,
        31.53,
        36.0,
        41.16,
        53.5,
        49.0,
        39.5,
        57.5,
        35.25,
        41.78,
        55.5,
        16.58,
        35.0,
        33.0,
        55.5,
        27.4,
        33.5,
        40.0,
        39.3
    ],
    "y_pred": [
        32.616336633663366,
        27.0,
        58.30232558139535,
        33.84150043590109,
        32.43619718597898,
        26.703371157871544,
        37.05119822952892,
        38.43263661546211,
        37.82404594041392,
        42.334431673052364,
        26.769214915841513,
        35.99815347565841,
        49.3719864201098,
        40.26176441693683,
        38.106893596179745,
        54.25,
        34.465745658530764,
        45.88941475038159,
        27.685,
        58.09090909090911,
        29.024926320562233,
        40.86270937682004,
        36.192750246143746,
        42.17083940117668,
        51.76535722176151,
        36.271152197869476,
        40.425760207899906,
        40.219566774532204,
        35.74,
        58.545454545454554,
        46.470393764645,
        36.23589917156712,
        40.83038753627005,
        44.95,
        37.56420801526717,
        41.5,
        26.651314915659448,
        50.884,
        56.97826086956521,
        38.44609692396981,
        35.56769754669167,
        32.17644016227181,
        30.837345406360424,
        31.56015452538631,
        41.47065955097534,
        36.611922709417136,
        42.450878415841416,
        43.65606041301693,
        37.13152484617578,
        50.677499999999995,
        37.72032374100719,
        27.54,
        42.6597526631566,
        42.835635080645154,
        54.75940983941905,
        57.21,
        38.320519618239665,
        60.3125,
        35.26796769201006,
        41.88219512195122,
        50.81975654739948,
        37.11023485003793,
        42.78204971225664,
        32.416,
        53.5,
        34.32163994502978,
        30.999968976856728,
        42.28153846153846,
        38.44609692396981
    ]
}