{
    "Est_name": "KNN",
    "Run": 40,
    "Seed": 5881,
    "Est_params": {
        "p": 1,
        "n_neighbors": 3,
        "weights": "distance"
    },
    "R2": 0.7218270706213777,
    "R": 0.8519886519032779,
    "MAPE": 0.0903103067708154,
    "RMSE": 4.75413145332245,
    "y_test": [
        35.25,
        57.8,
        48.0,
        58.0,
        39.0,
        39.78,
        42.56,
        36.0,
        53.0,
        43.0,
        31.7,
        56.5,
        45.0,
        43.07,
        31.47,
        40.75,
        40.5,
        50.0,
        25.68,
        53.5,
        32.83,
        51.0,
        31.67,
        59.0,
        42.56,
        38.0,
        41.89,
        50.2,
        33.6,
        30.0,
        41.5,
        36.0,
        27.4,
        35.25,
        49.5,
        53.5,
        32.5,
        46.0,
        53.25,
        43.55,
        44.6,
        25.81,
        56.0,
        34.25,
        29.0,
        33.5,
        48.0,
        40.52,
        33.46,
        44.95,
        42.0,
        22.04,
        38.82,
        32.25,
        46.0,
        42.2,
        34.75,
        22.9,
        42.0,
        62.5,
        43.5,
        42.66,
        43.5,
        39.73,
        41.16,
        37.5,
        35.0,
        33.5,
        35.5
    ],
    "y_pred": [
        34.465745658530764,
        51.76535722176151,
        45.493948179851806,
        57.18181818181818,
        38.96320722057673,
        37.24285714285715,
        39.80480726103284,
        35.370298313878074,
        48.61889175272339,
        50.73666666666667,
        36.52727272727273,
        57.250000000000014,
        39.441015706081785,
        37.41732935404712,
        36.52205794934921,
        42.07459018527693,
        33.22772277227723,
        48.612290638682325,
        33.822830966559785,
        50.065571649795245,
        36.39994424190434,
        31.473713712374828,
        38.07621696475335,
        57.29999999999999,
        42.68105263157895,
        38.93538461538461,
        41.8752056784817,
        43.25578223938439,
        40.02518303584885,
        31.016000000000002,
        36.15384615384615,
        33.51758900846484,
        36.95901197754303,
        36.77838141626078,
        42.05809966940125,
        55.75,
        30.660412067696836,
        43.78948085675837,
        53.998000000000005,
        36.757123239643306,
        42.839999999999996,
        33.50184160864189,
        53.35714285714286,
        30.95,
        28.7526432131462,
        37.79174873780681,
        53.111063963163325,
        38.50226210478081,
        39.50542456241863,
        45.23,
        39.375022378707406,
        22.081603229527108,
        40.49059405940594,
        37.45482198387085,
        37.48976950354611,
        41.36042210088905,
        37.92803019091313,
        22.763043478260865,
        41.778421052631586,
        58.900000000000006,
        40.75681655495543,
        38.03251394814572,
        40.316941717966316,
        39.34874082702388,
        42.835635080645154,
        35.345327859997845,
        33.70209281551746,
        30.999968976856728,
        42.48831216333045
    ]
}