{
    "Est_name": "KNN",
    "Run": 33,
    "Seed": 2547,
    "Est_params": {
        "p": 1,
        "n_neighbors": 3,
        "weights": "distance"
    },
    "R2": 0.542352894080119,
    "R": 0.7396411534527593,
    "MAPE": 0.1406113065351691,
    "RMSE": 6.72386423013466,
    "y_test": [
        34.8,
        48.0,
        40.75,
        48.0,
        35.5,
        44.0,
        22.13,
        46.7,
        26.5,
        35.25,
        43.07,
        62.5,
        42.0,
        43.5,
        43.5,
        40.0,
        39.5,
        16.58,
        26.5,
        40.03,
        43.5,
        39.61,
        30.25,
        40.1,
        59.5,
        35.75,
        42.56,
        46.0,
        32.26,
        33.5,
        31.75,
        42.0,
        39.8,
        42.0,
        57.96,
        40.5,
        57.27,
        52.07,
        40.0,
        22.9,
        27.7,
        27.49,
        32.83,
        31.47,
        49.0,
        30.0,
        38.0,
        59.0,
        32.57,
        21.75,
        41.95,
        31.25,
        53.9,
        35.0,
        27.4,
        39.78,
        44.75,
        43.55,
        46.25,
        48.0,
        46.5,
        49.0,
        22.5,
        41.78,
        27.5,
        31.25,
        55.84,
        37.5,
        51.0
    ],
    "y_pred": [
        35.74285714285715,
        31.888402951571535,
        43.29145416585368,
        40.14075849323006,
        42.48831216333045,
        32.5,
        25.512934123188927,
        40.54531169005043,
        27.581373785327493,
        36.71192394155115,
        37.41732935404712,
        58.400000000000006,
        41.778421052631586,
        30.29609298895735,
        34.41925097175712,
        43.80138613861386,
        41.58435643564356,
        37.11023485003793,
        34.29050451915811,
        39.648748159776126,
        48.75,
        35.8442201357137,
        31.90384615384616,
        40.769999999999996,
        58.125,
        43.50275413711584,
        35.26349007890374,
        44.93565703434801,
        39.410790524721115,
        35.54908127383488,
        32.34090909090909,
        45.05430635484266,
        46.136838553674856,
        39.09493670886076,
        54.37426655682506,
        40.26176441693683,
        50.9662486167466,
        51.38153846153847,
        42.5713248483813,
        22.776683291770574,
        46.378291388058194,
        30.452727272727277,
        36.39994424190434,
        36.52205794934921,
        57.21,
        32.31876545936396,
        38.93538461538461,
        58.464285714285715,
        38.205414012738856,
        30.391248331917996,
        37.03290201728077,
        34.42359447586676,
        52.61497161446506,
        40.96791967674789,
        36.68891431780718,
        37.24285714285715,
        37.15146581476092,
        36.757123239643306,
        41.48747166590829,
        53.19472574431014,
        48.10801461422507,
        43.983565153181935,
        22.7,
        41.88219512195122,
        36.50990099009901,
        32.11336633663367,
        45.202776211907754,
        38.0,
        33.7228559130131
    ]
}