{
    "Est_name": "KNN",
    "Run": 48,
    "Seed": 6201,
    "Est_params": {
        "p": 1,
        "n_neighbors": 2,
        "weights": "uniform"
    },
    "R2": 0.5745224580362888,
    "R": 0.7816742345806735,
    "MAPE": 0.09970632927510686,
    "RMSE": 5.758447889965601,
    "y_test": [
        49.7,
        42.0,
        30.0,
        37.0,
        49.5,
        39.5,
        33.0,
        39.0,
        48.0,
        34.5,
        55.5,
        32.57,
        39.5,
        54.25,
        48.0,
        34.8,
        32.5,
        55.84,
        30.5,
        40.75,
        57.27,
        46.8,
        52.5,
        34.5,
        49.0,
        21.75,
        39.8,
        31.7,
        33.95,
        60.25,
        35.0,
        54.0,
        39.3,
        44.95,
        45.0,
        44.6,
        43.5,
        40.39,
        57.96,
        46.7,
        39.5,
        45.23,
        37.6,
        42.56,
        41.0,
        45.25,
        57.1,
        33.5,
        43.29,
        56.5,
        33.5,
        33.0,
        26.5,
        36.5,
        40.12,
        31.5,
        45.0,
        29.0,
        43.5,
        29.02,
        58.5,
        41.75,
        44.75,
        44.5,
        42.2,
        45.22,
        40.75,
        57.5,
        52.0
    ],
    "y_pred": [
        34.215,
        42.405,
        35.75,
        42.405,
        39.75,
        35.25,
        38.875,
        40.805,
        50.605000000000004,
        40.445,
        53.75,
        37.53,
        39.75,
        56.045,
        50.605000000000004,
        41.2,
        37.0,
        43.745000000000005,
        31.77,
        36.489999999999995,
        49.75,
        50.599999999999994,
        56.5,
        35.25,
        50.605000000000004,
        21.42,
        48.46,
        38.05,
        37.675,
        60.75,
        35.91,
        42.879999999999995,
        39.625,
        41.644999999999996,
        56.5,
        43.599999999999994,
        36.905,
        40.66,
        56.245000000000005,
        47.125,
        34.5,
        41.644999999999996,
        41.2,
        41.55,
        40.56,
        46.75,
        44.625,
        30.75,
        33.84,
        56.75,
        36.375,
        31.77,
        33.375,
        44.0,
        33.83,
        31.25,
        40.445,
        24.86,
        22.799999999999997,
        28.740000000000002,
        53.875,
        44.805,
        40.760000000000005,
        43.724999999999994,
        39.5,
        42.405,
        41.125,
        58.875,
        50.605000000000004
    ]
}