{
    "arquivo": "E-n23-k3",
    "media_distancia": 602.8599496396162,
    "desvio_padrao_distancia": 49.50674755772431,
    "minimo_distancia": 518.7818759351893,
    "maximo_distancia": 714.6170342094928,
    "media_tempo": 230.55024721622468,
    "desvio_padrao_tempo": 1.8585745222104018,
    "resultados_execucoes": [
        {
            "execucao": 1,
            "distancia": 542.6933605966051,
            "rota": [
                1,
                19,
                28,
                13,
                12,
                14,
                11,
                10,
                6,
                5,
                26,
                9,
                8,
                25,
                22,
                24,
                27,
                20,
                21,
                30,
                23,
                18,
                31,
                15,
                16,
                17,
                4,
                32,
                3,
                2,
                7,
                29,
                1
            ],
            "tempo_execucao": 231.62575459480286
        },
        {
            "execucao": 2,
            "distancia": 527.3200432882537,
            "rota": [
                1,
                13,
                8,
                9,
                26,
                5,
                6,
                10,
                11,
                14,
                12,
                29,
                7,
                2,
                3,
                32,
                4,
                17,
                16,
                15,
                31,
                18,
                23,
                30,
                21,
                20,
                27,
                19,
                24,
                22,
                25,
                28,
                1
            ],
            "tempo_execucao": 231.56134295463562
        },
        {
            "execucao": 3,
            "distancia": 589.5107656693264,
            "rota": [
                1,
                28,
                19,
                27,
                20,
                21,
                30,
                23,
                18,
                15,
                31,
                13,
                12,
                7,
                2,
                32,
                4,
                16,
                17,
                3,
                29,
                14,
                11,
                10,
                6,
                5,
                26,
                9,
                8,
                25,
                22,
                24,
                1
            ],
            "tempo_execucao": 232.67921590805054
        },
        {
            "execucao": 4,
            "distancia": 643.1015298491385,
            "rota": [
                1,
                13,
                14,
                11,
                10,
                6,
                5,
                26,
                9,
                8,
                27,
                20,
                21,
                30,
                23,
                18,
                16,
                17,
                15,
                31,
                19,
                24,
                22,
                25,
                12,
                29,
                7,
                2,
                32,
                4,
                3,
                28,
                1
            ],
            "tempo_execucao": 236.66719031333923
        },
        {
            "execucao": 5,
            "distancia": 577.4342145553783,
            "rota": [
                1,
                8,
                9,
                26,
                6,
                5,
                25,
                22,
                24,
                20,
                27,
                19,
                31,
                15,
                21,
                30,
                23,
                18,
                16,
                17,
                4,
                32,
                3,
                2,
                7,
                29,
                14,
                11,
                10,
                12,
                13,
                28,
                1
            ],
            "tempo_execucao": 232.16554927825928
        },
        {
            "execucao": 6,
            "distancia": 584.8814625341331,
            "rota": [
                1,
                28,
                19,
                21,
                30,
                20,
                27,
                24,
                22,
                25,
                8,
                9,
                26,
                5,
                6,
                10,
                11,
                14,
                12,
                29,
                7,
                2,
                3,
                32,
                4,
                17,
                16,
                18,
                23,
                15,
                31,
                13,
                1
            ],
            "tempo_execucao": 230.50054335594177
        },
        {
            "execucao": 7,
            "distancia": 636.0662356167103,
            "rota": [
                1,
                13,
                12,
                29,
                14,
                11,
                10,
                8,
                25,
                24,
                22,
                5,
                6,
                26,
                9,
                27,
                20,
                21,
                30,
                23,
                18,
                16,
                17,
                3,
                7,
                2,
                32,
                4,
                15,
                31,
                19,
                28,
                1
            ],
            "tempo_execucao": 229.60609698295593
        },
        {
            "execucao": 8,
            "distancia": 603.5603096050562,
            "rota": [
                1,
                28,
                31,
                15,
                13,
                8,
                9,
                26,
                6,
                5,
                25,
                22,
                24,
                19,
                27,
                20,
                21,
                30,
                23,
                18,
                16,
                17,
                4,
                32,
                3,
                2,
                7,
                29,
                14,
                11,
                10,
                12,
                1
            ],
            "tempo_execucao": 228.6244237422943
        },
        {
            "execucao": 9,
            "distancia": 714.6170342094928,
            "rota": [
                1,
                3,
                32,
                4,
                31,
                15,
                18,
                16,
                17,
                2,
                7,
                29,
                8,
                9,
                6,
                22,
                24,
                27,
                20,
                23,
                30,
                21,
                19,
                28,
                13,
                12,
                14,
                11,
                10,
                5,
                26,
                25,
                1
            ],
            "tempo_execucao": 229.3555610179901
        },
        {
            "execucao": 10,
            "distancia": 619.3746772427052,