{
    "Est_name": "RF",
    "Run": 6,
    "Seed": 2286,
    "Est_params": {
        "n_estimators": 94,
        "max_depth": 12
    },
    "R2": 0.8886939789460488,
    "R": 0.9466511699490059,
    "MAPE": 0.062480172424129905,
    "RMSE": 3.187219655788838,
    "y_test": [
        51.0,
        39.12,
        31.8,
        45.5,
        40.5,
        44.5,
        35.0,
        33.25,
        30.0,
        57.5,
        39.45,
        34.5,
        59.0,
        57.0,
        33.4,
        23.33,
        22.73,
        22.67,
        41.52,
        51.0,
        40.75,
        56.0,
        45.22,
        34.0,
        42.3,
        32.5,
        42.75,
        26.25,
        43.0,
        43.29,
        34.5,
        57.27,
        36.5,
        33.5,
        34.75,
        46.5,
        42.56,
        39.5,
        26.75,
        37.0,
        28.0,
        37.5,
        49.9,
        54.0,
        45.0,
        56.5,
        42.2,
        42.0,
        39.0,
        52.0,
        41.78,
        43.4,
        41.0,
        55.52,
        52.07,
        29.5,
        31.97,
        26.5,
        24.67,
        29.0,
        45.5,
        45.0,
        42.5,
        54.2,
        40.0,
        39.8,
        43.47,
        22.04,
        44.0
    ],
    "y_pred": [
        45.48207584968223,
        43.2325865845148,
        30.45225719634769,
        45.29214493854895,
        37.60673758865248,
        40.82391695965001,
        35.3085755234718,
        34.52949307666329,
        31.469859557309537,
        56.70531914893617,
        37.69257384751772,
        34.5173813138259,
        58.87372340425532,
        58.75404255319149,
        33.03630629769554,
        21.88086856406002,
        31.982925531914923,
        23.921556737588688,
        46.129255697680975,
        51.972257978723405,
        44.55215800576579,
        54.44946808510638,
        42.21312481699015,
        34.647481128630005,
        40.874731917741556,
        31.347511308287764,
        40.368192100035806,
        29.76924464857123,
        47.071539893617015,
        43.72764340328334,
        32.38726645857483,
        55.30574468085107,
        40.389379398552876,
        32.51767004919227,
        33.72319237483062,
        48.02553191489361,
        41.74582655402585,
        37.25650781565028,
        30.19759360983061,
        42.11130908750689,
        28.340129088403646,
        37.13014611352261,
        48.4992025095472,
        53.81287234042554,
        46.3723404255319,
        57.3031914893617,
        50.82851063829787,
        47.049199468085106,
        49.80684840425532,
        49.16798404255319,
        41.71421957140833,
        40.82391695965001,
        36.159893617021275,
        56.91457446808517,
        53.67755319148936,
        30.441595744680843,
        31.33902617028161,
        30.529953014184404,
        30.971436170212794,
        30.93053191489361,
        45.41111732963305,
        49.943617021276594,
        42.88004872048754,
        53.53117021276595,
        43.33378704720375,
        42.901224240983716,
        42.76374196479513,
        21.994361702127673,
        44.37360903871176
    ]
}