{
    "Est_name": "RF",
    "Run": 34,
    "Seed": 3527,
    "Est_params": {
        "n_estimators": 48,
        "max_depth": 10
    },
    "R2": 0.8687302290678108,
    "R": 0.9340373570809837,
    "MAPE": 0.06979320518284303,
    "RMSE": 3.567901506871737,
    "y_test": [
        38.0,
        26.5,
        31.75,
        48.0,
        41.95,
        50.2,
        25.81,
        43.07,
        37.5,
        31.67,
        46.11,
        47.0,
        57.5,
        41.5,
        40.75,
        35.75,
        33.0,
        44.05,
        13.33,
        33.85,
        34.0,
        42.2,
        34.75,
        30.0,
        55.5,
        29.5,
        39.45,
        39.5,
        42.5,
        20.8,
        55.5,
        41.0,
        35.3,
        29.6,
        33.5,
        26.25,
        41.78,
        58.5,
        37.75,
        33.5,
        43.66,
        60.25,
        52.5,
        24.5,
        59.0,
        42.5,
        34.5,
        33.04,
        50.8,
        45.25,
        57.0,
        30.0,
        31.7,
        33.5,
        44.5,
        53.5,
        52.5,
        45.0,
        39.0,
        40.52,
        35.0,
        34.5,
        56.5,
        30.0,
        38.0,
        34.25,
        35.0,
        43.5,
        48.0
    ],
    "y_pred": [
        39.201351683729094,
        29.310253271034522,
        31.73400278365425,
        46.070628156565654,
        41.16308206366571,
        44.801245039682534,
        31.997260294248566,
        41.85505775811015,
        38.477146171151375,
        32.24428265944466,
        49.273838235294114,
        44.93919958513709,
        55.05972222222223,
        46.119319888476134,
        44.67238205555635,
        34.06852341120173,
        33.69134509442047,
        42.364757613559696,
        21.85270833333334,
        33.96731655991389,
        33.8007009905668,
        41.789408092517455,
        33.78462243982833,
        34.59132243513205,
        46.34937500000001,
        30.631831597222227,
        38.323156496769876,
        40.23262457069592,
        43.22658904178928,
        20.188333333333325,
        55.558749999999996,
        36.66217013888888,
        35.78394309413581,
        30.402618307019775,
        32.35754324145524,
        30.522028029241998,
        42.48021438280353,
        56.661458333333336,
        41.22682644590029,
        32.11886458333334,
        35.59730336750596,
        57.54463541666666,
        51.229663262085154,
        25.132266000203497,
        57.64880208333332,
        42.355305415681194,
        47.461338235294114,
        31.217765897297152,
        48.763919429970905,
        45.05529401430859,
        57.43796875,
        29.22740640262515,
        37.424297822193644,
        37.20453968253968,
        44.55388070845596,
        46.44583333333333,
        46.803718749999994,
        44.806354166666665,
        39.45289441830021,
        38.47031515326482,
        34.306944393146985,
        39.406561084966874,
        57.42534722222223,
        32.905459081459064,
        36.99180636190987,
        31.522992629592633,
        36.53539865505778,
        50.73522365196078,
        44.98942708333332
    ]
}