{
    "Est_name": "RF",
    "Run": 32,
    "Seed": 4552,
    "Est_params": {
        "n_estimators": 70,
        "max_depth": 15
    },
    "R2": 0.8258116093661397,
    "R": 0.9103895719648168,
    "MAPE": 0.061838715741293224,
    "RMSE": 3.751251593196067,
    "y_test": [
        40.1,
        32.5,
        40.5,
        55.5,
        45.02,
        43.64,
        37.5,
        32.83,
        56.0,
        52.5,
        42.2,
        33.85,
        29.02,
        29.6,
        52.07,
        55.84,
        41.23,
        57.27,
        42.75,
        37.6,
        25.81,
        43.5,
        53.5,
        59.0,
        46.0,
        48.0,
        33.5,
        39.45,
        51.0,
        54.2,
        56.5,
        35.75,
        36.5,
        27.49,
        44.05,
        39.8,
        42.03,
        48.7,
        42.0,
        43.76,
        41.16,
        29.0,
        40.0,
        50.2,
        32.33,
        35.5,
        44.0,
        40.0,
        16.58,
        48.0,
        33.04,
        40.75,
        32.9,
        30.0,
        33.95,
        53.0,
        31.97,
        38.0,
        42.0,
        33.76,
        52.5,
        39.73,
        57.1,
        36.0,
        42.3,
        28.5,
        38.61,
        34.8,
        45.0
    ],
    "y_pred": [
        42.26761904761907,
        31.350568345816587,
        40.24565306122449,
        52.57728571428572,
        43.84727247990103,
        43.73181533704389,
        38.453142857142865,
        33.22221120295943,
        55.230714285714285,
        54.709142857142865,
        41.92510256410259,
        33.96830248447203,
        30.775982142857128,
        31.969452380952387,
        52.59614285714285,
        55.583714285714294,
        45.31613113553114,
        53.720000000000006,
        40.60006666666667,
        40.47880952380953,
        29.037999999999986,
        45.337285714285656,
        52.553428571428576,
        59.21071428571429,
        45.292723809523814,
        45.927857142857135,
        32.50785714285715,
        37.3432857142857,
        52.087235714285725,
        52.842142857142846,
        56.57857142857143,
        34.382445341614904,
        40.564285714285724,
        31.571595238095238,
        42.57102546659692,
        42.9396263736264,
        40.74033333333332,
        43.175197802197815,
        42.687147619047614,
        41.186156632653045,
        43.14295949804162,
        31.748000000000008,
        43.62122056554555,
        46.57228571428571,
        29.642928571428573,
        35.50085714285714,
        44.18993914656771,
        41.68488299319727,
        42.565000000000005,
        46.07061904761905,
        31.134390306122448,
        39.941428571428574,
        33.167414965986396,
        29.127348214285714,
        33.09063977438802,
        48.29442857142857,
        33.022452380952394,
        38.36371428571428,
        42.84307616470829,
        33.52892548867372,
        52.82871428571429,
        40.318428571428555,
        52.28828571428572,
        36.53702597402597,
        42.26904761904764,
        29.120952380952378,
        38.33742857142857,
        35.7852142857143,
        44.231295565545565
    ]
}