{
    "Est_name": "RF",
    "Run": 18,
    "Seed": 9863,
    "Est_params": {
        "n_estimators": 84,
        "max_depth": 13
    },
    "R2": 0.8608408362914814,
    "R": 0.9295377100839871,
    "MAPE": 0.052228406805656366,
    "RMSE": 3.301431267903,
    "y_test": [
        48.0,
        57.0,
        43.0,
        56.0,
        34.5,
        44.95,
        45.5,
        44.05,
        44.5,
        40.0,
        48.7,
        39.0,
        35.5,
        26.5,
        43.5,
        57.1,
        42.2,
        39.45,
        57.5,
        46.0,
        55.84,
        30.25,
        26.5,
        44.0,
        56.38,
        49.5,
        32.9,
        48.0,
        57.0,
        42.0,
        26.5,
        39.3,
        56.5,
        29.02,
        35.5,
        50.86,
        22.9,
        29.6,
        45.02,
        33.5,
        43.76,
        45.22,
        43.55,
        34.8,
        39.78,
        43.5,
        42.56,
        33.04,
        50.75,
        32.83,
        58.5,
        35.0,
        56.25,
        40.1,
        44.5,
        33.5,
        43.0,
        48.0,
        40.87,
        36.5,
        41.0,
        54.04,
        47.3,
        50.0,
        35.75,
        34.75,
        33.25,
        31.8,
        40.5
    ],
    "y_pred": [
        48.855952380952324,
        58.96857142857144,
        52.501875283446715,
        56.105476190476196,
        34.36291964285714,
        42.606586026077096,
        45.4430586576736,
        41.73323929017964,
        42.21698988610595,
        40.23106073490002,
        42.547550059790005,
        48.57694047619049,
        35.860000000000014,
        28.41799213980463,
        37.95325396825397,
        56.28107142857144,
        41.72759095342018,
        36.60011904761903,
        58.848214285714285,
        43.750255437023284,
        56.274642857142894,
        33.309596525748745,
        28.50213591269841,
        46.03488165266107,
        40.19567352092352,
        49.839285714285715,
        32.692748954815045,
        47.31014739229024,
        54.953690476190474,
        40.288389911014896,
        30.72863095238095,
        40.49009592207431,
        58.607142857142854,
        28.249853906840507,
        34.13529761904762,
        53.59166666666666,
        24.741309523809555,
        30.134749031557075,
        43.44223956400741,
        32.44146825396825,
        40.29600839174052,
        41.39052081615473,
        42.873190811172925,
        36.70957784103977,
        37.83132520786095,
        45.522836734693826,
        45.51247959183668,
        31.396227760729886,
        52.394244614512466,
        33.748400553972196,
        56.217261904761905,
        34.524897186147186,
        58.65785714285715,
        41.14062780496477,
        41.66467182986218,
        36.48184958427816,
        44.10752409297053,
        47.81676020408164,
        37.07868790468788,
        39.5176475093759,
        39.43599451844449,
        53.39142857142856,
        43.82592761081043,
        52.48352182539683,
        34.49633254940462,
        34.06660900728033,
        34.19095238095238,
        30.7967994850718,
        40.51395946712017
    ]
}