{
    "Est_name": "RF",
    "Run": 3,
    "Seed": 4506,
    "Est_params": {
        "n_estimators": 72,
        "max_depth": 11
    },
    "R2": 0.8296454680439211,
    "R": 0.9134214524564622,
    "MAPE": 0.06860671595742392,
    "RMSE": 3.954118939637953,
    "y_test": [
        25.81,
        33.85,
        35.0,
        42.25,
        56.5,
        41.0,
        34.0,
        46.7,
        34.75,
        33.5,
        57.1,
        57.8,
        31.25,
        22.13,
        42.0,
        40.03,
        39.8,
        52.5,
        57.0,
        45.5,
        39.42,
        48.0,
        49.0,
        34.25,
        41.0,
        33.0,
        32.25,
        22.73,
        21.5,
        33.25,
        37.5,
        41.04,
        32.0,
        46.0,
        52.07,
        41.5,
        49.5,
        40.5,
        59.5,
        27.5,
        56.0,
        43.76,
        43.5,
        35.75,
        35.0,
        37.75,
        41.5,
        26.5,
        26.25,
        32.83,
        45.8,
        44.95,
        31.8,
        38.0,
        42.5,
        40.0,
        53.5,
        22.5,
        47.0,
        48.0,
        48.0,
        28.5,
        32.25,
        29.02,
        33.5,
        44.75,
        46.5,
        24.67,
        29.5
    ],
    "y_pred": [
        28.293935185185166,
        34.02091856060605,
        34.71978246001682,
        40.3266027629135,
        57.00866898148148,
        35.34020833333333,
        34.74581268199619,
        44.81041666666667,
        34.39504275563709,
        34.524123931623926,
        56.33486111111111,
        40.01023726851852,
        35.02131944444443,
        22.624583333333323,
        41.39751119722673,
        39.70163748513573,
        43.04558440170941,
        55.8859837962963,
        59.326388888888886,
        46.003468915343916,
        40.42610386270107,
        47.403815235690224,
        53.16708281119467,
        30.499651913480037,
        39.42398945693921,
        34.750326570885086,
        29.245669424019606,
        30.434473684210552,
        24.48943582062455,
        34.76282738095237,
        37.887948495370374,
        42.218960177553946,
        32.84488319075193,
        46.87166614452799,
        53.20708333333328,
        39.09283440806878,
        49.79967171717172,
        40.68532107353414,
        58.124981210918705,
        41.8987523148148,
        55.7626388888889,
        39.96916449130856,
        41.09229166666667,
        34.975689259048394,
        34.325963887768395,
        41.40606696677959,
        46.73163334350832,
        28.268779956427014,
        31.29935500841747,
        33.6482877074169,
        46.5205222323972,
        43.259212993282276,
        29.8788560428363,
        36.05457274159664,
        41.05242172334579,
        40.784580804018645,
        53.332569444444445,
        24.48943582062455,
        48.345991161616155,
        49.54,
        47.43181274946625,
        31.29935500841747,
        32.24320386904764,
        42.378778935185174,
        32.800889715608484,
        43.9284931449037,
        48.019444444444446,
        29.950584795321667,
        31.281458333333337
    ]
}