{
    "Est_name": "RF",
    "Run": 38,
    "Seed": 6224,
    "Est_params": {
        "n_estimators": 9,
        "max_depth": 17
    },
    "R2": 0.842200734729947,
    "R": 0.9257754520732516,
    "MAPE": 0.0693798351250659,
    "RMSE": 3.6049139807424693,
    "y_test": [
        39.61,
        44.5,
        51.0,
        57.5,
        40.87,
        34.5,
        31.47,
        42.25,
        35.75,
        40.12,
        42.75,
        33.0,
        33.41,
        60.25,
        33.85,
        42.3,
        44.05,
        32.0,
        32.0,
        32.25,
        41.95,
        28.0,
        29.0,
        33.5,
        39.12,
        43.65,
        46.0,
        27.7,
        43.5,
        48.0,
        23.9,
        42.35,
        59.0,
        32.57,
        43.66,
        35.0,
        47.0,
        33.5,
        52.07,
        43.4,
        30.5,
        36.0,
        49.9,
        30.5,
        53.5,
        40.0,
        40.1,
        57.21,
        45.5,
        22.9,
        13.33,
        36.0,
        45.22,
        32.25,
        41.0,
        57.0,
        35.25,
        40.0,
        42.56,
        33.25,
        33.6,
        48.0,
        52.5,
        49.5,
        35.5,
        43.64,
        40.03,
        50.8,
        35.75
    ],
    "y_pred": [
        33.077777777777776,
        42.80555555555556,
        48.04666666666667,
        58.388888888888886,
        36.12444444444444,
        46.36888888888889,
        29.026666666666667,
        42.59,
        34.625,
        42.59,
        40.11666666666667,
        32.08222222222222,
        28.595555555555556,
        59.30777777777777,
        34.15222222222222,
        36.809999999999995,
        39.35444444444445,
        32.65277777777778,
        32.17666666666667,
        31.83777777777778,
        40.892222222222216,
        27.77777777777778,
        30.793333333333333,
        37.58555555555555,
        41.614444444444445,
        41.614444444444445,
        43.62444444444444,
        29.90222222222222,
        35.345555555555556,
        48.63777777777777,
        24.02333333333333,
        36.690000000000005,
        58.86333333333333,
        32.31888888888889,
        37.55444444444444,
        33.260000000000005,
        50.111111111111114,
        32.388888888888886,
        52.56666666666666,
        39.35444444444445,
        31.61111111111111,
        34.19444444444444,
        42.42888888888889,
        31.91111111111111,
        54.166666666666664,
        39.44444444444444,
        36.809999999999995,
        48.888888888888886,
        44.013333333333335,
        25.108888888888895,
        20.943333333333335,
        36.638333333333335,
        40.32666666666667,
        28.22222222222222,
        32.86,
        58.111111111111114,
        36.67777777777778,
        40.458888888888886,
        42.0611111111111,
        33.871111111111105,
        30.70888888888889,
        48.91111111111111,
        52.26111111111111,
        48.26111111111111,
        36.03333333333333,
        43.75999999999999,
        38.474444444444444,
        44.76222222222222,
        34.282222222222224
    ]
}