{
    "Est_name": "RF",
    "Run": 41,
    "Seed": 5635,
    "Est_params": {
        "n_estimators": 15,
        "max_depth": 14
    },
    "R2": 0.874263723166764,
    "R": 0.9405815321866282,
    "MAPE": 0.06072547868429767,
    "RMSE": 3.143622271774295,
    "y_test": [
        59.5,
        47.0,
        31.47,
        49.0,
        44.5,
        34.5,
        41.4,
        33.5,
        32.57,
        42.66,
        56.0,
        50.5,
        44.05,
        33.46,
        28.0,
        36.5,
        31.67,
        26.5,
        40.0,
        47.0,
        55.52,
        36.5,
        52.07,
        39.5,
        39.5,
        39.78,
        29.5,
        34.25,
        36.0,
        26.25,
        48.0,
        46.5,
        42.2,
        49.0,
        26.5,
        39.5,
        28.5,
        27.7,
        49.9,
        35.5,
        32.5,
        53.25,
        58.59,
        40.0,
        22.5,
        40.5,
        53.5,
        32.91,
        30.25,
        41.52,
        40.75,
        46.7,
        30.0,
        39.3,
        35.25,
        36.0,
        42.0,
        57.96,
        37.0,
        57.5,
        40.12,
        41.5,
        32.83,
        49.5,
        41.0,
        31.59,
        38.61,
        36.0,
        42.37
    ],
    "y_pred": [
        58.25,
        48.37333333333334,
        30.747999999999998,
        46.79866666666667,
        43.54666666666667,
        46.52866666666667,
        43.56000000000001,
        32.47666666666667,
        34.396,
        41.88222222222222,
        57.166666666666664,
        46.62666666666666,
        43.43377777777778,
        35.558,
        29.483999999999998,
        40.914857142857144,
        31.488666666666667,
        30.4,
        40.13231547619048,
        53.21666666666667,
        54.126666666666665,
        33.995555555555555,
        53.762666666666675,
        35.57866666666667,
        37.28,
        38.15333333333332,
        30.516666666666666,
        35.13666666666666,
        36.1204761904762,
        28.928000000000004,
        47.281333333333336,
        49.55,
        50.84133333333333,
        52.498000000000005,
        30.35,
        41.072222222222216,
        32.61333333333333,
        30.62066666666666,
        46.62666666666666,
        35.96333333333334,
        32.77444444444445,
        54.053333333333335,
        53.93066666666666,
        42.32154166666667,
        22.333333333333332,
        39.56666666666667,
        51.83266666666667,
        34.449333333333335,
        34.769999999999996,
        39.96399999999999,
        41.014857142857146,
        47.91,
        34.09533333333333,
        37.555458333333334,
        34.291666666666664,
        37.13733333333333,
        44.057922222222224,
        52.87199999999999,
        43.85605555555556,
        58.25,
        42.12477777777778,
        48.046666666666674,
        33.78822222222222,
        50.65,
        37.56066666666666,
        33.952666666666666,
        38.724666666666664,
        34.597222222222214,
        43.44333333333332
    ]
}