{
    "Est_name": "RF",
    "Run": 5,
    "Seed": 3657,
    "Est_params": {
        "n_estimators": 34,
        "max_depth": 11
    },
    "R2": 0.8355777212897251,
    "R": 0.916328055723645,
    "MAPE": 0.07883741353156942,
    "RMSE": 4.153262241494127,
    "y_test": [
        46.5,
        34.62,
        32.5,
        59.0,
        49.0,
        58.0,
        57.27,
        33.0,
        58.25,
        35.5,
        44.75,
        36.5,
        42.5,
        39.73,
        38.78,
        45.5,
        42.2,
        33.04,
        46.0,
        32.0,
        31.53,
        42.5,
        48.0,
        43.0,
        39.12,
        37.5,
        30.0,
        31.67,
        29.6,
        15.11,
        37.6,
        44.95,
        56.0,
        49.9,
        41.0,
        30.5,
        33.76,
        43.0,
        41.0,
        38.0,
        16.58,
        33.5,
        45.5,
        37.5,
        26.25,
        30.0,
        44.5,
        22.67,
        32.9,
        34.5,
        39.0,
        54.04,
        42.03,
        52.07,
        53.5,
        52.5,
        27.4,
        50.75,
        23.33,
        40.39,
        40.5,
        38.0,
        56.5,
        37.5,
        35.75,
        23.9,
        62.5,
        43.5,
        25.81
    ],
    "y_pred": [
        47.09470588235295,
        33.46731512605043,
        33.37744924969817,
        57.35294117647059,
        43.805588235294124,
        57.35294117647059,
        56.22176470588234,
        34.859642705751924,
        58.57941176470588,
        33.448967988710635,
        44.26110283692056,
        33.46731512605043,
        40.68422499946632,
        38.594889757301516,
        37.13382516339869,
        46.14543709150327,
        43.92186740668146,
        32.07222071189611,
        50.453498366013065,
        33.853042737093126,
        29.912719068115052,
        40.2135140145802,
        50.453498366013065,
        50.453498366013065,
        37.48660189075631,
        37.85569097569097,
        30.6643775746412,
        31.802333333333337,
        30.001836715173877,
        28.27403361344538,
        38.325913831661694,
        42.705922444573396,
        54.45647058823529,
        49.48684640522876,
        39.959540520211206,
        31.98637103869349,
        33.255130747938495,
        51.39490522875818,
        38.17578594486575,
        36.79947408963585,
        41.33603758169935,
        36.61307352941177,
        45.724015522875824,
        38.246904210985086,
        29.881699460271914,
        30.313559340587677,
        42.080522752152966,
        22.31691176470588,
        32.89071264888069,
        33.9115415181224,
        38.857502100840335,
        51.68088235294118,
        39.30817312834225,
        52.04235294117649,
        52.432941176470585,
        52.65132352941176,
        32.191219768395165,
        51.24107084500467,
        28.73322549019609,
        40.80643088181927,
        40.403992296918766,
        39.70372878386636,
        55.62823529411765,
        38.243236928104565,
        33.91395728291317,
        23.205588235294105,
        58.220588235294116,
        38.60981209150327,
        28.453431372549023
    ]
}