{
    "Est_name": "RF",
    "Run": 35,
    "Seed": 5514,
    "Est_params": {
        "n_estimators": 73,
        "max_depth": 10
    },
    "R2": 0.875553023138994,
    "R": 0.9400143245533604,
    "MAPE": 0.06025369547765897,
    "RMSE": 3.1770088057676547,
    "y_test": [
        46.0,
        42.2,
        53.9,
        40.5,
        32.43,
        43.29,
        20.8,
        48.7,
        51.0,
        48.0,
        54.2,
        32.5,
        30.0,
        32.25,
        37.0,
        38.0,
        43.0,
        29.0,
        31.8,
        32.5,
        57.0,
        31.25,
        36.0,
        22.9,
        34.62,
        35.0,
        49.5,
        27.4,
        62.5,
        37.5,
        48.0,
        44.75,
        57.0,
        36.5,
        42.29,
        32.33,
        33.0,
        32.9,
        47.0,
        36.5,
        45.25,
        25.81,
        43.0,
        37.6,
        33.85,
        56.5,
        41.0,
        29.5,
        42.0,
        34.8,
        37.25,
        31.7,
        47.0,
        39.0,
        35.25,
        39.73,
        43.0,
        57.27,
        30.5,
        28.5,
        44.0,
        42.25,
        55.5,
        40.39,
        39.5,
        43.65,
        35.5,
        26.5,
        45.5
    ],
    "y_pred": [
        43.710749291277715,
        52.03328767123288,
        56.249843444227025,
        40.26488092301327,
        35.09274371969149,
        42.923982671015146,
        19.857925636007817,
        42.86652886046482,
        46.87837472078911,
        48.07605821917804,
        53.65817351598172,
        34.7149905655317,
        32.59075961689085,
        31.985669692484077,
        42.139154713729965,
        38.383152316477435,
        44.533504926987156,
        33.66121227136638,
        31.066181011260124,
        32.07765484235332,
        54.75913812785388,
        28.952631334849826,
        37.38449994424856,
        23.474748858447512,
        34.119433487906136,
        34.91605127230188,
        47.702502787289575,
        31.471843275575957,
        57.234981320049805,
        39.140093878045235,
        51.787123287671236,
        43.41738227340488,
        58.0675799086758,
        40.342649564688166,
        39.971779083842975,
        30.035091387169548,
        35.3073664902121,
        32.56434410787082,
        50.30534246575343,
        34.27317778014358,
        44.794971189403896,
        30.69686011033611,
        52.023019029318796,
        41.58304665478065,
        34.060205877683956,
        55.29320049813201,
        39.522168970617926,
        32.93157039244369,
        40.6266715259841,
        41.1737455562757,
        42.04259936448633,
        41.16004692613871,
        48.07605821917804,
        38.54027133397218,
        33.87123305501626,
        40.43784520106314,
        47.42902931583592,
        54.658767123287674,
        27.630776356494845,
        29.417436526867334,
        44.00375322320709,
        41.23276496161234,
        54.052237442922376,
        42.503114373804635,
        39.92820286160606,
        43.779266972662626,
        36.10828549376171,
        26.81388430904458,
        45.17293922593357
    ]
}