{
    "Est_name": "RF",
    "Run": 4,
    "Seed": 4012,
    "Est_params": {
        "n_estimators": 26,
        "max_depth": 12
    },
    "R2": 0.7911648774780926,
    "R": 0.8900784757612019,
    "MAPE": 0.077518804108597,
    "RMSE": 4.108089647799711,
    "y_test": [
        35.3,
        49.9,
        31.25,
        27.5,
        37.75,
        27.12,
        33.85,
        25.81,
        53.25,
        43.55,
        32.25,
        41.0,
        33.0,
        33.04,
        32.0,
        42.25,
        38.78,
        27.5,
        40.5,
        44.5,
        59.5,
        35.0,
        36.0,
        46.0,
        13.33,
        39.45,
        60.25,
        52.5,
        47.0,
        34.5,
        50.75,
        31.47,
        32.5,
        42.56,
        32.25,
        31.53,
        56.38,
        41.16,
        41.89,
        39.12,
        36.5,
        43.65,
        41.25,
        23.0,
        43.76,
        58.0,
        42.3,
        27.49,
        42.0,
        34.5,
        42.37,
        45.0,
        43.5,
        42.2,
        46.87,
        44.6,
        33.0,
        44.5,
        42.2,
        51.0,
        31.8,
        22.9,
        43.5,
        32.5,
        40.0,
        42.86,
        51.5,
        45.02,
        41.78
    ],
    "y_pred": [
        35.081153846153846,
        48.83692307692307,
        29.40291038210156,
        37.76480769230769,
        43.72545741758242,
        32.26576923076923,
        34.128695054945055,
        30.061057692307696,
        55.23923076923076,
        43.10498076923078,
        29.914102564102564,
        41.8087358058608,
        30.290357216313097,
        29.724036703492587,
        32.78272097151215,
        40.72822756410256,
        37.534001831501826,
        32.78324615384616,
        39.405448717948715,
        41.831657124819614,
        57.97115384615385,
        34.00072362082363,
        34.403749999999995,
        47.97769230769231,
        25.908076923076926,
        36.53410256410256,
        60.61692307692307,
        52.24442307692308,
        49.1221153846154,
        40.01606196581197,
        52.08576923076923,
        29.22897926093514,
        32.043637305178486,
        41.474017094017086,
        31.915202991452986,
        30.90556992027581,
        36.695631868131876,
        42.33720219780221,
        44.5196978021978,
        43.2227967032967,
        40.181400381562874,
        43.2227967032967,
        45.41153846153846,
        24.083461538461542,
        40.73861217948717,
        58.18269230769231,
        40.396157124819624,
        29.18018530489119,
        40.505903663003664,
        34.40549175824175,
        42.698115384615384,
        46.681730769230775,
        47.62461538461538,
        49.651153846153846,
        44.91924328449329,
        45.03988717948716,
        33.04192307692308,
        43.61243131868132,
        42.321384765234754,
        44.30729914529915,
        29.353594645550523,
        23.828461538461536,
        39.80282051282052,
        35.48845670995671,
        44.59253434065935,
        42.22349358974358,
        44.819999999999986,
        44.057977258852254,
        42.288717948717945
    ]
}