{
    "Est_name": "RF",
    "Run": 43,
    "Seed": 4333,
    "Est_params": {
        "n_estimators": 75,
        "max_depth": 13
    },
    "R2": 0.7883434956540467,
    "R": 0.8901790708610691,
    "MAPE": 0.07943003809458513,
    "RMSE": 4.694117465239469,
    "y_test": [
        42.2,
        24.67,
        57.27,
        16.58,
        33.04,
        20.22,
        31.59,
        40.87,
        39.5,
        55.84,
        35.0,
        31.97,
        47.0,
        42.86,
        44.95,
        20.5,
        35.0,
        50.86,
        41.5,
        33.0,
        43.66,
        25.81,
        47.3,
        42.0,
        38.0,
        18.52,
        41.4,
        37.75,
        54.04,
        43.29,
        56.5,
        45.25,
        39.73,
        58.59,
        33.85,
        62.5,
        43.5,
        33.5,
        26.5,
        59.0,
        34.8,
        50.75,
        45.02,
        43.47,
        46.7,
        43.65,
        53.5,
        52.5,
        32.26,
        45.0,
        29.0,
        35.25,
        38.61,
        45.0,
        51.5,
        54.2,
        36.0,
        39.21,
        38.0,
        30.0,
        42.5,
        42.56,
        43.07,
        56.0,
        41.75,
        34.75,
        46.87,
        55.5,
        33.0
    ],
    "y_pred": [
        43.537529735449745,
        24.05666666666669,
        56.522,
        43.80504251207729,
        30.97349677248676,
        29.30773333333333,
        33.49746167314168,
        41.32480000000001,
        39.843906666666676,
        54.09986666666667,
        36.36143613819354,
        31.09967999999999,
        51.47760000000001,
        41.32915814814815,
        43.16833473951354,
        22.40813333333333,
        33.67130412698413,
        53.69,
        40.279693333333334,
        34.10720476190477,
        36.8236,
        30.15437333333332,
        46.72839682539688,
        42.30229871308381,
        38.80492684526426,
        21.11346666666665,
        43.96273777777777,
        40.27415551924064,
        48.626666666666665,
        42.66416772486773,
        56.586666666666666,
        45.34965925925927,
        38.863313333333316,
        55.22146666666667,
        33.86728005698004,
        56.69813333333334,
        44.63275015873016,
        34.753866666666674,
        28.933573333333335,
        57.23777777777777,
        35.817999999999955,
        52.57889074074073,
        43.740785714285714,
        43.034492751322766,
        46.519866666666665,
        43.08870967320259,
        42.87133333333333,
        42.934666666666665,
        31.09967999999999,
        43.13447644643786,
        32.5848,
        35.756,
        37.88473333333332,
        49.34786666666667,
        49.96560000000003,
        49.646666666666675,
        36.766783333333336,
        43.254280256812436,
        38.509041352642754,
        28.976266666666664,
        42.401214814814814,
        44.63941682539683,
        41.60048111111111,
        55.86533333333332,
        43.968826666666665,
        34.368203621933624,
        44.91776349206349,
        42.874933333333324,
        33.33228152505447
    ]
}