{
    "Est_name": "RF",
    "Run": 48,
    "Seed": 6201,
    "Est_params": {
        "n_estimators": 22,
        "max_depth": 15
    },
    "R2": 0.8608709103075683,
    "R": 0.9309978659539647,
    "MAPE": 0.05630348963718696,
    "RMSE": 3.2928814238521906,
    "y_test": [
        49.7,
        42.0,
        30.0,
        37.0,
        49.5,
        39.5,
        33.0,
        39.0,
        48.0,
        34.5,
        55.5,
        32.57,
        39.5,
        54.25,
        48.0,
        34.8,
        32.5,
        55.84,
        30.5,
        40.75,
        57.27,
        46.8,
        52.5,
        34.5,
        49.0,
        21.75,
        39.8,
        31.7,
        33.95,
        60.25,
        35.0,
        54.0,
        39.3,
        44.95,
        45.0,
        44.6,
        43.5,
        40.39,
        57.96,
        46.7,
        39.5,
        45.23,
        37.6,
        42.56,
        41.0,
        45.25,
        57.1,
        33.5,
        43.29,
        56.5,
        33.5,
        33.0,
        26.5,
        36.5,
        40.12,
        31.5,
        45.0,
        29.0,
        43.5,
        29.02,
        58.5,
        41.75,
        44.75,
        44.5,
        42.2,
        45.22,
        40.75,
        57.5,
        52.0
    ],
    "y_pred": [
        51.320757575757575,
        42.62090909090909,
        30.356818181818184,
        42.26818181818181,
        46.96022727272727,
        38.87954545454546,
        33.26856829161177,
        47.405454545454546,
        53.915909090909096,
        38.72863636363636,
        51.68090909090909,
        32.7223814229249,
        39.223636363636366,
        53.35545454545454,
        53.915909090909096,
        39.82272727272727,
        35.276875,
        53.058636363636374,
        31.868181818181814,
        43.71431818181818,
        55.95454545454545,
        38.86818181818182,
        53.67045454545455,
        46.260909090909095,
        53.915909090909096,
        22.205909090909095,
        42.66792929292928,
        39.82272727272727,
        33.11071475625824,
        60.93181818181818,
        35.82215909090908,
        54.120000000000005,
        38.657954545454544,
        41.561642676767676,
        47.64772727272727,
        45.20429292929291,
        39.908181818181816,
        41.76022727272728,
        52.535,
        47.35227272727273,
        39.75772727272727,
        41.561642676767676,
        40.86969696969697,
        39.135,
        40.88060606060606,
        45.35727272727273,
        55.18181818181818,
        32.88863636363636,
        43.189545454545446,
        56.68181818181818,
        34.95909090909091,
        32.52166666666666,
        27.437727272727276,
        40.509646464646465,
        40.891136363636356,
        31.778517786561267,
        42.87772222222222,
        31.864545454545453,
        42.059999999999995,
        29.750363636363634,
        56.65909090909091,
        44.75363636363637,
        44.44282828282827,
        43.04617604617603,
        43.67036616161615,
        40.69431818181817,
        40.946893939393945,
        57.57954545454545,
        53.915909090909096
    ]
}