{
    "Est_name": "RF",
    "Run": 14,
    "Seed": 1535,
    "Est_params": {
        "n_estimators": 49,
        "max_depth": 16
    },
    "R2": 0.868594732338394,
    "R": 0.9341754017005123,
    "MAPE": 0.06497478985092936,
    "RMSE": 3.787333209757921,
    "y_test": [
        32.25,
        58.59,
        52.5,
        47.0,
        54.0,
        28.0,
        21.75,
        40.12,
        42.0,
        40.0,
        47.3,
        42.29,
        44.0,
        40.0,
        42.0,
        56.0,
        25.81,
        16.58,
        30.5,
        43.64,
        33.4,
        23.33,
        32.5,
        44.05,
        55.84,
        37.6,
        41.0,
        33.04,
        42.56,
        41.0,
        33.76,
        39.17,
        24.67,
        46.0,
        49.0,
        58.5,
        39.12,
        54.2,
        31.59,
        42.37,
        58.25,
        32.0,
        33.0,
        35.5,
        56.5,
        50.2,
        40.5,
        41.16,
        48.0,
        20.8,
        59.0,
        37.75,
        30.0,
        34.75,
        41.8,
        42.35,
        29.41,
        49.5,
        46.0,
        39.42,
        34.62,
        45.5,
        23.0,
        53.5,
        26.5,
        41.89,
        31.7,
        59.5,
        27.5
    ],
    "y_pred": [
        31.786938775510215,
        55.62183673469389,
        50.701632653061225,
        49.54122448979593,
        49.786530612244896,
        28.436122448979596,
        22.01265306122448,
        41.75673469387755,
        43.99891156462585,
        40.00612244897959,
        45.81326530612244,
        39.20057823129252,
        48.12042517006803,
        40.25023809523808,
        42.12795918367346,
        55.95224489795919,
        28.32265306122448,
        42.699183673469385,
        31.439948979591833,
        44.01035714285714,
        33.2065986394558,
        20.337346938775518,
        35.47309523809524,
        44.27099659863946,
        54.14428571428571,
        39.03142857142854,
        42.247687074829926,
        30.917500000000004,
        44.368061224489786,
        37.66201166180756,
        32.96802721088436,
        39.34265306122449,
        25.551836734693875,
        46.39448979591837,
        48.24925170068027,
        54.89326530612245,
        43.02005102040818,
        53.15122448979591,
        33.008639455782316,
        43.19739795918367,
        56.4030612244898,
        33.450534941249224,
        34.54397031539889,
        36.03632653061224,
        57.13265306122449,
        46.837346938775504,
        39.998979591836736,
        43.82817346938776,
        44.95897959183673,
        20.677959183673458,
        56.25,
        40.77673469387756,
        29.948979591836736,
        34.77050092764379,
        43.28571428571429,
        37.87772594752186,
        31.44591836734694,
        49.61224489795919,
        46.86857142857143,
        41.350612244897945,
        33.77292517006803,
        45.58299319727891,
        25.188163265306123,
        56.01265306122449,
        28.037142857142857,
        40.73081632653059,
        37.85183673469386,
        58.31122448979592,
        30.90938775510204
    ]
}