{
    "Est_name": "RF",
    "Run": 1,
    "Seed": 1824,
    "Est_params": {
        "n_estimators": 32,
        "max_depth": 20
    },
    "R2": 0.7943170298612691,
    "R": 0.8972205869433157,
    "MAPE": 0.07375589148495636,
    "RMSE": 4.077334902408027,
    "y_test": [
        43.64,
        31.7,
        22.67,
        39.12,
        35.75,
        28.0,
        34.5,
        35.5,
        45.0,
        21.75,
        30.0,
        33.0,
        37.25,
        46.0,
        42.75,
        34.5,
        45.02,
        43.4,
        15.11,
        57.8,
        50.2,
        35.0,
        42.2,
        45.22,
        48.0,
        48.0,
        29.0,
        29.02,
        30.0,
        46.11,
        53.25,
        43.0,
        30.0,
        27.12,
        40.75,
        39.12,
        41.5,
        42.2,
        33.0,
        35.75,
        48.5,
        59.0,
        41.95,
        36.5,
        43.66,
        26.25,
        38.61,
        34.8,
        33.85,
        32.91,
        25.68,
        48.0,
        43.29,
        56.5,
        45.0,
        31.5,
        42.3,
        50.75,
        56.0,
        49.0,
        49.0,
        33.95,
        51.0,
        33.25,
        44.5,
        41.78,
        39.21,
        40.39,
        31.97
    ],
    "y_pred": [
        44.076874999999994,
        38.709374999999994,
        23.023749999999996,
        40.400625000000005,
        34.785125,
        29.534687499999997,
        34.53968749999999,
        34.610312500000006,
        44.18168750000001,
        21.371874999999992,
        31.76093750000001,
        34.0015625,
        42.635,
        47.3096875,
        40.740624999999994,
        45.0775,
        44.11843749999999,
        43.52593749999999,
        22.954375000000002,
        39.6425,
        46.84375,
        34.838437500000005,
        43.57437499999999,
        41.453749999999985,
        45.25,
        49.6525,
        31.015937499999996,
        32.492187499999986,
        33.809062499999996,
        46.9278125,
        54.36468749999999,
        44.46054166666668,
        31.428312499999993,
        31.35218749999999,
        39.3,
        44.958125,
        47.718750000000014,
        50.543749999999996,
        33.8346875,
        33.970000000000006,
        52.16875,
        56.7578125,
        41.46812500000001,
        34.2703125,
        36.301249999999996,
        29.981875000000006,
        37.928125,
        38.71249999999999,
        33.955937500000005,
        34.2109375,
        32.437499999999986,
        49.294375,
        42.969687500000006,
        56.875,
        51.036875,
        31.9765625,
        42.51374999999999,
        52.3484375,
        56.41843749999999,
        54.31375000000001,
        46.5246875,
        33.059375,
        43.958749999999995,
        34.2603125,
        44.4296875,
        42.12499999999999,
        43.877916666666664,
        42.215312499999996,
        32.622187499999995
    ]
}