{
    "Est_name": "RF",
    "Run": 28,
    "Seed": 106,
    "Est_params": {
        "n_estimators": 76,
        "max_depth": 12
    },
    "R2": 0.7716352298298019,
    "R": 0.8798863291112843,
    "MAPE": 0.07939290554898494,
    "RMSE": 4.755920265051369,
    "y_test": [
        43.0,
        34.0,
        42.56,
        40.1,
        30.0,
        49.5,
        43.07,
        53.5,
        53.25,
        46.11,
        37.5,
        45.0,
        41.04,
        56.5,
        32.5,
        48.0,
        31.97,
        54.0,
        57.0,
        32.25,
        35.0,
        59.5,
        47.3,
        16.58,
        41.16,
        49.0,
        58.5,
        31.75,
        39.0,
        15.11,
        34.5,
        57.8,
        39.8,
        35.5,
        41.95,
        33.5,
        45.8,
        43.5,
        37.5,
        47.0,
        53.5,
        33.76,
        35.0,
        47.0,
        52.5,
        23.9,
        44.6,
        41.0,
        30.0,
        24.67,
        57.27,
        33.0,
        28.0,
        41.89,
        30.5,
        59.0,
        28.5,
        54.25,
        33.5,
        53.0,
        43.64,
        44.5,
        38.82,
        41.0,
        40.03,
        43.0,
        48.5,
        43.65,
        40.52
    ],
    "y_pred": [
        44.19553314232932,
        35.10207280247166,
        44.88701163324978,
        41.56761507372193,
        29.717053362573104,
        50.69342105263158,
        42.43605944107062,
        51.15539473684208,
        53.49960526315792,
        46.56979170040486,
        37.412499999999994,
        43.84906738932722,
        41.54300338345866,
        56.87526315789474,
        35.47684047476645,
        48.29920043859649,
        32.59992543859651,
        48.993466374268976,
        54.25,
        32.48972686660927,
        34.18342407510252,
        57.56907894736842,
        46.03696570972891,
        43.075493421052634,
        42.39443907217357,
        53.21523114035089,
        56.38486842105263,
        33.495284197436334,
        38.661082321187585,
        25.560789473684196,
        32.808524600764734,
        39.12242909356726,
        43.24409161272167,
        36.87852468341907,
        41.6876058069854,
        30.7622186716792,
        44.84774449492717,
        42.178932748538,
        38.350671052631604,
        44.17127819548871,
        50.8586842105263,
        33.08748086361737,
        36.723803884711785,
        48.68131578947364,
        53.39394736842105,
        26.57710526315792,
        43.626767051318154,
        39.65188676445993,
        31.95179498462063,
        26.968114035087734,
        56.1654605263158,
        35.176601270720674,
        27.0561951754386,
        39.96348684210525,
        31.583306704260647,
        57.3421052631579,
        31.4882544144452,
        48.60811549707601,
        31.049146303258148,
        45.21412176274017,
        43.89061430360573,
        43.152270814556964,
        39.96094860367395,
        40.6167841401603,
        40.92269883040936,
        53.13628377192983,
        50.512499999999996,
        41.940056723758666,
        39.20778947368424
    ]
}