{
    "Est_name": "RF",
    "Run": 27,
    "Seed": 4557,
    "Est_params": {
        "n_estimators": 40,
        "max_depth": 13
    },
    "R2": 0.8363702908253836,
    "R": 0.9152264088234725,
    "MAPE": 0.06795459759192904,
    "RMSE": 3.98256283186069,
    "y_test": [
        48.0,
        39.78,
        39.61,
        39.5,
        40.12,
        53.5,
        46.5,
        53.9,
        33.5,
        33.25,
        34.5,
        50.5,
        32.25,
        44.5,
        56.38,
        35.25,
        29.0,
        51.0,
        23.0,
        15.11,
        45.8,
        40.5,
        29.5,
        36.0,
        58.0,
        31.8,
        28.5,
        35.0,
        35.5,
        43.0,
        42.03,
        48.5,
        42.2,
        49.7,
        48.0,
        52.5,
        33.41,
        25.81,
        39.0,
        41.23,
        54.2,
        33.85,
        41.78,
        32.91,
        43.4,
        27.49,
        30.25,
        20.8,
        38.0,
        48.0,
        33.5,
        26.5,
        22.04,
        30.0,
        52.5,
        31.47,
        44.05,
        45.25,
        43.0,
        43.29,
        42.3,
        57.0,
        54.25,
        26.5,
        51.0,
        43.0,
        49.5,
        25.68,
        32.83
    ],
    "y_pred": [
        45.447541666666666,
        37.703812499999984,
        32.90059848484849,
        38.79189761904761,
        41.89185466853409,
        52.113749999999996,
        46.8005,
        52.86650000000001,
        35.274541666666664,
        35.390499999999996,
        39.78304166666667,
        48.6816111111111,
        30.665317234848487,
        43.27063516893646,
        33.100796401515154,
        36.67296428571428,
        31.7365,
        48.93597916666666,
        24.7875,
        20.89650000000001,
        44.47292518939395,
        40.61548214285715,
        36.52330833333333,
        36.2215,
        58.0375,
        29.492466666666665,
        36.73293749999999,
        33.69705681818182,
        37.995999891774886,
        44.9186580325312,
        40.869687500000005,
        50.2,
        41.9664356060606,
        51.95052083333333,
        48.24500000000002,
        53.59375,
        32.99599999999999,
        27.7375,
        39.81814880952381,
        45.527230949197865,
        52.55399999999999,
        34.08437499999999,
        42.222936666666655,
        35.41466666666665,
        41.386122113997104,
        30.553395833333326,
        33.79761607142857,
        19.84449999999999,
        38.620379916549965,
        46.6096875,
        31.483749999999997,
        28.231749999999998,
        21.934499999999996,
        35.917433333333335,
        51.93125,
        29.125466666666664,
        41.386122113997104,
        45.3785,
        46.6096875,
        43.93023898601398,
        39.73110317460316,
        54.1025,
        52.07000000000001,
        28.867624999999997,
        51.41757916666668,
        51.725329166666675,
        50.73125,
        29.67896666666666,
        33.761388888888895
    ]
}