{
    "Est_name": "RF",
    "Run": 33,
    "Seed": 2547,
    "Est_params": {
        "n_estimators": 100,
        "max_depth": 11
    },
    "R2": 0.8318503170812326,
    "R": 0.9156511927085758,
    "MAPE": 0.07425606535638886,
    "RMSE": 4.075694296705039,
    "y_test": [
        34.8,
        48.0,
        40.75,
        48.0,
        35.5,
        44.0,
        22.13,
        46.7,
        26.5,
        35.25,
        43.07,
        62.5,
        42.0,
        43.5,
        43.5,
        40.0,
        39.5,
        16.58,
        26.5,
        40.03,
        43.5,
        39.61,
        30.25,
        40.1,
        59.5,
        35.75,
        42.56,
        46.0,
        32.26,
        33.5,
        31.75,
        42.0,
        39.8,
        42.0,
        57.96,
        40.5,
        57.27,
        52.07,
        40.0,
        22.9,
        27.7,
        27.49,
        32.83,
        31.47,
        49.0,
        30.0,
        38.0,
        59.0,
        32.57,
        21.75,
        41.95,
        31.25,
        53.9,
        35.0,
        27.4,
        39.78,
        44.75,
        43.55,
        46.25,
        48.0,
        46.5,
        49.0,
        22.5,
        41.78,
        27.5,
        31.25,
        55.84,
        37.5,
        51.0
    ],
    "y_pred": [
        36.91975283340925,
        46.08824887057387,
        40.01875048399314,
        43.090777976190466,
        36.28971202020202,
        43.86649485315337,
        22.035099999999986,
        42.83377976190475,
        29.308758874458878,
        34.150991823645505,
        42.11797133222987,
        57.317725,
        41.95712873011101,
        39.66859285714285,
        45.96242552489174,
        41.012829854693074,
        40.2595440306633,
        43.07745952380953,
        28.889302922077924,
        41.48424230508871,
        46.461361228070174,
        33.67663984126985,
        34.20225764173575,
        41.575866578051674,
        58.33142857142857,
        34.29617645325947,
        45.94220052489174,
        47.110360714285704,
        32.39791296699576,
        36.51897878048781,
        34.357001418792024,
        41.32372737793255,
        43.12221272893773,
        43.14198097165991,
        53.94071153846159,
        40.75405625,
        55.6942,
        52.66783333333329,
        43.41092486746651,
        24.024500000000025,
        32.410612966995764,
        31.973312966995763,
        33.91309098145862,
        30.786393600945136,
        53.791570019278986,
        31.939735984405733,
        36.854854705850705,
        58.891000000000005,
        32.68605115642259,
        21.25639999999998,
        41.11588835243188,
        30.98488951073125,
        51.69465000000003,
        36.444580608558105,
        31.0196852676118,
        37.441261161440195,
        43.94529556743909,
        42.81269448699175,
        43.213261309523794,
        48.372199999999985,
        46.55419999999998,
        45.876141666666655,
        22.296800000000005,
        42.05998603100327,
        31.465863327922076,
        35.621789696969685,
        54.350661538461615,
        37.79091174242424,
        45.17391809523811
    ]
}