{
    "Est_name": "RF",
    "Run": 12,
    "Seed": 520,
    "Est_params": {
        "n_estimators": 79,
        "max_depth": 14
    },
    "R2": 0.8250991739066829,
    "R": 0.9104683292730594,
    "MAPE": 0.08348236804935959,
    "RMSE": 4.447228374799957,
    "y_test": [
        40.0,
        35.5,
        43.07,
        59.0,
        45.5,
        21.75,
        35.0,
        51.5,
        31.75,
        50.5,
        41.52,
        39.0,
        39.0,
        16.58,
        43.0,
        13.33,
        48.0,
        34.5,
        51.0,
        22.13,
        24.5,
        30.5,
        57.27,
        46.7,
        46.25,
        43.4,
        32.9,
        59.0,
        52.07,
        47.0,
        41.23,
        42.25,
        39.5,
        57.0,
        29.41,
        45.0,
        55.52,
        23.0,
        20.8,
        50.8,
        23.9,
        40.0,
        41.89,
        32.25,
        50.2,
        43.55,
        42.3,
        27.4,
        31.8,
        37.5,
        42.29,
        46.8,
        33.76,
        42.5,
        34.0,
        56.5,
        54.04,
        38.82,
        32.43,
        39.12,
        31.25,
        42.2,
        36.5,
        35.25,
        33.95,
        52.0,
        26.5,
        56.0,
        47.3
    ],
    "y_pred": [
        40.33365933293148,
        34.36754555044113,
        42.16446760096441,
        60.19303797468354,
        45.24055907172996,
        22.284177215189857,
        34.11058549554193,
        44.6015189873418,
        32.87885751379422,
        45.06551687763716,
        47.27904588472705,
        47.66238396624473,
        38.727002094719964,
        42.60582278481013,
        46.795189873417726,
        21.250632911392383,
        45.828987341772155,
        45.33379746835444,
        44.9090506329114,
        22.392827004219395,
        27.13882320211434,
        31.780651612803513,
        55.88683544303797,
        45.533544303797456,
        44.77679324894515,
        43.00030697101809,
        32.80206751054853,
        56.99050632911393,
        53.29063291139235,
        48.20523206751054,
        47.42070098925647,
        41.91241042974563,
        37.437341772151896,
        60.03164556962025,
        32.60784810126582,
        44.51070449065703,
        56.86797468354436,
        25.784392822367508,
        20.166835443037957,
        44.83703586497893,
        25.683670886075973,
        40.456324607902225,
        44.61260322483424,
        30.16276046738072,
        45.82784810126582,
        42.87023538276068,
        42.3583759707699,
        31.086593731163333,
        30.99039119951777,
        37.054810126582275,
        39.3978689116997,
        43.03189873417722,
        33.24724713682941,
        42.350126582278484,
        35.06083038902027,
        56.68354430379747,
        52.26518987341768,
        39.1838959212377,
        34.94405085498556,
        40.33854963056303,
        30.908088799386267,
        42.61863121252904,
        40.71324191279888,
        34.51750493283089,
        33.03506329113926,
        49.504210970464136,
        27.393164556962024,
        53.20670886075949,
        43.85364588873525
    ]
}