{
    "Est_name": "RF",
    "Run": 36,
    "Seed": 1674,
    "Est_params": {
        "n_estimators": 78,
        "max_depth": 11
    },
    "R2": 0.823772648651711,
    "R": 0.9125971183381387,
    "MAPE": 0.07101535583284835,
    "RMSE": 3.862714174013223,
    "y_test": [
        48.0,
        58.5,
        51.5,
        50.2,
        26.75,
        31.75,
        50.75,
        40.12,
        33.41,
        42.25,
        26.5,
        42.0,
        48.0,
        29.02,
        41.89,
        48.0,
        43.29,
        39.45,
        42.56,
        32.33,
        48.7,
        37.6,
        41.25,
        45.0,
        33.0,
        39.12,
        22.13,
        31.67,
        36.0,
        57.5,
        59.0,
        35.75,
        46.5,
        49.0,
        40.5,
        45.5,
        44.0,
        43.4,
        43.55,
        37.75,
        43.5,
        42.5,
        22.9,
        30.25,
        30.0,
        52.5,
        53.25,
        47.0,
        47.0,
        39.5,
        15.11,
        39.21,
        32.0,
        43.29,
        33.25,
        44.75,
        43.64,
        41.0,
        44.95,
        41.75,
        56.38,
        41.5,
        49.9,
        39.53,
        20.8,
        55.84,
        27.5,
        40.0,
        41.95
    ],
    "y_pred": [
        46.263426573426564,
        56.400128205128205,
        47.63091346153849,
        47.14302761341223,
        34.76817191142191,
        36.24442089441732,
        51.670945732321385,
        40.7617718327326,
        32.20272756410254,
        41.44989652221938,
        32.969166666666666,
        39.82734519138247,
        49.12756410256408,
        31.085780466328544,
        39.89438532763531,
        50.252636489820944,
        43.269389970371115,
        36.979314580347186,
        44.39403756881442,
        30.6457332854049,
        44.3014574090194,
        39.026135526834224,
        41.966923076923074,
        43.506431108796896,
        34.525318625603504,
        42.83059229178942,
        22.09628205128204,
        30.88238461538461,
        38.14043389652597,
        57.5224358974359,
        57.31282051282051,
        34.90954767311543,
        48.27884615384614,
        54.14405982905984,
        40.14263049450549,
        44.28968425951992,
        47.25670940170941,
        42.398047499177395,
        42.98507482982433,
        40.77556363079561,
        47.092948717948715,
        42.42017977996239,
        23.721666666666685,
        36.06469114268756,
        31.343762777280546,
        53.43153846153846,
        54.913076923076936,
        46.5046047993874,
        50.66692307692307,
        38.07889804639804,
        24.959674145299125,
        44.46047766116923,
        33.3451393121049,
        42.38930164961927,
        34.49486540489425,
        44.07440093890047,
        43.87620549545503,
        40.28704963024946,
        43.00982559094873,
        46.053333333333335,
        41.66650239814465,
        44.3014574090194,
        49.15460377984086,
        42.83593608031446,
        19.943846153846142,
        55.760128205128225,
        44.16443215754834,
        39.445380998168275,
        41.96632156589735
    ]
}