{
    "Est_name": "RF",
    "Run": 47,
    "Seed": 2045,
    "Est_params": {
        "n_estimators": 17,
        "max_depth": 12
    },
    "R2": 0.846166423428933,
    "R": 0.9214203659247544,
    "MAPE": 0.06693184302012324,
    "RMSE": 3.7529583281447483,
    "y_test": [
        47.3,
        35.25,
        32.83,
        20.22,
        53.5,
        27.5,
        45.0,
        53.25,
        29.6,
        22.67,
        37.0,
        33.25,
        35.0,
        40.0,
        42.0,
        25.68,
        22.13,
        45.5,
        37.75,
        32.5,
        55.52,
        55.5,
        52.5,
        30.0,
        49.7,
        53.0,
        51.0,
        39.21,
        46.0,
        40.75,
        43.0,
        21.5,
        26.5,
        35.0,
        39.5,
        35.5,
        39.45,
        53.5,
        42.29,
        44.5,
        44.75,
        49.0,
        33.0,
        27.12,
        30.0,
        42.03,
        47.0,
        41.0,
        48.0,
        22.9,
        39.3,
        32.26,
        40.0,
        42.35,
        39.0,
        57.96,
        48.0,
        33.0,
        56.38,
        50.5,
        43.65,
        52.5,
        28.0,
        30.0,
        41.95,
        44.95,
        42.56,
        44.5,
        34.75
    ],
    "y_pred": [
        46.41657329598505,
        35.33411764705882,
        33.48680784313725,
        28.616911764705883,
        52.32411764705882,
        39.349084967320266,
        47.9764705882353,
        54.23764705882353,
        30.322352941176458,
        22.610000000000003,
        43.207099630761405,
        34.8762091503268,
        36.07003267973856,
        41.964134644767,
        45.1121568627451,
        30.21796171802054,
        21.95235294117647,
        43.74277777777778,
        40.66098179271709,
        35.35473389355742,
        57.145294117647076,
        56.572941176470586,
        51.384327731092434,
        29.63705882352941,
        50.8568253968254,
        48.24411764705883,
        49.20179271708684,
        43.95937254901961,
        49.10655462184874,
        39.27235294117647,
        49.10655462184874,
        23.794117647058822,
        27.552672268907568,
        37.939594474153296,
        38.04121212121212,
        38.36599673202614,
        40.857633053221285,
        52.342352941176465,
        39.542959150326794,
        42.46756601731602,
        43.80022731516849,
        54.28890756302523,
        31.481108776844067,
        33.81371212121211,
        34.799594474153295,
        41.23593137254902,
        47.431895424836604,
        37.46546797385621,
        46.16411764705882,
        22.73588235294118,
        37.41002450980392,
        30.262941176470576,
        40.010996732026136,
        36.94762483660131,
        37.794901960784316,
        54.00941176470588,
        49.329411764705895,
        33.18396470588236,
        38.63869281045751,
        50.34999999999999,
        41.179647058823534,
        54.0,
        29.21829831932773,
        31.459607843137253,
        41.91179080723198,
        42.32060523300229,
        43.63388888888888,
        43.448660130718956,
        34.391706349206345
    ]
}