{
    "Est_name": "RF",
    "Run": 40,
    "Seed": 5881,
    "Est_params": {
        "n_estimators": 94,
        "max_depth": 13
    },
    "R2": 0.8659016254695652,
    "R": 0.9317243032574224,
    "MAPE": 0.05332782606179488,
    "RMSE": 3.3008478835764916,
    "y_test": [
        35.25,
        57.8,
        48.0,
        58.0,
        39.0,
        39.78,
        42.56,
        36.0,
        53.0,
        43.0,
        31.7,
        56.5,
        45.0,
        43.07,
        31.47,
        40.75,
        40.5,
        50.0,
        25.68,
        53.5,
        32.83,
        51.0,
        31.67,
        59.0,
        42.56,
        38.0,
        41.89,
        50.2,
        33.6,
        30.0,
        41.5,
        36.0,
        27.4,
        35.25,
        49.5,
        53.5,
        32.5,
        46.0,
        53.25,
        43.55,
        44.6,
        25.81,
        56.0,
        34.25,
        29.0,
        33.5,
        48.0,
        40.52,
        33.46,
        44.95,
        42.0,
        22.04,
        38.82,
        32.25,
        46.0,
        42.2,
        34.75,
        22.9,
        42.0,
        62.5,
        43.5,
        42.66,
        43.5,
        39.73,
        41.16,
        37.5,
        35.0,
        33.5,
        35.5
    ],
    "y_pred": [
        35.47872340425533,
        41.61033023049649,
        44.765986997635935,
        57.195656028368795,
        44.88840425531915,
        37.73058274231683,
        45.54566166413371,
        36.82717848699764,
        48.89085106382978,
        52.67177659574467,
        36.670517301847106,
        56.06468085106382,
        44.35364657210402,
        42.69364274382762,
        32.51741843971634,
        40.488600830463874,
        39.82890070921986,
        52.14304711246201,
        31.54124822695035,
        53.649361702127656,
        33.45362192018974,
        44.57072948328267,
        31.482127659574473,
        57.195656028368795,
        40.017466931607935,
        38.20041066823247,
        44.1971502718125,
        44.79534869976359,
        33.49720218229132,
        31.694307533187843,
        39.70497340425532,
        32.01138025095472,
        32.80947517730499,
        34.09410559904044,
        48.481757852077,
        53.89771276595745,
        31.68897425048356,
        44.49726359338061,
        53.79180851063829,
        43.00976923435839,
        44.45727274964223,
        28.218085106382954,
        53.51225177304965,
        32.140291814420806,
        32.45995440729483,
        32.090702254305995,
        48.39202127659574,
        38.156884498480274,
        35.24647464769272,
        43.27311696399948,
        39.9592470643087,
        21.60340425531916,
        40.13408114683778,
        31.770543735224614,
        44.5117085362923,
        43.26547067622313,
        33.86788574088441,
        24.118404255319174,
        42.655163516931715,
        57.79882978723404,
        40.908593380614654,
        42.19790964300412,
        45.74502336626137,
        40.41262740628166,
        42.42281453022102,
        38.10736659262724,
        31.534039825422802,
        30.81960992907802,
        35.651808510638304
    ]
}