{
    "Est_name": "RF",
    "Run": 24,
    "Seed": 3611,
    "Est_params": {
        "n_estimators": 41,
        "max_depth": 13
    },
    "R2": 0.7972568588067763,
    "R": 0.8988680022389539,
    "MAPE": 0.07849409463216495,
    "RMSE": 4.445794787877163,
    "y_test": [
        26.5,
        41.0,
        44.5,
        42.0,
        39.5,
        33.5,
        35.0,
        48.0,
        37.5,
        57.27,
        41.5,
        57.0,
        37.6,
        32.91,
        45.5,
        21.75,
        30.5,
        26.5,
        29.6,
        48.0,
        53.9,
        29.5,
        26.75,
        44.6,
        39.3,
        13.33,
        40.0,
        35.0,
        22.13,
        35.0,
        46.8,
        35.0,
        47.0,
        48.0,
        33.04,
        49.9,
        53.25,
        26.5,
        41.16,
        38.0,
        56.25,
        33.4,
        40.75,
        16.58,
        53.5,
        38.61,
        27.49,
        45.23,
        56.0,
        39.73,
        43.64,
        31.25,
        22.04,
        28.5,
        41.78,
        33.76,
        49.5,
        29.5,
        31.75,
        32.57,
        31.7,
        47.3,
        40.12,
        45.0,
        33.5,
        46.7,
        52.07,
        35.5,
        34.5
    ],
    "y_pred": [
        27.542865853658537,
        39.84696995404736,
        44.770143403702946,
        40.226283840143594,
        36.04463414634146,
        33.33,
        33.38219918699187,
        47.756674796747966,
        38.95034552845527,
        56.49658536585365,
        46.326034994697785,
        58.26829268292683,
        40.1916892148892,
        34.601881533101036,
        46.31169392635103,
        20.97073170731706,
        31.900475029036006,
        27.807154471544713,
        30.557073170731698,
        49.263617886178864,
        48.371219512195125,
        31.67853658536585,
        29.365853658536587,
        44.604083775185565,
        37.213495934959354,
        23.568292682926838,
        43.443672284105844,
        36.6404674796748,
        21.720975609756092,
        35.135823612583955,
        43.54317073170733,
        33.74441056910569,
        47.190081300813006,
        46.06715447154472,
        31.18722299651568,
        49.37970020325203,
        54.3460975609756,
        30.898780487804874,
        43.38108654587801,
        37.93174796747967,
        58.76317073170732,
        34.41172764227643,
        39.084246771879485,
        47.922327677624594,
        51.15121951219512,
        38.89808013937282,
        30.557073170731698,
        43.52999951987821,
        57.69512195121951,
        40.49058013937284,
        43.69911137169063,
        30.526422764227647,
        21.301463414634142,
        28.809268292682923,
        42.10586178861787,
        34.08038617886179,
        50.41447154471546,
        30.926666666666666,
        32.56910569105691,
        33.25915795586527,
        38.39196310766309,
        46.44403499469779,
        41.88465254212325,
        48.71463414634146,
        32.617987804878055,
        45.143170731707315,
        53.57560975609757,
        35.23170731707317,
        35.20617886178862
    ]
}