{
    "Est_name": "RF",
    "Run": 9,
    "Seed": 1424,
    "Est_params": {
        "n_estimators": 88,
        "max_depth": 15
    },
    "R2": 0.9227854411879841,
    "R": 0.9637931301692849,
    "MAPE": 0.06442248020222456,
    "RMSE": 2.880140402832392,
    "y_test": [
        41.16,
        56.0,
        34.5,
        43.5,
        59.0,
        35.5,
        33.41,
        37.0,
        47.0,
        53.5,
        27.5,
        39.12,
        54.0,
        22.04,
        25.68,
        40.52,
        41.89,
        56.0,
        41.8,
        30.0,
        45.23,
        49.5,
        57.0,
        40.5,
        13.33,
        40.75,
        26.5,
        20.22,
        43.65,
        41.5,
        33.5,
        39.8,
        33.0,
        50.5,
        36.0,
        54.04,
        39.73,
        35.0,
        30.5,
        31.53,
        33.76,
        37.5,
        52.0,
        41.5,
        50.2,
        53.5,
        35.0,
        28.0,
        38.61,
        51.0,
        35.75,
        55.5,
        35.75,
        53.9,
        35.25,
        39.3,
        23.0,
        44.5,
        23.9,
        26.5,
        49.5,
        25.81,
        58.59,
        48.0,
        32.25,
        42.75,
        33.0,
        45.0,
        46.25
    ],
    "y_pred": [
        43.08919372294369,
        56.29829545454545,
        34.64623737373737,
        38.576363636363624,
        57.48295454545455,
        36.328465909090916,
        32.374886363636335,
        42.4357727272727,
        46.47352272727272,
        52.834999999999994,
        38.28689935064933,
        40.2221590909091,
        50.605,
        21.832159090909105,
        29.880625,
        39.4432142857143,
        43.14822159010177,
        53.66943181818181,
        43.55885069363708,
        32.582462121212096,
        43.04402380871648,
        48.67390151515151,
        59.27272727272727,
        39.15340909090909,
        20.899659090909065,
        44.30251893939397,
        29.93068181818182,
        28.51011363636363,
        42.58213311688307,
        38.92613636363637,
        32.701229707792216,
        43.1961363636364,
        34.157903138528134,
        49.30704545454551,
        34.22703282828283,
        52.046136363636336,
        40.814862012987014,
        36.91348484848484,
        29.51784090909091,
        28.46045454545452,
        33.2207941919192,
        38.05681818181818,
        49.631636363636375,
        47.5460227272727,
        46.52681818181818,
        52.03329545454546,
        36.391571969696976,
        28.231590909090905,
        38.84969155844155,
        52.01861742424242,
        34.34976893939393,
        56.13829545454548,
        34.1586819083694,
        51.031022727272735,
        34.161058802308794,
        38.16903409090909,
        24.34545454545454,
        43.618982683982686,
        24.614090909090933,
        27.614431818181824,
        49.53125,
        29.190681818181805,
        55.86238636363639,
        44.139327651515124,
        30.294734848484847,
        40.840892090548344,
        33.895681818181814,
        43.11047673079441,
        43.04016098484846
    ]
}