{
    "Est_name": "RF",
    "Run": 44,
    "Seed": 711,
    "Est_params": {
        "n_estimators": 86,
        "max_depth": 18
    },
    "R2": 0.8534528300244819,
    "R": 0.9261906465461172,
    "MAPE": 0.0640954057907423,
    "RMSE": 3.6151051138399737,
    "y_test": [
        35.5,
        22.5,
        22.73,
        29.02,
        18.52,
        20.5,
        41.0,
        32.25,
        41.0,
        53.0,
        46.0,
        33.0,
        30.0,
        47.0,
        37.0,
        45.22,
        45.0,
        34.5,
        42.25,
        34.62,
        44.5,
        37.5,
        40.0,
        55.5,
        34.5,
        45.23,
        56.25,
        38.0,
        56.38,
        58.25,
        46.11,
        42.03,
        55.84,
        26.5,
        42.56,
        27.7,
        29.6,
        25.81,
        34.5,
        41.78,
        37.75,
        26.5,
        46.0,
        43.55,
        30.0,
        37.5,
        29.5,
        30.0,
        48.0,
        41.04,
        42.56,
        39.12,
        46.87,
        39.45,
        39.17,
        35.0,
        42.56,
        41.89,
        59.5,
        39.53,
        54.0,
        36.5,
        31.47,
        43.47,
        44.5,
        57.0,
        42.66,
        35.0,
        49.5
    ],
    "y_pred": [
        34.08906976744186,
        22.612558139534883,
        27.054186046511656,
        41.43837209302326,
        21.534069767441846,
        22.36093023255813,
        40.11261627906974,
        31.358720930232558,
        37.210930232558134,
        48.29093023255813,
        48.07466666666667,
        33.25331395348837,
        32.1724418604651,
        47.674651162790695,
        41.737906976744185,
        41.46014534883722,
        46.22441860465114,
        46.18255813953488,
        42.21198504983395,
        34.173953488372085,
        43.66042635658915,
        37.54988372093024,
        40.87829457364341,
        55.26581395348839,
        34.25930232558141,
        44.0253779069767,
        58.424418604651166,
        39.22790697674415,
        40.15906976744188,
        58.604651162790695,
        48.99873643410852,
        38.464069767441856,
        56.08918604651167,
        28.424883720930232,
        43.84476744186046,
        31.156395348837208,
        30.74046511627907,
        29.601511627906955,
        39.56622093023257,
        40.73302325581394,
        41.29965116279069,
        31.087441860465116,
        46.93511627906976,
        41.08883720930233,
        32.22406976744184,
        38.70406976744191,
        30.823139534883715,
        31.302093023255814,
        48.15499999999996,
        42.47046511627906,
        40.93430232558138,
        39.316744186046506,
        44.845232558139536,
        36.67511627906977,
        38.84127906976743,
        35.86162790697674,
        40.79677325581397,
        40.71046511627905,
        58.63953488372093,
        44.58825581395345,
        54.34453488372093,
        40.96151162790698,
        29.86558139534886,
        41.17697674418606,
        43.761976744186015,
        58.20348837209303,
        40.149186046511616,
        36.91767441860465,
        49.42325581395348
    ]
}