{
    "Est_name": "RF",
    "Run": 42,
    "Seed": 9891,
    "Est_params": {
        "n_estimators": 33,
        "max_depth": 10
    },
    "R2": 0.897008780567331,
    "R": 0.9486552710085638,
    "MAPE": 0.053588877693470226,
    "RMSE": 2.982376413339364,
    "y_test": [
        45.5,
        48.7,
        38.61,
        38.0,
        42.0,
        39.5,
        54.04,
        46.7,
        32.5,
        56.25,
        23.0,
        47.0,
        30.0,
        58.5,
        39.0,
        33.0,
        25.81,
        40.75,
        39.78,
        42.03,
        23.33,
        43.47,
        41.23,
        51.5,
        37.5,
        40.1,
        22.67,
        50.0,
        33.04,
        41.89,
        35.0,
        53.5,
        44.6,
        32.25,
        20.8,
        40.75,
        30.0,
        46.8,
        41.16,
        42.3,
        57.5,
        32.25,
        59.0,
        37.25,
        30.0,
        45.22,
        42.0,
        35.0,
        56.0,
        45.02,
        54.25,
        57.5,
        23.9,
        32.43,
        33.6,
        39.17,
        33.95,
        37.5,
        41.5,
        32.83,
        50.8,
        50.86,
        43.4,
        42.75,
        49.9,
        42.0,
        35.3,
        48.0,
        35.5
    ],
    "y_pred": [
        44.27072684606441,
        42.733519754991306,
        39.197430698930695,
        38.841411632378204,
        40.66756924382933,
        35.36806190473575,
        52.780094696969705,
        46.65713804713805,
        35.685717863460255,
        58.831818181818186,
        25.41088638637273,
        47.85990300734619,
        29.834214515565822,
        54.665151515151514,
        50.36560606060606,
        30.75543252875394,
        30.216555971805974,
        40.966513954089834,
        37.26333569962531,
        40.051773208273204,
        22.440303030303035,
        41.74497924161833,
        43.78999239649239,
        43.53349494949493,
        35.087758874432716,
        39.18236551908782,
        23.674191919191912,
        51.295237439328346,
        30.585735559056964,
        41.38890909090908,
        34.12503521473601,
        56.07333333333334,
        42.95721504118659,
        31.322945582195576,
        20.750101010101005,
        39.48378131750391,
        30.744443241943237,
        42.1627302864261,
        39.98270320007389,
        39.377820064542355,
        57.85606060606061,
        32.05084669163653,
        59.305454545454545,
        42.691710437710434,
        33.828649298515934,
        40.09308703845774,
        47.921919191919194,
        34.4044618059618,
        54.92272727272727,
        43.71192515839713,
        53.767171717171706,
        57.32575757575758,
        24.15661616161615,
        35.08490343471162,
        33.96990043290043,
        38.90312694883618,
        33.02570886480384,
        35.31250634918018,
        38.691673944562325,
        33.15754977389474,
        45.71949864580818,
        53.975151515151516,
        40.493920556642856,
        39.92302898902431,
        44.65838294332884,
        39.885140910511616,
        33.66602678076881,
        49.44364357864358,
        35.91359798880054
    ]
}