{
    "Est_name": "RF",
    "Run": 17,
    "Seed": 8279,
    "Est_params": {
        "n_estimators": 12,
        "max_depth": 18
    },
    "R2": 0.7555632678207628,
    "R": 0.871641884800016,
    "MAPE": 0.08450910152184558,
    "RMSE": 5.17605331629174,
    "y_test": [
        52.5,
        51.0,
        45.8,
        41.5,
        56.5,
        30.0,
        34.5,
        39.5,
        26.5,
        33.5,
        26.5,
        54.0,
        27.12,
        35.75,
        15.11,
        32.57,
        23.0,
        33.85,
        34.25,
        39.0,
        33.5,
        40.52,
        57.27,
        48.0,
        43.76,
        44.05,
        37.5,
        62.5,
        38.82,
        55.5,
        58.5,
        49.7,
        49.0,
        32.0,
        48.0,
        30.0,
        39.5,
        52.07,
        48.0,
        41.89,
        33.46,
        32.25,
        46.0,
        35.0,
        39.17,
        53.0,
        43.47,
        33.5,
        57.8,
        42.0,
        57.5,
        40.0,
        53.25,
        22.04,
        56.0,
        42.35,
        20.5,
        46.0,
        45.5,
        36.5,
        31.59,
        29.02,
        48.5,
        38.61,
        33.4,
        33.0,
        45.23,
        42.56,
        23.33
    ],
    "y_pred": [
        52.48083333333333,
        35.024166666666666,
        46.01666666666667,
        39.208333333333336,
        55.25,
        31.610833333333332,
        34.16583333333333,
        40.40638888888889,
        30.105000000000004,
        35.34666666666667,
        27.3225,
        54.48666666666667,
        29.535833333333333,
        34.16583333333333,
        36.61333333333333,
        33.91,
        24.291666666666668,
        34.26416666666667,
        31.024166666666662,
        36.833333333333336,
        31.958333333333332,
        36.57416666666666,
        55.81083333333334,
        50.0,
        41.375,
        43.81180555555556,
        37.083333333333336,
        56.5625,
        40.021666666666654,
        50.317499999999995,
        54.458333333333336,
        51.625,
        35.024166666666666,
        32.604166666666664,
        46.479166666666664,
        29.970833333333328,
        38.9375,
        54.13666666666666,
        48.008333333333326,
        43.61083333333334,
        34.16583333333333,
        29.854166666666668,
        44.654583333333335,
        36.221666666666664,
        39.7275,
        48.258333333333326,
        43.217083333333335,
        32.34333333333333,
        37.945,
        40.925000000000004,
        55.604166666666664,
        41.06180555555556,
        54.234166666666674,
        21.73166666666667,
        53.5,
        37.958333333333336,
        24.66916666666667,
        48.0,
        44.975,
        39.83583333333333,
        33.706666666666656,
        30.270000000000007,
        49.375,
        34.08666666666667,
        33.474999999999994,
        32.15166666666667,
        42.13927083333333,
        42.01916666666666,
        38.36333333333333
    ]
}