{
    "Est_name": "RF",
    "Run": 21,
    "Seed": 3257,
    "Est_params": {
        "n_estimators": 87,
        "max_depth": 12
    },
    "R2": 0.7922113782083207,
    "R": 0.8984836351984482,
    "MAPE": 0.06209990025297785,
    "RMSE": 4.03588218107887,
    "y_test": [
        40.87,
        57.8,
        35.5,
        43.5,
        40.0,
        35.0,
        44.5,
        49.0,
        43.29,
        46.0,
        57.0,
        23.9,
        42.66,
        44.75,
        42.3,
        52.0,
        21.75,
        41.5,
        42.29,
        42.2,
        46.7,
        42.0,
        49.0,
        35.25,
        33.04,
        38.61,
        28.0,
        45.0,
        33.0,
        40.52,
        39.45,
        36.0,
        39.5,
        31.67,
        33.0,
        45.23,
        41.4,
        39.5,
        32.26,
        45.5,
        29.6,
        35.75,
        48.0,
        39.5,
        34.0,
        20.5,
        31.8,
        43.0,
        31.47,
        50.2,
        28.0,
        45.8,
        36.0,
        40.0,
        26.5,
        55.84,
        40.5,
        43.0,
        22.04,
        33.46,
        34.5,
        60.25,
        24.5,
        34.8,
        23.33,
        47.3,
        43.76,
        42.56,
        23.0
    ],
    "y_pred": [
        34.06377531472358,
        35.865617816091955,
        34.28627403305882,
        33.7811877394636,
        39.557330147190015,
        36.98790681094128,
        42.55023286191921,
        54.56710089399747,
        42.83541406741406,
        47.011269157088115,
        58.96597701149426,
        23.13350574712647,
        42.13812115056081,
        43.922251655432675,
        41.441049299625924,
        50.89089399744573,
        21.05586206896551,
        47.01862291624651,
        38.971807432356954,
        50.896436781609204,
        46.68266283524904,
        40.2687023197654,
        48.504679118773936,
        34.04070240634211,
        30.556891843675825,
        36.00024712643677,
        29.010600838384818,
        49.24798850574714,
        31.143404341395215,
        36.418752873563214,
        38.40094444444443,
        36.99319768290459,
        40.50380651340996,
        31.45638014746128,
        33.46879834203439,
        42.539417226086336,
        43.32193310143172,
        38.65818388266316,
        30.083949284432038,
        45.24496340828124,
        29.927538045607022,
        35.174183373140245,
        50.255994800218886,
        39.474935046760436,
        34.99449120539708,
        21.59333333333334,
        28.710464347912623,
        44.14651731044382,
        28.375291934119534,
        46.97490421455939,
        29.401169859514663,
        46.206668893258,
        37.32149340063254,
        42.305471413278454,
        30.562902572523257,
        55.55103448275866,
        40.09600574712643,
        54.20595146871011,
        21.48655172413794,
        35.174183373140245,
        35.22249754938545,
        60.66471264367816,
        28.292308885239915,
        37.24643334567969,
        20.500510855683242,
        45.6069522585199,
        40.14601348561105,
        40.3974459232372,
        26.949505564677974
    ]
}