{
    "Est_name": "RF",
    "Run": 15,
    "Seed": 3582,
    "Est_params": {
        "n_estimators": 100,
        "max_depth": 12
    },
    "R2": 0.8328886826224968,
    "R": 0.9135827864135634,
    "MAPE": 0.06234424814397156,
    "RMSE": 3.7523077053255105,
    "y_test": [
        56.0,
        46.11,
        58.5,
        33.0,
        54.04,
        47.0,
        41.0,
        40.0,
        42.5,
        38.0,
        31.59,
        41.23,
        40.52,
        33.41,
        38.78,
        53.5,
        31.8,
        34.5,
        27.12,
        33.5,
        56.25,
        57.1,
        35.0,
        44.0,
        43.65,
        40.5,
        32.25,
        41.8,
        39.3,
        28.0,
        50.75,
        18.52,
        43.64,
        50.5,
        43.4,
        41.89,
        39.8,
        40.39,
        56.38,
        52.0,
        41.16,
        27.5,
        41.89,
        53.5,
        40.1,
        35.0,
        59.0,
        34.5,
        39.12,
        45.8,
        33.0,
        43.5,
        46.0,
        57.96,
        44.6,
        26.75,
        35.25,
        41.95,
        25.81,
        34.5,
        42.0,
        43.66,
        26.5,
        33.0,
        29.02,
        27.7,
        52.5,
        36.0,
        39.5
    ],
    "y_pred": [
        54.85466666666666,
        50.56156666666668,
        56.1609,
        33.69934407779845,
        51.67261249999998,
        48.025764393939404,
        40.18004109887333,
        39.00770855169341,
        43.84939786096256,
        34.33948260869565,
        33.203523951065286,
        45.37230031850014,
        38.64689632034634,
        32.859545833333314,
        36.92319634920636,
        53.0842,
        29.859216372549007,
        48.05013333333334,
        31.69236666666667,
        34.32962608717796,
        57.33625,
        56.10280000000001,
        35.745126764457765,
        44.39419468151404,
        41.67464533970928,
        39.701707996137856,
        31.003472936507954,
        43.82132683689837,
        39.36976804112554,
        27.903680952380924,
        51.98610606060606,
        21.305983333333316,
        43.83252592334407,
        48.99668393939398,
        42.93333154978357,
        40.271304761904744,
        44.080822920634915,
        42.26717228069587,
        41.74257589008215,
        49.445535,
        42.25584454874046,
        41.09461060606061,
        44.43107042954867,
        52.75459999999999,
        41.35429234343437,
        33.834597463203465,
        57.66125,
        32.688540037394404,
        39.62407669949494,
        45.54555184220353,
        31.796023436041068,
        49.36220000000002,
        44.38710715764084,
        53.64706666666666,
        44.297551842203546,
        30.12665468073593,
        35.60729166666667,
        41.411769362426774,
        30.881734938672434,
        39.14317843740573,
        41.30099466128318,
        34.65555999999999,
        28.767234938672438,
        34.17641414273351,
        28.362507801120433,
        30.445897936507958,
        53.13086666666666,
        36.74701666666667,
        39.59662843740573
    ]
}