{
    "Est_name": "RF",
    "Run": 19,
    "Seed": 434,
    "Est_params": {
        "n_estimators": 65,
        "max_depth": 19
    },
    "R2": 0.8726745148087249,
    "R": 0.938900692349568,
    "MAPE": 0.08189195008854717,
    "RMSE": 3.509702551198173,
    "y_test": [
        13.33,
        47.3,
        31.7,
        39.21,
        22.73,
        60.25,
        33.0,
        33.5,
        41.5,
        32.57,
        56.0,
        42.29,
        27.4,
        37.5,
        22.9,
        39.3,
        54.25,
        36.0,
        34.5,
        32.9,
        41.0,
        29.5,
        57.0,
        50.5,
        41.5,
        40.1,
        31.47,
        42.0,
        45.5,
        22.5,
        35.0,
        44.5,
        33.04,
        35.25,
        52.5,
        40.0,
        42.2,
        27.12,
        59.0,
        36.5,
        57.27,
        24.67,
        48.0,
        18.52,
        50.0,
        32.33,
        40.03,
        30.0,
        31.25,
        34.75,
        32.43,
        26.5,
        39.45,
        42.37,
        43.5,
        30.5,
        39.73,
        50.86,
        38.0,
        33.0,
        26.5,
        40.0,
        54.0,
        42.25,
        35.75,
        38.78,
        42.56,
        32.5,
        43.66
    ],
    "y_pred": [
        23.045999999999975,
        45.826923076923094,
        37.021538461538455,
        43.3573846153846,
        33.87092307692309,
        60.66923076923077,
        34.246307692307695,
        31.673076923076923,
        46.001538461538466,
        32.91199999999999,
        56.59753846153846,
        38.441199999999995,
        30.526923076923058,
        38.0243076923077,
        31.13323076923079,
        38.84615384615385,
        50.40076923076923,
        32.43830769230769,
        32.99907692307693,
        33.00138461538463,
        39.378461538461536,
        28.734307692307695,
        55.21153846153846,
        48.33830769230773,
        39.761538461538464,
        41.391384615384624,
        30.37169230769229,
        41.51292307692308,
        45.27246153846154,
        22.400307692307692,
        32.64107692307692,
        42.929538461538506,
        30.28353846153846,
        34.316923076923075,
        50.378461538461536,
        39.40353846153846,
        50.87692307692308,
        33.64184615384615,
        57.40384615384615,
        40.46184615384616,
        56.32092307692308,
        34.01323076923079,
        47.05784615384615,
        21.359846153846135,
        50.247692307692304,
        29.482,
        41.909384615384646,
        34.5976923076923,
        29.28353846153846,
        33.97169230769231,
        36.9556923076923,
        28.25276923076923,
        37.868615384615374,
        43.269384615384624,
        46.040769230769186,
        32.211076923076924,
        40.015076923076926,
        53.32507692307693,
        39.48200000000001,
        32.49107692307694,
        28.536307692307695,
        39.626000000000005,
        53.9403076923077,
        42.62538461538465,
        34.20646153846154,
        36.965538461538465,
        46.13907692307688,
        35.99815384615383,
        36.86876923076923
    ]
}