{
    "Est_name": "RF",
    "Run": 30,
    "Seed": 6924,
    "Est_params": {
        "n_estimators": 16,
        "max_depth": 10
    },
    "R2": 0.8691171441468157,
    "R": 0.9363596575061877,
    "MAPE": 0.08219949143936292,
    "RMSE": 4.036479835799063,
    "y_test": [
        46.0,
        18.52,
        46.8,
        42.0,
        27.4,
        46.0,
        41.4,
        40.5,
        57.27,
        39.3,
        42.03,
        38.0,
        51.0,
        34.5,
        22.9,
        22.73,
        53.5,
        52.0,
        42.3,
        31.53,
        13.33,
        33.0,
        45.5,
        35.0,
        39.5,
        49.7,
        28.0,
        22.04,
        55.5,
        39.42,
        57.8,
        45.0,
        31.67,
        40.0,
        37.0,
        43.5,
        42.0,
        34.5,
        57.0,
        39.45,
        42.25,
        47.3,
        23.33,
        32.0,
        49.5,
        44.05,
        25.68,
        62.5,
        41.04,
        33.5,
        39.73,
        56.0,
        33.41,
        59.0,
        27.12,
        35.25,
        26.5,
        43.07,
        25.81,
        60.25,
        32.5,
        56.5,
        49.0,
        48.0,
        22.13,
        37.5,
        41.75,
        38.82,
        57.5
    ],
    "y_pred": [
        47.876875,
        22.1084375,
        35.93398747086247,
        42.77129464285714,
        32.20272268009768,
        47.528593750000006,
        42.968962374431115,
        39.840633111639654,
        54.928125,
        38.76157448553418,
        39.30449826388888,
        37.67985280257937,
        52.07180208333334,
        34.393184582576914,
        25.123125,
        28.067708333333336,
        51.914806547619044,
        49.449927083333336,
        39.280173033126296,
        28.776479372635624,
        29.887500000000006,
        32.31114979114453,
        44.62803139721798,
        34.89380147058823,
        39.973290939922485,
        51.09310728334165,
        28.62527380952381,
        21.841562500000002,
        52.196056547619044,
        40.36573727830632,
        42.61480978680887,
        42.78062062654062,
        30.185364010989012,
        42.86006732567481,
        42.925678850587815,
        44.8193710982911,
        42.925678850587815,
        32.94849521886525,
        58.166666666666664,
        37.58669981060606,
        40.52772686163965,
        40.603036893661894,
        29.818750000000005,
        33.022453552198584,
        49.484375,
        41.16000346311297,
        31.404862103174597,
        57.3125,
        41.04955600274531,
        36.8160447368421,
        39.23586284722223,
        56.776041666666664,
        32.593745185574235,
        57.125,
        33.37068046536797,
        33.973078333361045,
        28.55609317765568,
        41.99055316183622,
        29.782005952380953,
        57.375,
        35.34059267081221,
        57.78125,
        46.42579126602564,
        49.449927083333336,
        21.841562500000002,
        37.9741072368421,
        48.224375,
        38.77168719267599,
        58.375
    ]
}