{
    "Est_name": "RF",
    "Run": 29,
    "Seed": 2615,
    "Est_params": {
        "n_estimators": 94,
        "max_depth": 15
    },
    "R2": 0.9070658857691932,
    "R": 0.9553622555666392,
    "MAPE": 0.053885735777380483,
    "RMSE": 2.862448245553128,
    "y_test": [
        57.0,
        35.5,
        34.0,
        48.0,
        40.39,
        20.5,
        22.73,
        25.81,
        27.4,
        32.91,
        43.55,
        40.1,
        47.0,
        51.0,
        48.0,
        36.0,
        48.0,
        22.13,
        44.05,
        46.0,
        30.0,
        41.52,
        28.0,
        33.76,
        44.75,
        32.0,
        49.7,
        39.12,
        49.0,
        54.25,
        39.5,
        20.8,
        46.87,
        41.78,
        35.75,
        36.0,
        42.5,
        29.5,
        53.0,
        57.96,
        37.75,
        46.5,
        38.78,
        31.7,
        35.0,
        39.0,
        27.12,
        39.21,
        44.95,
        53.25,
        35.25,
        33.5,
        50.0,
        42.0,
        43.64,
        21.5,
        39.42,
        46.0,
        40.52,
        53.5,
        41.0,
        42.86,
        43.0,
        54.0,
        56.5,
        34.62,
        57.21,
        43.29,
        43.5
    ],
    "y_pred": [
        59.523936170212764,
        34.14636837713809,
        34.73221833395545,
        47.58414893617021,
        42.38013454317898,
        22.544255319148935,
        29.100531914893647,
        30.094148936170217,
        31.881048632218835,
        34.34978723404254,
        43.210108454019874,
        41.150161198139955,
        46.42170212765957,
        45.96606382978723,
        48.375,
        37.23021276595743,
        48.799017521902385,
        22.562092198581556,
        43.43624275842363,
        44.47743190893379,
        31.421827760891585,
        44.828598910840924,
        26.463643617021262,
        33.00005632040049,
        44.19899282585374,
        33.280151427405606,
        49.26002246111211,
        43.50593211752789,
        47.223404255319146,
        49.422256503665295,
        38.59143617021279,
        20.474361702127652,
        43.79812639311044,
        42.18696255736332,
        34.39234042553191,
        36.6828085106383,
        42.13478723404254,
        31.128946466343166,
        47.976063829787215,
        52.870319148936176,
        40.81774725847785,
        47.876595744680834,
        37.41193971631209,
        36.71684397163123,
        33.88985887421411,
        46.23829787234044,
        31.302340425531916,
        43.95382940729482,
        44.21581809987051,
        52.98617021276596,
        36.17297872340426,
        32.8275,
        50.86565349544073,
        43.52953495440725,
        44.01862048542819,
        23.071595744680845,
        40.924908983451516,
        44.962765957446805,
        39.70579787234044,
        56.075744680851074,
        40.04984021693783,
        42.56554040020264,
        47.12574468085107,
        48.45691489361702,
        56.34308510638298,
        34.14037234042551,
        47.223404255319146,
        42.86820571845756,
        41.15244680851063
    ]
}