{
    "arquivo": "E-n23-k3",
    "media_distancia": 683.7273445775384,
    "desvio_padrao_distancia": 46.29419822912548,
    "minimo_distancia": 600.6241295135751,
    "maximo_distancia": 760.8647433258826,
    "media_tempo": 28.986471629142763,
    "desvio_padrao_tempo": 1.842599684703436,
    "execucao_melhor_rota": 1,
    "capacidade_veiculo": 4500,
    "resultados_execucoes": [
        {
            "execucao": 1,
            "distancia": 600.6241295135751,
            "rota": [
                1,
                13,
                7,
                2,
                3,
                4,
                17,
                16,
                18,
                15,
                31,
                23,
                21,
                20,
                19,
                1,
                11,
                12,
                1,
                8,
                14,
                10,
                6,
                5,
                9,
                26,
                22,
                1
            ],
            "tempo_execucao": 25.198914051055908,
            "carga_por_rota": [
                3039,
                4325,
                2825
            ]
        },
        {
            "execucao": 2,
            "distancia": 710.3047787046291,
            "rota": [
                1,
                13,
                8,
                9,
                5,
                6,
                10,
                14,
                12,
                29,
                4,
                17,
                16,
                18,
                15,
                31,
                19,
                1,
                11,
                7,
                2,
                3,
                1,
                21,
                23,
                20,
                27,
                22,
                1
            ],
            "tempo_execucao": 29.44004249572754,
            "carga_por_rota": [
                4355,
                4484,
                1350
            ]
        },
        {
            "execucao": 3,
            "distancia": 729.9418256039831,
            "rota": [
                1,
                13,
                12,
                8,
                9,
                5,
                6,
                10,
                14,
                29,
                3,
                4,
                17,
                16,
                18,
                15,
                31,
                23,
                1,
                11,
                7,
                2,
                1,
                19,
                21,
                20,
                27,
                22,
                1
            ],
            "tempo_execucao": 30.158381700515747,
            "carga_por_rota": [
                4394,
                4400,
                1395
            ]
        },
        {
            "execucao": 4,
            "distancia": 717.8120590216469,
            "rota": [
                1,
                11,
                22,
                25,
                19,
                1,
                6,
                5,
                9,
                8,
                10,
                14,
                29,
                3,
                17,
                16,
                4,
                2,
                7,
                12,
                13,
                1,
                15,
                18,
                23,
                21,
                30,
                20,
                1
            ],
            "tempo_execucao": 33.286887884140015,
            "carga_por_rota": [
                4395,
                3869,
                1925
            ]
        },
        {
            "execucao": 5,
            "distancia": 618.6450054828338,
            "rota": [
                1,
                13,
                12,
                14,
                10,
                6,
                5,
                9,
                8,
                25,
                22,
                20,
                19,
                1,
                21,
                23,
                18,
                15,
                31,
                16,
                17,
                4,
                3,
                2,
                7,
                1,
                11,
                1
            ],
            "tempo_execucao": 25.62197971343994,
            "carga_por_rota": [
                4070,
                2019,
                4100
            ]
        },
        {
            "execucao": 6,
            "distancia": 678.4213873816813,
            "rota": [
                1,
                3,
                18,
                23,
                30,
                21,
                20,
                19,
                1,
                11,
                13,
                1,
                15,
                16,
                17,
                4,
                2,
                7,
                29,
                10,
                14,
                12,
                8,
                9,
                6,
                5,
                26,
                22,
                1
            ],
            "tempo_execucao": 29.19986343383789,
            "carga_por_rota": [
                1629,
                4400,
                4160
            ]
        },
        {
            "execucao": 7,
            "distancia": 632.126475944237,
            "rota": [
                1,
                11,
                14,
                1,
                13,
                10,
                7,
                12,
                2,
                3,
                4,
                32,
                17,
                16,
                15,
                18,
                23,
                21,
                30,
                20,
                19,
                1,
                22,
                5,
                6,
                9,
                26,
                8,
                1
            ],
            "tempo_execucao": 27.803653717041016,
            "carga_por_rota": [
                4350,
                4364,
                1475
            ]
        },
        {
            "execucao": 8,
            "distancia": 722.82190535817,
            "rota": [
                1,
                13,
                11,
                3,
                1,
                12,
                8,
                6,
                5,
                9,
                10,
                14,
                29,
                7,
                2,
                4,
                17,
                16,
                18,
                15,
                31,
                19,
                1,
                21,
                23,
                20,
                27,
                22,
                1
            ],
            "tempo_execucao": 28.78543710708618,
            "carga_por_rota": [
                4484,
                4355,
                1350
            ]
        },
        {
            "execucao": 9,
            "distancia": 760.8647433258826,
            "rota": [
                1,
                13,
                12,
                14,
                10,
                6,
                5,
                9,
                8,
                1,
                11,
                7,
                2,
                1,
                22,
                20,
                27,
                15,
                17,
                16,
                18,
                30,
                23,
                21,
                19,
                4,
                32,
                3,
                1
            ],
            "tempo_execucao": 28.140511989593506,