{
    "Est_name": "SVR",
    "Run": 29,
    "Seed": 2615,
    "Est_params": {
        "gamma": 0.00042783149392181414,
        "C": 2672.9534262415677,
        "epsilon": 2.784058712061765
    },
    "R2": 0.2967176228919116,
    "R": 0.5460218660823785,
    "MAPE": 0.17184113066071943,
    "RMSE": 7.874353883988784,
    "y_test": [
        57.0,
        35.5,
        34.0,
        48.0,
        40.39,
        20.5,
        22.73,
        25.81,
        27.4,
        32.91,
        43.55,
        40.1,
        47.0,
        51.0,
        48.0,
        36.0,
        48.0,
        22.13,
        44.05,
        46.0,
        30.0,
        41.52,
        28.0,
        33.76,
        44.75,
        32.0,
        49.7,
        39.12,
        49.0,
        54.25,
        39.5,
        20.8,
        46.87,
        41.78,
        35.75,
        36.0,
        42.5,
        29.5,
        53.0,
        57.96,
        37.75,
        46.5,
        38.78,
        31.7,
        35.0,
        39.0,
        27.12,
        39.21,
        44.95,
        53.25,
        35.25,
        33.5,
        50.0,
        42.0,
        43.64,
        21.5,
        39.42,
        46.0,
        40.52,
        53.5,
        41.0,
        42.86,
        43.0,
        54.0,
        56.5,
        34.62,
        57.21,
        43.29,
        43.5
    ],
    "y_pred": [
        53.97202083533142,
        36.886756373805014,
        40.88879969817349,
        41.257361517641236,
        40.98359244752933,
        41.67839381698838,
        39.358273183368574,
        41.27589455904774,
        38.992244833134365,
        37.059841484714354,
        42.162681011015785,
        40.93905553557564,
        35.882903401984024,
        33.952508154223985,
        45.12536532842809,
        42.97928004227783,
        37.85261346744178,
        25.040952876062377,
        41.94770122752848,
        38.341669583761856,
        35.575230537894825,
        40.99094693541843,
        35.80660595517762,
        38.21585411421766,
        39.57979367890764,
        34.68730347269049,
        32.06341938235949,
        41.45654498674133,
        46.165260817109555,
        47.965601925802304,
        40.88847646405463,
        36.174051295947955,
        37.6001136702992,
        40.674416250547544,
        36.068559116841016,
        40.89871645954525,
        34.674053126597876,
        36.630672798116215,
        46.12976239471353,
        44.11422237668508,
        49.945414588464025,
        44.07358635011294,
        39.669295406227334,
        39.82434648815728,
        38.63115180507326,
        37.573526776346135,
        44.23586020386661,
        43.98647669349107,
        42.445858441809015,
        45.933631757074714,
        37.150596133528126,
        37.53567027158526,
        41.11403512674326,
        40.61739289035276,
        41.42334600223147,
        28.830230438222394,
        41.24966683436602,
        41.05202845206574,
        37.26515304351018,
        41.14737712798956,
        40.95002936077625,
        39.47617403546547,
        41.025712056025334,
        46.24058600905829,
        55.128455201375544,
        39.264382540966565,
        46.165260817109555,
        39.69843812573524,
        41.86950366300408
    ]
}