{
    "Est_name": "SVR",
    "Run": 10,
    "Seed": 9674,
    "Est_params": {
        "gamma": 0.002221052456247427,
        "C": 2821.6612114767927,
        "epsilon": 3.3030927032550976
    },
    "R2": 0.14576920952493388,
    "R": 0.4134837165952601,
    "MAPE": 0.22422234776512132,
    "RMSE": 9.955617497539558,
    "y_test": [
        50.2,
        34.0,
        38.0,
        56.0,
        43.5,
        57.96,
        20.8,
        42.3,
        34.62,
        28.5,
        39.0,
        42.2,
        30.0,
        45.25,
        41.23,
        33.41,
        32.83,
        45.02,
        22.73,
        15.11,
        57.8,
        31.53,
        56.0,
        32.25,
        26.5,
        44.0,
        38.78,
        33.0,
        48.0,
        45.5,
        41.0,
        58.59,
        38.82,
        40.03,
        29.5,
        26.5,
        41.52,
        42.03,
        52.5,
        39.12,
        50.8,
        53.5,
        49.9,
        47.0,
        48.0,
        58.0,
        36.5,
        53.5,
        57.0,
        52.0,
        45.0,
        33.5,
        37.5,
        18.52,
        56.25,
        40.0,
        59.0,
        48.0,
        34.5,
        31.75,
        56.5,
        37.5,
        53.25,
        45.22,
        28.5,
        31.25,
        23.0,
        46.0,
        46.25
    ],
    "y_pred": [
        40.1958205355293,
        40.195820534391444,
        40.1962206148077,
        40.19582054016263,
        31.5519863356894,
        40.02229069187066,
        40.88670409574356,
        40.197942596088296,
        38.56607515000786,
        40.19476442593687,
        40.01867500212556,
        40.49610212614651,
        39.94955990211043,
        40.32471380424993,
        40.19582053595913,
        38.83914659306998,
        39.020752371564434,
        39.87888707079614,
        40.14874448200581,
        40.1958205355293,
        51.45731149774119,
        31.490744134579725,
        40.24903359642421,
        40.158603022605334,
        40.15649319037661,
        40.24247507312143,
        39.924253899985274,
        40.11266014310628,
        40.19582053609455,
        40.37993289093843,
        39.898357930886355,
        41.85732576871208,
        40.19582053553573,
        40.218388291018236,
        39.89685142561591,
        37.37038659757005,
        40.1958205355293,
        37.34008476521148,
        40.24408728311682,
        40.19614205721947,
        48.0763486434942,
        48.96432701919042,
        45.81131423080963,
        40.1958205355293,
        40.195827633200565,
        40.19582053903243,
        39.31825380009658,
        40.19582053856946,
        40.1958205355293,
        40.25638690799597,
        40.20245632663078,
        39.8946888095524,
        40.19582053532048,
        40.19872913882344,
        40.25592239117909,
        40.224469357783036,
        40.2559223911677,
        47.3150375548808,
        38.787367707756886,
        40.15981712534654,
        45.97904971613086,
        40.1958205355293,
        40.24316292024391,
        40.258200667746735,
        30.6405289105185,
        39.97433011442127,
        33.780586357088715,
        40.19582053826538,
        40.21327091072682
    ]
}