{
    "Est_name": "SVR",
    "Run": 17,
    "Seed": 8279,
    "Est_params": {
        "gamma": 0.001034542453200735,
        "C": 1016.484265116072,
        "epsilon": 3.0002650803623343
    },
    "R2": 0.19112354490092898,
    "R": 0.4492314796561657,
    "MAPE": 0.21341066259960975,
    "RMSE": 9.415786526072367,
    "y_test": [
        52.5,
        51.0,
        45.8,
        41.5,
        56.5,
        30.0,
        34.5,
        39.5,
        26.5,
        33.5,
        26.5,
        54.0,
        27.12,
        35.75,
        15.11,
        32.57,
        23.0,
        33.85,
        34.25,
        39.0,
        33.5,
        40.52,
        57.27,
        48.0,
        43.76,
        44.05,
        37.5,
        62.5,
        38.82,
        55.5,
        58.5,
        49.7,
        49.0,
        32.0,
        48.0,
        30.0,
        39.5,
        52.07,
        48.0,
        41.89,
        33.46,
        32.25,
        46.0,
        35.0,
        39.17,
        53.0,
        43.47,
        33.5,
        57.8,
        42.0,
        57.5,
        40.0,
        53.25,
        22.04,
        56.0,
        42.35,
        20.5,
        46.0,
        45.5,
        36.5,
        31.59,
        29.02,
        48.5,
        38.61,
        33.4,
        33.0,
        45.23,
        42.56,
        23.33
    ],
    "y_pred": [
        41.41619968668757,
        37.70982682987595,
        40.457867835444816,
        40.43127001408371,
        45.549125280925935,
        39.39253286805935,
        38.82931286483255,
        40.68709278648864,
        33.20946578072745,
        40.67651573200089,
        39.851069355919314,
        48.21901996757943,
        41.31161010213309,
        43.783834233839706,
        40.67656958997612,
        37.386217975411846,
        29.14731228281314,
        40.812556354663634,
        40.30725031203949,
        40.580915722836345,
        37.20916763596859,
        36.752908705060115,
        41.81755438880406,
        40.96108527037821,
        31.361845969906895,
        40.73857492206747,
        37.56031696960156,
        46.91316993436379,
        40.67657408066217,
        42.193455478313325,
        41.69054506522405,
        29.491764462839186,
        41.368748298274326,
        40.080766791376455,
        40.87031474991426,
        39.2614190891219,
        38.73254291136966,
        40.67656959906745,
        43.54965643382853,
        40.4306572993984,
        40.554259878737106,
        40.35117925766193,
        39.092629682683935,
        38.90474915739097,
        38.408790847846234,
        44.865424654382714,
        40.63441101827996,
        37.53330088980864,
        52.618624721388564,
        40.64147665716348,
        39.08042886676965,
        40.833751930572035,
        41.687304714160874,
        26.796697182522994,
        42.343971634460964,
        42.09834700905826,
        42.96322912674009,
        40.60294086773252,
        41.499291810032,
        38.80538400049783,
        39.46380513540091,
        40.535703560059225,
        40.676933237335355,
        35.46126514926577,
        39.886387074026175,
        35.23395691528402,
        41.94942102968741,
        38.77603084584358,
        40.68494940706862
    ]
}