{
    "Est_name": "SVR",
    "Run": 3,
    "Seed": 4506,
    "Est_params": {
        "gamma": 0.0038630200392292175,
        "C": 1278.8401510745944,
        "epsilon": 3.781349558099526
    },
    "R2": 0.09491716695474284,
    "R": 0.3286376013835557,
    "MAPE": 0.21160453515539912,
    "RMSE": 9.114168358914842,
    "y_test": [
        25.81,
        33.85,
        35.0,
        42.25,
        56.5,
        41.0,
        34.0,
        46.7,
        34.75,
        33.5,
        57.1,
        57.8,
        31.25,
        22.13,
        42.0,
        40.03,
        39.8,
        52.5,
        57.0,
        45.5,
        39.42,
        48.0,
        49.0,
        34.25,
        41.0,
        33.0,
        32.25,
        22.73,
        21.5,
        33.25,
        37.5,
        41.04,
        32.0,
        46.0,
        52.07,
        41.5,
        49.5,
        40.5,
        59.5,
        27.5,
        56.0,
        43.76,
        43.5,
        35.75,
        35.0,
        37.75,
        41.5,
        26.5,
        26.25,
        32.83,
        45.8,
        44.95,
        31.8,
        38.0,
        42.5,
        40.0,
        53.5,
        22.5,
        47.0,
        48.0,
        48.0,
        28.5,
        32.25,
        29.02,
        33.5,
        44.75,
        46.5,
        24.67,
        29.5
    ],
    "y_pred": [
        40.385443368265555,
        39.80794782397457,
        40.40183390048526,
        40.40569283954727,
        40.40552766619987,
        40.384583320842054,
        40.40552766619987,
        40.40552766619987,
        40.37447390598955,
        40.40552766619987,
        40.40552766619987,
        50.05766994209073,
        40.390499851689896,
        25.88948185775824,
        40.40559372563608,
        40.405776700056904,
        40.40552769478625,
        40.406282980373376,
        41.50304787664485,
        40.41708247870538,
        40.40564189857866,
        35.95259580209862,
        53.42881391430623,
        40.405216059204186,
        40.40549052365953,
        40.40552766615539,
        40.40496501820284,
        40.40577545235974,
        39.88061606512241,
        40.40552766619987,
        40.40552766619987,
        40.40544281117166,
        40.21804103684915,
        40.40552766619987,
        40.40552766619987,
        40.391823594968336,
        40.40662104123665,
        40.10484594364828,
        40.40642680520251,
        40.40552766619987,
        41.30196138430351,
        42.98823321797938,
        40.39620842867874,
        40.40907404339371,
        40.405208078622614,
        40.4833097630083,
        44.91837317356414,
        40.40489633299885,
        39.25492602735786,
        39.8696352023706,
        40.40584258193054,
        41.44838294348296,
        40.45550919486302,
        40.405296116248984,
        40.405547676487856,
        40.40617520429265,
        40.40678257097192,
        39.221479472356656,
        37.305000509188424,
        40.4057714409852,
        40.405527666601195,
        36.544627677960364,
        38.66685633954085,
        40.321258402320815,
        39.71223659770014,
        40.29438736899166,
        42.34713484707949,
        44.27956978923037,
        39.75839760314022
    ]
}