{
    "Est_name": "SVR",
    "Run": 41,
    "Seed": 5635,
    "Est_params": {
        "gamma": 0.00031000393937631707,
        "C": 791.843866406249,
        "epsilon": 3.5945838101816543
    },
    "R2": 0.4720705711315122,
    "R": 0.6915861002160969,
    "MAPE": 0.13492064181971378,
    "RMSE": 6.441514589763389,
    "y_test": [
        59.5,
        47.0,
        31.47,
        49.0,
        44.5,
        34.5,
        41.4,
        33.5,
        32.57,
        42.66,
        56.0,
        50.5,
        44.05,
        33.46,
        28.0,
        36.5,
        31.67,
        26.5,
        40.0,
        47.0,
        55.52,
        36.5,
        52.07,
        39.5,
        39.5,
        39.78,
        29.5,
        34.25,
        36.0,
        26.25,
        48.0,
        46.5,
        42.2,
        49.0,
        26.5,
        39.5,
        28.5,
        27.7,
        49.9,
        35.5,
        32.5,
        53.25,
        58.59,
        40.0,
        22.5,
        40.5,
        53.5,
        32.91,
        30.25,
        41.52,
        40.75,
        46.7,
        30.0,
        39.3,
        35.25,
        36.0,
        42.0,
        57.96,
        37.0,
        57.5,
        40.12,
        41.5,
        32.83,
        49.5,
        41.0,
        31.59,
        38.61,
        36.0,
        42.37
    ],
    "y_pred": [
        45.93641613889693,
        40.461787366126586,
        38.85877161356313,
        40.48605214491456,
        43.24289217596341,
        39.951151531949314,
        39.96991018853904,
        35.28576811787593,
        39.34722576084031,
        39.12576552649565,
        45.95669782188565,
        47.678958655788605,
        42.04724197451323,
        38.51256680496331,
        34.18173567335829,
        41.31944591970234,
        35.90393420017444,
        37.33389020270012,
        39.105340110969465,
        40.85760335710855,
        39.22211061931607,
        41.113402063001736,
        40.48675889596617,
        40.65109857631128,
        38.912000908031374,
        40.52653924734434,
        28.401282973056592,
        37.80397742285186,
        43.646287663523566,
        33.448524902113355,
        40.867669751265204,
        40.82771005680646,
        40.915711588682704,
        53.615589788702785,
        35.761248853945084,
        35.51139685822919,
        39.51599670182143,
        48.30682935563373,
        47.40559256271078,
        34.75614239162522,
        29.62656304585523,
        46.27833844444601,
        49.2613838347079,
        40.5889400759443,
        24.877359929065914,
        37.03264258578743,
        50.643824688374934,
        39.754771629308166,
        38.11565094760074,
        40.47610223903567,
        40.40858086615891,
        40.49018895593317,
        37.13019911938011,
        35.5789448842764,
        36.97688206050399,
        40.052549858853034,
        40.589501379687654,
        50.0612991609421,
        39.97384487085416,
        59.64209882806898,
        31.81835945990217,
        45.10513882961226,
        37.443984953464486,
        40.947212077060335,
        38.6279851013811,
        39.3168090527806,
        36.883055538276366,
        38.09234899636734,
        40.562230212343124
    ]
}