{
    "Est_name": "SVR",
    "Run": 46,
    "Seed": 8785,
    "Est_params": {
        "gamma": 0.007566217201246647,
        "C": 262.94633304222026,
        "epsilon": 4.136318221454016
    },
    "R2": 0.07707366705744134,
    "R": 0.3071565013343217,
    "MAPE": 0.20722081367713308,
    "RMSE": 9.423809574610024,
    "y_test": [
        37.5,
        50.75,
        29.5,
        26.75,
        55.5,
        39.5,
        53.5,
        42.56,
        35.0,
        41.89,
        44.6,
        47.0,
        31.47,
        34.5,
        31.5,
        22.9,
        39.53,
        50.5,
        31.59,
        52.07,
        26.5,
        57.0,
        42.56,
        34.5,
        53.0,
        34.5,
        56.25,
        30.5,
        40.5,
        40.12,
        48.0,
        46.8,
        40.5,
        45.25,
        31.67,
        28.0,
        51.0,
        31.53,
        21.75,
        57.1,
        39.3,
        37.5,
        29.5,
        29.0,
        33.5,
        41.25,
        50.0,
        46.5,
        56.5,
        42.0,
        42.5,
        41.0,
        41.23,
        20.8,
        44.0,
        43.0,
        30.5,
        36.0,
        43.0,
        56.0,
        53.5,
        59.0,
        46.0,
        43.66,
        53.5,
        55.84,
        30.0,
        42.2,
        28.0
    ],
    "y_pred": [
        40.003222662630414,
        50.113548786558525,
        40.157235419420054,
        40.1573483244822,
        40.157348520822104,
        40.15734840551831,
        44.85457654495349,
        40.15734840067965,
        40.15721081217089,
        38.04358360131853,
        40.15734841470313,
        40.15734092258941,
        40.15756965049785,
        40.15580116852332,
        40.15720127716859,
        39.56425493036802,
        40.15734841122779,
        46.83449528369457,
        39.99693463303737,
        40.15734840551831,
        40.04588009956884,
        40.15734840551831,
        38.21025463588232,
        40.15734840551831,
        41.9748073133959,
        40.13910675530176,
        40.157348495177736,
        40.10879002878218,
        40.11799864322251,
        38.06787785960164,
        40.15734847509614,
        40.157348423845434,
        40.157348405518114,
        40.157368895081355,
        39.98022248747929,
        40.10427869420359,
        40.15734838375757,
        33.77851438287044,
        40.158270456407955,
        40.15734840456367,
        40.157348404805354,
        40.15734840551831,
        40.1376305700107,
        40.15391438449986,
        40.156682996223324,
        40.15734840551831,
        40.15734840551831,
        41.466061006315776,
        40.272638711758944,
        40.157348405437126,
        40.15734840677739,
        40.15735304646859,
        40.15734840551831,
        40.15734829882716,
        40.15734848426161,
        40.90183186664942,
        40.1179029494701,
        40.15734840551831,
        40.15734849466745,
        40.15734848505452,
        44.95593570713262,
        40.40922280170175,
        40.15528237802111,
        40.15734840551831,
        40.15734840551831,
        40.15734840551831,
        40.157315068360425,
        40.15826134851799,
        40.15680067598043
    ]
}