{
    "Est_name": "SVR",
    "Run": 39,
    "Seed": 1584,
    "Est_params": {
        "gamma": 0.0010267267035600754,
        "C": 2960.826332233908,
        "epsilon": 3.0022695688116965
    },
    "R2": 0.26397948118399006,
    "R": 0.5557997389037168,
    "MAPE": 0.1921964010402205,
    "RMSE": 8.859846692812871,
    "y_test": [
        23.0,
        45.0,
        39.42,
        43.5,
        41.75,
        42.0,
        41.78,
        49.0,
        50.5,
        52.5,
        16.58,
        40.5,
        43.64,
        41.23,
        56.0,
        37.0,
        40.87,
        39.5,
        31.53,
        54.2,
        37.5,
        54.25,
        57.27,
        44.0,
        47.0,
        33.5,
        25.68,
        54.04,
        33.0,
        43.5,
        42.56,
        53.0,
        40.03,
        43.66,
        41.8,
        22.73,
        62.5,
        26.5,
        29.02,
        32.5,
        33.5,
        42.0,
        53.5,
        59.5,
        26.5,
        43.29,
        38.82,
        46.0,
        50.0,
        58.25,
        22.04,
        46.0,
        49.5,
        54.0,
        29.02,
        42.66,
        32.26,
        31.75,
        43.47,
        46.25,
        56.0,
        30.5,
        59.0,
        33.5,
        49.9,
        43.65,
        42.75,
        31.97,
        26.75
    ],
    "y_pred": [
        29.1926211671838,
        40.644703452386345,
        40.79496747714018,
        36.967356832223814,
        40.50432959135606,
        40.669017385560686,
        40.44026484039289,
        41.200979192949305,
        47.721393818211276,
        41.42332508262303,
        40.54053623900302,
        40.43898346839965,
        36.741335010431264,
        40.5407055745293,
        39.6850035249149,
        40.5398696605661,
        40.54053623900302,
        38.59871562023855,
        29.33715055133134,
        40.54053623900302,
        40.54053623899588,
        47.74722243624426,
        40.700718036691235,
        35.340842829151185,
        43.22032496204573,
        40.54048278491883,
        39.30967463391234,
        40.54053623900302,
        37.06899594418499,
        40.14776013502502,
        40.24370039321852,
        46.10039783057652,
        41.10277169759019,
        40.529713163102734,
        40.54047811682607,
        39.69920431873102,
        52.84447090902937,
        39.99847174667892,
        40.54053623900302,
        35.40340234964308,
        39.78917465612807,
        39.42839603428981,
        49.15453320904396,
        40.54154107668388,
        40.079179956766545,
        37.87042371009714,
        40.54053965494712,
        38.19082473160193,
        40.54084751584622,
        41.68892937360313,
        26.542891590575373,
        40.47420725354431,
        40.10131055781913,
        49.44205603055879,
        41.7043849277134,
        38.26381728288087,
        43.19948062015306,
        39.75815892361847,
        39.314834390152186,
        40.88277421983979,
        42.40804826003644,
        35.70437749006712,
        42.683694986628964,
        37.11280525703397,
        46.85648496333668,
        41.64250507192758,
        38.875693124765995,
        40.977836056598605,
        39.30404300113179
    ]
}