{
    "Est_name": "SVR",
    "Run": 45,
    "Seed": 7527,
    "Est_params": {
        "gamma": 0.00268159438471324,
        "C": 2429.966195866002,
        "epsilon": 3.8826942780846836
    },
    "R2": 0.17349827653467464,
    "R": 0.4422564927277175,
    "MAPE": 0.1617405963234015,
    "RMSE": 7.994228326820274,
    "y_test": [
        30.5,
        29.6,
        48.0,
        39.8,
        40.87,
        34.5,
        34.5,
        57.21,
        32.9,
        48.7,
        42.0,
        40.75,
        41.23,
        51.5,
        48.0,
        26.5,
        41.4,
        35.75,
        39.12,
        35.0,
        29.02,
        42.03,
        46.0,
        34.5,
        41.25,
        57.96,
        49.5,
        49.7,
        35.0,
        50.5,
        29.5,
        32.25,
        42.75,
        46.0,
        40.5,
        56.5,
        60.25,
        44.5,
        43.65,
        57.27,
        33.5,
        48.0,
        42.29,
        30.5,
        43.29,
        33.5,
        43.55,
        49.0,
        56.38,
        28.5,
        22.73,
        42.25,
        40.0,
        34.62,
        44.05,
        22.04,
        39.21,
        35.3,
        30.0,
        34.5,
        47.3,
        43.0,
        56.0,
        39.3,
        52.5,
        32.43,
        43.5,
        42.56,
        33.5
    ],
    "y_pred": [
        38.57977472971427,
        33.81683289725293,
        40.188620999651796,
        40.188633306244355,
        40.188620999613946,
        40.18862087193594,
        41.98214437663777,
        40.20683681180788,
        39.25648069799225,
        40.19075432955164,
        42.514681249693666,
        40.256008959166245,
        40.18862099963669,
        46.20375531590223,
        40.19834152290469,
        40.18242861722246,
        40.18926604980546,
        40.22503882702563,
        40.20435302805163,
        39.86913423434297,
        40.396122978131764,
        39.66661007507205,
        40.18862099963388,
        39.940472224634846,
        40.18862099963879,
        40.12344170216582,
        39.452876446115575,
        32.5170897918195,
        40.04764572964084,
        46.842553011997666,
        38.361495394554424,
        40.17539013454701,
        39.733682428398524,
        40.18862099964486,
        39.82073947471403,
        40.18862099966757,
        44.83182580411975,
        40.18856851713717,
        40.58154331620702,
        40.202688036814486,
        40.143073990908206,
        46.67079640493726,
        40.20449613676338,
        38.47205006734204,
        40.18693676908189,
        39.6612666877359,
        38.84538849787002,
        40.20683681180788,
        51.86164034120031,
        31.810073587757408,
        40.17438353052498,
        40.1882530476955,
        40.228607840256664,
        40.805005083284755,
        40.18862104415865,
        29.148251102439524,
        40.582371039218756,
        40.18862099963128,
        38.619161247671244,
        39.87009439108312,
        40.19196564903844,
        40.18862099963824,
        40.20447180289687,
        40.18040492531392,
        40.18862099966519,
        40.18694667203638,
        34.11865887126707,
        40.190029130611066,
        40.029793782246
    ]
}