{
    "Est_name": "SVR",
    "Run": 18,
    "Seed": 9863,
    "Est_params": {
        "gamma": 0.0011548986383437482,
        "C": 1052.0483953873581,
        "epsilon": 3.329170773638882
    },
    "R2": 0.09825090542137271,
    "R": 0.41823254511155755,
    "MAPE": 0.1581668344500933,
    "RMSE": 8.404061320134156,
    "y_test": [
        48.0,
        57.0,
        43.0,
        56.0,
        34.5,
        44.95,
        45.5,
        44.05,
        44.5,
        40.0,
        48.7,
        39.0,
        35.5,
        26.5,
        43.5,
        57.1,
        42.2,
        39.45,
        57.5,
        46.0,
        55.84,
        30.25,
        26.5,
        44.0,
        56.38,
        49.5,
        32.9,
        48.0,
        57.0,
        42.0,
        26.5,
        39.3,
        56.5,
        29.02,
        35.5,
        50.86,
        22.9,
        29.6,
        45.02,
        33.5,
        43.76,
        45.22,
        43.55,
        34.8,
        39.78,
        43.5,
        42.56,
        33.04,
        50.75,
        32.83,
        58.5,
        35.0,
        56.25,
        40.1,
        44.5,
        33.5,
        43.0,
        48.0,
        40.87,
        36.5,
        41.0,
        54.04,
        47.3,
        50.0,
        35.75,
        34.75,
        33.25,
        31.8,
        40.5
    ],
    "y_pred": [
        40.07339988699394,
        44.061834153277196,
        40.90106047624801,
        43.25635506912146,
        38.07805280612787,
        41.90091631054824,
        41.19120216808144,
        40.07762652915985,
        40.175160625349264,
        39.28133415529082,
        40.24149432375242,
        39.098026745676755,
        40.4639538410725,
        39.777889009554485,
        30.423973119702836,
        39.95512689056182,
        41.415354277150676,
        40.07272862343616,
        40.07345701102247,
        37.93089910892587,
        40.07330926042807,
        39.80118990472043,
        33.7512793379295,
        40.71654327487113,
        53.44434697765264,
        40.07330926050063,
        37.090327193594696,
        34.23163230955958,
        40.74936892801009,
        43.53434015359053,
        39.71569247954605,
        39.62044492495162,
        40.07345212169831,
        40.60002177942588,
        37.921042710421034,
        39.99833526351171,
        32.455306591701444,
        29.23077306928572,
        37.14597176871007,
        36.73707559781012,
        41.035423866263656,
        40.23291980410679,
        37.61152355169591,
        39.79220188468915,
        40.07330841325173,
        36.65214188113506,
        39.870906854000715,
        35.63463102189113,
        50.921018515356614,
        39.879955543961,
        40.853305007282614,
        37.62198011745784,
        40.942534408629115,
        40.07330923528382,
        40.07094036203858,
        40.07330207915782,
        50.0550584035931,
        40.07684249373551,
        40.07325126018114,
        39.64871526460092,
        41.51694276073369,
        40.0734134125469,
        40.294040077225155,
        40.07339730491349,
        43.42452796991157,
        39.16601378424966,
        39.15095965987363,
        39.19443402371556,
        40.021051519764015
    ]
}