{
    "Est_name": "SVR",
    "Run": 12,
    "Seed": 520,
    "Est_params": {
        "gamma": 0.9903736733452216,
        "C": 22.884986358462374,
        "epsilon": 0.043507362379085916
    },
    "R2": 0.000855446123191328,
    "R": 0.03914830934516322,
    "MAPE": 0.2645933343289735,
    "RMSE": 10.629373416240503,
    "y_test": [
        40.0,
        35.5,
        43.07,
        59.0,
        45.5,
        21.75,
        35.0,
        51.5,
        31.75,
        50.5,
        41.52,
        39.0,
        39.0,
        16.58,
        43.0,
        13.33,
        48.0,
        34.5,
        51.0,
        22.13,
        24.5,
        30.5,
        57.27,
        46.7,
        46.25,
        43.4,
        32.9,
        59.0,
        52.07,
        47.0,
        41.23,
        42.25,
        39.5,
        57.0,
        29.41,
        45.0,
        55.52,
        23.0,
        20.8,
        50.8,
        23.9,
        40.0,
        41.89,
        32.25,
        50.2,
        43.55,
        42.3,
        27.4,
        31.8,
        37.5,
        42.29,
        46.8,
        33.76,
        42.5,
        34.0,
        56.5,
        54.04,
        38.82,
        32.43,
        39.12,
        31.25,
        42.2,
        36.5,
        35.25,
        33.95,
        52.0,
        26.5,
        56.0,
        47.3
    ],
    "y_pred": [
        40.16416685563098,
        40.16416685563098,
        40.16416685563098,
        40.16416685563098,
        40.16416685563098,
        40.16416685563098,
        40.16416685563098,
        40.16416685563098,
        40.16416685563098,
        40.164166855802215,
        40.16416685563098,
        40.16416685563098,
        40.16416685563098,
        40.16416685563098,
        40.16416685563098,
        40.16416685563098,
        40.16416685563098,
        40.16416685563098,
        40.16416685563098,
        40.16416685563098,
        40.16416685563098,
        40.16416685563098,
        40.16416685563098,
        40.16416685563098,
        40.16416685563098,
        44.456580678028956,
        40.16416685563274,
        40.16416685563098,
        40.16416685563098,
        40.16416685563098,
        40.16416685563098,
        40.16416685563098,
        40.16416685563098,
        40.16416685563098,
        40.16416685563098,
        40.16416685563098,
        40.16416685563098,
        40.16416685563098,
        40.16416685563098,
        40.16416685563098,
        40.16416685563098,
        40.16416685563098,
        40.16416685563098,
        40.16416685563098,
        40.16416685563098,
        40.16416685563098,
        40.16416685563098,
        40.16416685563098,
        40.16416685563098,
        40.16416685563098,
        40.16416685563098,
        40.16416685563098,
        40.16416685563098,
        40.16416685563098,
        40.16416685563098,
        40.16416685563098,
        40.16416685563098,
        40.16416685563098,
        40.164166855633965,
        40.16416685563098,
        40.16416685563098,
        40.16416685563098,
        40.16416685563098,
        40.16416685563098,
        40.16416685563098,
        40.16416685563098,
        40.16416685563098,
        40.16416685563098,
        40.16416685563098
    ]
}