{
    "Est_name": "SVR",
    "Run": 1,
    "Seed": 1824,
    "Est_params": {
        "gamma": 0.006293024563993129,
        "C": 1782.077414916919,
        "epsilon": 4.58060868055038
    },
    "R2": 0.07356525385050716,
    "R": 0.32806281970376927,
    "MAPE": 0.21144616432772806,
    "RMSE": 8.653357270899898,
    "y_test": [
        43.64,
        31.7,
        22.67,
        39.12,
        35.75,
        28.0,
        34.5,
        35.5,
        45.0,
        21.75,
        30.0,
        33.0,
        37.25,
        46.0,
        42.75,
        34.5,
        45.02,
        43.4,
        15.11,
        57.8,
        50.2,
        35.0,
        42.2,
        45.22,
        48.0,
        48.0,
        29.0,
        29.02,
        30.0,
        46.11,
        53.25,
        43.0,
        30.0,
        27.12,
        40.75,
        39.12,
        41.5,
        42.2,
        33.0,
        35.75,
        48.5,
        59.0,
        41.95,
        36.5,
        43.66,
        26.25,
        38.61,
        34.8,
        33.85,
        32.91,
        25.68,
        48.0,
        43.29,
        56.5,
        45.0,
        31.5,
        42.3,
        50.75,
        56.0,
        49.0,
        49.0,
        33.95,
        51.0,
        33.25,
        44.5,
        41.78,
        39.21,
        40.39,
        31.97
    ],
    "y_pred": [
        40.41705010631328,
        40.56482201201607,
        37.22363866282884,
        40.56482201650279,
        40.56484821653291,
        40.38313704565607,
        41.28187134948926,
        40.55798667544779,
        40.56482202440748,
        40.56915313087739,
        40.56348597969633,
        40.56482186733155,
        40.56482187570563,
        40.56482201201607,
        40.48199992904358,
        40.56482201201607,
        39.4350348957064,
        40.56482201200648,
        40.56482201201607,
        48.2426538580291,
        40.56482201201607,
        40.564021167365986,
        40.5658437514792,
        40.56482201201607,
        40.56482217449054,
        40.56482201201607,
        40.543895986455155,
        40.56786601218095,
        41.10386976752942,
        40.56482201201607,
        40.5648224218757,
        41.62833233293095,
        40.49808802890839,
        41.39447579892026,
        40.56482201201607,
        40.56482201201607,
        44.11969276655353,
        40.56482201201607,
        40.56477933457051,
        42.01172129416903,
        40.56482201201607,
        40.56482564522659,
        40.038751339860376,
        40.56482201201607,
        40.56482201201607,
        37.08604790454616,
        37.00259373369934,
        40.56482201201607,
        40.3563211263259,
        40.28984115565013,
        40.56227607562399,
        40.56482343972671,
        40.389931924596695,
        40.56482201201607,
        40.56482201201607,
        40.52073824638104,
        40.56482201201607,
        49.669531612672145,
        40.564819794737005,
        52.62928892048042,
        40.56482201201607,
        40.356320848358926,
        40.56482201201607,
        40.56219825092874,
        40.278754901915455,
        40.56482176560632,
        40.56874497514475,
        40.56482201201607,
        40.56482146443218
    ]
}