{
    "Est_name": "SVR",
    "Run": 48,
    "Seed": 6201,
    "Est_params": {
        "gamma": 0.0033169644782112943,
        "C": 143.353476011951,
        "epsilon": 3.8329337291924306
    },
    "R2": -0.03951167841056913,
    "R": 0.2103434525272439,
    "MAPE": 0.1759764698974628,
    "RMSE": 9.000814404656435,
    "y_test": [
        49.7,
        42.0,
        30.0,
        37.0,
        49.5,
        39.5,
        33.0,
        39.0,
        48.0,
        34.5,
        55.5,
        32.57,
        39.5,
        54.25,
        48.0,
        34.8,
        32.5,
        55.84,
        30.5,
        40.75,
        57.27,
        46.8,
        52.5,
        34.5,
        49.0,
        21.75,
        39.8,
        31.7,
        33.95,
        60.25,
        35.0,
        54.0,
        39.3,
        44.95,
        45.0,
        44.6,
        43.5,
        40.39,
        57.96,
        46.7,
        39.5,
        45.23,
        37.6,
        42.56,
        41.0,
        45.25,
        57.1,
        33.5,
        43.29,
        56.5,
        33.5,
        33.0,
        26.5,
        36.5,
        40.12,
        31.5,
        45.0,
        29.0,
        43.5,
        29.02,
        58.5,
        41.75,
        44.75,
        44.5,
        42.2,
        45.22,
        40.75,
        57.5,
        52.0
    ],
    "y_pred": [
        32.693649649691814,
        39.86700479042536,
        39.863357195366554,
        39.867004790425376,
        39.338368245526375,
        39.86679868092567,
        39.866745990147024,
        39.83811347979409,
        39.86700477178653,
        39.867004790425575,
        39.87203744505012,
        39.87568278983235,
        39.867004944954644,
        47.84457900232171,
        39.867004790425575,
        39.867004790425575,
        40.176902125259765,
        39.867004790425575,
        39.175813260213644,
        39.867004790425575,
        39.8697817382317,
        39.86790634438665,
        39.87008397172686,
        39.86700478837239,
        53.37731579674889,
        40.07892709743932,
        39.86700527999597,
        39.867004790425575,
        39.271638162319846,
        43.36186566955304,
        39.506042206005084,
        46.780443097720884,
        39.86551851738005,
        39.86720502819932,
        39.867004790425575,
        39.867530215598656,
        34.57970994514967,
        39.867004790425575,
        39.84165730599294,
        39.867004790425575,
        39.82470784386027,
        39.86720502819932,
        39.867004790425575,
        39.86700479042297,
        39.878363184625584,
        39.88877501821316,
        39.86700119842321,
        39.61356600334987,
        36.582131233039036,
        42.87873378496953,
        39.7918637499165,
        38.56992168872898,
        39.86580714777291,
        39.86732534594175,
        34.252844430412935,
        39.811639066585826,
        39.867004840567105,
        39.32853737732022,
        33.2506738895895,
        39.99579366682304,
        39.87064736379368,
        39.86700199643612,
        39.867004797513864,
        39.86708730269181,
        39.95704888575357,
        39.86700479070807,
        39.867004790425575,
        39.86700479042564,
        39.87031301486568
    ]
}