{
    "Est_name": "SVR",
    "Run": 23,
    "Seed": 6873,
    "Est_params": {
        "gamma": 0.0014712081524690045,
        "C": 2766.0605237270565,
        "epsilon": 0.7893205267622597
    },
    "R2": 0.08038565178326007,
    "R": 0.31836141977169397,
    "MAPE": 0.20217742273433917,
    "RMSE": 8.664100840869915,
    "y_test": [
        22.5,
        44.5,
        35.5,
        29.5,
        41.5,
        60.25,
        37.25,
        39.45,
        43.07,
        28.0,
        51.0,
        39.12,
        44.75,
        26.75,
        42.0,
        23.0,
        41.23,
        24.67,
        20.22,
        32.9,
        35.5,
        32.91,
        40.75,
        49.0,
        56.5,
        42.0,
        40.39,
        44.0,
        40.5,
        32.5,
        56.0,
        48.0,
        43.47,
        40.0,
        49.5,
        43.55,
        39.78,
        33.0,
        35.5,
        46.7,
        46.0,
        27.7,
        51.0,
        27.5,
        32.26,
        39.5,
        43.29,
        26.5,
        46.0,
        30.0,
        29.0,
        40.75,
        37.6,
        30.0,
        35.0,
        57.0,
        33.95,
        34.5,
        29.02,
        49.9,
        41.5,
        31.75,
        41.0,
        28.0,
        53.5,
        46.5,
        42.56,
        53.5,
        40.5
    ],
    "y_pred": [
        32.15481204400314,
        42.61089916668038,
        38.5697803280483,
        40.59750084411764,
        47.91058092416161,
        49.351160658194935,
        40.68587677752564,
        40.78300879317112,
        35.25775237629759,
        38.25006407774561,
        39.86290444545578,
        41.123482575701495,
        37.39806537278413,
        40.568201933168545,
        40.25441524972311,
        33.22436343242492,
        40.75979148857633,
        47.24818252839928,
        40.700806768592834,
        39.05102612411739,
        35.790879637493596,
        40.18110606274124,
        40.759789955277455,
        40.7597898608554,
        50.09824613271703,
        45.53353071894155,
        40.67387595698084,
        33.17353902723808,
        38.26511740375549,
        36.22840239218135,
        40.76548741444344,
        40.76096915050038,
        40.231292683991384,
        38.39964307765863,
        38.27329802633908,
        38.75054660653029,
        40.759789081566026,
        39.37433261717732,
        40.96345997552745,
        40.75978986085543,
        40.75979390054539,
        42.26097983453421,
        40.744743226612655,
        40.465768137308565,
        44.059696357852566,
        40.88407167021631,
        33.51742153871718,
        40.75978676820262,
        40.759789860855406,
        39.55946795695048,
        40.59719923535023,
        40.747998328203025,
        40.63431965896355,
        39.61408195881305,
        37.95472540523514,
        41.118248845760114,
        37.78077616201923,
        37.58625442842477,
        44.2179856448462,
        48.39406702183057,
        39.79759491949365,
        40.374397057367474,
        43.51364786463406,
        33.34333132816907,
        40.759789860855456,
        45.49257901712606,
        35.462044159213995,
        41.381499614620026,
        40.71510607015765
    ]
}