{
    "Est_name": "SVR",
    "Run": 33,
    "Seed": 2547,
    "Est_params": {
        "gamma": 0.004981453546356592,
        "C": 6.40312956682124,
        "epsilon": 5.09100530334079
    },
    "R2": 0.039998161319461434,
    "R": 0.23399383805724627,
    "MAPE": 0.22692313933258304,
    "RMSE": 9.738444818774765,
    "y_test": [
        34.8,
        48.0,
        40.75,
        48.0,
        35.5,
        44.0,
        22.13,
        46.7,
        26.5,
        35.25,
        43.07,
        62.5,
        42.0,
        43.5,
        43.5,
        40.0,
        39.5,
        16.58,
        26.5,
        40.03,
        43.5,
        39.61,
        30.25,
        40.1,
        59.5,
        35.75,
        42.56,
        46.0,
        32.26,
        33.5,
        31.75,
        42.0,
        39.8,
        42.0,
        57.96,
        40.5,
        57.27,
        52.07,
        40.0,
        22.9,
        27.7,
        27.49,
        32.83,
        31.47,
        49.0,
        30.0,
        38.0,
        59.0,
        32.57,
        21.75,
        41.95,
        31.25,
        53.9,
        35.0,
        27.4,
        39.78,
        44.75,
        43.55,
        46.25,
        48.0,
        46.5,
        49.0,
        22.5,
        41.78,
        27.5,
        31.25,
        55.84,
        37.5,
        51.0
    ],
    "y_pred": [
        40.478627580260344,
        38.06910017252213,
        40.47864197571057,
        40.47864197571057,
        40.47865234196943,
        37.955326136886825,
        33.76002509662001,
        40.47864197571057,
        40.337963895814816,
        40.478607210016385,
        40.03776561525565,
        41.04647624633648,
        40.47864197571057,
        38.069086681858764,
        38.789462006000754,
        40.47864197571057,
        40.47864197571057,
        40.485445556088564,
        40.478641975710275,
        40.478643522588904,
        40.47863669066617,
        40.47054573228508,
        40.47864197571057,
        40.47864197571057,
        40.47866697040446,
        41.612003896123746,
        40.478635381956266,
        40.47864197571057,
        40.62356810658232,
        40.47864197571057,
        40.47863753390151,
        41.392937671218725,
        40.47864197576291,
        40.478442224431674,
        40.47866800912362,
        40.47864196844081,
        40.47862797440861,
        40.47864197571057,
        40.478641975678855,
        39.60527587957102,
        40.478643082319614,
        39.07324956966862,
        40.26692091150231,
        40.46800644679222,
        46.88181773504722,
        40.475192866037595,
        40.47863265567096,
        41.04592684409126,
        39.71550202667686,
        40.49118625059048,
        39.07798407746529,
        40.47862867546927,
        40.609140750737424,
        41.95712052126705,
        40.478641934249325,
        40.47864197571057,
        40.478641975710396,
        39.07898700215125,
        40.47864197571057,
        44.44736063604447,
        41.3650588787987,
        40.47864197571057,
        39.90476009805708,
        40.47863966339869,
        40.47862094427594,
        40.47657474685813,
        40.47864197571057,
        40.47864197571057,
        40.47864197571057
    ]
}