{
    "Est_name": "SVR",
    "Run": 34,
    "Seed": 3527,
    "Est_params": {
        "gamma": 0.0013778614673964837,
        "C": 61.021973979463596,
        "epsilon": 3.2785286792662247
    },
    "R2": 0.09743095218228659,
    "R": 0.31304320182813855,
    "MAPE": 0.21359928458528218,
    "RMSE": 9.355579882152387,
    "y_test": [
        38.0,
        26.5,
        31.75,
        48.0,
        41.95,
        50.2,
        25.81,
        43.07,
        37.5,
        31.67,
        46.11,
        47.0,
        57.5,
        41.5,
        40.75,
        35.75,
        33.0,
        44.05,
        13.33,
        33.85,
        34.0,
        42.2,
        34.75,
        30.0,
        55.5,
        29.5,
        39.45,
        39.5,
        42.5,
        20.8,
        55.5,
        41.0,
        35.3,
        29.6,
        33.5,
        26.25,
        41.78,
        58.5,
        37.75,
        33.5,
        43.66,
        60.25,
        52.5,
        24.5,
        59.0,
        42.5,
        34.5,
        33.04,
        50.8,
        45.25,
        57.0,
        30.0,
        31.7,
        33.5,
        44.5,
        53.5,
        52.5,
        45.0,
        39.0,
        40.52,
        35.0,
        34.5,
        56.5,
        30.0,
        38.0,
        34.25,
        35.0,
        43.5,
        48.0
    ],
    "y_pred": [
        48.13127920922656,
        35.89707912861224,
        40.407989412723055,
        32.886546229531376,
        38.81058850560187,
        40.63479659553512,
        39.842381076505916,
        37.9861296884082,
        38.101117051956436,
        38.025465986599215,
        40.63860945677262,
        40.63479659547257,
        51.18349590450764,
        45.42142788951144,
        40.63479658774968,
        41.112615820393295,
        40.56116656082678,
        40.65452019942266,
        40.63479659553512,
        38.651028409987795,
        40.63928291891172,
        41.27639642159952,
        39.70634421963754,
        40.80204979005767,
        40.952529898732095,
        34.751208312253816,
        40.634713397845566,
        40.636716010190874,
        40.93995905671164,
        41.623540389381354,
        41.053604619374454,
        39.43734139538664,
        40.634793968356185,
        30.311087445026594,
        38.43070612813676,
        34.09516039714428,
        40.62666844191265,
        41.076960327676645,
        43.64959429341963,
        38.245259945118605,
        40.633766840845055,
        44.232617253782685,
        40.62420885867151,
        34.57591997336744,
        37.828576915559196,
        40.65219891218802,
        40.63412040053112,
        37.41408685806267,
        48.113135387467125,
        41.115191337776515,
        37.611056307052564,
        40.06332315566312,
        40.55321332133237,
        40.634795188501045,
        39.719967684106784,
        40.63480692492457,
        40.63479659553546,
        40.634798760713075,
        40.690161957660145,
        36.77724133445006,
        40.55371076813163,
        40.63649711050721,
        40.63481177763101,
        42.64121309263143,
        40.50829374328219,
        40.48212071866783,
        41.110541227294576,
        40.893752823802245,
        40.634798760713075
    ]
}