{
    "Est_name": "SVR",
    "Run": 7,
    "Seed": 1679,
    "Est_params": {
        "gamma": 0.0022678212505828996,
        "C": 2324.525039757433,
        "epsilon": 3.4220233453789723
    },
    "R2": 0.04673845839228874,
    "R": 0.2503131853477442,
    "MAPE": 0.23800700841584554,
    "RMSE": 10.017220129229765,
    "y_test": [
        32.33,
        52.07,
        44.0,
        32.25,
        26.5,
        56.0,
        26.5,
        34.75,
        32.43,
        39.3,
        51.0,
        22.73,
        49.5,
        36.0,
        37.5,
        29.5,
        40.39,
        32.0,
        24.67,
        56.5,
        23.33,
        56.0,
        44.6,
        40.75,
        51.0,
        45.8,
        39.0,
        59.0,
        29.02,
        36.0,
        39.5,
        42.56,
        48.0,
        38.78,
        51.5,
        39.12,
        35.5,
        57.5,
        40.0,
        30.5,
        53.0,
        16.58,
        58.5,
        45.23,
        41.89,
        39.0,
        42.56,
        43.0,
        20.5,
        38.0,
        57.8,
        35.0,
        41.04,
        27.5,
        48.0,
        31.5,
        45.25,
        55.84,
        26.5,
        49.0,
        39.12,
        33.4,
        30.0,
        35.25,
        33.0,
        29.02,
        54.04,
        34.62,
        41.75
    ],
    "y_pred": [
        40.62144324661051,
        40.62766539120363,
        40.66813735438063,
        40.59168565025089,
        40.60718185016172,
        39.69675382271407,
        37.8517239738731,
        40.250331148196885,
        40.61928280074411,
        40.62200021961363,
        40.65106092801656,
        40.643692208351794,
        40.68487235625304,
        40.62766538758518,
        40.62766539120363,
        40.24225839603655,
        40.62766539126689,
        39.89952804680941,
        45.202373162045205,
        40.24564536255017,
        40.627684675189684,
        40.627665393950224,
        40.6275912746477,
        40.72180172091059,
        40.41852354074337,
        40.622135857366935,
        40.62545797130359,
        40.679235221059,
        40.62766539120363,
        41.548302607176055,
        40.62770632763101,
        40.62573691086628,
        40.627669666110805,
        40.30355717047639,
        46.80894268894291,
        40.627896276604275,
        38.186440903222916,
        43.713563089523326,
        40.030968167698404,
        38.10677979430702,
        44.844876624473464,
        40.62766539120363,
        40.676465355541474,
        41.52805181476506,
        40.61078674214332,
        40.62541091160213,
        40.63170182493148,
        40.675075495079966,
        41.307249876681695,
        47.16350574098829,
        51.377123302056255,
        40.59809584725216,
        40.623573857813604,
        40.62766539120363,
        40.63525556410289,
        39.44863779341246,
        40.73709596750054,
        40.62766539120363,
        40.59159823714841,
        40.62766539120363,
        40.65873858686313,
        38.688501599877895,
        42.31067359391749,
        40.593014404396726,
        40.54273928242886,
        40.931464675867375,
        40.627665392640644,
        40.56259522728087,
        40.62732142441236
    ]
}