{
    "Est_name": "SVR",
    "Run": 30,
    "Seed": 6924,
    "Est_params": {
        "gamma": 0.0027300936308853785,
        "C": 1959.075513030697,
        "epsilon": 3.1374080372471522
    },
    "R2": 0.07401939976104666,
    "R": 0.2806600321576133,
    "MAPE": 0.2570290785001145,
    "RMSE": 10.736490644475102,
    "y_test": [
        46.0,
        18.52,
        46.8,
        42.0,
        27.4,
        46.0,
        41.4,
        40.5,
        57.27,
        39.3,
        42.03,
        38.0,
        51.0,
        34.5,
        22.9,
        22.73,
        53.5,
        52.0,
        42.3,
        31.53,
        13.33,
        33.0,
        45.5,
        35.0,
        39.5,
        49.7,
        28.0,
        22.04,
        55.5,
        39.42,
        57.8,
        45.0,
        31.67,
        40.0,
        37.0,
        43.5,
        42.0,
        34.5,
        57.0,
        39.45,
        42.25,
        47.3,
        23.33,
        32.0,
        49.5,
        44.05,
        25.68,
        62.5,
        41.04,
        33.5,
        39.73,
        56.0,
        33.41,
        59.0,
        27.12,
        35.25,
        26.5,
        43.07,
        25.81,
        60.25,
        32.5,
        56.5,
        49.0,
        48.0,
        22.13,
        37.5,
        41.75,
        38.82,
        57.5
    ],
    "y_pred": [
        40.30719902873333,
        40.28938478483302,
        40.30720707809552,
        40.280334474507,
        40.301015404800616,
        40.306749972208024,
        40.30845078515277,
        40.307104344717565,
        40.319198002319,
        40.29867219369896,
        37.16763660534136,
        40.30270386175499,
        40.313260929970355,
        42.67464453958757,
        35.4372925663287,
        40.29364798071715,
        40.31703385033102,
        40.32387424902875,
        40.3071990287348,
        31.658241860487244,
        40.30719902873333,
        38.700489692278175,
        40.20884505997274,
        40.84306743148882,
        40.18463966719704,
        32.23328058681423,
        39.81755166481254,
        36.85360890349191,
        40.31866234514956,
        40.3100995804481,
        51.27423492433029,
        40.30913036766699,
        38.65400227784738,
        40.39491641854055,
        40.30719902844694,
        36.87514536101603,
        40.309127074621344,
        39.42041348109802,
        40.30719902873333,
        40.30719902808999,
        40.30755131821991,
        40.3119109085436,
        40.3072048518943,
        40.109063668382575,
        40.30719902875425,
        40.30834495716805,
        40.08485774204737,
        42.43438975754377,
        40.306567760184876,
        40.3071990287317,
        36.652734645477935,
        40.32407459504233,
        38.65411105140406,
        42.62653760415164,
        42.96303099777332,
        40.29332298075716,
        40.3007756221359,
        37.537338045189294,
        40.33317220080037,
        39.555400852200144,
        40.90959984433532,
        40.307199028754944,
        40.3156411383853,
        40.31214608988657,
        32.438611117148234,
        40.30719902873168,
        40.30720879689134,
        40.30719902873335,
        40.30719902875564
    ]
}