{
    "Est_name": "SVR",
    "Run": 22,
    "Seed": 8928,
    "Est_params": {
        "gamma": 0.0043234770844952945,
        "C": 484.7955519979096,
        "epsilon": 2.6686044690108943
    },
    "R2": -0.005154598593871684,
    "R": 0.11023883152684984,
    "MAPE": 0.16413906666624817,
    "RMSE": 7.529807962059126,
    "y_test": [
        33.4,
        43.64,
        44.6,
        35.75,
        45.5,
        37.0,
        39.5,
        29.02,
        48.0,
        24.5,
        47.0,
        32.91,
        35.25,
        45.8,
        41.0,
        42.25,
        32.25,
        43.07,
        32.0,
        39.0,
        33.76,
        40.0,
        51.0,
        50.8,
        33.5,
        46.0,
        36.0,
        45.25,
        30.25,
        40.1,
        55.52,
        34.5,
        43.0,
        40.03,
        52.5,
        30.5,
        29.41,
        41.95,
        45.5,
        29.6,
        34.8,
        31.25,
        45.0,
        50.2,
        38.82,
        52.5,
        37.5,
        34.5,
        31.75,
        34.75,
        46.0,
        40.5,
        42.86,
        57.27,
        42.29,
        31.67,
        55.5,
        39.8,
        39.5,
        33.04,
        35.5,
        26.5,
        53.5,
        43.5,
        33.5,
        35.0,
        47.0,
        42.03,
        36.0
    ],
    "y_pred": [
        39.15773796332626,
        40.4439549130169,
        40.19537025503479,
        40.19537030535823,
        40.20667800332015,
        40.19537025631345,
        40.19535295621017,
        40.25871726005325,
        35.74658163106013,
        38.577876763012505,
        36.97666404240737,
        39.47516472261118,
        40.19513454596896,
        40.19538835256514,
        40.197547207380346,
        34.7769771361856,
        40.19509496359887,
        36.761722556488145,
        40.03094421463216,
        40.19555759829997,
        39.7660889605879,
        40.19537025851203,
        40.195602283456196,
        49.309304044013714,
        40.156852183152054,
        40.19537025631345,
        40.195787865053546,
        40.20045629027706,
        40.19537025631345,
        40.19537025631345,
        40.19537017773018,
        42.97747783301485,
        43.02563246197106,
        40.195260680081304,
        40.195370252235826,
        39.66666027118578,
        40.18906341434352,
        37.43059852421726,
        40.202139419722954,
        35.033220403832075,
        40.19525242462026,
        39.82492021953228,
        40.19537025631345,
        40.19537025631345,
        40.19537025631345,
        40.19537025631345,
        40.19537025631345,
        40.195370260101974,
        40.195303992982474,
        40.00593735282491,
        40.19537299233663,
        40.187750238371635,
        36.5810576493616,
        40.19523555807939,
        40.19771344992954,
        39.35929273927635,
        40.19520790774883,
        40.19537025631345,
        40.19557777249346,
        39.2831903007024,
        40.195456327285946,
        40.195152309275166,
        40.19562579025638,
        40.195325285718475,
        40.19537025631345,
        40.190760703140924,
        40.19537025631345,
        36.83857791070057,
        40.19537025631345
    ]
}