{
    "Est_name": "SVR",
    "Run": 38,
    "Seed": 6224,
    "Est_params": {
        "gamma": 0.0008049959320807297,
        "C": 27.00507008598152,
        "epsilon": 3.9315566301397467
    },
    "R2": 0.23888441092147283,
    "R": 0.4956775460763567,
    "MAPE": 0.1831661471876074,
    "RMSE": 7.917129093185377,
    "y_test": [
        39.61,
        44.5,
        51.0,
        57.5,
        40.87,
        34.5,
        31.47,
        42.25,
        35.75,
        40.12,
        42.75,
        33.0,
        33.41,
        60.25,
        33.85,
        42.3,
        44.05,
        32.0,
        32.0,
        32.25,
        41.95,
        28.0,
        29.0,
        33.5,
        39.12,
        43.65,
        46.0,
        27.7,
        43.5,
        48.0,
        23.9,
        42.35,
        59.0,
        32.57,
        43.66,
        35.0,
        47.0,
        33.5,
        52.07,
        43.4,
        30.5,
        36.0,
        49.9,
        30.5,
        53.5,
        40.0,
        40.1,
        57.21,
        45.5,
        22.9,
        13.33,
        36.0,
        45.22,
        32.25,
        41.0,
        57.0,
        35.25,
        40.0,
        42.56,
        33.25,
        33.6,
        48.0,
        52.5,
        49.5,
        35.5,
        43.64,
        40.03,
        50.8,
        35.75
    ],
    "y_pred": [
        38.64727857341107,
        39.94315111739526,
        38.73091140381274,
        54.10279365628012,
        40.978658029888265,
        40.95769604317098,
        39.456725240214354,
        29.33055162129547,
        42.24363013319097,
        44.14605647584896,
        40.43340710280855,
        39.12907074531655,
        39.288162661593724,
        49.330554440494765,
        38.4955854635939,
        40.981738437140756,
        40.97732353970193,
        40.13128339971179,
        39.680371025801854,
        36.893194725115556,
        38.78409040198719,
        32.62559028092819,
        34.10730829668726,
        40.98146505335849,
        40.98213601084786,
        40.98326895808551,
        40.89873583209429,
        44.79368288782041,
        33.84755372372996,
        40.98383387141688,
        44.66395758411969,
        41.08512431657809,
        47.37538272901171,
        38.24399499560963,
        40.93116190988488,
        40.182259539726466,
        42.45109235756679,
        42.19232640109385,
        40.981800161250206,
        40.56886822550747,
        33.11221203767195,
        37.8008494945406,
        46.47754904948529,
        36.91849757992129,
        43.27972350356837,
        41.692884195925146,
        40.98129392647157,
        45.0686964875806,
        41.618741208085325,
        32.485147189003115,
        40.98180016124988,
        41.35990887327694,
        40.976645725763696,
        40.18120216645144,
        38.07179903019949,
        40.98180016125024,
        39.17423265715797,
        40.99292775318024,
        39.17083117346387,
        41.43412609049631,
        38.25897972959967,
        47.86571159939641,
        40.74952650317195,
        41.03977358409765,
        36.758607354937496,
        37.60671730687661,
        39.404612916667844,
        47.43756852032318,
        42.626537357000956
    ]
}