{
    "Est_name": "SVR",
    "Run": 13,
    "Seed": 488,
    "Est_params": {
        "gamma": 0.0012734003161338527,
        "C": 28.634698458322443,
        "epsilon": 4.008076079691865
    },
    "R2": 0.22684150548659965,
    "R": 0.5333129053116753,
    "MAPE": 0.20468144389264376,
    "RMSE": 8.545572485358212,
    "y_test": [
        53.5,
        41.8,
        31.67,
        39.45,
        32.33,
        35.0,
        30.0,
        41.5,
        52.5,
        33.5,
        53.9,
        46.0,
        32.5,
        43.5,
        31.75,
        40.52,
        35.25,
        33.5,
        23.9,
        46.0,
        40.5,
        33.5,
        35.5,
        41.52,
        31.5,
        39.12,
        42.0,
        25.81,
        33.0,
        42.56,
        41.0,
        44.0,
        38.61,
        33.4,
        57.0,
        53.5,
        54.25,
        39.5,
        22.04,
        43.76,
        44.5,
        42.5,
        38.78,
        36.5,
        27.12,
        42.0,
        31.53,
        28.5,
        26.5,
        50.2,
        51.5,
        37.75,
        58.0,
        21.75,
        52.0,
        56.0,
        60.25,
        42.03,
        48.0,
        27.7,
        31.25,
        37.5,
        47.0,
        13.33,
        43.66,
        35.5,
        56.5,
        37.6,
        42.56
    ],
    "y_pred": [
        44.13833783162542,
        41.05370003678958,
        38.38869170642057,
        41.05349572872085,
        40.8325581678944,
        40.497521899701304,
        36.3251805353943,
        40.13379906215461,
        41.48726989840914,
        40.4016934489889,
        44.428105168836424,
        41.04329949895426,
        40.16314445314162,
        41.32007416561767,
        40.66358017621862,
        36.62805066093366,
        40.69980938754622,
        41.05370053365279,
        42.591769137306855,
        41.03566151948859,
        40.058393718564886,
        38.54338705662571,
        40.92824054365948,
        41.05370361144173,
        38.44940678549426,
        41.074330906493415,
        40.52101215987554,
        41.05298832155715,
        40.501907502415825,
        41.06009735153245,
        39.677541459630426,
        41.52701923754671,
        37.88229554002319,
        37.71367903370704,
        45.02479725400723,
        49.52341919976232,
        45.9126866354151,
        40.92535703268264,
        28.05778092598293,
        42.07777977518205,
        41.00354596405831,
        41.053704076475036,
        40.66766714030861,
        39.77370621572535,
        42.995967639852495,
        41.05826633999204,
        30.625869336393386,
        40.7522828638633,
        41.052475495832866,
        41.05371228254086,
        46.61188730511868,
        43.091714796379286,
        41.053743422905924,
        42.63541967364855,
        41.65665238983847,
        41.54313956000785,
        51.62891914644604,
        37.54733031911416,
        48.03156500277713,
        42.677413133288894,
        40.84648878329194,
        41.053699996237896,
        41.05370361698204,
        41.05370361698228,
        41.05145960492808,
        41.07365245397633,
        48.73028070183789,
        40.96965772282516,
        40.982802294124205
    ]
}