{
    "Est_name": "SVR",
    "Run": 27,
    "Seed": 4557,
    "Est_params": {
        "gamma": 0.0024744321922841993,
        "C": 2185.2108651500375,
        "epsilon": 2.8574537942200977
    },
    "R2": 0.12422167519173177,
    "R": 0.3644727033947367,
    "MAPE": 0.2270526529438595,
    "RMSE": 9.213585136292712,
    "y_test": [
        48.0,
        39.78,
        39.61,
        39.5,
        40.12,
        53.5,
        46.5,
        53.9,
        33.5,
        33.25,
        34.5,
        50.5,
        32.25,
        44.5,
        56.38,
        35.25,
        29.0,
        51.0,
        23.0,
        15.11,
        45.8,
        40.5,
        29.5,
        36.0,
        58.0,
        31.8,
        28.5,
        35.0,
        35.5,
        43.0,
        42.03,
        48.5,
        42.2,
        49.7,
        48.0,
        52.5,
        33.41,
        25.81,
        39.0,
        41.23,
        54.2,
        33.85,
        41.78,
        32.91,
        43.4,
        27.49,
        30.25,
        20.8,
        38.0,
        48.0,
        33.5,
        26.5,
        22.04,
        30.0,
        52.5,
        31.47,
        44.05,
        45.25,
        43.0,
        43.29,
        42.3,
        57.0,
        54.25,
        26.5,
        51.0,
        43.0,
        49.5,
        25.68,
        32.83
    ],
    "y_pred": [
        34.10904010862241,
        40.67059152762212,
        40.380805317732786,
        40.670595528571816,
        32.837265839315705,
        49.19641953016144,
        43.408340139704265,
        42.06957633827762,
        40.6818478112011,
        40.671140144372906,
        40.6706059266268,
        48.21755858880991,
        40.642705293648184,
        40.674094283470254,
        52.95834173278057,
        40.64847584986183,
        39.15964407674321,
        40.56271519427753,
        34.60694851382309,
        40.67059152763738,
        40.668703732416326,
        40.67029501308015,
        40.28132554510595,
        40.670591527061,
        40.67059152791438,
        40.94051109857392,
        40.712328721912876,
        40.65543734174183,
        38.19041576473524,
        45.270571956019964,
        37.3776742231715,
        40.67059152786048,
        40.878303333961306,
        32.06512966555534,
        40.67059152780137,
        40.69625727298294,
        39.15404151381204,
        40.512032143345984,
        40.677605201026566,
        40.67059152766499,
        40.670591527825906,
        39.196702305449314,
        40.670471732593036,
        39.1634562036325,
        41.64247856302691,
        36.58357848524966,
        40.65812922981294,
        41.14163842083973,
        47.20797019057283,
        40.67059315371432,
        39.33504764684465,
        38.209218081275075,
        28.117594429549676,
        40.29061893794976,
        40.670548076567016,
        40.838652857835655,
        40.67259206262243,
        40.760324478304824,
        40.67059152768171,
        35.646563936309754,
        40.670591527651105,
        40.69625727313537,
        49.939131574698884,
        40.65710973244523,
        40.677312423694495,
        40.69869784467612,
        40.670591527905344,
        40.71442996339751,
        39.38436574233081
    ]
}