{
    "Est_name": "SVR",
    "Run": 35,
    "Seed": 5514,
    "Est_params": {
        "gamma": 0.001331939735979873,
        "C": 2319.6048012541023,
        "epsilon": 3.794809151244293
    },
    "R2": 0.2546898661369813,
    "R": 0.528386219752016,
    "MAPE": 0.17215866303459668,
    "RMSE": 7.77489900411965,
    "y_test": [
        46.0,
        42.2,
        53.9,
        40.5,
        32.43,
        43.29,
        20.8,
        48.7,
        51.0,
        48.0,
        54.2,
        32.5,
        30.0,
        32.25,
        37.0,
        38.0,
        43.0,
        29.0,
        31.8,
        32.5,
        57.0,
        31.25,
        36.0,
        22.9,
        34.62,
        35.0,
        49.5,
        27.4,
        62.5,
        37.5,
        48.0,
        44.75,
        57.0,
        36.5,
        42.29,
        32.33,
        33.0,
        32.9,
        47.0,
        36.5,
        45.25,
        25.81,
        43.0,
        37.6,
        33.85,
        56.5,
        41.0,
        29.5,
        42.0,
        34.8,
        37.25,
        31.7,
        47.0,
        39.0,
        35.25,
        39.73,
        43.0,
        57.27,
        30.5,
        28.5,
        44.0,
        42.25,
        55.5,
        40.39,
        39.5,
        43.65,
        35.5,
        26.5,
        45.5
    ],
    "y_pred": [
        38.53903553370669,
        40.647447177870376,
        44.120012493184966,
        40.6198577773223,
        40.63528505576514,
        39.874864965828856,
        41.54825918264066,
        40.809226469392144,
        39.86124582085193,
        40.647443429932736,
        40.647447177870376,
        40.427988067671144,
        39.775475257327955,
        36.12794333395859,
        40.64738547760692,
        48.028204484892896,
        47.447780387526,
        36.83099928998223,
        39.616645644271614,
        36.91594002597665,
        41.051398660916895,
        39.493767563670154,
        41.48737293787877,
        33.50984297214746,
        40.201537197528395,
        39.60985814959331,
        39.799398671940764,
        40.455474708233155,
        50.98846528180916,
        38.36535213379144,
        48.15497244892722,
        40.64584772938372,
        42.840268435914254,
        40.69150781592249,
        40.74096227278074,
        40.51811473743279,
        40.18484989651601,
        37.32243099578818,
        42.4579128240655,
        40.646066685745176,
        41.08842009381814,
        39.49211793559935,
        41.13803472158691,
        40.647431415689155,
        38.88568994149939,
        50.878525257720526,
        40.97127565929423,
        35.499145479940935,
        40.63772943016834,
        40.64743130305634,
        40.62985372538811,
        40.647428269227476,
        40.6474314156944,
        40.59481338350772,
        40.356098361903335,
        37.642719534060625,
        40.647433974274286,
        40.72975301886756,
        35.65681212385191,
        29.696524822005173,
        41.069489279724536,
        30.603692708322928,
        40.643212092473654,
        40.647431462788866,
        39.5371833459194,
        41.1035574089901,
        40.861249767367404,
        35.116440686848094,
        41.84301327278511
    ]
}