{
    "Est_name": "SVR",
    "Run": 32,
    "Seed": 4552,
    "Est_params": {
        "gamma": 0.003134242231673806,
        "C": 800.630976968758,
        "epsilon": 3.8254468535925263
    },
    "R2": 0.04791846693067714,
    "R": 0.32226670378526207,
    "MAPE": 0.17987366983322065,
    "RMSE": 8.770082127039608,
    "y_test": [
        40.1,
        32.5,
        40.5,
        55.5,
        45.02,
        43.64,
        37.5,
        32.83,
        56.0,
        52.5,
        42.2,
        33.85,
        29.02,
        29.6,
        52.07,
        55.84,
        41.23,
        57.27,
        42.75,
        37.6,
        25.81,
        43.5,
        53.5,
        59.0,
        46.0,
        48.0,
        33.5,
        39.45,
        51.0,
        54.2,
        56.5,
        35.75,
        36.5,
        27.49,
        44.05,
        39.8,
        42.03,
        48.7,
        42.0,
        43.76,
        41.16,
        29.0,
        40.0,
        50.2,
        32.33,
        35.5,
        44.0,
        40.0,
        16.58,
        48.0,
        33.04,
        40.75,
        32.9,
        30.0,
        33.95,
        53.0,
        31.97,
        38.0,
        42.0,
        33.76,
        52.5,
        39.73,
        57.1,
        36.0,
        42.3,
        28.5,
        38.61,
        34.8,
        45.0
    ],
    "y_pred": [
        39.902830974583615,
        39.03388334516748,
        39.90281561600617,
        39.90205543421454,
        38.550441543443974,
        37.65959312862613,
        39.902830974583615,
        39.97641924472966,
        39.908078582557934,
        39.90283097458397,
        40.011263805952346,
        39.13721902657699,
        40.03066996077348,
        34.25865968459112,
        39.902830974583615,
        39.902830974583615,
        39.90283097458364,
        39.90269565150937,
        39.58877639996279,
        39.90283097458351,
        39.840975059870615,
        37.42324192251946,
        39.907483895021116,
        43.8075731479027,
        39.90282919456441,
        39.90382802445561,
        39.322509089988465,
        39.902830974565745,
        39.90722996436688,
        39.902830974583864,
        43.27876295979648,
        42.779711028453384,
        39.903347304879325,
        36.93286072254621,
        39.90313630658778,
        39.90283222050801,
        38.903110099690366,
        39.905063309748,
        39.89344980340295,
        40.33409514498162,
        40.01199611804654,
        39.246107539775274,
        39.94503583887047,
        39.90283097458372,
        39.90439556670718,
        39.90471087863462,
        36.54985780449154,
        39.9079533278231,
        40.46206810606314,
        35.06334964461824,
        38.706545965006995,
        39.902830974583594,
        38.46788481459695,
        39.883962439098575,
        39.137785325787675,
        43.72004825500814,
        39.90134635509908,
        39.90283777725117,
        39.90342080378138,
        39.679801504549545,
        39.9028309745839,
        37.70843959274445,
        39.90251247552136,
        39.902830974582834,
        39.90283097458364,
        31.757628123518757,
        35.76214853693964,
        39.90110009000058,
        39.903424250986866
    ]
}