{
    "Est_name": "SVR",
    "Run": 25,
    "Seed": 7359,
    "Est_params": {
        "gamma": 0.00247572668692343,
        "C": 620.1301388020468,
        "epsilon": 3.2966218071493016
    },
    "R2": 0.1202969233571598,
    "R": 0.3491315756116278,
    "MAPE": 0.23707159526407126,
    "RMSE": 9.926293573653673,
    "y_test": [
        29.41,
        26.5,
        58.25,
        43.5,
        20.5,
        22.5,
        32.83,
        46.87,
        37.5,
        45.0,
        21.5,
        43.29,
        57.96,
        40.5,
        42.5,
        50.75,
        35.25,
        54.0,
        29.6,
        59.5,
        18.52,
        43.07,
        40.52,
        39.42,
        57.8,
        48.0,
        27.5,
        31.59,
        34.8,
        56.5,
        43.0,
        40.75,
        32.57,
        45.23,
        35.75,
        48.7,
        23.0,
        52.0,
        49.5,
        40.5,
        32.0,
        42.25,
        29.5,
        34.5,
        42.86,
        35.3,
        50.86,
        54.25,
        34.5,
        48.0,
        34.0,
        31.53,
        36.0,
        41.16,
        53.5,
        49.0,
        39.5,
        57.5,
        35.25,
        41.78,
        55.5,
        16.58,
        35.0,
        33.0,
        55.5,
        27.4,
        33.5,
        40.0,
        39.3
    ],
    "y_pred": [
        40.37607874369211,
        35.54776951294012,
        40.52809278935903,
        36.865500467470326,
        41.041437695124294,
        39.93127042657981,
        39.46040395674109,
        39.82232572534942,
        40.49792874727867,
        40.50027237520165,
        38.893485464679216,
        38.258892418408315,
        40.400725103966025,
        40.49765386379358,
        36.23132555338365,
        50.95325755616422,
        40.477421210094036,
        47.66500180156047,
        32.960234152063684,
        40.4979287478029,
        40.46435155643406,
        40.19136737758725,
        36.53402913341728,
        40.50322057441248,
        51.334292792960085,
        34.43990801698395,
        40.49792874729994,
        40.41419834273781,
        40.48664516020036,
        42.99057987380457,
        45.72524846961004,
        40.49792874729921,
        38.89864822022965,
        41.65331372828958,
        39.87278278276888,
        40.509262464597356,
        36.92280617002873,
        40.531771599345156,
        40.49792874756027,
        40.496150329828794,
        40.48574533486149,
        32.371878077160986,
        40.17693093145137,
        39.327583577733755,
        40.48972477619429,
        40.49792874727184,
        40.48654497881387,
        42.6292484048156,
        40.49792814558934,
        40.49793019496625,
        40.49796432120702,
        31.91200796795021,
        41.43425834692272,
        40.69132802027469,
        41.38593667958752,
        53.91333701840886,
        40.49790446517593,
        43.41418026595444,
        40.48186650478472,
        40.49780882902471,
        40.5207545990382,
        41.57431997173128,
        43.927255800529494,
        37.97150768505455,
        40.53871710838323,
        40.486195103487454,
        39.26590985286675,
        40.511370014886914,
        40.4943019958426
    ]
}