{
    "Est_name": "SVR",
    "Run": 42,
    "Seed": 9891,
    "Est_params": {
        "gamma": 0.008457715769789995,
        "C": 1113.295020633412,
        "epsilon": 3.6430761935796783
    },
    "R2": 0.05145685183424176,
    "R": 0.26922923208169264,
    "MAPE": 0.19525962473811453,
    "RMSE": 9.050881970984847,
    "y_test": [
        45.5,
        48.7,
        38.61,
        38.0,
        42.0,
        39.5,
        54.04,
        46.7,
        32.5,
        56.25,
        23.0,
        47.0,
        30.0,
        58.5,
        39.0,
        33.0,
        25.81,
        40.75,
        39.78,
        42.03,
        23.33,
        43.47,
        41.23,
        51.5,
        37.5,
        40.1,
        22.67,
        50.0,
        33.04,
        41.89,
        35.0,
        53.5,
        44.6,
        32.25,
        20.8,
        40.75,
        30.0,
        46.8,
        41.16,
        42.3,
        57.5,
        32.25,
        59.0,
        37.25,
        30.0,
        45.22,
        42.0,
        35.0,
        56.0,
        45.02,
        54.25,
        57.5,
        23.9,
        32.43,
        33.6,
        39.17,
        33.95,
        37.5,
        41.5,
        32.83,
        50.8,
        50.86,
        43.4,
        42.75,
        49.9,
        42.0,
        35.3,
        48.0,
        35.5
    ],
    "y_pred": [
        39.98339266269712,
        40.06321684419639,
        37.027448677325914,
        40.063216838218196,
        40.87962091337024,
        40.063216840382296,
        40.063216840463085,
        40.063216840463085,
        40.29542805086368,
        40.063216850501455,
        39.924000534086304,
        40.0632152458023,
        40.06321682973768,
        40.06321685000919,
        40.06319964208976,
        40.02660530095132,
        40.063204491805955,
        40.06553782896226,
        40.063216840463085,
        37.283611126521215,
        40.063216840463085,
        37.36464890130137,
        40.063216840463085,
        42.97930104127493,
        40.063216840463085,
        40.063216840463085,
        38.16507027111714,
        40.063216840463085,
        40.02371221150459,
        37.686567328204426,
        40.05919713786079,
        40.063216840463085,
        40.063216841837644,
        39.79982401594987,
        40.06349385562065,
        40.063216840463085,
        40.062823823379766,
        40.06321684282184,
        40.06326016379682,
        40.063216840688646,
        40.063216840463085,
        40.0632168327135,
        40.21376171379489,
        40.063216839531044,
        40.063208311961056,
        40.06321684046309,
        40.06321655468413,
        40.06321684046302,
        40.063216850501476,
        38.70743905884621,
        44.43020566827759,
        40.22203423941898,
        40.06326966991565,
        40.063216838735485,
        39.94695390643502,
        40.05798244411432,
        39.96354339714821,
        39.940342264014944,
        40.063208318568,
        39.97491122553416,
        45.562239465529096,
        40.06321681533327,
        40.8568175272791,
        40.012190178984426,
        45.562239465529096,
        40.063216840463085,
        40.063216840463085,
        40.0632168432813,
        39.87746031389802
    ]
}