{
    "Est_name": "SVR",
    "Run": 11,
    "Seed": 6912,
    "Est_params": {
        "gamma": 0.0023866501873010663,
        "C": 2564.085652805617,
        "epsilon": 1.2111552069543758
    },
    "R2": 0.033391231108995556,
    "R": 0.24898330854243972,
    "MAPE": 0.21173373467114792,
    "RMSE": 9.760379113265543,
    "y_test": [
        48.0,
        40.0,
        37.5,
        48.7,
        43.76,
        26.5,
        26.5,
        32.9,
        25.81,
        39.12,
        50.86,
        37.5,
        34.8,
        42.86,
        40.75,
        43.07,
        42.56,
        53.25,
        45.0,
        47.0,
        32.83,
        36.0,
        34.5,
        20.5,
        57.96,
        26.25,
        48.0,
        32.0,
        45.02,
        47.3,
        35.0,
        39.53,
        45.5,
        30.0,
        43.4,
        40.0,
        36.5,
        57.1,
        55.5,
        43.0,
        42.5,
        40.5,
        58.59,
        53.5,
        41.78,
        46.11,
        41.0,
        44.05,
        30.0,
        34.5,
        33.0,
        15.11,
        46.8,
        57.27,
        43.5,
        43.66,
        43.64,
        41.8,
        41.5,
        23.0,
        48.5,
        58.5,
        34.5,
        54.2,
        45.5,
        59.0,
        29.5,
        22.5,
        56.0
    ],
    "y_pred": [
        39.96068767854275,
        40.27798554951059,
        39.947638830167385,
        40.28862058080115,
        41.1237935449134,
        37.161403197631586,
        39.916961210000224,
        38.66709110034327,
        41.06411555085971,
        39.95343137514648,
        39.901704008226936,
        37.70369104025288,
        39.92669255589927,
        37.84361778077956,
        40.591580581643754,
        41.88194732407571,
        39.953601252740135,
        39.95769627479409,
        39.959947213126505,
        44.19500324226652,
        38.427133057847186,
        39.94763882859294,
        39.9518504415702,
        40.67601480845043,
        39.78456397359808,
        31.74346922887736,
        39.94764246962048,
        39.55477284265143,
        38.74368915660509,
        39.94847671597222,
        41.83806245109181,
        39.95803380560892,
        38.57600774071204,
        43.54066248836762,
        43.28904412432694,
        40.02367846496417,
        38.4054888358373,
        39.942162909524356,
        40.01206572426686,
        39.947638830376256,
        40.08962203583985,
        39.94719381483779,
        41.678818352144546,
        39.947638830850806,
        40.42219787819943,
        39.947813970521686,
        39.67892238970234,
        39.95912751445811,
        40.03512136020883,
        39.2157095470037,
        37.43715900074503,
        39.947638830167385,
        39.94769469759055,
        40.024513144517954,
        29.81419259294143,
        39.9476376223674,
        37.607834778785936,
        39.94767482964055,
        39.7557575497207,
        35.89311016566652,
        39.94763883080571,
        39.9913209394375,
        38.361383341772004,
        39.94763883072312,
        40.87151026924169,
        40.0319409899029,
        39.26886131907709,
        35.758101975399015,
        40.017303462548604
    ]
}