{
    "Est_name": "SVR",
    "Run": 44,
    "Seed": 711,
    "Est_params": {
        "gamma": 0.004148116329656281,
        "C": 2727.1151049063888,
        "epsilon": 4.059291770825728
    },
    "R2": 0.05868480046797009,
    "R": 0.27005512976357465,
    "MAPE": 0.21576023195480962,
    "RMSE": 9.162199566720336,
    "y_test": [
        35.5,
        22.5,
        22.73,
        29.02,
        18.52,
        20.5,
        41.0,
        32.25,
        41.0,
        53.0,
        46.0,
        33.0,
        30.0,
        47.0,
        37.0,
        45.22,
        45.0,
        34.5,
        42.25,
        34.62,
        44.5,
        37.5,
        40.0,
        55.5,
        34.5,
        45.23,
        56.25,
        38.0,
        56.38,
        58.25,
        46.11,
        42.03,
        55.84,
        26.5,
        42.56,
        27.7,
        29.6,
        25.81,
        34.5,
        41.78,
        37.75,
        26.5,
        46.0,
        43.55,
        30.0,
        37.5,
        29.5,
        30.0,
        48.0,
        41.04,
        42.56,
        39.12,
        46.87,
        39.45,
        39.17,
        35.0,
        42.56,
        41.89,
        59.5,
        39.53,
        54.0,
        36.5,
        31.47,
        43.47,
        44.5,
        57.0,
        42.66,
        35.0,
        49.5
    ],
    "y_pred": [
        40.516064309609874,
        38.461478727255276,
        40.53177888071265,
        40.11402335574532,
        40.53165744079006,
        40.59693466025694,
        40.82387246553958,
        40.5317795526552,
        40.532148895415645,
        43.12723186834117,
        40.53214890009199,
        40.53210271156601,
        41.591749395769554,
        41.81330516855981,
        40.53214890009199,
        40.53214890009361,
        40.53214890009199,
        40.532148900080145,
        40.532149337444416,
        40.77499922320413,
        39.88478694088605,
        39.852714965840036,
        40.39044865062856,
        40.53281459729158,
        40.52698547586172,
        40.89094019832332,
        40.53260061900316,
        40.53214896732874,
        50.80952052256322,
        40.53258493950128,
        40.53214890048487,
        37.350134966192535,
        40.53214890009199,
        40.531985179007094,
        40.532114679960344,
        40.54471274293655,
        35.92681338785267,
        40.51968443596255,
        40.5321489017342,
        40.532074891489984,
        40.53740214698578,
        40.53214877093752,
        40.53214890009199,
        38.631874179513034,
        40.51932172793657,
        40.53214890009199,
        40.49514217371575,
        40.527826245652115,
        40.53214890009199,
        40.532094606548796,
        37.97315797319037,
        40.532158045282955,
        39.86129984680287,
        40.53214890009199,
        40.38611230112034,
        40.52743273171473,
        40.53214890009199,
        37.80451760838869,
        40.53214890009199,
        40.53216014446335,
        46.381233088738725,
        40.53214890009199,
        40.5080464835485,
        38.171381279293996,
        40.53216014826068,
        40.53214890009199,
        37.99251513280628,
        42.70516306110829,
        40.53214890009199
    ]
}