{
    "Est_name": "SVR",
    "Run": 2,
    "Seed": 409,
    "Est_params": {
        "gamma": 0.000988661157867431,
        "C": 121.32707946464534,
        "epsilon": 1.5150338147615876
    },
    "R2": 0.09836743688842076,
    "R": 0.325856217882047,
    "MAPE": 0.1987785037447387,
    "RMSE": 8.793613647072094,
    "y_test": [
        35.0,
        39.0,
        48.0,
        31.5,
        31.75,
        54.25,
        49.9,
        39.5,
        47.3,
        48.0,
        13.33,
        43.5,
        57.21,
        38.82,
        45.0,
        32.26,
        31.47,
        35.3,
        34.5,
        29.41,
        31.7,
        39.0,
        55.5,
        55.5,
        46.5,
        60.25,
        53.9,
        40.75,
        34.8,
        35.25,
        33.5,
        35.5,
        42.29,
        41.0,
        43.29,
        56.0,
        56.5,
        46.0,
        46.8,
        56.0,
        43.29,
        56.0,
        36.0,
        38.0,
        32.25,
        27.5,
        42.5,
        33.41,
        46.0,
        46.25,
        41.25,
        33.95,
        30.5,
        48.5,
        42.0,
        43.0,
        38.78,
        48.0,
        26.5,
        50.2,
        35.5,
        33.25,
        34.5,
        34.0,
        35.0,
        43.47,
        21.75,
        35.0,
        48.0
    ],
    "y_pred": [
        38.47284141939303,
        40.65944321423198,
        34.25807071738221,
        36.30086200497533,
        39.59891929181423,
        49.235075320120465,
        48.14006958173549,
        40.68474423082634,
        40.97451009147277,
        40.73610525115367,
        40.7361052501822,
        28.44869351624581,
        47.48503062699297,
        40.73750302134737,
        40.7361052501822,
        44.74501585050629,
        41.76617495884349,
        40.73589225629453,
        37.7381707322947,
        38.65039012171317,
        40.73572405859317,
        38.80508219847155,
        42.57437230400454,
        42.006333798484576,
        45.054856751889496,
        51.644908100687346,
        47.36984811787727,
        40.73610335253652,
        40.599172192022365,
        38.98516645935918,
        36.5686319818903,
        35.209629154803274,
        41.2866032888329,
        43.14986003128267,
        34.12653584462556,
        42.04110412605015,
        42.27127624519801,
        40.54347521099798,
        40.75902471428567,
        42.84688627899666,
        39.9100520137099,
        35.8479735720671,
        42.87818684087591,
        47.3613447176553,
        39.98073557191949,
        40.01763694621494,
        37.064823948470504,
        41.92882657341286,
        40.7361052501822,
        40.7361052501822,
        40.7361052501822,
        37.23642354744855,
        33.55054852859885,
        40.73610525355466,
        41.3772710115584,
        48.590635844119575,
        41.46057713903231,
        40.736105250182234,
        40.01758360959498,
        40.73610525023147,
        41.426997365808845,
        38.749260548867994,
        33.78942796762222,
        40.781329018217875,
        44.47983336315403,
        42.67505472829251,
        43.231033648735334,
        40.99455021361629,
        41.899904003238866
    ]
}