{
    "Est_name": "SVR",
    "Run": 21,
    "Seed": 3257,
    "Est_params": {
        "gamma": 0.0006480376801708953,
        "C": 1858.529666561204,
        "epsilon": 2.046315941258668
    },
    "R2": 0.2637502598947805,
    "R": 0.5579482337179534,
    "MAPE": 0.17044472455274995,
    "RMSE": 7.5969658723006885,
    "y_test": [
        40.87,
        57.8,
        35.5,
        43.5,
        40.0,
        35.0,
        44.5,
        49.0,
        43.29,
        46.0,
        57.0,
        23.9,
        42.66,
        44.75,
        42.3,
        52.0,
        21.75,
        41.5,
        42.29,
        42.2,
        46.7,
        42.0,
        49.0,
        35.25,
        33.04,
        38.61,
        28.0,
        45.0,
        33.0,
        40.52,
        39.45,
        36.0,
        39.5,
        31.67,
        33.0,
        45.23,
        41.4,
        39.5,
        32.26,
        45.5,
        29.6,
        35.75,
        48.0,
        39.5,
        34.0,
        20.5,
        31.8,
        43.0,
        31.47,
        50.2,
        28.0,
        45.8,
        36.0,
        40.0,
        26.5,
        55.84,
        40.5,
        43.0,
        22.04,
        33.46,
        34.5,
        60.25,
        24.5,
        34.8,
        23.33,
        47.3,
        43.76,
        42.56,
        23.0
    ],
    "y_pred": [
        41.14062861052401,
        54.06304429941461,
        35.84105358516305,
        26.9020014376153,
        41.2763360944443,
        38.117512173012955,
        41.50633448785295,
        55.163739128526025,
        38.080275249363126,
        41.156990040000935,
        53.67237103755373,
        41.795819189633555,
        39.41164685956746,
        38.334094475687785,
        41.27726816616708,
        43.84499868736414,
        42.306394141863855,
        46.653748120807116,
        41.704266639679176,
        41.17357858351948,
        41.15699151907207,
        41.74753343482067,
        41.156989484439976,
        38.381833663371445,
        31.592551938363158,
        37.595765185403124,
        30.60693774942674,
        41.1684180793842,
        32.55916514379941,
        37.92611410775708,
        41.126291749953694,
        41.12907403179202,
        37.34452312726805,
        35.904574015107286,
        40.28150265631229,
        42.903714364757164,
        41.43709702706853,
        41.084308368970106,
        44.65781656263724,
        45.217952758883726,
        29.180415312131288,
        44.804582288402464,
        42.70623724637413,
        41.09971905997392,
        41.296988967751375,
        42.33302417176801,
        41.223951339667295,
        57.18475988078552,
        43.111115141598475,
        41.16433766539695,
        35.07589068322023,
        40.19176089870545,
        40.538777508264985,
        43.04520940563677,
        39.559886289688244,
        41.15698948871719,
        38.17427206433618,
        44.47749664189478,
        25.81183787331695,
        41.51135619811595,
        42.6696973076557,
        55.2807879339458,
        30.706222049296436,
        39.39417471695864,
        41.232505690329575,
        43.25175572968874,
        41.19252286505071,
        41.53546636528922,
        30.273638534563567
    ]
}