{
    "Est_name": "SVR",
    "Run": 37,
    "Seed": 1519,
    "Est_params": {
        "gamma": 0.007718872789669641,
        "C": 2039.395122365986,
        "epsilon": 5.483814118558174
    },
    "R2": 0.09011506218342036,
    "R": 0.38733207131436537,
    "MAPE": 0.230514437618543,
    "RMSE": 9.540146262026779,
    "y_test": [
        25.68,
        32.26,
        46.8,
        43.66,
        30.5,
        30.25,
        45.22,
        33.5,
        41.25,
        46.5,
        40.5,
        33.6,
        57.21,
        36.0,
        28.5,
        48.0,
        43.29,
        55.5,
        53.5,
        35.5,
        29.02,
        37.5,
        52.5,
        42.35,
        48.0,
        41.89,
        35.0,
        31.75,
        43.0,
        32.25,
        22.9,
        29.5,
        42.5,
        41.4,
        39.0,
        27.5,
        50.5,
        43.64,
        30.5,
        39.45,
        56.38,
        58.25,
        22.67,
        31.97,
        59.0,
        45.0,
        39.78,
        39.5,
        36.0,
        44.5,
        27.49,
        33.5,
        40.03,
        24.67,
        18.52,
        55.84,
        41.78,
        22.73,
        53.5,
        42.0,
        33.0,
        52.0,
        30.0,
        43.4,
        22.13,
        38.0,
        56.5,
        34.5,
        47.0
    ],
    "y_pred": [
        40.54705844622014,
        40.567358335876264,
        40.54755962066336,
        40.547559615381275,
        40.51504837666858,
        40.547559615381275,
        40.547559615381275,
        40.54715415173621,
        40.547559615381275,
        41.00922421061512,
        40.54755961469057,
        40.45189042655601,
        43.51607338543537,
        40.54191265759114,
        34.47614260573601,
        40.54755962357741,
        39.56917701516081,
        40.54755967963593,
        40.547559615381275,
        40.547559615381275,
        40.54791145658538,
        40.448406720586064,
        40.547559615381275,
        40.54756310629045,
        40.547559615381275,
        40.54755958317367,
        40.54755960679069,
        40.54755961199335,
        40.547559627737314,
        40.3173199164097,
        40.54755422161934,
        40.54749000011475,
        39.43449432326309,
        40.547559615381275,
        40.54755961303463,
        40.547559615381275,
        45.303323814088465,
        38.8116140148989,
        40.49445555543096,
        40.547559615381275,
        47.92567840698596,
        40.547559723342374,
        40.32945848912475,
        40.547559615463776,
        40.748819760116625,
        40.547559615381275,
        40.547559615381275,
        40.547559615381275,
        40.54756743561229,
        40.533521558189626,
        39.65343675012303,
        40.545917091525496,
        40.547559615381275,
        42.360740575307446,
        40.54755955600977,
        40.547559615381275,
        40.54755960701485,
        40.5475596229284,
        44.345134441969655,
        40.98026751695946,
        40.54755931512315,
        40.54755963593345,
        40.54755956282189,
        40.54755961538126,
        32.602739106548654,
        42.35413685538244,
        40.547559615381275,
        40.5339134858031,
        40.547559615381275
    ]
}