{
    "Est_name": "SVR",
    "Run": 28,
    "Seed": 106,
    "Est_params": {
        "gamma": 0.0011268512830086333,
        "C": 134.60941507519695,
        "epsilon": 1.3264730420102493
    },
    "R2": 0.08297632647704345,
    "R": 0.31072587150552433,
    "MAPE": 0.20880504556528848,
    "RMSE": 9.530381494917801,
    "y_test": [
        43.0,
        34.0,
        42.56,
        40.1,
        30.0,
        49.5,
        43.07,
        53.5,
        53.25,
        46.11,
        37.5,
        45.0,
        41.04,
        56.5,
        32.5,
        48.0,
        31.97,
        54.0,
        57.0,
        32.25,
        35.0,
        59.5,
        47.3,
        16.58,
        41.16,
        49.0,
        58.5,
        31.75,
        39.0,
        15.11,
        34.5,
        57.8,
        39.8,
        35.5,
        41.95,
        33.5,
        45.8,
        43.5,
        37.5,
        47.0,
        53.5,
        33.76,
        35.0,
        47.0,
        52.5,
        23.9,
        44.6,
        41.0,
        30.0,
        24.67,
        57.27,
        33.0,
        28.0,
        41.89,
        30.5,
        59.0,
        28.5,
        54.25,
        33.5,
        53.0,
        43.64,
        44.5,
        38.82,
        41.0,
        40.03,
        43.0,
        48.5,
        43.65,
        40.52
    ],
    "y_pred": [
        50.597941306771524,
        40.4381007790409,
        40.49838867397942,
        40.361032772463815,
        39.217754659750824,
        40.41013931835551,
        37.67985563941628,
        38.25339205268233,
        41.2837139000431,
        40.4272904094407,
        36.50212582427269,
        40.62813200263056,
        40.6732995120786,
        40.410150353858924,
        42.90969326265385,
        40.411378709185215,
        40.16177480817734,
        37.54218343909976,
        41.22749375811733,
        39.85497419371797,
        36.597439554180006,
        41.39745466593331,
        40.89588202717223,
        36.885659594679105,
        42.095466153597364,
        55.88359291533938,
        41.39725338723189,
        39.59161294145705,
        40.154437878754656,
        40.410139316688124,
        35.994886860168165,
        54.098030042978024,
        40.45291931016583,
        35.25719167495644,
        39.13130310818029,
        40.03680207824324,
        39.906682708570685,
        31.170228584038718,
        40.41006236352767,
        44.68541955446492,
        44.68923973426704,
        36.57042047384127,
        38.69610772720265,
        40.4101392812517,
        41.06903508830863,
        43.03396648289191,
        40.364623711717925,
        42.88581559382404,
        38.17981049493146,
        46.94146411791594,
        41.49505545830874,
        39.17286520615287,
        39.38044361729452,
        35.889638521081565,
        34.69146261127556,
        42.25598474060332,
        40.913427967952614,
        46.85711476379007,
        39.78033472594405,
        47.78485992435599,
        38.80862210378639,
        40.66522831834674,
        40.417660195898705,
        40.22423030456015,
        40.939792753651055,
        41.58518701428177,
        40.41030891620442,
        42.37379332071616,
        36.81158213317683
    ]
}