{
    "Est_name": "SVR",
    "Run": 9,
    "Seed": 1424,
    "Est_params": {
        "gamma": 0.00024359707561269337,
        "C": 263.8907883686078,
        "epsilon": 2.7025287460013803
    },
    "R2": 0.5112829578683372,
    "R": 0.7170471167991819,
    "MAPE": 0.163994679519563,
    "RMSE": 7.245907810050566,
    "y_test": [
        41.16,
        56.0,
        34.5,
        43.5,
        59.0,
        35.5,
        33.41,
        37.0,
        47.0,
        53.5,
        27.5,
        39.12,
        54.0,
        22.04,
        25.68,
        40.52,
        41.89,
        56.0,
        41.8,
        30.0,
        45.23,
        49.5,
        57.0,
        40.5,
        13.33,
        40.75,
        26.5,
        20.22,
        43.65,
        41.5,
        33.5,
        39.8,
        33.0,
        50.5,
        36.0,
        54.04,
        39.73,
        35.0,
        30.5,
        31.53,
        33.76,
        37.5,
        52.0,
        41.5,
        50.2,
        53.5,
        35.0,
        28.0,
        38.61,
        51.0,
        35.75,
        55.5,
        35.75,
        53.9,
        35.25,
        39.3,
        23.0,
        44.5,
        23.9,
        26.5,
        49.5,
        25.81,
        58.59,
        48.0,
        32.25,
        42.75,
        33.0,
        45.0,
        46.25
    ],
    "y_pred": [
        41.75658962125902,
        42.61469437540355,
        32.687954638597624,
        24.954869198296915,
        48.805094665150015,
        44.03220161393101,
        37.49705024646539,
        39.86906434646598,
        40.81275258190806,
        52.33268133180306,
        41.035017268350984,
        39.89333783949926,
        49.18825619176882,
        24.692766067005408,
        34.89361742477557,
        36.76172837320564,
        38.850725995861616,
        51.67359278975826,
        40.668742285006374,
        34.255981015355324,
        42.24790900687914,
        45.00868111773073,
        50.32729726867228,
        35.7375239362272,
        40.93087549441402,
        41.10352504670679,
        36.871750791604605,
        30.741770193253714,
        42.12301020860373,
        36.12067541856474,
        35.93257113543994,
        43.733954125293785,
        39.59632731457775,
        48.60796719094898,
        33.702581829226894,
        41.85675269140087,
        39.162979652134645,
        37.13889475282554,
        27.66298277326178,
        29.0043167089042,
        36.382013445040215,
        40.92575764687992,
        48.065764107730416,
        45.99788064384886,
        41.30189618656572,
        51.129227067073415,
        37.3298309158683,
        31.134142702692493,
        35.64077214452129,
        46.373960170721936,
        40.078112821804126,
        48.50568486191389,
        43.13265333289529,
        53.67232883258205,
        35.927704775220995,
        33.86455910766547,
        25.227380327049076,
        41.27110912146938,
        47.25056717931387,
        27.039342936389133,
        42.13001737129816,
        30.9919677543719,
        55.58555441408078,
        40.94544949213015,
        38.1598222787154,
        38.58239669788488,
        36.03024080470428,
        40.80269130988156,
        40.93248154954885
    ]
}