{
    "Est_name": "SVR",
    "Run": 43,
    "Seed": 4333,
    "Est_params": {
        "gamma": 0.0004131230971020367,
        "C": 140.32420818026023,
        "epsilon": 0.017726392848678007
    },
    "R2": 0.1018853678736108,
    "R": 0.3942166196608696,
    "MAPE": 0.20797847568224223,
    "RMSE": 9.669500263208764,
    "y_test": [
        42.2,
        24.67,
        57.27,
        16.58,
        33.04,
        20.22,
        31.59,
        40.87,
        39.5,
        55.84,
        35.0,
        31.97,
        47.0,
        42.86,
        44.95,
        20.5,
        35.0,
        50.86,
        41.5,
        33.0,
        43.66,
        25.81,
        47.3,
        42.0,
        38.0,
        18.52,
        41.4,
        37.75,
        54.04,
        43.29,
        56.5,
        45.25,
        39.73,
        58.59,
        33.85,
        62.5,
        43.5,
        33.5,
        26.5,
        59.0,
        34.8,
        50.75,
        45.02,
        43.47,
        46.7,
        43.65,
        53.5,
        52.5,
        32.26,
        45.0,
        29.0,
        35.25,
        38.61,
        45.0,
        51.5,
        54.2,
        36.0,
        39.21,
        38.0,
        30.0,
        42.5,
        42.56,
        43.07,
        56.0,
        41.75,
        34.75,
        46.87,
        55.5,
        33.0
    ],
    "y_pred": [
        36.28636140204644,
        44.820505152576594,
        43.021248520203415,
        48.901032211621036,
        32.58542986878834,
        30.37008707331642,
        32.790379312746936,
        40.67607734615006,
        34.24467518174136,
        40.92392031926619,
        42.24498957881552,
        47.90037709545401,
        46.34386443032329,
        35.93054881014831,
        45.202182620022484,
        40.99521910815699,
        39.6261013152249,
        39.95558237059509,
        36.408984971840084,
        37.99452484791969,
        40.612198751777335,
        32.49292521671116,
        43.72584416025565,
        40.886771064264146,
        49.239264358495646,
        35.063621806251064,
        41.42992292789405,
        62.18643013310156,
        40.94405706104483,
        32.6139171273779,
        41.210282560845144,
        43.59254713053511,
        40.97567344600369,
        56.4733863392337,
        36.028386425556725,
        59.72034882245984,
        33.268775859592935,
        39.26981063027108,
        37.9214166329614,
        52.49043840217284,
        36.52503650131657,
        54.22925782261822,
        41.12569764741535,
        36.96197054612613,
        40.924465562144086,
        43.50290082816683,
        41.11267153282145,
        40.925034755347795,
        47.069695641065145,
        43.42582680708219,
        32.95036161994886,
        34.6571746825842,
        38.10386730423279,
        41.05793059859419,
        50.914405170081395,
        40.92392018741271,
        40.561272266422755,
        46.376617736688885,
        40.72406758252246,
        32.869630139843274,
        40.44732763073334,
        38.305983006302775,
        39.204571355273494,
        37.11452280340751,
        42.65723925399795,
        32.93021012133919,
        36.727320110635574,
        45.14348146534947,
        35.44112051786263
    ]
}