{
    "Est_name": "SVR",
    "Run": 50,
    "Seed": 9044,
    "Est_params": {
        "gamma": 0.0006374138952679831,
        "C": 279.6247135741575,
        "epsilon": 0.01319752973910749
    },
    "R2": 0.27909717057810446,
    "R": 0.5314733964567893,
    "MAPE": 0.16241044065687554,
    "RMSE": 7.873986334651391,
    "y_test": [
        24.5,
        40.0,
        59.0,
        33.0,
        54.04,
        41.16,
        42.3,
        34.5,
        43.29,
        42.2,
        62.5,
        44.5,
        27.5,
        33.04,
        40.03,
        40.0,
        40.1,
        48.0,
        33.85,
        49.5,
        45.22,
        33.41,
        34.0,
        46.25,
        39.17,
        48.7,
        41.5,
        31.47,
        41.0,
        45.8,
        30.5,
        50.5,
        35.0,
        36.0,
        58.0,
        32.0,
        42.75,
        31.8,
        34.75,
        57.0,
        35.25,
        44.75,
        47.0,
        22.9,
        31.75,
        41.89,
        30.0,
        49.7,
        46.0,
        45.02,
        39.73,
        38.0,
        22.67,
        39.12,
        27.4,
        42.0,
        20.8,
        43.5,
        51.0,
        47.3,
        53.5,
        38.0,
        41.25,
        51.0,
        45.5,
        18.52,
        33.25,
        39.53,
        26.75
    ],
    "y_pred": [
        24.805757493210386,
        43.72298528074706,
        47.62702984334533,
        37.14410184828685,
        40.934439532383955,
        43.90107156634756,
        41.42005724121279,
        40.57004381783966,
        32.588130908464265,
        40.91180462632781,
        59.42821607117512,
        41.52872088358343,
        40.911928257606654,
        30.760080294829848,
        43.06068115754503,
        36.972988353287356,
        40.401829886428956,
        44.33365024550037,
        36.17632473197537,
        40.937957408665454,
        45.74118084236411,
        35.21510989380982,
        41.18494684469802,
        42.34955989795439,
        34.288555700489695,
        41.48394470428886,
        37.90521492318472,
        44.948251749024614,
        40.88131217830075,
        37.818625687993375,
        32.507717357090335,
        50.26996080959063,
        35.2221330006405,
        35.195662684537616,
        40.93842021065602,
        40.252296782034264,
        36.784893059302114,
        37.619146357435994,
        35.3820246730835,
        43.64539393534883,
        39.15821702048204,
        36.30389280590778,
        39.813425491552955,
        30.93178304712493,
        37.70495830211039,
        41.60693910262185,
        34.99021711531305,
        31.217266804108966,
        37.85328615285652,
        41.207165044061085,
        40.18819909937341,
        40.86314557848191,
        25.14857264538059,
        40.27247451102699,
        41.8698411025909,
        40.94112087471412,
        42.9884132978083,
        42.53109211987202,
        40.744603110891056,
        42.62220458690623,
        52.5835318391829,
        41.402349371750574,
        40.91180880623426,
        36.964286639457704,
        39.11827061201823,
        42.163751120092286,
        37.09429682506767,
        41.37443793679691,
        36.4378592295598
    ]
}