{
    "Est_name": "SVR",
    "Run": 4,
    "Seed": 4012,
    "Est_params": {
        "gamma": 0.006435222198765976,
        "C": 2788.49397434647,
        "epsilon": 4.554008644130332
    },
    "R2": 0.06397020977786783,
    "R": 0.28703734973044653,
    "MAPE": 0.20748204116910043,
    "RMSE": 8.697270489039655,
    "y_test": [
        35.3,
        49.9,
        31.25,
        27.5,
        37.75,
        27.12,
        33.85,
        25.81,
        53.25,
        43.55,
        32.25,
        41.0,
        33.0,
        33.04,
        32.0,
        42.25,
        38.78,
        27.5,
        40.5,
        44.5,
        59.5,
        35.0,
        36.0,
        46.0,
        13.33,
        39.45,
        60.25,
        52.5,
        47.0,
        34.5,
        50.75,
        31.47,
        32.5,
        42.56,
        32.25,
        31.53,
        56.38,
        41.16,
        41.89,
        39.12,
        36.5,
        43.65,
        41.25,
        23.0,
        43.76,
        58.0,
        42.3,
        27.49,
        42.0,
        34.5,
        42.37,
        45.0,
        43.5,
        42.2,
        46.87,
        44.6,
        33.0,
        44.5,
        42.2,
        51.0,
        31.8,
        22.9,
        43.5,
        32.5,
        40.0,
        42.86,
        51.5,
        45.02,
        41.78
    ],
    "y_pred": [
        40.534072832467885,
        44.3416496286045,
        40.49583633333016,
        40.534072832467885,
        40.5339586702466,
        41.357702233209615,
        40.348063183646346,
        40.534100018574804,
        40.53407309250449,
        38.752992404757826,
        40.53407170450764,
        40.534072746073356,
        40.40862833211712,
        40.411362898527365,
        40.53407275327629,
        37.563369688134735,
        40.51654098614394,
        40.534072216233504,
        40.533870366601,
        40.534072832464915,
        40.53407418876452,
        40.534072450094406,
        40.512466451201284,
        40.534072832467885,
        40.534072832467885,
        40.534072832467885,
        41.075532354089496,
        40.53407283246781,
        40.534072832467885,
        40.534072832467885,
        49.69597496555188,
        40.530210555505725,
        40.46573563611949,
        38.54556883482988,
        40.00971861327967,
        37.52592090514217,
        49.14709218226004,
        40.534474322217534,
        40.534072832467885,
        40.53407727189999,
        40.43614669870118,
        40.54409738987553,
        40.534072832467885,
        40.05492642850755,
        40.49265373192446,
        40.534072832467885,
        40.534072832467885,
        40.10149606883687,
        40.53407284602053,
        41.29629535287933,
        40.534072683264846,
        40.534072832467885,
        40.5340739877377,
        40.534072832467885,
        40.33826910649818,
        40.5340729058517,
        40.53403906722004,
        40.534072847084495,
        40.53508062821584,
        40.534072832467885,
        40.53546748175283,
        39.61143651502364,
        36.08520404706747,
        40.532042326157686,
        40.534114501379996,
        37.273117530267754,
        44.99926084693372,
        39.39781310981401,
        40.5340726657618
    ]
}