{
    "Est_name": "SVR",
    "Run": 49,
    "Seed": 1291,
    "Est_params": {
        "gamma": 0.0004427676284266965,
        "C": 41.05002139356057,
        "epsilon": 2.054564781634876
    },
    "R2": 0.2900627187558352,
    "R": 0.5813455374438169,
    "MAPE": 0.22639418310485618,
    "RMSE": 9.207291441230186,
    "y_test": [
        26.5,
        37.0,
        56.38,
        32.5,
        57.0,
        26.5,
        43.66,
        23.9,
        45.5,
        30.0,
        46.25,
        23.0,
        35.0,
        27.5,
        42.66,
        32.91,
        53.9,
        41.5,
        53.5,
        34.62,
        45.8,
        30.25,
        39.61,
        37.5,
        31.59,
        47.0,
        33.85,
        27.7,
        54.0,
        23.33,
        31.8,
        48.7,
        33.25,
        55.5,
        34.5,
        20.8,
        50.75,
        56.0,
        24.5,
        28.0,
        56.25,
        21.5,
        28.0,
        41.8,
        18.52,
        22.73,
        48.0,
        42.35,
        49.5,
        27.12,
        29.5,
        58.59,
        34.5,
        41.04,
        48.0,
        40.75,
        31.75,
        54.2,
        34.5,
        52.5,
        37.6,
        36.0,
        45.0,
        34.5,
        43.0,
        30.5,
        59.0,
        28.5,
        41.25
    ],
    "y_pred": [
        39.062226223203965,
        41.36837820005275,
        54.85068555716951,
        42.38981219402823,
        41.52766763231952,
        38.6340316915531,
        40.884251557562976,
        45.18354027496484,
        44.705898290598675,
        35.561458953803225,
        42.988077721147896,
        26.85251290989436,
        35.571520154622625,
        39.08918434504804,
        38.221025522465006,
        40.99106427123741,
        50.19921075900985,
        37.38767413524968,
        51.74673811336395,
        41.783631459430644,
        38.0620173479262,
        41.47811692888279,
        35.76870938160262,
        41.51415904757974,
        39.29925388402814,
        41.524811029620466,
        39.366508055807806,
        50.54741244104446,
        46.69648656100364,
        41.639661207084565,
        38.71607198517729,
        41.61699926799513,
        37.67699124759517,
        47.648497503958694,
        33.582223620013046,
        41.18518201029374,
        46.02319919602692,
        46.66616354310305,
        28.670670027493294,
        33.72554040206897,
        43.25790578169241,
        27.401463145483433,
        29.79700737672144,
        41.48297850988863,
        43.45002649887498,
        41.89353874149948,
        43.037919067891444,
        42.60442330242403,
        42.55799453146041,
        39.78064624467747,
        28.252676001855043,
        50.90613630918442,
        43.232807679490215,
        41.55314696138673,
        41.6353747345753,
        42.07850050897722,
        40.12392809828332,
        41.652555056748696,
        37.37262160121952,
        41.64641953106283,
        40.66331311430684,
        41.33486502553745,
        41.52016296877733,
        41.143398739145695,
        45.44112073308744,
        30.095974467036612,
        46.93106829793098,
        40.870072141668004,
        41.52787561869075
    ]
}