{
    "Est_name": "SVR",
    "Run": 14,
    "Seed": 1535,
    "Est_params": {
        "gamma": 0.0009562306212664124,
        "C": 2500.772685343018,
        "epsilon": 0.6994230695433342
    },
    "R2": 0.0640013901704134,
    "R": 0.27268674684400335,
    "MAPE": 0.22656533621244765,
    "RMSE": 10.107988294338046,
    "y_test": [
        32.25,
        58.59,
        52.5,
        47.0,
        54.0,
        28.0,
        21.75,
        40.12,
        42.0,
        40.0,
        47.3,
        42.29,
        44.0,
        40.0,
        42.0,
        56.0,
        25.81,
        16.58,
        30.5,
        43.64,
        33.4,
        23.33,
        32.5,
        44.05,
        55.84,
        37.6,
        41.0,
        33.04,
        42.56,
        41.0,
        33.76,
        39.17,
        24.67,
        46.0,
        49.0,
        58.5,
        39.12,
        54.2,
        31.59,
        42.37,
        58.25,
        32.0,
        33.0,
        35.5,
        56.5,
        50.2,
        40.5,
        41.16,
        48.0,
        20.8,
        59.0,
        37.75,
        30.0,
        34.75,
        41.8,
        42.35,
        29.41,
        49.5,
        46.0,
        39.42,
        34.62,
        45.5,
        23.0,
        53.5,
        26.5,
        41.89,
        31.7,
        59.5,
        27.5
    ],
    "y_pred": [
        37.299708272002576,
        47.84484795762791,
        41.4655944022623,
        45.33102064042653,
        41.66707176958461,
        31.26990049593473,
        44.55232935011598,
        27.313656167393937,
        39.67388371664941,
        37.4510802028715,
        41.173842590502474,
        41.22202327426718,
        41.20797273470048,
        41.12928656165992,
        45.93070599795353,
        40.76854937700878,
        37.76197373042657,
        47.655925754510875,
        33.03211073868017,
        40.0582954103203,
        35.812936560616066,
        40.486782134817034,
        43.66645649594272,
        40.858108273972526,
        40.444986423900055,
        39.99189696156936,
        40.16503528201785,
        32.04471458673648,
        40.61757018183805,
        43.800994967356495,
        38.17352285379565,
        37.29216413483393,
        47.12203573094271,
        40.44573974433584,
        40.445829075848984,
        40.444986423900055,
        41.43634621820366,
        40.44589336785322,
        36.07532946118554,
        40.68551189035592,
        40.44498643130865,
        39.31261180197832,
        38.90212311393991,
        41.283946469393356,
        46.62090161058498,
        40.44546858020278,
        39.96732218971095,
        42.07838042873684,
        40.91254217094033,
        38.8796771514011,
        43.44022074465917,
        47.79082552163652,
        37.2670628544789,
        36.78669719043401,
        40.45415491170354,
        43.29073752770232,
        38.09146799928623,
        40.444986423900055,
        40.444986425117264,
        40.71949319750812,
        40.89896105716558,
        40.886032681288015,
        27.289082941823512,
        40.446020539279424,
        39.65298752116701,
        35.85615092599416,
        39.99162709986571,
        40.44613671269627,
        39.500682274067216
    ]
}