{
    "Est_name": "SVR",
    "Run": 24,
    "Seed": 3611,
    "Est_params": {
        "gamma": 0.003893582247088533,
        "C": 838.1762163932103,
        "epsilon": 2.9474907530551677
    },
    "R2": 0.031340696262583845,
    "R": 0.23655762696281588,
    "MAPE": 0.25271862201601575,
    "RMSE": 9.717663445444021,
    "y_test": [
        26.5,
        41.0,
        44.5,
        42.0,
        39.5,
        33.5,
        35.0,
        48.0,
        37.5,
        57.27,
        41.5,
        57.0,
        37.6,
        32.91,
        45.5,
        21.75,
        30.5,
        26.5,
        29.6,
        48.0,
        53.9,
        29.5,
        26.75,
        44.6,
        39.3,
        13.33,
        40.0,
        35.0,
        22.13,
        35.0,
        46.8,
        35.0,
        47.0,
        48.0,
        33.04,
        49.9,
        53.25,
        26.5,
        41.16,
        38.0,
        56.25,
        33.4,
        40.75,
        16.58,
        53.5,
        38.61,
        27.49,
        45.23,
        56.0,
        39.73,
        43.64,
        31.25,
        22.04,
        28.5,
        41.78,
        33.76,
        49.5,
        29.5,
        31.75,
        32.57,
        31.7,
        47.3,
        40.12,
        45.0,
        33.5,
        46.7,
        52.07,
        35.5,
        34.5
    ],
    "y_pred": [
        39.709976144026186,
        41.35169017775429,
        40.521014082505744,
        40.523293392143096,
        40.523314418805434,
        40.16132127947546,
        40.49291725766022,
        40.523314454713194,
        40.523314454251526,
        40.524734549742185,
        45.75200112641376,
        40.523314454251526,
        40.52315002637138,
        40.58709083698467,
        40.535808705398416,
        40.627939240167194,
        39.50118932962064,
        38.434892734523935,
        34.30487411857617,
        40.524087992952445,
        40.97866049550322,
        39.850433375428935,
        40.52234285983882,
        40.52345237844079,
        40.52325069683005,
        40.523314454251526,
        40.54294507970808,
        40.54627933965019,
        35.418330640190646,
        40.51769831490159,
        40.523314454316,
        40.52290558031909,
        36.99995957822774,
        35.664842335226105,
        39.52572222186749,
        45.70328940429926,
        40.52377435865459,
        40.52286572549431,
        40.58712007640436,
        40.5233146981525,
        40.52423438653065,
        39.82466254210132,
        40.523314454251526,
        40.927808933356275,
        40.524561834525535,
        35.59934651284507,
        36.632799668910785,
        42.00287804601714,
        40.524234289214235,
        39.97353186448798,
        40.60168152563501,
        40.07350092399625,
        39.03887871232166,
        31.76361867995369,
        40.52344366539046,
        40.87536675098041,
        39.32419806207694,
        40.414171318278605,
        40.52268348924927,
        41.810623820343984,
        40.52315002637138,
        40.52362421118202,
        34.98675939197644,
        40.523314454251526,
        39.67048993610781,
        40.523314454251526,
        40.523314454251526,
        40.523568408747465,
        40.4057895158125
    ]
}