{
    "Est_name": "SVR",
    "Run": 31,
    "Seed": 5574,
    "Est_params": {
        "gamma": 0.0005011392659338916,
        "C": 83.55842641061082,
        "epsilon": 2.193674578790165
    },
    "R2": 0.3288391772767407,
    "R": 0.5768124706599155,
    "MAPE": 0.17415674673064263,
    "RMSE": 7.641639097695582,
    "y_test": [
        48.0,
        39.5,
        26.5,
        41.04,
        38.82,
        36.5,
        37.5,
        30.0,
        18.52,
        50.5,
        34.25,
        42.2,
        16.58,
        49.0,
        42.0,
        13.33,
        39.5,
        42.5,
        41.23,
        39.0,
        22.67,
        44.6,
        52.5,
        32.25,
        27.4,
        48.7,
        42.56,
        50.2,
        41.95,
        47.0,
        45.5,
        40.75,
        33.5,
        45.0,
        42.75,
        56.5,
        43.47,
        42.25,
        55.5,
        43.5,
        44.95,
        39.0,
        42.03,
        35.5,
        32.5,
        33.4,
        45.25,
        43.5,
        40.5,
        49.5,
        48.0,
        53.25,
        41.0,
        53.5,
        39.8,
        32.0,
        43.64,
        33.5,
        30.25,
        53.5,
        30.0,
        58.59,
        40.75,
        33.41,
        49.0,
        32.0,
        51.0,
        48.0,
        26.5
    ],
    "y_pred": [
        50.139199438657144,
        36.56685310022615,
        37.779987317363826,
        40.13567850906622,
        40.95965967228034,
        37.47516679712322,
        40.93811005621627,
        34.67963122785529,
        36.81432163974557,
        48.89842309058842,
        37.94657846921335,
        38.67240322151308,
        34.85038343898982,
        55.01594841065031,
        39.95160499392325,
        40.966514843027404,
        41.6275289670342,
        41.20459265025215,
        40.97604466618238,
        39.94766718122178,
        24.70843384930576,
        41.66207026761246,
        40.96665231846209,
        37.91862330884105,
        39.17604987535155,
        43.12368322480989,
        41.45170168678552,
        40.99863366614492,
        39.254029639505504,
        40.18943754680188,
        43.03914166595396,
        40.95442382403885,
        34.21258833760915,
        41.19880231361901,
        38.18190076236759,
        41.05418918024636,
        38.11378399921571,
        27.719449877559775,
        44.06332643082485,
        31.57735567755477,
        43.03632223762846,
        37.96418295822323,
        38.056101623438764,
        43.20946894049618,
        31.990787116139224,
        36.60571750771326,
        43.98171343905588,
        42.58725759637799,
        40.610716545812835,
        41.054256300271206,
        35.86501131764328,
        45.442347147205666,
        40.92116742096502,
        41.038725275391535,
        41.874032198758954,
        38.9057907740473,
        37.39890647983494,
        40.17084511046434,
        38.9664550619782,
        52.53825472657827,
        35.13144395295091,
        52.0602006811628,
        41.89346494933059,
        40.73542898389983,
        43.894217538250835,
        35.761527285540026,
        40.80943523164257,
        41.15862126878403,
        28.687639588684586
    ]
}