{
    "Est_name": "SVR",
    "Run": 8,
    "Seed": 8935,
    "Est_params": {
        "gamma": 0.0015693771186512562,
        "C": 2732.4971919667178,
        "epsilon": 5.153604533870019
    },
    "R2": 0.1641460684569337,
    "R": 0.5565883894258549,
    "MAPE": 0.2127254183867063,
    "RMSE": 8.584503096194679,
    "y_test": [
        43.07,
        33.76,
        49.0,
        48.7,
        43.65,
        45.22,
        39.45,
        26.5,
        43.4,
        20.5,
        48.0,
        33.0,
        33.5,
        43.0,
        33.41,
        22.9,
        39.5,
        43.64,
        29.41,
        31.47,
        53.5,
        42.5,
        35.0,
        22.73,
        33.4,
        48.0,
        31.97,
        56.0,
        33.95,
        62.5,
        27.5,
        39.21,
        32.9,
        33.25,
        39.53,
        48.5,
        54.25,
        27.4,
        50.5,
        23.9,
        27.49,
        27.5,
        43.5,
        35.5,
        40.1,
        41.0,
        42.03,
        56.38,
        45.02,
        39.78,
        40.75,
        47.0,
        31.67,
        29.5,
        41.23,
        25.68,
        35.0,
        38.61,
        36.0,
        43.76,
        39.0,
        39.42,
        35.25,
        22.67,
        40.03,
        58.0,
        32.5,
        47.0,
        22.5
    ],
    "y_pred": [
        38.178889387192605,
        38.906432203735754,
        41.241128079727204,
        41.13739079882136,
        41.115907250372814,
        41.11591908438452,
        41.115890368160635,
        40.93512283868084,
        41.103213145331225,
        42.28187271542768,
        46.39649921534813,
        41.09683896582105,
        40.88835737872681,
        44.206178096851495,
        39.102047114273766,
        39.95440055609668,
        41.115220307089764,
        38.30925703117759,
        40.67631663980538,
        40.663507778224854,
        41.41866943225132,
        41.11590489513157,
        40.28846363059458,
        40.89469928338639,
        39.95963698392092,
        41.11590489513157,
        41.05751503293671,
        41.36275027044053,
        40.886242490432295,
        49.23842125791526,
        41.11590489513417,
        41.82046308694737,
        39.802830786745126,
        40.66601882322955,
        41.115582538050994,
        41.11590489513158,
        45.596578173468544,
        41.1085305182654,
        45.58674477307174,
        42.45551743629101,
        38.503068321952654,
        41.00023041234943,
        41.252778184436124,
        41.201773660515286,
        41.11590473027624,
        41.215871725549995,
        39.85914990327726,
        51.587362036875966,
        39.85555136288923,
        41.1159048985315,
        41.115904889835754,
        41.11590489513157,
        39.14352220739786,
        36.57684643952684,
        41.115905275381415,
        40.49591557369429,
        40.471074251235926,
        38.6297678611059,
        41.1159028274329,
        40.315025658258165,
        41.08698506950587,
        41.14010171478816,
        40.926297680984995,
        33.177026117046836,
        41.20644408692922,
        41.115906811616604,
        38.24296543400304,
        41.31408452297461,
        31.699822927414253
    ]
}