{
    "Est_name": "SVR",
    "Run": 15,
    "Seed": 3582,
    "Est_params": {
        "gamma": 0.0011726717389452272,
        "C": 1063.4077119597605,
        "epsilon": 0.2738895680950082
    },
    "R2": 0.031111579778190013,
    "R": 0.26367867205826123,
    "MAPE": 0.18913485473250816,
    "RMSE": 9.03508819952973,
    "y_test": [
        56.0,
        46.11,
        58.5,
        33.0,
        54.04,
        47.0,
        41.0,
        40.0,
        42.5,
        38.0,
        31.59,
        41.23,
        40.52,
        33.41,
        38.78,
        53.5,
        31.8,
        34.5,
        27.12,
        33.5,
        56.25,
        57.1,
        35.0,
        44.0,
        43.65,
        40.5,
        32.25,
        41.8,
        39.3,
        28.0,
        50.75,
        18.52,
        43.64,
        50.5,
        43.4,
        41.89,
        39.8,
        40.39,
        56.38,
        52.0,
        41.16,
        27.5,
        41.89,
        53.5,
        40.1,
        35.0,
        59.0,
        34.5,
        39.12,
        45.8,
        33.0,
        43.5,
        46.0,
        57.96,
        44.6,
        26.75,
        35.25,
        41.95,
        25.81,
        34.5,
        42.0,
        43.66,
        26.5,
        33.0,
        29.02,
        27.7,
        52.5,
        36.0,
        39.5
    ],
    "y_pred": [
        41.992855096415404,
        40.538705375563204,
        41.38207135270627,
        40.232502860571394,
        40.50098426473917,
        32.710405511102,
        43.993550576989406,
        37.51109975789884,
        32.52022575267748,
        40.55527282106138,
        36.081961583832914,
        40.50090709669214,
        45.1614925170883,
        43.04774949328316,
        37.62616567051904,
        41.25142590760634,
        38.66701409266864,
        40.489915323150875,
        46.02676443181597,
        38.5536814763486,
        40.55051140923142,
        40.44268382473662,
        46.55836747330021,
        32.571657256639526,
        42.522514429755674,
        38.082538270847266,
        42.45555196784422,
        40.50940419901767,
        39.901101532736796,
        36.650579099896035,
        53.941031014183864,
        39.48132467486821,
        39.97523928258908,
        50.51304194312664,
        44.19913029254298,
        44.10608150116515,
        40.56827397097155,
        40.37040269143202,
        56.2702012552763,
        41.09926114539736,
        41.86232798728062,
        40.50086455437142,
        40.71491255985445,
        53.29746352162478,
        40.448101648425755,
        42.85038054571775,
        41.432334543270805,
        36.19791429454593,
        40.52530299291186,
        38.37455371110193,
        33.646377598809366,
        41.05377853748579,
        36.01004272078991,
        42.16646019666595,
        40.4119287384852,
        39.3593461174805,
        40.137986470036246,
        39.52605385321084,
        42.4797795553272,
        40.4348761936456,
        46.04274395983197,
        40.49682161569016,
        40.039367485570736,
        38.78359348905269,
        42.099777073380906,
        41.050994106762715,
        40.500978227580966,
        40.500646882856884,
        40.72871419101868
    ]
}