{
    "Est_name": "SVR",
    "Run": 26,
    "Seed": 9654,
    "Est_params": {
        "gamma": 0.0006676840352430939,
        "C": 95.83168770419026,
        "epsilon": 2.7492311853629654
    },
    "R2": 0.1296529909252625,
    "R": 0.36714400020453136,
    "MAPE": 0.1954240665559412,
    "RMSE": 8.831042622957721,
    "y_test": [
        48.0,
        39.78,
        56.0,
        48.0,
        41.5,
        34.62,
        32.0,
        20.8,
        33.0,
        39.12,
        47.0,
        42.03,
        49.5,
        40.12,
        44.05,
        41.95,
        33.25,
        43.5,
        41.5,
        30.0,
        32.0,
        48.0,
        58.0,
        23.9,
        51.5,
        57.27,
        32.9,
        46.25,
        53.5,
        38.0,
        46.87,
        59.0,
        39.5,
        50.2,
        46.0,
        23.0,
        43.5,
        51.0,
        33.95,
        42.2,
        58.59,
        56.0,
        16.58,
        42.56,
        43.64,
        35.0,
        40.39,
        34.5,
        37.25,
        51.0,
        26.5,
        49.7,
        33.5,
        46.7,
        35.0,
        40.5,
        37.5,
        44.6,
        36.0,
        22.04,
        33.5,
        32.5,
        30.25,
        31.7,
        48.0,
        39.45,
        33.76,
        35.0,
        33.41
    ],
    "y_pred": [
        40.64162951174728,
        40.64126455781458,
        44.91350585774769,
        40.65011121539682,
        37.93228477087275,
        40.64145257653889,
        38.95516667550431,
        39.282712471227356,
        40.09440671076064,
        40.91001613991714,
        40.64162840884944,
        36.92329569780769,
        41.15614770754586,
        46.81779003548154,
        40.989142933247116,
        39.22493823142651,
        41.52930720296697,
        35.666072442163426,
        45.95078223569906,
        38.915211287801476,
        36.95222343732698,
        39.21756078994848,
        40.65885620375772,
        45.933516464188564,
        47.927691150549855,
        43.93605034628313,
        35.64721720314455,
        40.64162951174728,
        44.363989455784356,
        40.09611255272815,
        38.0011577438556,
        43.57929185955095,
        41.06871154464633,
        40.647432184849485,
        40.64162959656458,
        27.67191705155843,
        40.18041309547274,
        41.85952438433653,
        36.65408922143806,
        39.27243734971832,
        49.504150095635644,
        40.66770920430288,
        45.94419461581591,
        37.54875052722785,
        39.07888481334583,
        39.371758825004775,
        40.642371111615205,
        42.924955127284434,
        40.76972595802564,
        36.257476913347034,
        39.281088828615566,
        32.017827780855036,
        35.50278793261215,
        40.64162951174728,
        38.26059381037029,
        38.217044392043334,
        40.63815332584572,
        40.920348140810724,
        36.66278498983877,
        25.83177422614998,
        42.65514584437804,
        33.13834240969545,
        39.54873215191906,
        40.055609081375216,
        41.92218970803812,
        40.6052980083464,
        40.21721307917558,
        36.1459100310681,
        37.299753328772034
    ]
}