{
    "Est_name": "SVR",
    "Run": 36,
    "Seed": 1674,
    "Est_params": {
        "gamma": 0.018131808770924362,
        "C": 2966.5989419292478,
        "epsilon": 4.930971560325292
    },
    "R2": 0.08113597160717889,
    "R": 0.2972078405431841,
    "MAPE": 0.1992206771292934,
    "RMSE": 8.820263128412122,
    "y_test": [
        48.0,
        58.5,
        51.5,
        50.2,
        26.75,
        31.75,
        50.75,
        40.12,
        33.41,
        42.25,
        26.5,
        42.0,
        48.0,
        29.02,
        41.89,
        48.0,
        43.29,
        39.45,
        42.56,
        32.33,
        48.7,
        37.6,
        41.25,
        45.0,
        33.0,
        39.12,
        22.13,
        31.67,
        36.0,
        57.5,
        59.0,
        35.75,
        46.5,
        49.0,
        40.5,
        45.5,
        44.0,
        43.4,
        43.55,
        37.75,
        43.5,
        42.5,
        22.9,
        30.25,
        30.0,
        52.5,
        53.25,
        47.0,
        47.0,
        39.5,
        15.11,
        39.21,
        32.0,
        43.29,
        33.25,
        44.75,
        43.64,
        41.0,
        44.95,
        41.75,
        56.38,
        41.5,
        49.9,
        39.53,
        20.8,
        55.84,
        27.5,
        40.0,
        41.95
    ],
    "y_pred": [
        40.3555351781263,
        40.3555351781263,
        43.16897704055819,
        40.3555351781263,
        40.3555351781263,
        40.3555351781263,
        49.31891899231621,
        40.184938651333184,
        40.35328669750724,
        40.16761843552806,
        40.3555351781263,
        40.3555351781263,
        41.70793096007525,
        40.35553519778928,
        40.35418021852334,
        40.3555351781263,
        39.40674209116866,
        40.3555351781263,
        40.3555351781263,
        40.3555351781263,
        40.3555351781263,
        40.3555351781263,
        40.3555351781263,
        40.3555351781263,
        40.3555351781263,
        40.3555351781263,
        35.946078139736755,
        40.35328669750724,
        40.35553517812637,
        40.3555351781263,
        40.3555351781263,
        40.3555351781263,
        40.3555351781263,
        52.279479985384796,
        40.35553517812494,
        40.355535178128555,
        40.3555351781263,
        40.3555351781263,
        39.352654283019085,
        40.35553517822795,
        40.3555351781263,
        40.201061490141626,
        40.3465024171491,
        40.3555351781263,
        40.355535176584155,
        40.3555351781263,
        40.3555351781263,
        40.20106367112712,
        40.3555351781263,
        40.3555351781263,
        40.3555351781263,
        40.355535179891255,
        40.3555329453637,
        38.55104664348057,
        40.35553517301053,
        40.3555351781263,
        38.84015720063822,
        40.3555351781263,
        40.3555351781263,
        40.3555351781263,
        44.53433619032051,
        40.3555351781263,
        42.78033494770708,
        40.3555351781263,
        40.3555351792939,
        40.3555351781263,
        40.3555351781263,
        40.3555351781263,
        39.77071134827123
    ]
}