{
    "Est_name": "SVR",
    "Run": 5,
    "Seed": 3657,
    "Est_params": {
        "gamma": 0.0035587908081345194,
        "C": 304.83284618226287,
        "epsilon": 5.308711107284435
    },
    "R2": 0.1223673973964674,
    "R": 0.4045315805602844,
    "MAPE": 0.2238328605119682,
    "RMSE": 9.595451099528635,
    "y_test": [
        46.5,
        34.62,
        32.5,
        59.0,
        49.0,
        58.0,
        57.27,
        33.0,
        58.25,
        35.5,
        44.75,
        36.5,
        42.5,
        39.73,
        38.78,
        45.5,
        42.2,
        33.04,
        46.0,
        32.0,
        31.53,
        42.5,
        48.0,
        43.0,
        39.12,
        37.5,
        30.0,
        31.67,
        29.6,
        15.11,
        37.6,
        44.95,
        56.0,
        49.9,
        41.0,
        30.5,
        33.76,
        43.0,
        41.0,
        38.0,
        16.58,
        33.5,
        45.5,
        37.5,
        26.25,
        30.0,
        44.5,
        22.67,
        32.9,
        34.5,
        39.0,
        54.04,
        42.03,
        52.07,
        53.5,
        52.5,
        27.4,
        50.75,
        23.33,
        40.39,
        40.5,
        38.0,
        56.5,
        37.5,
        35.75,
        23.9,
        62.5,
        43.5,
        25.81
    ],
    "y_pred": [
        41.32742369668834,
        40.336683874230005,
        39.86897209738329,
        40.43657168827759,
        40.43332067011498,
        40.43332067011498,
        40.434462785701086,
        40.43332067002433,
        40.43694814777321,
        40.32684576276423,
        40.433320670106276,
        40.43332067010522,
        40.43332067011498,
        39.07421877195842,
        40.422266032440575,
        40.46194859557369,
        40.45076857542276,
        40.18774613537206,
        40.43332067011498,
        40.432790695991436,
        33.741181150943056,
        37.89765096026253,
        40.43332067055885,
        40.43332067011498,
        40.43332118709247,
        40.43332066986197,
        39.702653999232446,
        39.800128700804095,
        34.224979968852594,
        40.43332067011498,
        40.4332762749797,
        40.43332067011498,
        40.27620886628988,
        43.872477807554915,
        40.43330368810386,
        39.703669394706644,
        39.79298725974031,
        40.43492477815688,
        40.437099603354056,
        44.664064927767846,
        40.51972796167914,
        40.43332067011498,
        40.44664175808696,
        40.43332067011498,
        35.97735534799626,
        40.431576646712976,
        40.43332066926751,
        33.39734263458292,
        39.67681621306218,
        40.33627877822058,
        40.433235225439184,
        40.43332067011498,
        39.74840255048751,
        40.43332067011498,
        46.15238963371314,
        40.43438181634635,
        40.4328208107991,
        48.9411325260645,
        40.43332067011498,
        40.43332067011498,
        40.43332066852068,
        40.43303018450175,
        41.68758761543687,
        40.43332067011498,
        41.460331196530824,
        40.50197257816419,
        43.149504027840656,
        40.44057289907406,
        40.40568074643064
    ]
}