{
    "Est_name": "SVR",
    "Run": 19,
    "Seed": 434,
    "Est_params": {
        "gamma": 0.005155412678957687,
        "C": 2255.120529173948,
        "epsilon": 3.392703780073814
    },
    "R2": -0.015770341800258603,
    "R": 0.2668325880988358,
    "MAPE": 0.2530779179964576,
    "RMSE": 9.913120963188536,
    "y_test": [
        13.33,
        47.3,
        31.7,
        39.21,
        22.73,
        60.25,
        33.0,
        33.5,
        41.5,
        32.57,
        56.0,
        42.29,
        27.4,
        37.5,
        22.9,
        39.3,
        54.25,
        36.0,
        34.5,
        32.9,
        41.0,
        29.5,
        57.0,
        50.5,
        41.5,
        40.1,
        31.47,
        42.0,
        45.5,
        22.5,
        35.0,
        44.5,
        33.04,
        35.25,
        52.5,
        40.0,
        42.2,
        27.12,
        59.0,
        36.5,
        57.27,
        24.67,
        48.0,
        18.52,
        50.0,
        32.33,
        40.03,
        30.0,
        31.25,
        34.75,
        32.43,
        26.5,
        39.45,
        42.37,
        43.5,
        30.5,
        39.73,
        50.86,
        38.0,
        33.0,
        26.5,
        40.0,
        54.0,
        42.25,
        35.75,
        38.78,
        42.56,
        32.5,
        43.66
    ],
    "y_pred": [
        40.73364829049587,
        40.73366660439878,
        40.73364187055003,
        40.74516713560652,
        40.73365708687538,
        41.96250678647736,
        40.73364829049586,
        40.71874052475506,
        45.30766516701296,
        40.72961492815772,
        40.73364829049587,
        40.73393700588292,
        40.73364830073959,
        40.73364829049587,
        39.02964121623342,
        40.7336308930723,
        47.35676727926026,
        40.646355732043006,
        40.59255358145175,
        39.76963252805106,
        40.73081218008998,
        40.52384887284686,
        40.73367829424815,
        47.792953423334076,
        40.73172781176693,
        40.73364829049587,
        40.73768821619908,
        40.73364778057361,
        40.735112694730056,
        39.54918175888381,
        40.64471458515416,
        40.733648291330375,
        40.189322049037656,
        40.73362859916003,
        40.73364829049587,
        40.733746144409864,
        40.73364829049587,
        40.73063420484775,
        40.733685873956006,
        40.73365019455903,
        40.73365004375648,
        44.21475965529708,
        40.73349178503119,
        40.7336064916534,
        40.73364829049587,
        40.73367249749762,
        40.73364829049587,
        41.7767015697183,
        40.49130418247516,
        40.62248963402487,
        40.73364829041541,
        40.733647678159464,
        40.73364829049587,
        40.73364706179149,
        37.35479204308139,
        40.28798490463395,
        37.80821107542812,
        40.733602355850124,
        43.14099715986138,
        40.733015909932654,
        40.429094532510966,
        40.52414913887091,
        46.36918830438242,
        40.733653410661866,
        43.11129723001786,
        40.63740889341441,
        40.7336397525694,
        40.71940576350756,
        40.73364829049587
    ]
}