{
    "Est_name": "SVR",
    "Run": 47,
    "Seed": 2045,
    "Est_params": {
        "gamma": 0.0017460442689361335,
        "C": 1304.5197164158649,
        "epsilon": 3.7352340459928004
    },
    "R2": 0.21710943068355404,
    "R": 0.47909431603117947,
    "MAPE": 0.1964102856570147,
    "RMSE": 8.466398463012514,
    "y_test": [
        47.3,
        35.25,
        32.83,
        20.22,
        53.5,
        27.5,
        45.0,
        53.25,
        29.6,
        22.67,
        37.0,
        33.25,
        35.0,
        40.0,
        42.0,
        25.68,
        22.13,
        45.5,
        37.75,
        32.5,
        55.52,
        55.5,
        52.5,
        30.0,
        49.7,
        53.0,
        51.0,
        39.21,
        46.0,
        40.75,
        43.0,
        21.5,
        26.5,
        35.0,
        39.5,
        35.5,
        39.45,
        53.5,
        42.29,
        44.5,
        44.75,
        49.0,
        33.0,
        27.12,
        30.0,
        42.03,
        47.0,
        41.0,
        48.0,
        22.9,
        39.3,
        32.26,
        40.0,
        42.35,
        39.0,
        57.96,
        48.0,
        33.0,
        56.38,
        50.5,
        43.65,
        52.5,
        28.0,
        30.0,
        41.95,
        44.95,
        42.56,
        44.5,
        34.75
    ],
    "y_pred": [
        40.742328210766345,
        40.524057558775695,
        39.31611943431917,
        38.199043182538325,
        48.79178518023491,
        40.65741976859694,
        40.65741981058788,
        40.65821445629084,
        31.242151210692917,
        36.16868446395903,
        40.657418443045124,
        40.143704584345336,
        39.060019411083246,
        40.760279638493685,
        40.45580836306471,
        40.47927690997377,
        28.14147870762669,
        40.56948640076721,
        41.992237698363525,
        40.44627677464831,
        40.654050644574404,
        40.8127582439584,
        40.655782511174,
        40.451295381650525,
        32.21864786246645,
        43.057658632696096,
        40.373636446066016,
        41.87726168304309,
        40.653481848666644,
        40.657419756459845,
        40.65741976849392,
        34.43382466687994,
        40.58608896386164,
        44.14041776231649,
        40.676671695563385,
        37.80295082303188,
        40.657416493599726,
        48.02945456824979,
        40.708662453294956,
        40.66806526158386,
        40.25558269297904,
        53.474801506337236,
        37.46970840433688,
        42.57692429335701,
        40.31245309578513,
        37.49983506925567,
        40.65236988382611,
        41.27056005387341,
        41.94945901953988,
        40.38086815662766,
        40.553198219221095,
        42.95923762880615,
        40.019912036436565,
        41.765401417760295,
        40.640599690687246,
        40.466660153842646,
        40.65741996229691,
        40.63322071983491,
        52.70935681209741,
        47.134491657593706,
        41.0688884852744,
        40.77144846197888,
        35.76574864565923,
        40.05596043018256,
        38.374555196065,
        41.494774028874474,
        40.645670482396625,
        39.491567849631785,
        40.423081857753665
    ]
}