{
    "Est_name": "SVR",
    "Run": 40,
    "Seed": 5881,
    "Est_params": {
        "gamma": 0.0005071275749041513,
        "C": 2900.4212779134596,
        "epsilon": 3.53961309372518
    },
    "R2": 0.522671673672433,
    "R": 0.7640952134010041,
    "MAPE": 0.12266159087603419,
    "RMSE": 6.22762362904935,
    "y_test": [
        35.25,
        57.8,
        48.0,
        58.0,
        39.0,
        39.78,
        42.56,
        36.0,
        53.0,
        43.0,
        31.7,
        56.5,
        45.0,
        43.07,
        31.47,
        40.75,
        40.5,
        50.0,
        25.68,
        53.5,
        32.83,
        51.0,
        31.67,
        59.0,
        42.56,
        38.0,
        41.89,
        50.2,
        33.6,
        30.0,
        41.5,
        36.0,
        27.4,
        35.25,
        49.5,
        53.5,
        32.5,
        46.0,
        53.25,
        43.55,
        44.6,
        25.81,
        56.0,
        34.25,
        29.0,
        33.5,
        48.0,
        40.52,
        33.46,
        44.95,
        42.0,
        22.04,
        38.82,
        32.25,
        46.0,
        42.2,
        34.75,
        22.9,
        42.0,
        62.5,
        43.5,
        42.66,
        43.5,
        39.73,
        41.16,
        37.5,
        35.0,
        33.5,
        35.5
    ],
    "y_pred": [
        36.432022968701176,
        52.72605902252725,
        40.54308794379482,
        40.56453647145683,
        37.18547089217242,
        40.54176625850679,
        40.56475889470208,
        40.515808898651116,
        45.0307896398351,
        44.438864258503266,
        39.92273669618484,
        54.61101411724184,
        40.54308751996618,
        39.41661072908278,
        42.0707761290963,
        40.81919385076015,
        37.878745957236866,
        40.601029286095624,
        38.585609275274486,
        50.99801588227603,
        37.08947799629858,
        35.24938840046427,
        38.49788695593055,
        47.096888481301875,
        40.77469986927277,
        40.05842179363935,
        39.9372937292018,
        40.54308958062431,
        37.10684070174004,
        35.993763695609786,
        37.44439317666639,
        36.54645182509086,
        41.2792315876818,
        38.277708760964636,
        43.02523932727345,
        40.623810098005585,
        31.215754237920233,
        40.543087522571604,
        44.900345047588054,
        40.36298262086444,
        40.77680919842308,
        35.01589672466617,
        46.50897593104041,
        38.6896707434127,
        30.966547551289942,
        37.19602811383594,
        44.14287044889284,
        38.56069004180592,
        40.36637463326902,
        41.69037852637131,
        40.491236935252324,
        26.01474975048555,
        40.535753275911475,
        37.28041471975515,
        39.54627249654524,
        39.82862548531342,
        36.14418116016732,
        28.553379379157363,
        40.681978798294885,
        55.05393939218648,
        41.42925805773761,
        38.983305938246,
        41.50121716844983,
        38.586280126755184,
        41.41015198067193,
        37.228335074223715,
        36.3403684981537,
        35.2124804128109,
        42.53461824634147
    ]
}