{
    "Est_name": "SVR",
    "Run": 6,
    "Seed": 2286,
    "Est_params": {
        "gamma": 0.004815926084670506,
        "C": 2530.920335062543,
        "epsilon": 5.261126952574992
    },
    "R2": 0.1038778691218607,
    "R": 0.38435987348255,
    "MAPE": 0.1992631191697852,
    "RMSE": 9.043494265897452,
    "y_test": [
        51.0,
        39.12,
        31.8,
        45.5,
        40.5,
        44.5,
        35.0,
        33.25,
        30.0,
        57.5,
        39.45,
        34.5,
        59.0,
        57.0,
        33.4,
        23.33,
        22.73,
        22.67,
        41.52,
        51.0,
        40.75,
        56.0,
        45.22,
        34.0,
        42.3,
        32.5,
        42.75,
        26.25,
        43.0,
        43.29,
        34.5,
        57.27,
        36.5,
        33.5,
        34.75,
        46.5,
        42.56,
        39.5,
        26.75,
        37.0,
        28.0,
        37.5,
        49.9,
        54.0,
        45.0,
        56.5,
        42.2,
        42.0,
        39.0,
        52.0,
        41.78,
        43.4,
        41.0,
        55.52,
        52.07,
        29.5,
        31.97,
        26.5,
        24.67,
        29.0,
        45.5,
        45.0,
        42.5,
        54.2,
        40.0,
        39.8,
        43.47,
        22.04,
        44.0
    ],
    "y_pred": [
        40.27915796273756,
        40.27915796273756,
        40.28269476077096,
        40.283080559486606,
        40.276897832455354,
        40.279157962733215,
        40.20091249484876,
        40.27114861924972,
        40.27908394247606,
        41.56785253623016,
        40.27915796273756,
        40.68100561768942,
        40.96319208337366,
        40.24644773368147,
        39.95355257197246,
        40.27915796273756,
        40.279173786086716,
        34.193102261907725,
        40.27915796273756,
        40.27922686775506,
        40.27915796273756,
        40.279266717862356,
        40.27915796273755,
        40.27915796295637,
        40.27915796273756,
        40.06670169583859,
        40.27644692618137,
        36.45355904147915,
        40.27915796273756,
        39.258170804697876,
        40.15411646955887,
        40.279191056757554,
        40.27915912191204,
        39.99417064728472,
        40.278672638428574,
        41.198390104031986,
        39.03967677104434,
        40.27915615274623,
        40.2790913277964,
        40.27915796273756,
        39.63913332435374,
        40.27915796273756,
        43.696029705048794,
        45.2376585454945,
        40.27915796273756,
        40.27915796273756,
        40.27915796273756,
        40.27891167160408,
        40.27682352937345,
        40.27924138819302,
        40.2791457086036,
        40.279157962733215,
        40.279157949392875,
        40.27915796273756,
        40.27915796273756,
        40.069298898512656,
        40.27914167866708,
        40.27912833474103,
        42.95899744861423,
        40.21016224348255,
        40.281031321005756,
        40.27915796273756,
        40.27915796273756,
        40.27915796273756,
        40.27915796273739,
        40.27915796273756,
        38.20372217627802,
        30.816782111247996,
        38.066790992461655
    ]
}