{
    "Est_name": "SVR",
    "Run": 16,
    "Seed": 3811,
    "Est_params": {
        "gamma": 0.0042830338650848955,
        "C": 1099.8487272155207,
        "epsilon": 3.16083744570059
    },
    "R2": 0.020708856881115234,
    "R": 0.197159917660684,
    "MAPE": 0.16873265105257088,
    "RMSE": 7.778181608436865,
    "y_test": [
        30.0,
        53.5,
        49.5,
        36.0,
        46.0,
        49.9,
        32.83,
        33.46,
        38.0,
        42.3,
        40.39,
        32.25,
        32.91,
        31.75,
        33.25,
        49.7,
        46.0,
        51.0,
        48.0,
        35.0,
        33.5,
        47.0,
        42.25,
        43.64,
        40.5,
        30.0,
        35.5,
        50.2,
        29.0,
        55.5,
        53.5,
        52.5,
        15.11,
        47.3,
        29.5,
        37.0,
        48.0,
        39.12,
        41.95,
        43.66,
        53.25,
        43.76,
        53.5,
        56.38,
        38.78,
        51.0,
        41.04,
        39.0,
        40.0,
        46.0,
        42.0,
        37.25,
        39.0,
        39.78,
        48.0,
        34.5,
        41.5,
        35.0,
        45.0,
        36.5,
        41.8,
        39.21,
        35.0,
        41.0,
        39.5,
        36.0,
        33.04,
        33.95,
        29.6
    ],
    "y_pred": [
        41.70725193496445,
        47.27744883195293,
        40.10379884451445,
        41.06725161282082,
        37.91922531671597,
        45.35557667580856,
        39.592898693076165,
        40.31811255828156,
        44.84237579693166,
        40.10217989086012,
        40.102162281719586,
        40.10187752891646,
        39.13306414962132,
        40.101952343817274,
        40.06971995696932,
        31.803922242988364,
        40.102162281719586,
        40.09906795054583,
        40.102162281772216,
        40.097871397168724,
        39.996742082711016,
        40.102162281719586,
        34.84876134419355,
        39.84172963078168,
        39.788304955056844,
        40.09728788538317,
        39.046048328471954,
        40.102162281719586,
        39.89572588235908,
        40.10210028393099,
        40.10264273576139,
        40.10244726124582,
        40.102162281719586,
        40.102343433695054,
        40.046779123947665,
        40.102162281719586,
        40.102162281719586,
        40.10218145928617,
        39.86325219400107,
        40.1021622817156,
        40.102083938719154,
        35.5664698673271,
        40.102162281719586,
        51.32121335029058,
        39.971830074607716,
        40.10215955671756,
        40.10215326423541,
        40.09342713484412,
        40.11584126221655,
        40.102162281719586,
        40.10215796833003,
        40.102119886395705,
        40.10227390522604,
        40.102162281719586,
        40.102268259049296,
        39.83938229018549,
        40.094829283257624,
        40.10203625966265,
        40.102162281719586,
        41.42119110852806,
        40.102162281719586,
        40.15815474878857,
        40.1002535278586,
        40.09113140786613,
        40.10235050962946,
        40.102162281719586,
        39.284557033203086,
        39.54333219695342,
        35.2924636313249
    ]
}