{
    "Est_name": "SVR",
    "Run": 20,
    "Seed": 9195,
    "Est_params": {
        "gamma": 0.006962565233495547,
        "C": 2875.37118069118,
        "epsilon": 4.122243545260161
    },
    "R2": -0.10516988336660038,
    "R": 0.11212289566037216,
    "MAPE": 0.2652617348415187,
    "RMSE": 10.196430655753108,
    "y_test": [
        41.95,
        30.5,
        59.5,
        36.0,
        32.91,
        46.11,
        29.5,
        41.23,
        28.0,
        26.5,
        43.5,
        31.67,
        55.5,
        59.0,
        23.33,
        35.0,
        31.97,
        39.12,
        32.0,
        41.0,
        42.29,
        44.5,
        44.75,
        22.5,
        42.56,
        42.5,
        31.47,
        52.5,
        21.75,
        39.17,
        31.53,
        56.5,
        27.5,
        34.5,
        41.8,
        52.5,
        22.9,
        41.4,
        35.75,
        32.5,
        34.5,
        28.5,
        45.02,
        51.0,
        60.25,
        32.83,
        40.5,
        42.25,
        26.5,
        24.5,
        39.73,
        41.89,
        30.5,
        29.02,
        22.67,
        31.25,
        42.35,
        32.43,
        37.6,
        33.5,
        21.5,
        35.0,
        36.0,
        49.5,
        33.0,
        51.5,
        32.33,
        29.5,
        26.25
    ],
    "y_pred": [
        38.62511060771355,
        40.82737538478298,
        40.87546929249688,
        41.003520242931415,
        40.61136402125041,
        40.87546892709604,
        40.87120746081402,
        40.87546892709604,
        40.87408354957267,
        40.8754686512768,
        38.16074575720813,
        40.60915164018011,
        40.87546871517841,
        40.87546962344217,
        40.87546892709604,
        40.875468782154556,
        40.875468803208754,
        40.87546892886772,
        40.85741132457673,
        40.87546892709332,
        40.87547229813435,
        40.428365820501305,
        40.66739661869119,
        40.69760920793998,
        40.875468933226564,
        39.153485615820486,
        40.873188160250926,
        40.875469161523476,
        40.877336054221715,
        40.874221324485774,
        33.16872799333554,
        41.17547628343121,
        40.87546892709604,
        41.70066768444565,
        40.87546892709604,
        40.87546892709603,
        40.87370338015438,
        40.87546892709604,
        40.875476173323214,
        40.826131005088726,
        40.87221689307485,
        37.56566455475956,
        39.18225816647744,
        40.875470678788815,
        41.27211201836098,
        40.698124036568544,
        40.77821070710416,
        38.09407028509102,
        40.87546874089018,
        40.567533440113856,
        38.21553639079613,
        38.12325301764238,
        40.85019209057999,
        40.877555615689126,
        38.80712277517396,
        40.87536227136755,
        41.00357017184439,
        40.875468846292854,
        40.87546887322798,
        40.87381179660017,
        40.826132549763585,
        42.02361403884853,
        40.87546892709604,
        40.87546892709604,
        40.87544326605353,
        45.188681126639786,
        40.8754696896276,
        40.83635759487534,
        40.467538813131725
    ]
}